t, Groundwater cell (1)_Cu_aq:concentration,t, Groundwater cell (1)_Cu_aq:external_mass_flow_timeseries,t, Groundwater cell (1)_Cu_aq:external_source,t, Groundwater cell (1)_Cu_aq:inflow_loading,t, Groundwater cell (1)_Cu_aq:mass,t, Groundwater cell (1)_Cu_aq:time_variable_inflow_concentration,t, Groundwater cell (1)_Cu_s:concentration,t, Groundwater cell (1)_Cu_s:external_mass_flow_timeseries,t, Groundwater cell (1)_Cu_s:external_source,t, Groundwater cell (1)_Cu_s:mass,t, Groundwater cell (1)_Storage,t, Groundwater cell (1)_head,t, Groundwater cell (1)_inflow,t, Groundwater cell (1)_moisture_content,t, k_f_temperature,t, k_f_value,t, KD_temperature,t, KD_value,t, porosity_temperature,t, porosity_value,t, rho_temperature,t, rho_value,t, Obs_Cu_aqueous,t, Obs_Cu_aqueous_expression,t, Obs_Cu_aqueous_observed_data,t, Obs_Cu_sorbed,t, Obs_Cu_sorbed_expression,t, Obs_Cu_sorbed_observed_data
0.00000,0.976111,0.00000,0,0.00000,0,0.00000,0,0.00000,0.390454,0.00000,0,0.00000,2.72741e-06,0.00000,0,0.00000,0,0.00000,2.72741e-06,0.00000,0.4,0.00000,1,0.00000,0,0.00000,0.4,0.00000,0,0.00000,5.01232,0.00000,0,0.00000,511.178,0.00000,0,0.00000,0.4,0.00000,0,0.00000,1400,0.00000,0.476123,0.00000,0.976111,0.00000,0.866797,0.00000,2.72741e-06,0.00000,2.72741e-06,0.00000,1.79683e-05
0.01000,0.892595,0.01000,0,0.01000,0,0.01000,0,0.01000,0.357047,0.01000,0,0.01000,1.22723e-05,0.01000,0,0.01000,0,0.01000,1.22723e-05,0.01000,0.4,0.01000,1,0.01000,0,0.01000,0.4,0.01000,0,0.01000,5.01232,0.01000,0,0.01000,511.178,0.01000,0,0.01000,0.4,0.01000,0,0.01000,1400,0.01000,0.892595,0.01000,0.892595,0.01000,0.866797,0.01000,1.22723e-05,0.01000,1.22723e-05,0.01000,1.79683e-05
0.02000,0.837824,0.02000,0,0.02000,0,0.02000,0,0.02000,0.335138,0.02000,0,0.02000,1.8532e-05,0.02000,0,0.02000,0,0.02000,1.8532e-05,0.02000,0.4,0.02000,1,0.02000,0,0.02000,0.4,0.02000,0,0.02000,5.01232,0.02000,0,0.02000,511.178,0.02000,0,0.02000,0.4,0.02000,0,0.02000,1400,0.02000,0.837824,0.02000,0.837824,0.02000,0.855679,0.02000,1.8532e-05,0.02000,1.8532e-05,0.02000,1.99987e-05
0.03000,0.794422,0.03000,0,0.03000,0,0.03000,0,0.03000,0.317777,0.03000,0,0.03000,2.34924e-05,0.03000,0,0.03000,0,0.03000,2.34924e-05,0.03000,0.4,0.03000,1,0.03000,0,0.03000,0.4,0.03000,0,0.03000,5.01232,0.03000,0,0.03000,511.178,0.03000,0,0.03000,0.4,0.03000,0,0.03000,1400,0.03000,0.794422,0.03000,0.794422,0.03000,0.817322,0.03000,2.34924e-05,0.03000,2.34924e-05,0.03000,2.36211e-05
0.04000,0.756705,0.04000,0,0.04000,0,0.04000,0,0.04000,0.302689,0.04000,0,0.04000,2.7803e-05,0.04000,0,0.04000,0,0.04000,2.7803e-05,0.04000,0.4,0.04000,1,0.04000,0,0.04000,0.4,0.04000,0,0.04000,5.01232,0.04000,0,0.04000,511.178,0.04000,0,0.04000,0.4,0.04000,0,0.04000,1400,0.04000,0.756705,0.04000,0.756705,0.04000,0.765344,0.04000,2.7803e-05,0.04000,2.7803e-05,0.04000,2.80395e-05
0.05000,0.72173,0.05000,0,0.05000,0,0.05000,0,0.05000,0.288699,0.05000,0,0.05000,3.18002e-05,0.05000,0,0.05000,0,0.05000,3.18002e-05,0.05000,0.4,0.05000,1,0.05000,0,0.05000,0.4,0.05000,0,0.05000,5.01232,0.05000,0,0.05000,511.178,0.05000,0,0.05000,0.4,0.05000,0,0.05000,1400,0.05000,0.72173,0.05000,0.72173,0.05000,0.741666,0.05000,3.18002e-05,0.05000,3.18002e-05,0.05000,3.30398e-05
0.06000,0.687413,0.06000,0,0.06000,0,0.06000,0,0.06000,0.274972,0.06000,0,0.06000,3.57222e-05,0.06000,0,0.06000,0,0.06000,3.57222e-05,0.06000,0.4,0.06000,1,0.06000,0,0.06000,0.4,0.06000,0,0.06000,5.01232,0.06000,0,0.06000,511.178,0.06000,0,0.06000,0.4,0.06000,0,0.06000,1400,0.06000,0.687413,0.06000,0.687413,0.06000,0.719813,0.06000,3.57222e-05,0.06000,3.57222e-05,0.06000,3.80277e-05
0.07000,0.655615,0.07000,0,0.07000,0,0.07000,0,0.07000,0.262253,0.07000,0,0.07000,3.93564e-05,0.07000,0,0.07000,0,0.07000,3.93564e-05,0.07000,0.4,0.07000,1,0.07000,0,0.07000,0.4,0.07000,0,0.07000,5.01232,0.07000,0,0.07000,511.178,0.07000,0,0.07000,0.4,0.07000,0,0.07000,1400,0.07000,0.655615,0.07000,0.655615,0.07000,0.684255,0.07000,3.93564e-05,0.07000,3.93564e-05,0.07000,4.23352e-05
0.08000,0.624684,0.08000,0,0.08000,0,0.08000,0,0.08000,0.24988,0.08000,0,0.08000,4.28914e-05,0.08000,0,0.08000,0,0.08000,4.28914e-05,0.08000,0.4,0.08000,1,0.08000,0,0.08000,0.4,0.08000,0,0.08000,5.01232,0.08000,0,0.08000,511.178,0.08000,0,0.08000,0.4,0.08000,0,0.08000,1400,0.08000,0.624684,0.08000,0.624684,0.08000,0.644162,0.08000,4.28914e-05,0.08000,4.28914e-05,0.08000,4.59148e-05
0.09000,0.595488,0.09000,0,0.09000,0,0.09000,0,0.09000,0.238201,0.09000,0,0.09000,4.62283e-05,0.09000,0,0.09000,0,0.09000,4.62283e-05,0.09000,0.4,0.09000,1,0.09000,0,0.09000,0.4,0.09000,0,0.09000,5.01232,0.09000,0,0.09000,511.178,0.09000,0,0.09000,0.4,0.09000,0,0.09000,1400,0.09000,0.595488,0.09000,0.595488,0.09000,0.595,0.09000,4.62283e-05,0.09000,4.62283e-05,0.09000,4.80384e-05
0.10000,0.567618,0.10000,0,0.10000,0,0.10000,0,0.10000,0.227053,0.10000,0,0.10000,4.94135e-05,0.10000,0,0.10000,0,0.10000,4.94135e-05,0.10000,0.4,0.10000,1,0.10000,0,0.10000,0.4,0.10000,0,0.10000,5.01232,0.10000,0,0.10000,511.178,0.10000,0,0.10000,0.4,0.10000,0,0.10000,1400,0.10000,0.567618,0.10000,0.567618,0.10000,0.569965,0.10000,4.94135e-05,0.10000,4.94135e-05,0.10000,5.11302e-05
0.11000,0.54081,0.11000,0,0.11000,0,0.11000,0,0.11000,0.216329,0.11000,0,0.11000,5.24773e-05,0.11000,0,0.11000,0,0.11000,5.24773e-05,0.11000,0.4,0.11000,1,0.11000,0,0.11000,0.4,0.11000,0,0.11000,5.01232,0.11000,0,0.11000,511.178,0.11000,0,0.11000,0.4,0.11000,0,0.11000,1400,0.11000,0.54081,0.11000,0.54081,0.11000,0.56423,0.11000,5.24773e-05,0.11000,5.24773e-05,0.11000,5.49964e-05
0.12000,0.515708,0.12000,0,0.12000,0,0.12000,0,0.12000,0.206288,0.12000,0,0.12000,5.53462e-05,0.12000,0,0.12000,0,0.12000,5.53462e-05,0.12000,0.4,0.12000,1,0.12000,0,0.12000,0.4,0.12000,0,0.12000,5.01232,0.12000,0,0.12000,511.178,0.12000,0,0.12000,0.4,0.12000,0,0.12000,1400,0.12000,0.515708,0.12000,0.515708,0.12000,0.534062,0.12000,5.53462e-05,0.12000,5.53462e-05,0.12000,5.59056e-05
0.13000,0.491094,0.13000,0,0.13000,0,0.13000,0,0.13000,0.196442,0.13000,0,0.13000,5.81593e-05,0.13000,0,0.13000,0,0.13000,5.81593e-05,0.13000,0.4,0.13000,1,0.13000,0,0.13000,0.4,0.13000,0,0.13000,5.01232,0.13000,0,0.13000,511.178,0.13000,0,0.13000,0.4,0.13000,0,0.13000,1400,0.13000,0.491094,0.13000,0.491094,0.13000,0.496914,0.13000,5.81593e-05,0.13000,5.81593e-05,0.13000,5.59699e-05
0.14000,0.468493,0.14000,0,0.14000,0,0.14000,0,0.14000,0.187402,0.14000,0,0.14000,6.07423e-05,0.14000,0,0.14000,0,0.14000,6.07423e-05,0.14000,0.4,0.14000,1,0.14000,0,0.14000,0.4,0.14000,0,0.14000,5.01232,0.14000,0,0.14000,511.178,0.14000,0,0.14000,0.4,0.14000,0,0.14000,1400,0.14000,0.468493,0.14000,0.468493,0.14000,0.479325,0.14000,6.07423e-05,0.14000,6.07423e-05,0.14000,6.09893e-05
0.15000,0.446303,0.15000,0,0.15000,0,0.15000,0,0.15000,0.178526,0.15000,0,0.15000,6.32784e-05,0.15000,0,0.15000,0,0.15000,6.32784e-05,0.15000,0.4,0.15000,1,0.15000,0,0.15000,0.4,0.15000,0,0.15000,5.01232,0.15000,0,0.15000,511.178,0.15000,0,0.15000,0.4,0.15000,0,0.15000,1400,0.15000,0.446303,0.15000,0.446303,0.15000,0.460335,0.15000,6.32784e-05,0.15000,6.32784e-05,0.15000,6.49067e-05
0.16000,0.425552,0.16000,0,0.16000,0,0.16000,0,0.16000,0.170225,0.16000,0,0.16000,6.565e-05,0.16000,0,0.16000,0,0.16000,6.565e-05,0.16000,0.4,0.16000,1,0.16000,0,0.16000,0.4,0.16000,0,0.16000,5.01232,0.16000,0,0.16000,511.178,0.16000,0,0.16000,0.4,0.16000,0,0.16000,1400,0.16000,0.425552,0.16000,0.425552,0.16000,0.436442,0.16000,6.565e-05,0.16000,6.565e-05,0.16000,6.49671e-05
0.17000,0.405554,0.17000,0,0.17000,0,0.17000,0,0.17000,0.162226,0.17000,0,0.17000,6.79355e-05,0.17000,0,0.17000,0,0.17000,6.79355e-05,0.17000,0.4,0.17000,1,0.17000,0,0.17000,0.4,0.17000,0,0.17000,5.01232,0.17000,0,0.17000,511.178,0.17000,0,0.17000,0.4,0.17000,0,0.17000,1400,0.17000,0.405554,0.17000,0.405554,0.17000,0.416707,0.17000,6.79355e-05,0.17000,6.79355e-05,0.17000,6.74433e-05
0.18000,0.386501,0.18000,0,0.18000,0,0.18000,0,0.18000,0.154604,0.18000,0,0.18000,7.01131e-05,0.18000,0,0.18000,0,0.18000,7.01131e-05,0.18000,0.4,0.18000,1,0.18000,0,0.18000,0.4,0.18000,0,0.18000,5.01232,0.18000,0,0.18000,511.178,0.18000,0,0.18000,0.4,0.18000,0,0.18000,1400,0.18000,0.386501,0.18000,0.386501,0.18000,0.40217,0.18000,7.01131e-05,0.18000,7.01131e-05,0.18000,7.29395e-05
0.19000,0.368486,0.19000,0,0.19000,0,0.19000,0,0.19000,0.147398,0.19000,0,0.19000,7.2172e-05,0.19000,0,0.19000,0,0.19000,7.2172e-05,0.19000,0.4,0.19000,1,0.19000,0,0.19000,0.4,0.19000,0,0.19000,5.01232,0.19000,0,0.19000,511.178,0.19000,0,0.19000,0.4,0.19000,0,0.19000,1400,0.19000,0.368486,0.19000,0.368486,0.19000,0.373999,0.19000,7.2172e-05,0.19000,7.2172e-05,0.19000,7.45258e-05
0.20000,0.350991,0.20000,0,0.20000,0,0.20000,0,0.20000,0.1404,0.20000,0,0.20000,7.41714e-05,0.20000,0,0.20000,0,0.20000,7.41714e-05,0.20000,0.4,0.20000,1,0.20000,0,0.20000,0.4,0.20000,0,0.20000,5.01232,0.20000,0,0.20000,511.178,0.20000,0,0.20000,0.4,0.20000,0,0.20000,1400,0.20000,0.350991,0.20000,0.350991,0.20000,0.33901,0.20000,7.41714e-05,0.20000,7.41714e-05,0.20000,7.41572e-05
0.21000,0.334769,0.21000,0,0.21000,0,0.21000,0,0.21000,0.133911,0.21000,0,0.21000,7.60255e-05,0.21000,0,0.21000,0,0.21000,7.60255e-05,0.21000,0.4,0.21000,1,0.21000,0,0.21000,0.4,0.21000,0,0.21000,5.01232,0.21000,0,0.21000,511.178,0.21000,0,0.21000,0.4,0.21000,0,0.21000,1400,0.21000,0.334769,0.21000,0.334769,0.21000,0.314715,0.21000,7.60255e-05,0.21000,7.60255e-05,0.21000,7.5513e-05
0.22000,0.318851,0.22000,0,0.22000,0,0.22000,0,0.22000,0.127544,0.22000,0,0.22000,7.78447e-05,0.22000,0,0.22000,0,0.22000,7.78447e-05,0.22000,0.4,0.22000,1,0.22000,0,0.22000,0.4,0.22000,0,0.22000,5.01232,0.22000,0,0.22000,511.178,0.22000,0,0.22000,0.4,0.22000,0,0.22000,1400,0.22000,0.318851,0.22000,0.318851,0.22000,0.292964,0.22000,7.78447e-05,0.22000,7.78447e-05,0.22000,7.72023e-05
0.23000,0.304102,0.23000,0,0.23000,0,0.23000,0,0.23000,0.121644,0.23000,0,0.23000,7.95304e-05,0.23000,0,0.23000,0,0.23000,7.95304e-05,0.23000,0.4,0.23000,1,0.23000,0,0.23000,0.4,0.23000,0,0.23000,5.01232,0.23000,0,0.23000,511.178,0.23000,0,0.23000,0.4,0.23000,0,0.23000,1400,0.23000,0.304102,0.23000,0.304102,0.23000,0.280881,0.23000,7.95304e-05,0.23000,7.95304e-05,0.23000,7.98359e-05
0.24000,0.289755,0.24000,0,0.24000,0,0.24000,0,0.24000,0.115905,0.24000,0,0.24000,8.11701e-05,0.24000,0,0.24000,0,0.24000,8.11701e-05,0.24000,0.4,0.24000,1,0.24000,0,0.24000,0.4,0.24000,0,0.24000,5.01232,0.24000,0,0.24000,511.178,0.24000,0,0.24000,0.4,0.24000,0,0.24000,1400,0.24000,0.289755,0.24000,0.289755,0.24000,0.272293,0.24000,8.11701e-05,0.24000,8.11701e-05,0.24000,8.15553e-05
0.25000,0.276212,0.25000,0,0.25000,0,0.25000,0,0.25000,0.110488,0.25000,0,0.25000,8.27178e-05,0.25000,0,0.25000,0,0.25000,8.27178e-05,0.25000,0.4,0.25000,1,0.25000,0,0.25000,0.4,0.25000,0,0.25000,5.01232,0.25000,0,0.25000,511.178,0.25000,0,0.25000,0.4,0.25000,0,0.25000,1400,0.25000,0.276212,0.25000,0.276212,0.25000,0.270698,0.25000,8.27178e-05,0.25000,8.27178e-05,0.25000,8.14464e-05
0.26000,0.263285,0.26000,0,0.26000,0,0.26000,0,0.26000,0.105317,0.26000,0,0.26000,8.41952e-05,0.26000,0,0.26000,0,0.26000,8.41952e-05,0.26000,0.4,0.26000,1,0.26000,0,0.26000,0.4,0.26000,0,0.26000,5.01232,0.26000,0,0.26000,511.178,0.26000,0,0.26000,0.4,0.26000,0,0.26000,1400,0.26000,0.263285,0.26000,0.263285,0.26000,0.268035,0.26000,8.41952e-05,0.26000,8.41952e-05,0.26000,8.21907e-05
0.27000,0.25085,0.27000,0,0.27000,0,0.27000,0,0.27000,0.100343,0.27000,0,0.27000,8.56164e-05,0.27000,0,0.27000,0,0.27000,8.56164e-05,0.27000,0.4,0.27000,1,0.27000,0,0.27000,0.4,0.27000,0,0.27000,5.01232,0.27000,0,0.27000,511.178,0.27000,0,0.27000,0.4,0.27000,0,0.27000,1400,0.27000,0.25085,0.27000,0.25085,0.27000,0.264518,0.27000,8.56164e-05,0.27000,8.56164e-05,0.27000,8.36174e-05
0.28000,0.239207,0.28000,0,0.28000,0,0.28000,0,0.28000,0.0956852,0.28000,0,0.28000,8.69471e-05,0.28000,0,0.28000,0,0.28000,8.69471e-05,0.28000,0.4,0.28000,1,0.28000,0,0.28000,0.4,0.28000,0,0.28000,5.01232,0.28000,0,0.28000,511.178,0.28000,0,0.28000,0.4,0.28000,0,0.28000,1400,0.28000,0.239207,0.28000,0.239207,0.28000,0.259665,0.28000,8.69471e-05,0.28000,8.69471e-05,0.28000,8.61103e-05
0.29000,0.22779,0.29000,0,0.29000,0,0.29000,0,0.29000,0.0911182,0.29000,0,0.29000,8.82519e-05,0.29000,0,0.29000,0,0.29000,8.82519e-05,0.29000,0.4,0.29000,1,0.29000,0,0.29000,0.4,0.29000,0,0.29000,5.01232,0.29000,0,0.29000,511.178,0.29000,0,0.29000,0.4,0.29000,0,0.29000,1400,0.29000,0.22779,0.29000,0.22779,0.29000,0.254431,0.29000,8.82519e-05,0.29000,8.82519e-05,0.29000,8.89079e-05
0.30000,0.217307,0.30000,0,0.30000,0,0.30000,0,0.30000,0.0869248,0.30000,0,0.30000,8.945e-05,0.30000,0,0.30000,0,0.30000,8.945e-05,0.30000,0.4,0.30000,1,0.30000,0,0.30000,0.4,0.30000,0,0.30000,5.01232,0.30000,0,0.30000,511.178,0.30000,0,0.30000,0.4,0.30000,0,0.30000,1400,0.30000,0.217307,0.30000,0.217307,0.30000,0.237242,0.30000,8.945e-05,0.30000,8.945e-05,0.30000,9.1535e-05
0.31000,0.207014,0.31000,0,0.31000,0,0.31000,0,0.31000,0.0828077,0.31000,0,0.31000,9.06264e-05,0.31000,0,0.31000,0,0.31000,9.06264e-05,0.31000,0.4,0.31000,1,0.31000,0,0.31000,0.4,0.31000,0,0.31000,5.01232,0.31000,0,0.31000,511.178,0.31000,0,0.31000,0.4,0.31000,0,0.31000,1400,0.31000,0.207014,0.31000,0.207014,0.31000,0.218871,0.31000,9.06264e-05,0.31000,9.06264e-05,0.31000,9.41453e-05
0.32000,0.197389,0.32000,0,0.32000,0,0.32000,0,0.32000,0.0789574,0.32000,0,0.32000,9.17264e-05,0.32000,0,0.32000,0,0.32000,9.17264e-05,0.32000,0.4,0.32000,1,0.32000,0,0.32000,0.4,0.32000,0,0.32000,5.01232,0.32000,0,0.32000,511.178,0.32000,0,0.32000,0.4,0.32000,0,0.32000,1400,0.32000,0.197389,0.32000,0.197389,0.32000,0.196362,0.32000,9.17264e-05,0.32000,9.17264e-05,0.32000,9.66966e-05
0.33000,0.188113,0.33000,0,0.33000,0,0.33000,0,0.33000,0.0752472,0.33000,0,0.33000,9.27865e-05,0.33000,0,0.33000,0,0.33000,9.27865e-05,0.33000,0.4,0.33000,1,0.33000,0,0.33000,0.4,0.33000,0,0.33000,5.01232,0.33000,0,0.33000,511.178,0.33000,0,0.33000,0.4,0.33000,0,0.33000,1400,0.33000,0.188113,0.33000,0.188113,0.33000,0.178707,0.33000,9.27865e-05,0.33000,9.27865e-05,0.33000,9.87324e-05
0.34000,0.179275,0.34000,0,0.34000,0,0.34000,0,0.34000,0.0717119,0.34000,0,0.34000,9.37966e-05,0.34000,0,0.34000,0,0.34000,9.37966e-05,0.34000,0.4,0.34000,1,0.34000,0,0.34000,0.4,0.34000,0,0.34000,5.01232,0.34000,0,0.34000,511.178,0.34000,0,0.34000,0.4,0.34000,0,0.34000,1400,0.34000,0.179275,0.34000,0.179275,0.34000,0.16712,0.34000,9.37966e-05,0.34000,9.37966e-05,0.34000,0.000100124
0.35000,0.170919,0.35000,0,0.35000,0,0.35000,0,0.35000,0.0683694,0.35000,0,0.35000,9.47516e-05,0.35000,0,0.35000,0,0.35000,9.47516e-05,0.35000,0.4,0.35000,1,0.35000,0,0.35000,0.4,0.35000,0,0.35000,5.01232,0.35000,0,0.35000,511.178,0.35000,0,0.35000,0.4,0.35000,0,0.35000,1400,0.35000,0.170919,0.35000,0.170919,0.35000,0.159855,0.35000,9.47516e-05,0.35000,9.47516e-05,0.35000,0.000101056
0.36000,0.162804,0.36000,0,0.36000,0,0.36000,0,0.36000,0.0651234,0.36000,0,0.36000,9.5679e-05,0.36000,0,0.36000,0,0.36000,9.5679e-05,0.36000,0.4,0.36000,1,0.36000,0,0.36000,0.4,0.36000,0,0.36000,5.01232,0.36000,0,0.36000,511.178,0.36000,0,0.36000,0.4,0.36000,0,0.36000,1400,0.36000,0.162804,0.36000,0.162804,0.36000,0.154751,0.36000,9.5679e-05,0.36000,9.5679e-05,0.36000,0.00010176
0.37000,0.15528,0.37000,0,0.37000,0,0.37000,0,0.37000,0.0621134,0.37000,0,0.37000,9.6539e-05,0.37000,0,0.37000,0,0.37000,9.6539e-05,0.37000,0.4,0.37000,1,0.37000,0,0.37000,0.4,0.37000,0,0.37000,5.01232,0.37000,0,0.37000,511.178,0.37000,0,0.37000,0.4,0.37000,0,0.37000,1400,0.37000,0.15528,0.37000,0.15528,0.37000,0.149655,0.37000,9.6539e-05,0.37000,9.6539e-05,0.37000,0.000101944
0.38000,0.147897,0.38000,0,0.38000,0,0.38000,0,0.38000,0.0591601,0.38000,0,0.38000,9.73828e-05,0.38000,0,0.38000,0,0.38000,9.73828e-05,0.38000,0.4,0.38000,1,0.38000,0,0.38000,0.4,0.38000,0,0.38000,5.01232,0.38000,0,0.38000,511.178,0.38000,0,0.38000,0.4,0.38000,0,0.38000,1400,0.38000,0.147897,0.38000,0.147897,0.38000,0.144562,0.38000,9.73828e-05,0.38000,9.73828e-05,0.38000,0.000101918
0.39000,0.141055,0.39000,0,0.39000,0,0.39000,0,0.39000,0.0564235,0.39000,0,0.39000,9.81647e-05,0.39000,0,0.39000,0,0.39000,9.81647e-05,0.39000,0.4,0.39000,1,0.39000,0,0.39000,0.4,0.39000,0,0.39000,5.01232,0.39000,0,0.39000,511.178,0.39000,0,0.39000,0.4,0.39000,0,0.39000,1400,0.39000,0.141055,0.39000,0.141055,0.39000,0.139487,0.39000,9.81647e-05,0.39000,9.81647e-05,0.39000,0.00010072
0.40000,0.1344,0.40000,0,0.40000,0,0.40000,0,0.40000,0.0537615,0.40000,0,0.40000,9.89253e-05,0.40000,0,0.40000,0,0.40000,9.89253e-05,0.40000,0.4,0.40000,1,0.40000,0,0.40000,0.4,0.40000,0,0.40000,5.01232,0.40000,0,0.40000,511.178,0.40000,0,0.40000,0.4,0.40000,0,0.40000,1400,0.40000,0.1344,0.40000,0.1344,0.40000,0.134411,0.40000,9.89253e-05,0.40000,9.89253e-05,0.40000,9.95214e-05
0.41000,0.128119,0.41000,0,0.41000,0,0.41000,0,0.41000,0.0512488,0.41000,0,0.41000,9.96432e-05,0.41000,0,0.41000,0,0.41000,9.96432e-05,0.41000,0.4,0.41000,1,0.41000,0,0.41000,0.4,0.41000,0,0.41000,5.01232,0.41000,0,0.41000,511.178,0.41000,0,0.41000,0.4,0.41000,0,0.41000,1400,0.41000,0.128119,0.41000,0.128119,0.41000,0.129336,0.41000,9.96432e-05,0.41000,9.96432e-05,0.41000,9.83232e-05
0.42000,0.122123,0.42000,0,0.42000,0,0.42000,0,0.42000,0.0488503,0.42000,0,0.42000,0.000100328,0.42000,0,0.42000,0,0.42000,0.000100328,0.42000,0.4,0.42000,1,0.42000,0,0.42000,0.4,0.42000,0,0.42000,5.01232,0.42000,0,0.42000,511.178,0.42000,0,0.42000,0.4,0.42000,0,0.42000,1400,0.42000,0.122123,0.42000,0.122123,0.42000,0.123907,0.42000,0.000100328,0.42000,0.000100328,0.42000,9.75534e-05
0.43000,0.116355,0.43000,0,0.43000,0,0.43000,0,0.43000,0.0465432,0.43000,0,0.43000,0.000100988,0.43000,0,0.43000,0,0.43000,0.000100988,0.43000,0.4,0.43000,1,0.43000,0,0.43000,0.4,0.43000,0,0.43000,5.01232,0.43000,0,0.43000,511.178,0.43000,0,0.43000,0.4,0.43000,0,0.43000,1400,0.43000,0.116355,0.43000,0.116355,0.43000,0.118196,0.43000,0.000100988,0.43000,0.000100988,0.43000,9.71261e-05
0.44000,0.110954,0.44000,0,0.44000,0,0.44000,0,0.44000,0.0443828,0.44000,0,0.44000,0.000101605,0.44000,0,0.44000,0,0.44000,0.000101605,0.44000,0.4,0.44000,1,0.44000,0,0.44000,0.4,0.44000,0,0.44000,5.01232,0.44000,0,0.44000,511.178,0.44000,0,0.44000,0.4,0.44000,0,0.44000,1400,0.44000,0.110954,0.44000,0.110954,0.44000,0.112271,0.44000,0.000101605,0.44000,0.000101605,0.44000,9.69589e-05
0.45000,0.105659,0.45000,0,0.45000,0,0.45000,0,0.45000,0.0422645,0.45000,0,0.45000,0.00010221,0.45000,0,0.45000,0,0.45000,0.00010221,0.45000,0.4,0.45000,1,0.45000,0,0.45000,0.4,0.45000,0,0.45000,5.01232,0.45000,0,0.45000,511.178,0.45000,0,0.45000,0.4,0.45000,0,0.45000,1400,0.45000,0.105659,0.45000,0.105659,0.45000,0.106284,0.45000,0.00010221,0.45000,0.00010221,0.45000,9.6866e-05
0.46000,0.100796,0.46000,0,0.46000,0,0.46000,0,0.46000,0.0403194,0.46000,0,0.46000,0.000102766,0.46000,0,0.46000,0,0.46000,0.000102766,0.46000,0.4,0.46000,1,0.46000,0,0.46000,0.4,0.46000,0,0.46000,5.01232,0.46000,0,0.46000,511.178,0.46000,0,0.46000,0.4,0.46000,0,0.46000,1400,0.46000,0.100796,0.46000,0.100796,0.46000,0.100297,0.46000,0.000102766,0.46000,0.000102766,0.46000,9.67731e-05
0.47000,0.0960219,0.47000,0,0.47000,0,0.47000,0,0.47000,0.0384097,0.47000,0,0.47000,0.000103312,0.47000,0,0.47000,0,0.47000,0.000103312,0.47000,0.4,0.47000,1,0.47000,0,0.47000,0.4,0.47000,0,0.47000,5.01232,0.47000,0,0.47000,511.178,0.47000,0,0.47000,0.4,0.47000,0,0.47000,1400,0.47000,0.0960219,0.47000,0.0960219,0.47000,0.0946909,0.47000,0.000103312,0.47000,0.000103312,0.47000,9.70832e-05
0.48000,0.0915572,0.48000,0,0.48000,0,0.48000,0,0.48000,0.0366238,0.48000,0,0.48000,0.000103822,0.48000,0,0.48000,0,0.48000,0.000103822,0.48000,0.4,0.48000,1,0.48000,0,0.48000,0.4,0.48000,0,0.48000,5.01232,0.48000,0,0.48000,511.178,0.48000,0,0.48000,0.4,0.48000,0,0.48000,1400,0.48000,0.0915572,0.48000,0.0915572,0.48000,0.0904168,0.48000,0.000103822,0.48000,0.000103822,0.48000,9.88039e-05
0.49000,0.0872548,0.49000,0,0.49000,0,0.49000,0,0.49000,0.0349028,0.49000,0,0.49000,0.000104313,0.49000,0,0.49000,0,0.49000,0.000104313,0.49000,0.4,0.49000,1,0.49000,0,0.49000,0.4,0.49000,0,0.49000,5.01232,0.49000,0,0.49000,511.178,0.49000,0,0.49000,0.4,0.49000,0,0.49000,1400,0.49000,0.0872548,0.49000,0.0872548,0.49000,0.0863773,0.49000,0.000104313,0.49000,0.000104313,0.49000,0.000100773
0.50000,0.0831554,0.50000,0,0.50000,0,0.50000,0,0.50000,0.033263,0.50000,0,0.50000,0.000104782,0.50000,0,0.50000,0,0.50000,0.000104782,0.50000,0.4,0.50000,1,0.50000,0,0.50000,0.4,0.50000,0,0.50000,5.01232,0.50000,0,0.50000,511.178,0.50000,0,0.50000,0.4,0.50000,0,0.50000,1400,0.50000,0.0831554,0.50000,0.0831554,0.50000,0.0826312,0.50000,0.000104782,0.50000,0.000104782,0.50000,0.000103053
0.51000,0.0792796,0.51000,0,0.51000,0,0.51000,0,0.51000,0.0317126,0.51000,0,0.51000,0.000105225,0.51000,0,0.51000,0,0.51000,0.000105225,0.51000,0.4,0.51000,1,0.51000,0,0.51000,0.4,0.51000,0,0.51000,5.01232,0.51000,0,0.51000,511.178,0.51000,0,0.51000,0.4,0.51000,0,0.51000,1400,0.51000,0.0792796,0.51000,0.0792796,0.51000,0.0788851,0.51000,0.000105225,0.51000,0.000105225,0.51000,0.000105333
0.52000,0.0755156,0.52000,0,0.52000,0,0.52000,0,0.52000,0.030207,0.52000,0,0.52000,0.000105655,0.52000,0,0.52000,0,0.52000,0.000105655,0.52000,0.4,0.52000,1,0.52000,0,0.52000,0.4,0.52000,0,0.52000,5.01232,0.52000,0,0.52000,511.178,0.52000,0,0.52000,0.4,0.52000,0,0.52000,1400,0.52000,0.0755156,0.52000,0.0755156,0.52000,0.075139,0.52000,0.000105655,0.52000,0.000105655,0.52000,0.000107613
0.53000,0.0720253,0.53000,0,0.53000,0,0.53000,0,0.53000,0.0288108,0.53000,0,0.53000,0.000106054,0.53000,0,0.53000,0,0.53000,0.000106054,0.53000,0.4,0.53000,1,0.53000,0,0.53000,0.4,0.53000,0,0.53000,5.01232,0.53000,0,0.53000,511.178,0.53000,0,0.53000,0.4,0.53000,0,0.53000,1400,0.53000,0.0720253,0.53000,0.0720253,0.53000,0.0717169,0.53000,0.000106054,0.53000,0.000106054,0.53000,0.000108609
0.54000,0.0686007,0.54000,0,0.54000,0,0.54000,0,0.54000,0.027441,0.54000,0,0.54000,0.000106445,0.54000,0,0.54000,0,0.54000,0.000106445,0.54000,0.4,0.54000,1,0.54000,0,0.54000,0.4,0.54000,0,0.54000,5.01232,0.54000,0,0.54000,511.178,0.54000,0,0.54000,0.4,0.54000,0,0.54000,1400,0.54000,0.0686007,0.54000,0.0686007,0.54000,0.0683816,0.54000,0.000106445,0.54000,0.000106445,0.54000,0.000109263
0.55000,0.0654274,0.55000,0,0.55000,0,0.55000,0,0.55000,0.0261716,0.55000,0,0.55000,0.000106808,0.55000,0,0.55000,0,0.55000,0.000106808,0.55000,0.4,0.55000,1,0.55000,0,0.55000,0.4,0.55000,0,0.55000,5.01232,0.55000,0,0.55000,511.178,0.55000,0,0.55000,0.4,0.55000,0,0.55000,1400,0.55000,0.0654274,0.55000,0.0654274,0.55000,0.0654164,0.55000,0.000106808,0.55000,0.000106808,0.55000,0.00010845
0.56000,0.0623406,0.56000,0,0.56000,0,0.56000,0,0.56000,0.0249369,0.56000,0,0.56000,0.000107161,0.56000,0,0.56000,0,0.56000,0.000107161,0.56000,0.4,0.56000,1,0.56000,0,0.56000,0.4,0.56000,0,0.56000,5.01232,0.56000,0,0.56000,511.178,0.56000,0,0.56000,0.4,0.56000,0,0.56000,1400,0.56000,0.0623406,0.56000,0.0623406,0.56000,0.0624511,0.56000,0.000107161,0.56000,0.000107161,0.56000,0.000107637
0.57000,0.0594269,0.57000,0,0.57000,0,0.57000,0,0.57000,0.0237714,0.57000,0,0.57000,0.000107494,0.57000,0,0.57000,0,0.57000,0.000107494,0.57000,0.4,0.57000,1,0.57000,0,0.57000,0.4,0.57000,0,0.57000,5.01232,0.57000,0,0.57000,511.178,0.57000,0,0.57000,0.4,0.57000,0,0.57000,1400,0.57000,0.0594269,0.57000,0.0594269,0.57000,0.0594859,0.57000,0.000107494,0.57000,0.000107494,0.57000,0.000106825
0.58000,0.0566457,0.58000,0,0.58000,0,0.58000,0,0.58000,0.0226588,0.58000,0,0.58000,0.000107812,0.58000,0,0.58000,0,0.58000,0.000107812,0.58000,0.4,0.58000,1,0.58000,0,0.58000,0.4,0.58000,0,0.58000,5.01232,0.58000,0,0.58000,511.178,0.58000,0,0.58000,0.4,0.58000,0,0.58000,1400,0.58000,0.0566457,0.58000,0.0566457,0.58000,0.0565206,0.58000,0.000107812,0.58000,0.000107812,0.58000,0.000106012
0.59000,0.0539704,0.59000,0,0.59000,0,0.59000,0,0.59000,0.0215887,0.59000,0,0.59000,0.000108118,0.59000,0,0.59000,0,0.59000,0.000108118,0.59000,0.4,0.59000,1,0.59000,0,0.59000,0.4,0.59000,0,0.59000,5.01232,0.59000,0,0.59000,511.178,0.59000,0,0.59000,0.4,0.59000,0,0.59000,1400,0.59000,0.0539704,0.59000,0.0539704,0.59000,0.0535554,0.59000,0.000108118,0.59000,0.000108118,0.59000,0.000105199
0.60000,0.0514653,0.60000,0,0.60000,0,0.60000,0,0.60000,0.0205867,0.60000,0,0.60000,0.000108404,0.60000,0,0.60000,0,0.60000,0.000108404,0.60000,0.4,0.60000,1,0.60000,0,0.60000,0.4,0.60000,0,0.60000,5.01232,0.60000,0,0.60000,511.178,0.60000,0,0.60000,0.4,0.60000,0,0.60000,1400,0.60000,0.0514653,0.60000,0.0514653,0.60000,0.0513237,0.60000,0.000108404,0.60000,0.000108404,0.60000,0.000104969
0.61000,0.0490089,0.61000,0,0.61000,0,0.61000,0,0.61000,0.0196041,0.61000,0,0.61000,0.000108685,0.61000,0,0.61000,0,0.61000,0.000108685,0.61000,0.4,0.61000,1,0.61000,0,0.61000,0.4,0.61000,0,0.61000,5.01232,0.61000,0,0.61000,511.178,0.61000,0,0.61000,0.4,0.61000,0,0.61000,1400,0.61000,0.0490089,0.61000,0.0490089,0.61000,0.0493016,0.61000,0.000108685,0.61000,0.000108685,0.61000,0.000104905
0.62000,0.0467535,0.62000,0,0.62000,0,0.62000,0,0.62000,0.0187019,0.62000,0,0.62000,0.000108942,0.62000,0,0.62000,0,0.62000,0.000108942,0.62000,0.4,0.62000,1,0.62000,0,0.62000,0.4,0.62000,0,0.62000,5.01232,0.62000,0,0.62000,511.178,0.62000,0,0.62000,0.4,0.62000,0,0.62000,1400,0.62000,0.0467535,0.62000,0.0467535,0.62000,0.0475779,0.62000,0.000108942,0.62000,0.000108942,0.62000,0.000105078
0.63000,0.0445391,0.63000,0,0.63000,0,0.63000,0,0.63000,0.0178161,0.63000,0,0.63000,0.000109195,0.63000,0,0.63000,0,0.63000,0.000109195,0.63000,0.4,0.63000,1,0.63000,0,0.63000,0.4,0.63000,0,0.63000,5.01232,0.63000,0,0.63000,511.178,0.63000,0,0.63000,0.4,0.63000,0,0.63000,1400,0.63000,0.0445391,0.63000,0.0445391,0.63000,0.0458541,0.63000,0.000109195,0.63000,0.000109195,0.63000,0.00010525
0.64000,0.0424682,0.64000,0,0.64000,0,0.64000,0,0.64000,0.0169877,0.64000,0,0.64000,0.000109432,0.64000,0,0.64000,0,0.64000,0.000109432,0.64000,0.4,0.64000,1,0.64000,0,0.64000,0.4,0.64000,0,0.64000,5.01232,0.64000,0,0.64000,511.178,0.64000,0,0.64000,0.4,0.64000,0,0.64000,1400,0.64000,0.0424682,0.64000,0.0424682,0.64000,0.0441304,0.64000,0.000109432,0.64000,0.000109432,0.64000,0.000105423
0.65000,0.0404725,0.65000,0,0.65000,0,0.65000,0,0.65000,0.0161894,0.65000,0,0.65000,0.00010966,0.65000,0,0.65000,0,0.65000,0.00010966,0.65000,0.4,0.65000,1,0.65000,0,0.65000,0.4,0.65000,0,0.65000,5.01232,0.65000,0,0.65000,511.178,0.65000,0,0.65000,0.4,0.65000,0,0.65000,1400,0.65000,0.0404725,0.65000,0.0404725,0.65000,0.0424066,0.65000,0.00010966,0.65000,0.00010966,0.65000,0.000105596
0.66000,0.0385711,0.66000,0,0.66000,0,0.66000,0,0.66000,0.0154288,0.66000,0,0.66000,0.000109877,0.66000,0,0.66000,0,0.66000,0.000109877,0.66000,0.4,0.66000,1,0.66000,0,0.66000,0.4,0.66000,0,0.66000,5.01232,0.66000,0,0.66000,511.178,0.66000,0,0.66000,0.4,0.66000,0,0.66000,1400,0.66000,0.0385711,0.66000,0.0385711,0.66000,0.0406828,0.66000,0.000109877,0.66000,0.000109877,0.66000,0.000105769
0.67000,0.0367733,0.67000,0,0.67000,0,0.67000,0,0.67000,0.0147097,0.67000,0,0.67000,0.000110083,0.67000,0,0.67000,0,0.67000,0.000110083,0.67000,0.4,0.67000,1,0.67000,0,0.67000,0.4,0.67000,0,0.67000,5.01232,0.67000,0,0.67000,511.178,0.67000,0,0.67000,0.4,0.67000,0,0.67000,1400,0.67000,0.0367733,0.67000,0.0367733,0.67000,0.0389753,0.67000,0.000110083,0.67000,0.000110083,0.67000,0.000106328
0.68000,0.0350274,0.68000,0,0.68000,0,0.68000,0,0.68000,0.0140113,0.68000,0,0.68000,0.000110282,0.68000,0,0.68000,0,0.68000,0.000110282,0.68000,0.4,0.68000,1,0.68000,0,0.68000,0.4,0.68000,0,0.68000,5.01232,0.68000,0,0.68000,511.178,0.68000,0,0.68000,0.4,0.68000,0,0.68000,1400,0.68000,0.0350274,0.68000,0.0350274,0.68000,0.0372759,0.68000,0.000110282,0.68000,0.000110282,0.68000,0.00010708
0.69000,0.0334085,0.69000,0,0.69000,0,0.69000,0,0.69000,0.0133637,0.69000,0,0.69000,0.000110468,0.69000,0,0.69000,0,0.69000,0.000110468,0.69000,0.4,0.69000,1,0.69000,0,0.69000,0.4,0.69000,0,0.69000,5.01232,0.69000,0,0.69000,511.178,0.69000,0,0.69000,0.4,0.69000,0,0.69000,1400,0.69000,0.0334085,0.69000,0.0334085,0.69000,0.0355914,0.69000,0.000110468,0.69000,0.000110468,0.69000,0.000108188
0.70000,0.03182,0.70000,0,0.70000,0,0.70000,0,0.70000,0.0127283,0.70000,0,0.70000,0.000110649,0.70000,0,0.70000,0,0.70000,0.000110649,0.70000,0.4,0.70000,1,0.70000,0,0.70000,0.4,0.70000,0,0.70000,5.01232,0.70000,0,0.70000,511.178,0.70000,0,0.70000,0.4,0.70000,0,0.70000,1400,0.70000,0.03182,0.70000,0.03182,0.70000,0.0339087,0.70000,0.000110649,0.70000,0.000110649,0.70000,0.000109339
0.71000,0.0303481,0.71000,0,0.71000,0,0.71000,0,0.71000,0.0121395,0.71000,0,0.71000,0.000110817,0.71000,0,0.71000,0,0.71000,0.000110817,0.71000,0.4,0.71000,1,0.71000,0,0.71000,0.4,0.71000,0,0.71000,5.01232,0.71000,0,0.71000,511.178,0.71000,0,0.71000,0.4,0.71000,0,0.71000,1400,0.71000,0.0303481,0.71000,0.0303481,0.71000,0.0322261,0.71000,0.000110817,0.71000,0.000110817,0.71000,0.000110491
0.72000,0.0289163,0.72000,0,0.72000,0,0.72000,0,0.72000,0.0115668,0.72000,0,0.72000,0.000110981,0.72000,0,0.72000,0,0.72000,0.000110981,0.72000,0.4,0.72000,1,0.72000,0,0.72000,0.4,0.72000,0,0.72000,5.01232,0.72000,0,0.72000,511.178,0.72000,0,0.72000,0.4,0.72000,0,0.72000,1400,0.72000,0.0289163,0.72000,0.0289163,0.72000,0.0305435,0.72000,0.000110981,0.72000,0.000110981,0.72000,0.000111643
0.73000,0.0275648,0.73000,0,0.73000,0,0.73000,0,0.73000,0.0110262,0.73000,0,0.73000,0.000111135,0.73000,0,0.73000,0,0.73000,0.000111135,0.73000,0.4,0.73000,1,0.73000,0,0.73000,0.4,0.73000,0,0.73000,5.01232,0.73000,0,0.73000,511.178,0.73000,0,0.73000,0.4,0.73000,0,0.73000,1400,0.73000,0.0275648,0.73000,0.0275648,0.73000,0.0288608,0.73000,0.000111135,0.73000,0.000111135,0.73000,0.000112795
0.74000,0.0262747,0.74000,0,0.74000,0,0.74000,0,0.74000,0.0105102,0.74000,0,0.74000,0.000111283,0.74000,0,0.74000,0,0.74000,0.000111283,0.74000,0.4,0.74000,1,0.74000,0,0.74000,0.4,0.74000,0,0.74000,5.01232,0.74000,0,0.74000,511.178,0.74000,0,0.74000,0.4,0.74000,0,0.74000,1400,0.74000,0.0262747,0.74000,0.0262747,0.74000,0.0271782,0.74000,0.000111283,0.74000,0.000111283,0.74000,0.000113946
0.75000,0.0250338,0.75000,0,0.75000,0,0.75000,0,0.75000,0.0100138,0.75000,0,0.75000,0.000111425,0.75000,0,0.75000,0,0.75000,0.000111425,0.75000,0.4,0.75000,1,0.75000,0,0.75000,0.4,0.75000,0,0.75000,5.01232,0.75000,0,0.75000,511.178,0.75000,0,0.75000,0.4,0.75000,0,0.75000,1400,0.75000,0.0250338,0.75000,0.0250338,0.75000,0.0254955,0.75000,0.000111425,0.75000,0.000111425,0.75000,0.000115098
0.76000,0.0238719,0.76000,0,0.76000,0,0.76000,0,0.76000,0.00954899,0.76000,0,0.76000,0.000111557,0.76000,0,0.76000,0,0.76000,0.000111557,0.76000,0.4,0.76000,1,0.76000,0,0.76000,0.4,0.76000,0,0.76000,5.01232,0.76000,0,0.76000,511.178,0.76000,0,0.76000,0.4,0.76000,0,0.76000,1400,0.76000,0.0238719,0.76000,0.0238719,0.76000,0.0243327,0.76000,0.000111557,0.76000,0.000111557,0.76000,0.000114702
0.77000,0.0227325,0.77000,0,0.77000,0,0.77000,0,0.77000,0.00909323,0.77000,0,0.77000,0.000111688,0.77000,0,0.77000,0,0.77000,0.000111688,0.77000,0.4,0.77000,1,0.77000,0,0.77000,0.4,0.77000,0,0.77000,5.01232,0.77000,0,0.77000,511.178,0.77000,0,0.77000,0.4,0.77000,0,0.77000,1400,0.77000,0.0227325,0.77000,0.0227325,0.77000,0.0233185,0.77000,0.000111688,0.77000,0.000111688,0.77000,0.000113863
0.78000,0.0216863,0.78000,0,0.78000,0,0.78000,0,0.78000,0.00867475,0.78000,0,0.78000,0.000111807,0.78000,0,0.78000,0,0.78000,0.000111807,0.78000,0.4,0.78000,1,0.78000,0,0.78000,0.4,0.78000,0,0.78000,5.01232,0.78000,0,0.78000,511.178,0.78000,0,0.78000,0.4,0.78000,0,0.78000,1400,0.78000,0.0216863,0.78000,0.0216863,0.78000,0.0223729,0.78000,0.000111807,0.78000,0.000111807,0.78000,0.000112821
0.79000,0.0206592,0.79000,0,0.79000,0,0.79000,0,0.79000,0.00826388,0.79000,0,0.79000,0.000111925,0.79000,0,0.79000,0,0.79000,0.000111925,0.79000,0.4,0.79000,1,0.79000,0,0.79000,0.4,0.79000,0,0.79000,5.01232,0.79000,0,0.79000,511.178,0.79000,0,0.79000,0.4,0.79000,0,0.79000,1400,0.79000,0.0206592,0.79000,0.0206592,0.79000,0.0214273,0.79000,0.000111925,0.79000,0.000111925,0.79000,0.000111778
0.80000,0.0196986,0.80000,0,0.80000,0,0.80000,0,0.80000,0.00787964,0.80000,0,0.80000,0.000112034,0.80000,0,0.80000,0,0.80000,0.000112034,0.80000,0.4,0.80000,1,0.80000,0,0.80000,0.4,0.80000,0,0.80000,5.01232,0.80000,0,0.80000,511.178,0.80000,0,0.80000,0.4,0.80000,0,0.80000,1400,0.80000,0.0196986,0.80000,0.0196986,0.80000,0.0204816,0.80000,0.000112034,0.80000,0.000112034,0.80000,0.000110735
0.81000,0.018773,0.81000,0,0.81000,0,0.81000,0,0.81000,0.00750938,0.81000,0,0.81000,0.00011214,0.81000,0,0.81000,0,0.81000,0.00011214,0.81000,0.4,0.81000,1,0.81000,0,0.81000,0.4,0.81000,0,0.81000,5.01232,0.81000,0,0.81000,511.178,0.81000,0,0.81000,0.4,0.81000,0,0.81000,1400,0.81000,0.018773,0.81000,0.018773,0.81000,0.019536,0.81000,0.00011214,0.81000,0.00011214,0.81000,0.000109692
0.82000,0.017891,0.82000,0,0.82000,0,0.82000,0,0.82000,0.00715657,0.82000,0,0.82000,0.000112241,0.82000,0,0.82000,0,0.82000,0.000112241,0.82000,0.4,0.82000,1,0.82000,0,0.82000,0.4,0.82000,0,0.82000,5.01232,0.82000,0,0.82000,511.178,0.82000,0,0.82000,0.4,0.82000,0,0.82000,1400,0.82000,0.017891,0.82000,0.017891,0.82000,0.0185904,0.82000,0.000112241,0.82000,0.000112241,0.82000,0.00010865
0.83000,0.0170571,0.83000,0,0.83000,0,0.83000,0,0.83000,0.00682301,0.83000,0,0.83000,0.000112336,0.83000,0,0.83000,0,0.83000,0.000112336,0.83000,0.4,0.83000,1,0.83000,0,0.83000,0.4,0.83000,0,0.83000,5.01232,0.83000,0,0.83000,511.178,0.83000,0,0.83000,0.4,0.83000,0,0.83000,1400,0.83000,0.0170571,0.83000,0.0170571,0.83000,0.0176448,0.83000,0.000112336,0.83000,0.000112336,0.83000,0.000107607
0.84000,0.0162473,0.84000,0,0.84000,0,0.84000,0,0.84000,0.00649908,0.84000,0,0.84000,0.000112429,0.84000,0,0.84000,0,0.84000,0.000112429,0.84000,0.4,0.84000,1,0.84000,0,0.84000,0.4,0.84000,0,0.84000,5.01232,0.84000,0,0.84000,511.178,0.84000,0,0.84000,0.4,0.84000,0,0.84000,1400,0.84000,0.0162473,0.84000,0.0162473,0.84000,0.0166992,0.84000,0.000112429,0.84000,0.000112429,0.84000,0.000106564
0.85000,0.0154964,0.85000,0,0.85000,0,0.85000,0,0.85000,0.0061987,0.85000,0,0.85000,0.000112515,0.85000,0,0.85000,0,0.85000,0.000112515,0.85000,0.4,0.85000,1,0.85000,0,0.85000,0.4,0.85000,0,0.85000,5.01232,0.85000,0,0.85000,511.178,0.85000,0,0.85000,0.4,0.85000,0,0.85000,1400,0.85000,0.0154964,0.85000,0.0154964,0.85000,0.0158883,0.85000,0.000112515,0.85000,0.000112515,0.85000,0.00010678
0.86000,0.0147369,0.86000,0,0.86000,0,0.86000,0,0.86000,0.00589492,0.86000,0,0.86000,0.000112601,0.86000,0,0.86000,0,0.86000,0.000112601,0.86000,0.4,0.86000,1,0.86000,0,0.86000,0.4,0.86000,0,0.86000,5.01232,0.86000,0,0.86000,511.178,0.86000,0,0.86000,0.4,0.86000,0,0.86000,1400,0.86000,0.0147369,0.86000,0.0147369,0.86000,0.0151038,0.86000,0.000112601,0.86000,0.000112601,0.86000,0.000107241
0.87000,0.0138508,0.87000,0,0.87000,0,0.87000,0,0.87000,0.00554046,0.87000,0,0.87000,0.000112703,0.87000,0,0.87000,0,0.87000,0.000112703,0.87000,0.4,0.87000,1,0.87000,0,0.87000,0.4,0.87000,0,0.87000,5.01232,0.87000,0,0.87000,511.178,0.87000,0,0.87000,0.4,0.87000,0,0.87000,1400,0.87000,0.0138508,0.87000,0.0138508,0.87000,0.0143952,0.87000,0.000112703,0.87000,0.000112703,0.87000,0.000108411
0.88000,0.013005,0.88000,0,0.88000,0,0.88000,0,0.88000,0.00520215,0.88000,0,0.88000,0.000112799,0.88000,0,0.88000,0,0.88000,0.000112799,0.88000,0.4,0.88000,1,0.88000,0,0.88000,0.4,0.88000,0,0.88000,5.01232,0.88000,0,0.88000,511.178,0.88000,0,0.88000,0.4,0.88000,0,0.88000,1400,0.88000,0.013005,0.88000,0.013005,0.88000,0.0136866,0.88000,0.000112799,0.88000,0.000112799,0.88000,0.000109582
0.89000,0.0122401,0.89000,0,0.89000,0,0.89000,0,0.89000,0.00489616,0.89000,0,0.89000,0.000112887,0.89000,0,0.89000,0,0.89000,0.000112887,0.89000,0.4,0.89000,1,0.89000,0,0.89000,0.4,0.89000,0,0.89000,5.01232,0.89000,0,0.89000,511.178,0.89000,0,0.89000,0.4,0.89000,0,0.89000,1400,0.89000,0.0122401,0.89000,0.0122401,0.89000,0.012978,0.89000,0.000112887,0.89000,0.000112887,0.89000,0.000110752
0.90000,0.0114751,0.90000,0,0.90000,0,0.90000,0,0.90000,0.00459016,0.90000,0,0.90000,0.000112974,0.90000,0,0.90000,0,0.90000,0.000112974,0.90000,0.4,0.90000,1,0.90000,0,0.90000,0.4,0.90000,0,0.90000,5.01232,0.90000,0,0.90000,511.178,0.90000,0,0.90000,0.4,0.90000,0,0.90000,1400,0.90000,0.0114751,0.90000,0.0114751,0.90000,0.0122694,0.90000,0.000112974,0.90000,0.000112974,0.90000,0.000111922
0.91000,0.0109699,0.91000,0,0.91000,0,0.91000,0,0.91000,0.00438805,0.91000,0,0.91000,0.000113032,0.91000,0,0.91000,0,0.91000,0.000113032,0.91000,0.4,0.91000,1,0.91000,0,0.91000,0.4,0.91000,0,0.91000,5.01232,0.91000,0,0.91000,511.178,0.91000,0,0.91000,0.4,0.91000,0,0.91000,1400,0.91000,0.0109699,0.91000,0.0109699,0.91000,0.0115608,0.91000,0.000113032,0.91000,0.000113032,0.91000,0.000113092
0.92000,0.0104746,0.92000,0,0.92000,0,0.92000,0,0.92000,0.00418994,0.92000,0,0.92000,0.000113089,0.92000,0,0.92000,0,0.92000,0.000113089,0.92000,0.4,0.92000,1,0.92000,0,0.92000,0.4,0.92000,0,0.92000,5.01232,0.92000,0,0.92000,511.178,0.92000,0,0.92000,0.4,0.92000,0,0.92000,1400,0.92000,0.0104746,0.92000,0.0104746,0.92000,0.0108522,0.92000,0.000113089,0.92000,0.000113089,0.92000,0.000114263
0.93000,0.00997932,0.93000,0,0.93000,0,0.93000,0,0.93000,0.00399183,0.93000,0,0.93000,0.000113145,0.93000,0,0.93000,0,0.93000,0.000113145,0.93000,0.4,0.93000,1,0.93000,0,0.93000,0.4,0.93000,0,0.93000,5.01232,0.93000,0,0.93000,511.178,0.93000,0,0.93000,0.4,0.93000,0,0.93000,1400,0.93000,0.00997932,0.93000,0.00997932,0.93000,0.0101436,0.93000,0.000113145,0.93000,0.000113145,0.93000,0.000115433
0.94000,0.0095384,0.94000,0,0.94000,0,0.94000,0,0.94000,0.00381546,0.94000,0,0.94000,0.000113196,0.94000,0,0.94000,0,0.94000,0.000113196,0.94000,0.4,0.94000,1,0.94000,0,0.94000,0.4,0.94000,0,0.94000,5.01232,0.94000,0,0.94000,511.178,0.94000,0,0.94000,0.4,0.94000,0,0.94000,1400,0.94000,0.0095384,0.94000,0.0095384,0.94000,0.00955743,0.94000,0.000113196,0.94000,0.000113196,0.94000,0.000116331
0.95000,0.00911086,0.95000,0,0.95000,0,0.95000,0,0.95000,0.00364444,0.95000,0,0.95000,0.000113244,0.95000,0,0.95000,0,0.95000,0.000113244,0.95000,0.4,0.95000,1,0.95000,0,0.95000,0.4,0.95000,0,0.95000,5.01232,0.95000,0,0.95000,511.178,0.95000,0,0.95000,0.4,0.95000,0,0.95000,1400,0.95000,0.00911086,0.95000,0.00911086,0.95000,0.00900138,0.95000,0.000113244,0.95000,0.000113244,0.95000,0.000117163
0.96000,0.00868332,0.96000,0,0.96000,0,0.96000,0,0.96000,0.00347341,0.96000,0,0.96000,0.000113293,0.96000,0,0.96000,0,0.96000,0.000113293,0.96000,0.4,0.96000,1,0.96000,0,0.96000,0.4,0.96000,0,0.96000,5.01232,0.96000,0,0.96000,511.178,0.96000,0,0.96000,0.4,0.96000,0,0.96000,1400,0.96000,0.00868332,0.96000,0.00868332,0.96000,0.00844533,0.96000,0.000113293,0.96000,0.000113293,0.96000,0.000117994
0.97000,0.00829331,0.97000,0,0.97000,0,0.97000,0,0.97000,0.00331741,0.97000,0,0.97000,0.000113338,0.97000,0,0.97000,0,0.97000,0.000113338,0.97000,0.4,0.97000,1,0.97000,0,0.97000,0.4,0.97000,0,0.97000,5.01232,0.97000,0,0.97000,511.178,0.97000,0,0.97000,0.4,0.97000,0,0.97000,1400,0.97000,0.00829331,0.97000,0.00829331,0.97000,0.00807815,0.97000,0.000113338,0.97000,0.000113338,0.97000,0.000118407
0.98000,0.00792424,0.98000,0,0.98000,0,0.98000,0,0.98000,0.00316977,0.98000,0,0.98000,0.00011338,0.98000,0,0.98000,0,0.98000,0.00011338,0.98000,0.4,0.98000,1,0.98000,0,0.98000,0.4,0.98000,0,0.98000,5.01232,0.98000,0,0.98000,511.178,0.98000,0,0.98000,0.4,0.98000,0,0.98000,1400,0.98000,0.00792424,0.98000,0.00792424,0.98000,0.0078163,0.98000,0.00011338,0.98000,0.00011338,0.98000,0.000118585
0.99000,0.00755516,0.99000,0,0.99000,0,0.99000,0,0.99000,0.00302214,0.99000,0,0.99000,0.000113422,0.99000,0,0.99000,0,0.99000,0.000113422,0.99000,0.4,0.99000,1,0.99000,0,0.99000,0.4,0.99000,0,0.99000,5.01232,0.99000,0,0.99000,511.178,0.99000,0,0.99000,0.4,0.99000,0,0.99000,1400,0.99000,0.00755516,0.99000,0.00755516,0.99000,0.00755445,0.99000,0.000113422,0.99000,0.000113422,0.99000,0.000118763
1.00000,0.00721038,1.00000,0,1.00000,0,1.00000,0,1.00000,0.00288423,1.00000,0,1.00000,0.000113462,1.00000,0,1.00000,0,1.00000,0.000113462,1.00000,0.4,1.00000,1,1.00000,0,1.00000,0.4,1.00000,0,1.00000,5.01232,1.00000,0,1.00000,511.178,1.00000,0,1.00000,0.4,1.00000,0,1.00000,1400,1.00000,0.00721038,1.00000,0.00721038,1.00000,0.0072926,1.00000,0.000113462,1.00000,0.000113462,1.00000,0.000118942
1.01000,0.00689178,1.01000,0,1.01000,0,1.01000,0,1.01000,0.00275678,1.01000,0,1.01000,0.000113498,1.01000,0,1.01000,0,1.01000,0.000113498,1.01000,0.4,1.01000,1,1.01000,0,1.01000,0.4,1.01000,0,1.01000,5.01232,1.01000,0,1.01000,511.178,1.01000,0,1.01000,0.4,1.01000,0,1.01000,1400,1.01000,0.00689178,1.01000,0.00689178,1.01000,0.00703075,1.01000,0.000113498,1.01000,0.000113498,1.01000,0.00011912
1.02000,0.00657317,1.02000,0,1.02000,0,1.02000,0,1.02000,0.00262933,1.02000,0,1.02000,0.000113534,1.02000,0,1.02000,0,1.02000,0.000113534,1.02000,0.4,1.02000,1,1.02000,0,1.02000,0.4,1.02000,0,1.02000,5.01232,1.02000,0,1.02000,511.178,1.02000,0,1.02000,0.4,1.02000,0,1.02000,1400,1.02000,0.00657317,1.02000,0.00657317,1.02000,0.0067689,1.02000,0.000113534,1.02000,0.000113534,1.02000,0.000119298
1.03000,0.00626855,1.03000,0,1.03000,0,1.03000,0,1.03000,0.00250748,1.03000,0,1.03000,0.000113569,1.03000,0,1.03000,0,1.03000,0.000113569,1.03000,0.4,1.03000,1,1.03000,0,1.03000,0.4,1.03000,0,1.03000,5.01232,1.03000,0,1.03000,511.178,1.03000,0,1.03000,0.4,1.03000,0,1.03000,1400,1.03000,0.00626855,1.03000,0.00626855,1.03000,0.00650705,1.03000,0.000113569,1.03000,0.000113569,1.03000,0.000119477
1.04000,0.00599351,1.04000,0,1.04000,0,1.04000,0,1.04000,0.00239747,1.04000,0,1.04000,0.000113601,1.04000,0,1.04000,0,1.04000,0.000113601,1.04000,0.4,1.04000,1,1.04000,0,1.04000,0.4,1.04000,0,1.04000,5.01232,1.04000,0,1.04000,511.178,1.04000,0,1.04000,0.4,1.04000,0,1.04000,1400,1.04000,0.00599351,1.04000,0.00599351,1.04000,0.0062452,1.04000,0.000113601,1.04000,0.000113601,1.04000,0.000119655
1.05000,0.00571848,1.05000,0,1.05000,0,1.05000,0,1.05000,0.00228745,1.05000,0,1.05000,0.000113632,1.05000,0,1.05000,0,1.05000,0.000113632,1.05000,0.4,1.05000,1,1.05000,0,1.05000,0.4,1.05000,0,1.05000,5.01232,1.05000,0,1.05000,511.178,1.05000,0,1.05000,0.4,1.05000,0,1.05000,1400,1.05000,0.00571848,1.05000,0.00571848,1.05000,0.00598335,1.05000,0.000113632,1.05000,0.000113632,1.05000,0.000119833
1.06000,0.00544948,1.06000,0,1.06000,0,1.06000,0,1.06000,0.00217985,1.06000,0,1.06000,0.000113663,1.06000,0,1.06000,0,1.06000,0.000113663,1.06000,0.4,1.06000,1,1.06000,0,1.06000,0.4,1.06000,0,1.06000,5.01232,1.06000,0,1.06000,511.178,1.06000,0,1.06000,0.4,1.06000,0,1.06000,1400,1.06000,0.00544948,1.06000,0.00544948,1.06000,0.00572978,1.06000,0.000113663,1.06000,0.000113663,1.06000,0.000119952
1.07000,0.00521205,1.07000,0,1.07000,0,1.07000,0,1.07000,0.00208487,1.07000,0,1.07000,0.00011369,1.07000,0,1.07000,0,1.07000,0.00011369,1.07000,0.4,1.07000,1,1.07000,0,1.07000,0.4,1.07000,0,1.07000,5.01232,1.07000,0,1.07000,511.178,1.07000,0,1.07000,0.4,1.07000,0,1.07000,1400,1.07000,0.00521205,1.07000,0.00521205,1.07000,0.00551956,1.07000,0.00011369,1.07000,0.00011369,1.07000,0.000119755
1.08000,0.00497462,1.08000,0,1.08000,0,1.08000,0,1.08000,0.0019899,1.08000,0,1.08000,0.000113717,1.08000,0,1.08000,0,1.08000,0.000113717,1.08000,0.4,1.08000,1,1.08000,0,1.08000,0.4,1.08000,0,1.08000,5.01232,1.08000,0,1.08000,511.178,1.08000,0,1.08000,0.4,1.08000,0,1.08000,1400,1.08000,0.00497462,1.08000,0.00497462,1.08000,0.00530934,1.08000,0.000113717,1.08000,0.000113717,1.08000,0.000119558
1.09000,0.0047372,1.09000,0,1.09000,0,1.09000,0,1.09000,0.00189493,1.09000,0,1.09000,0.000113744,1.09000,0,1.09000,0,1.09000,0.000113744,1.09000,0.4,1.09000,1,1.09000,0,1.09000,0.4,1.09000,0,1.09000,5.01232,1.09000,0,1.09000,511.178,1.09000,0,1.09000,0.4,1.09000,0,1.09000,1400,1.09000,0.0047372,1.09000,0.0047372,1.09000,0.00509912,1.09000,0.000113744,1.09000,0.000113744,1.09000,0.000119361
1.10000,0.00453224,1.10000,0,1.10000,0,1.10000,0,1.10000,0.00181294,1.10000,0,1.10000,0.000113768,1.10000,0,1.10000,0,1.10000,0.000113768,1.10000,0.4,1.10000,1,1.10000,0,1.10000,0.4,1.10000,0,1.10000,5.01232,1.10000,0,1.10000,511.178,1.10000,0,1.10000,0.4,1.10000,0,1.10000,1400,1.10000,0.00453224,1.10000,0.00453224,1.10000,0.00492374,1.10000,0.000113768,1.10000,0.000113768,1.10000,0.000118911
1.11000,0.00432728,1.11000,0,1.11000,0,1.11000,0,1.11000,0.00173096,1.11000,0,1.11000,0.000113791,1.11000,0,1.11000,0,1.11000,0.000113791,1.11000,0.4,1.11000,1,1.11000,0,1.11000,0.4,1.11000,0,1.11000,5.01232,1.11000,0,1.11000,511.178,1.11000,0,1.11000,0.4,1.11000,0,1.11000,1400,1.11000,0.00432728,1.11000,0.00432728,1.11000,0.00474836,1.11000,0.000113791,1.11000,0.000113791,1.11000,0.000118461
1.12000,0.00412232,1.12000,0,1.12000,0,1.12000,0,1.12000,0.00164897,1.12000,0,1.12000,0.000113815,1.12000,0,1.12000,0,1.12000,0.000113815,1.12000,0.4,1.12000,1,1.12000,0,1.12000,0.4,1.12000,0,1.12000,5.01232,1.12000,0,1.12000,511.178,1.12000,0,1.12000,0.4,1.12000,0,1.12000,1400,1.12000,0.00412232,1.12000,0.00412232,1.12000,0.00457299,1.12000,0.000113815,1.12000,0.000113815,1.12000,0.000118011
1.13000,0.00394089,1.13000,0,1.13000,0,1.13000,0,1.13000,0.0015764,1.13000,0,1.13000,0.000113835,1.13000,0,1.13000,0,1.13000,0.000113835,1.13000,0.4,1.13000,1,1.13000,0,1.13000,0.4,1.13000,0,1.13000,5.01232,1.13000,0,1.13000,511.178,1.13000,0,1.13000,0.4,1.13000,0,1.13000,1400,1.13000,0.00394089,1.13000,0.00394089,1.13000,0.00439761,1.13000,0.000113835,1.13000,0.000113835,1.13000,0.000117561
1.14000,0.00376396,1.14000,0,1.14000,0,1.14000,0,1.14000,0.00150562,1.14000,0,1.14000,0.000113856,1.14000,0,1.14000,0,1.14000,0.000113856,1.14000,0.4,1.14000,1,1.14000,0,1.14000,0.4,1.14000,0,1.14000,5.01232,1.14000,0,1.14000,511.178,1.14000,0,1.14000,0.4,1.14000,0,1.14000,1400,1.14000,0.00376396,1.14000,0.00376396,1.14000,0.00422223,1.14000,0.000113856,1.14000,0.000113856,1.14000,0.000117111
1.15000,0.00358703,1.15000,0,1.15000,0,1.15000,0,1.15000,0.00143485,1.15000,0,1.15000,0.000113876,1.15000,0,1.15000,0,1.15000,0.000113876,1.15000,0.4,1.15000,1,1.15000,0,1.15000,0.4,1.15000,0,1.15000,5.01232,1.15000,0,1.15000,511.178,1.15000,0,1.15000,0.4,1.15000,0,1.15000,1400,1.15000,0.00358703,1.15000,0.00358703,1.15000,0.00404686,1.15000,0.000113876,1.15000,0.000113876,1.15000,0.000116661
1.16000,0.00342653,1.16000,0,1.16000,0,1.16000,0,1.16000,0.00137064,1.16000,0,1.16000,0.000113894,1.16000,0,1.16000,0,1.16000,0.000113894,1.16000,0.4,1.16000,1,1.16000,0,1.16000,0.4,1.16000,0,1.16000,5.01232,1.16000,0,1.16000,511.178,1.16000,0,1.16000,0.4,1.16000,0,1.16000,1400,1.16000,0.00342653,1.16000,0.00342653,1.16000,0.00387148,1.16000,0.000113894,1.16000,0.000113894,1.16000,0.000116211
1.17000,0.00327379,1.17000,0,1.17000,0,1.17000,0,1.17000,0.00130955,1.17000,0,1.17000,0.000113912,1.17000,0,1.17000,0,1.17000,0.000113912,1.17000,0.4,1.17000,1,1.17000,0,1.17000,0.4,1.17000,0,1.17000,5.01232,1.17000,0,1.17000,511.178,1.17000,0,1.17000,0.4,1.17000,0,1.17000,1400,1.17000,0.00327379,1.17000,0.00327379,1.17000,0.0036961,1.17000,0.000113912,1.17000,0.000113912,1.17000,0.000115761
1.18000,0.00312105,1.18000,0,1.18000,0,1.18000,0,1.18000,0.00124845,1.18000,0,1.18000,0.000113929,1.18000,0,1.18000,0,1.18000,0.000113929,1.18000,0.4,1.18000,1,1.18000,0,1.18000,0.4,1.18000,0,1.18000,5.01232,1.18000,0,1.18000,511.178,1.18000,0,1.18000,0.4,1.18000,0,1.18000,1400,1.18000,0.00312105,1.18000,0.00312105,1.18000,0.00352073,1.18000,0.000113929,1.18000,0.000113929,1.18000,0.000115311
1.19000,0.00297915,1.19000,0,1.19000,0,1.19000,0,1.19000,0.00119169,1.19000,0,1.19000,0.000113945,1.19000,0,1.19000,0,1.19000,0.000113945,1.19000,0.4,1.19000,1,1.19000,0,1.19000,0.4,1.19000,0,1.19000,5.01232,1.19000,0,1.19000,511.178,1.19000,0,1.19000,0.4,1.19000,0,1.19000,1400,1.19000,0.00297915,1.19000,0.00297915,1.19000,0.00335858,1.19000,0.000113945,1.19000,0.000113945,1.19000,0.000114883
1.20000,0.0028473,1.20000,0,1.20000,0,1.20000,0,1.20000,0.00113895,1.20000,0,1.20000,0.00011396,1.20000,0,1.20000,0,1.20000,0.00011396,1.20000,0.4,1.20000,1,1.20000,0,1.20000,0.4,1.20000,0,1.20000,5.01232,1.20000,0,1.20000,511.178,1.20000,0,1.20000,0.4,1.20000,0,1.20000,1400,1.20000,0.0028473,1.20000,0.0028473,1.20000,0.00320871,1.20000,0.00011396,1.20000,0.00011396,1.20000,0.000114475
1.21000,0.00271545,1.21000,0,1.21000,0,1.21000,0,1.21000,0.00108621,1.21000,0,1.21000,0.000113975,1.21000,0,1.21000,0,1.21000,0.000113975,1.21000,0.4,1.21000,1,1.21000,0,1.21000,0.4,1.21000,0,1.21000,5.01232,1.21000,0,1.21000,511.178,1.21000,0,1.21000,0.4,1.21000,0,1.21000,1400,1.21000,0.00271545,1.21000,0.00271545,1.21000,0.00305885,1.21000,0.000113975,1.21000,0.000113975,1.21000,0.000114067
1.22000,0.00259005,1.22000,0,1.22000,0,1.22000,0,1.22000,0.00103605,1.22000,0,1.22000,0.00011399,1.22000,0,1.22000,0,1.22000,0.00011399,1.22000,0.4,1.22000,1,1.22000,0,1.22000,0.4,1.22000,0,1.22000,5.01232,1.22000,0,1.22000,511.178,1.22000,0,1.22000,0.4,1.22000,0,1.22000,1400,1.22000,0.00259005,1.22000,0.00259005,1.22000,0.00292344,1.22000,0.00011399,1.22000,0.00011399,1.22000,0.000113682
1.23000,0.00247623,1.23000,0,1.23000,0,1.23000,0,1.23000,0.000990518,1.23000,0,1.23000,0.000114003,1.23000,0,1.23000,0,1.23000,0.000114003,1.23000,0.4,1.23000,1,1.23000,0,1.23000,0.4,1.23000,0,1.23000,5.01232,1.23000,0,1.23000,511.178,1.23000,0,1.23000,0.4,1.23000,0,1.23000,1400,1.23000,0.00247623,1.23000,0.00247623,1.23000,0.00281394,1.23000,0.000114003,1.23000,0.000114003,1.23000,0.000113341
1.24000,0.00236241,1.24000,0,1.24000,0,1.24000,0,1.24000,0.000944989,1.24000,0,1.24000,0.000114016,1.24000,0,1.24000,0,1.24000,0.000114016,1.24000,0.4,1.24000,1,1.24000,0,1.24000,0.4,1.24000,0,1.24000,5.01232,1.24000,0,1.24000,511.178,1.24000,0,1.24000,0.4,1.24000,0,1.24000,1400,1.24000,0.00236241,1.24000,0.00236241,1.24000,0.00270444,1.24000,0.000114016,1.24000,0.000114016,1.24000,0.000112999
1.25000,0.00225167,1.25000,0,1.25000,0,1.25000,0,1.25000,0.00090069,1.25000,0,1.25000,0.000114028,1.25000,0,1.25000,0,1.25000,0.000114028,1.25000,0.4,1.25000,1,1.25000,0,1.25000,0.4,1.25000,0,1.25000,5.01232,1.25000,0,1.25000,511.178,1.25000,0,1.25000,0.4,1.25000,0,1.25000,1400,1.25000,0.00225167,1.25000,0.00225167,1.25000,0.00259494,1.25000,0.000114028,1.25000,0.000114028,1.25000,0.000112657
1.26000,0.00215341,1.26000,0,1.26000,0,1.26000,0,1.26000,0.000861387,1.26000,0,1.26000,0.00011404,1.26000,0,1.26000,0,1.26000,0.00011404,1.26000,0.4,1.26000,1,1.26000,0,1.26000,0.4,1.26000,0,1.26000,5.01232,1.26000,0,1.26000,511.178,1.26000,0,1.26000,0.4,1.26000,0,1.26000,1400,1.26000,0.00215341,1.26000,0.00215341,1.26000,0.00248544,1.26000,0.00011404,1.26000,0.00011404,1.26000,0.000112315
1.27000,0.00205516,1.27000,0,1.27000,0,1.27000,0,1.27000,0.000822084,1.27000,0,1.27000,0.000114051,1.27000,0,1.27000,0,1.27000,0.000114051,1.27000,0.4,1.27000,1,1.27000,0,1.27000,0.4,1.27000,0,1.27000,5.01232,1.27000,0,1.27000,511.178,1.27000,0,1.27000,0.4,1.27000,0,1.27000,1400,1.27000,0.00205516,1.27000,0.00205516,1.27000,0.00237594,1.27000,0.000114051,1.27000,0.000114051,1.27000,0.000111973
1.28000,0.0019574,1.28000,0,1.28000,0,1.28000,0,1.28000,0.00078298,1.28000,0,1.28000,0.000114062,1.28000,0,1.28000,0,1.28000,0.000114062,1.28000,0.4,1.28000,1,1.28000,0,1.28000,0.4,1.28000,0,1.28000,5.01232,1.28000,0,1.28000,511.178,1.28000,0,1.28000,0.4,1.28000,0,1.28000,1400,1.28000,0.0019574,1.28000,0.0019574,1.28000,0.00226645,1.28000,0.000114062,1.28000,0.000114062,1.28000,0.000111631
1.29000,0.00187258,1.29000,0,1.29000,0,1.29000,0,1.29000,0.000749052,1.29000,0,1.29000,0.000114072,1.29000,0,1.29000,0,1.29000,0.000114072,1.29000,0.4,1.29000,1,1.29000,0,1.29000,0.4,1.29000,0,1.29000,5.01232,1.29000,0,1.29000,511.178,1.29000,0,1.29000,0.4,1.29000,0,1.29000,1400,1.29000,0.00187258,1.29000,0.00187258,1.29000,0.00215695,1.29000,0.000114072,1.29000,0.000114072,1.29000,0.00011129
1.30000,0.00178776,1.30000,0,1.30000,0,1.30000,0,1.30000,0.000715123,1.30000,0,1.30000,0.000114081,1.30000,0,1.30000,0,1.30000,0.000114081,1.30000,0.4,1.30000,1,1.30000,0,1.30000,0.4,1.30000,0,1.30000,5.01232,1.30000,0,1.30000,511.178,1.30000,0,1.30000,0.4,1.30000,0,1.30000,1400,1.30000,0.00178776,1.30000,0.00178776,1.30000,0.00204745,1.30000,0.000114081,1.30000,0.000114081,1.30000,0.000110948
1.31000,0.00170295,1.31000,0,1.31000,0,1.31000,0,1.31000,0.000681195,1.31000,0,1.31000,0.000114091,1.31000,0,1.31000,0,1.31000,0.000114091,1.31000,0.4,1.31000,1,1.31000,0,1.31000,0.4,1.31000,0,1.31000,5.01232,1.31000,0,1.31000,511.178,1.31000,0,1.31000,0.4,1.31000,0,1.31000,1400,1.31000,0.00170295,1.31000,0.00170295,1.31000,0.00193795,1.31000,0.000114091,1.31000,0.000114091,1.31000,0.000110606
1.32000,0.00162829,1.32000,0,1.32000,0,1.32000,0,1.32000,0.000651333,1.32000,0,1.32000,0.0001141,1.32000,0,1.32000,0,1.32000,0.0001141,1.32000,0.4,1.32000,1,1.32000,0,1.32000,0.4,1.32000,0,1.32000,5.01232,1.32000,0,1.32000,511.178,1.32000,0,1.32000,0.4,1.32000,0,1.32000,1400,1.32000,0.00162829,1.32000,0.00162829,1.32000,0.00182845,1.32000,0.0001141,1.32000,0.0001141,1.32000,0.000110264
1.33000,0.00155507,1.33000,0,1.33000,0,1.33000,0,1.33000,0.000622045,1.33000,0,1.33000,0.000114108,1.33000,0,1.33000,0,1.33000,0.000114108,1.33000,0.4,1.33000,1,1.33000,0,1.33000,0.4,1.33000,0,1.33000,5.01232,1.33000,0,1.33000,511.178,1.33000,0,1.33000,0.4,1.33000,0,1.33000,1400,1.33000,0.00155507,1.33000,0.00155507,1.33000,0.00171895,1.33000,0.000114108,1.33000,0.000114108,1.33000,0.000109922
1.34000,0.00148185,1.34000,0,1.34000,0,1.34000,0,1.34000,0.000592756,1.34000,0,1.34000,0.000114116,1.34000,0,1.34000,0,1.34000,0.000114116,1.34000,0.4,1.34000,1,1.34000,0,1.34000,0.4,1.34000,0,1.34000,5.01232,1.34000,0,1.34000,511.178,1.34000,0,1.34000,0.4,1.34000,0,1.34000,1400,1.34000,0.00148185,1.34000,0.00148185,1.34000,0.00160945,1.34000,0.000114116,1.34000,0.000114116,1.34000,0.000109581
1.35000,0.0014158,1.35000,0,1.35000,0,1.35000,0,1.35000,0.000566335,1.35000,0,1.35000,0.000114124,1.35000,0,1.35000,0,1.35000,0.000114124,1.35000,0.4,1.35000,1,1.35000,0,1.35000,0.4,1.35000,0,1.35000,5.01232,1.35000,0,1.35000,511.178,1.35000,0,1.35000,0.4,1.35000,0,1.35000,1400,1.35000,0.0014158,1.35000,0.0014158,1.35000,0.00152834,1.35000,0.000114124,1.35000,0.000114124,1.35000,0.000109509
1.36000,0.00135259,1.36000,0,1.36000,0,1.36000,0,1.36000,0.000541052,1.36000,0,1.36000,0.000114131,1.36000,0,1.36000,0,1.36000,0.000114131,1.36000,0.4,1.36000,1,1.36000,0,1.36000,0.4,1.36000,0,1.36000,5.01232,1.36000,0,1.36000,511.178,1.36000,0,1.36000,0.4,1.36000,0,1.36000,1400,1.36000,0.00135259,1.36000,0.00135259,1.36000,0.00145848,1.36000,0.000114131,1.36000,0.000114131,1.36000,0.000109545
1.37000,0.00128939,1.37000,0,1.37000,0,1.37000,0,1.37000,0.000515768,1.37000,0,1.37000,0.000114138,1.37000,0,1.37000,0,1.37000,0.000114138,1.37000,0.4,1.37000,1,1.37000,0,1.37000,0.4,1.37000,0,1.37000,5.01232,1.37000,0,1.37000,511.178,1.37000,0,1.37000,0.4,1.37000,0,1.37000,1400,1.37000,0.00128939,1.37000,0.00128939,1.37000,0.00138862,1.37000,0.000114138,1.37000,0.000114138,1.37000,0.000109582
1.38000,0.00123098,1.38000,0,1.38000,0,1.38000,0,1.38000,0.000492405,1.38000,0,1.38000,0.000114145,1.38000,0,1.38000,0,1.38000,0.000114145,1.38000,0.4,1.38000,1,1.38000,0,1.38000,0.4,1.38000,0,1.38000,5.01232,1.38000,0,1.38000,511.178,1.38000,0,1.38000,0.4,1.38000,0,1.38000,1400,1.38000,0.00123098,1.38000,0.00123098,1.38000,0.00133037,1.38000,0.000114145,1.38000,0.000114145,1.38000,0.000109728
1.39000,0.00117642,1.39000,0,1.39000,0,1.39000,0,1.39000,0.000470579,1.39000,0,1.39000,0.000114151,1.39000,0,1.39000,0,1.39000,0.000114151,1.39000,0.4,1.39000,1,1.39000,0,1.39000,0.4,1.39000,0,1.39000,5.01232,1.39000,0,1.39000,511.178,1.39000,0,1.39000,0.4,1.39000,0,1.39000,1400,1.39000,0.00117642,1.39000,0.00117642,1.39000,0.00128141,1.39000,0.000114151,1.39000,0.000114151,1.39000,0.000109964
1.40000,0.00112185,1.40000,0,1.40000,0,1.40000,0,1.40000,0.000448753,1.40000,0,1.40000,0.000114157,1.40000,0,1.40000,0,1.40000,0.000114157,1.40000,0.4,1.40000,1,1.40000,0,1.40000,0.4,1.40000,0,1.40000,5.01232,1.40000,0,1.40000,511.178,1.40000,0,1.40000,0.4,1.40000,0,1.40000,1400,1.40000,0.00112185,1.40000,0.00112185,1.40000,0.00123245,1.40000,0.000114157,1.40000,0.000114157,1.40000,0.000110199
1.41000,0.00107024,1.41000,0,1.41000,0,1.41000,0,1.41000,0.000428106,1.41000,0,1.41000,0.000114163,1.41000,0,1.41000,0,1.41000,0.000114163,1.41000,0.4,1.41000,1,1.41000,0,1.41000,0.4,1.41000,0,1.41000,5.01232,1.41000,0,1.41000,511.178,1.41000,0,1.41000,0.4,1.41000,0,1.41000,1400,1.41000,0.00107024,1.41000,0.00107024,1.41000,0.00118349,1.41000,0.000114163,1.41000,0.000114163,1.41000,0.000110434
1.42000,0.00102314,1.42000,0,1.42000,0,1.42000,0,1.42000,0.000409265,1.42000,0,1.42000,0.000114169,1.42000,0,1.42000,0,1.42000,0.000114169,1.42000,0.4,1.42000,1,1.42000,0,1.42000,0.4,1.42000,0,1.42000,5.01232,1.42000,0,1.42000,511.178,1.42000,0,1.42000,0.4,1.42000,0,1.42000,1400,1.42000,0.00102314,1.42000,0.00102314,1.42000,0.00113453,1.42000,0.000114169,1.42000,0.000114169,1.42000,0.00011067
1.43000,0.000976033,1.43000,0,1.43000,0,1.43000,0,1.43000,0.000390423,1.43000,0,1.43000,0.000114174,1.43000,0,1.43000,0,1.43000,0.000114174,1.43000,0.4,1.43000,1,1.43000,0,1.43000,0.4,1.43000,0,1.43000,5.01232,1.43000,0,1.43000,511.178,1.43000,0,1.43000,0.4,1.43000,0,1.43000,1400,1.43000,0.000976033,1.43000,0.000976033,1.43000,0.00108557,1.43000,0.000114174,1.43000,0.000114174,1.43000,0.000110905
1.44000,0.000930442,1.44000,0,1.44000,0,1.44000,0,1.44000,0.000372186,1.44000,0,1.44000,0.000114179,1.44000,0,1.44000,0,1.44000,0.000114179,1.44000,0.4,1.44000,1,1.44000,0,1.44000,0.4,1.44000,0,1.44000,5.01232,1.44000,0,1.44000,511.178,1.44000,0,1.44000,0.4,1.44000,0,1.44000,1400,1.44000,0.000930442,1.44000,0.000930442,1.44000,0.00103661,1.44000,0.000114179,1.44000,0.000114179,1.44000,0.00011114
1.45000,0.000889781,1.45000,0,1.45000,0,1.45000,0,1.45000,0.000355921,1.45000,0,1.45000,0.000114184,1.45000,0,1.45000,0,1.45000,0.000114184,1.45000,0.4,1.45000,1,1.45000,0,1.45000,0.4,1.45000,0,1.45000,5.01232,1.45000,0,1.45000,511.178,1.45000,0,1.45000,0.4,1.45000,0,1.45000,1400,1.45000,0.000889781,1.45000,0.000889781,1.45000,0.000987645,1.45000,0.000114184,1.45000,0.000114184,1.45000,0.000111376
1.46000,0.000849119,1.46000,0,1.46000,0,1.46000,0,1.46000,0.000339656,1.46000,0,1.46000,0.000114189,1.46000,0,1.46000,0,1.46000,0.000114189,1.46000,0.4,1.46000,1,1.46000,0,1.46000,0.4,1.46000,0,1.46000,5.01232,1.46000,0,1.46000,511.178,1.46000,0,1.46000,0.4,1.46000,0,1.46000,1400,1.46000,0.000849119,1.46000,0.000849119,1.46000,0.000938685,1.46000,0.000114189,1.46000,0.000114189,1.46000,0.000111611
1.47000,0.00080887,1.47000,0,1.47000,0,1.47000,0,1.47000,0.000323556,1.47000,0,1.47000,0.000114193,1.47000,0,1.47000,0,1.47000,0.000114193,1.47000,0.4,1.47000,1,1.47000,0,1.47000,0.4,1.47000,0,1.47000,5.01232,1.47000,0,1.47000,511.178,1.47000,0,1.47000,0.4,1.47000,0,1.47000,1400,1.47000,0.00080887,1.47000,0.00080887,1.47000,0.000889724,1.47000,0.000114193,1.47000,0.000114193,1.47000,0.000111846
1.48000,0.000773769,1.48000,0,1.48000,0,1.48000,0,1.48000,0.000309515,1.48000,0,1.48000,0.000114197,1.48000,0,1.48000,0,1.48000,0.000114197,1.48000,0.4,1.48000,1,1.48000,0,1.48000,0.4,1.48000,0,1.48000,5.01232,1.48000,0,1.48000,511.178,1.48000,0,1.48000,0.4,1.48000,0,1.48000,1400,1.48000,0.000773769,1.48000,0.000773769,1.48000,0.000840763,1.48000,0.000114197,1.48000,0.000114197,1.48000,0.000112082
1.49000,0.000738668,1.49000,0,1.49000,0,1.49000,0,1.49000,0.000295475,1.49000,0,1.49000,0.000114201,1.49000,0,1.49000,0,1.49000,0.000114201,1.49000,0.4,1.49000,1,1.49000,0,1.49000,0.4,1.49000,0,1.49000,5.01232,1.49000,0,1.49000,511.178,1.49000,0,1.49000,0.4,1.49000,0,1.49000,1400,1.49000,0.000738668,1.49000,0.000738668,1.49000,0.000791803,1.49000,0.000114201,1.49000,0.000114201,1.49000,0.000112317
1.50000,0.000703567,1.50000,0,1.50000,0,1.50000,0,1.50000,0.000281434,1.50000,0,1.50000,0.000114205,1.50000,0,1.50000,0,1.50000,0.000114205,1.50000,0.4,1.50000,1,1.50000,0,1.50000,0.4,1.50000,0,1.50000,5.01232,1.50000,0,1.50000,511.178,1.50000,0,1.50000,0.4,1.50000,0,1.50000,1400,1.50000,0.000703567,1.50000,0.000703567,1.50000,0.000742842,1.50000,0.000114205,1.50000,0.000114205,1.50000,0.000112552
1.51000,0.000672851,1.51000,0,1.51000,0,1.51000,0,1.51000,0.000269147,1.51000,0,1.51000,0.000114209,1.51000,0,1.51000,0,1.51000,0.000114209,1.51000,0.4,1.51000,1,1.51000,0,1.51000,0.4,1.51000,0,1.51000,5.01232,1.51000,0,1.51000,511.178,1.51000,0,1.51000,0.4,1.51000,0,1.51000,1400,1.51000,0.000672851,1.51000,0.000672851,1.51000,0.000702638,1.51000,0.000114209,1.51000,0.000114209,1.51000,0.000112884
1.52000,0.00064255,1.52000,0,1.52000,0,1.52000,0,1.52000,0.000257027,1.52000,0,1.52000,0.000114212,1.52000,0,1.52000,0,1.52000,0.000114212,1.52000,0.4,1.52000,1,1.52000,0,1.52000,0.4,1.52000,0,1.52000,5.01232,1.52000,0,1.52000,511.178,1.52000,0,1.52000,0.4,1.52000,0,1.52000,1400,1.52000,0.00064255,1.52000,0.00064255,1.52000,0.000663262,1.52000,0.000114212,1.52000,0.000114212,1.52000,0.000113224
1.53000,0.000612249,1.53000,0,1.53000,0,1.53000,0,1.53000,0.000244906,1.53000,0,1.53000,0.000114216,1.53000,0,1.53000,0,1.53000,0.000114216,1.53000,0.4,1.53000,1,1.53000,0,1.53000,0.4,1.53000,0,1.53000,5.01232,1.53000,0,1.53000,511.178,1.53000,0,1.53000,0.4,1.53000,0,1.53000,1400,1.53000,0.000612249,1.53000,0.000612249,1.53000,0.000623887,1.53000,0.000114216,1.53000,0.000114216,1.53000,0.000113564
1.54000,0.000585069,1.54000,0,1.54000,0,1.54000,0,1.54000,0.000234033,1.54000,0,1.54000,0.000114219,1.54000,0,1.54000,0,1.54000,0.000114219,1.54000,0.4,1.54000,1,1.54000,0,1.54000,0.4,1.54000,0,1.54000,5.01232,1.54000,0,1.54000,511.178,1.54000,0,1.54000,0.4,1.54000,0,1.54000,1400,1.54000,0.000585069,1.54000,0.000585069,1.54000,0.000598878,1.54000,0.000114219,1.54000,0.000114219,1.54000,0.000114061
1.55000,0.000558912,1.55000,0,1.55000,0,1.55000,0,1.55000,0.00022357,1.55000,0,1.55000,0.000114222,1.55000,0,1.55000,0,1.55000,0.000114222,1.55000,0.4,1.55000,1,1.55000,0,1.55000,0.4,1.55000,0,1.55000,5.01232,1.55000,0,1.55000,511.178,1.55000,0,1.55000,0.4,1.55000,0,1.55000,1400,1.55000,0.000558912,1.55000,0.000558912,1.55000,0.000578579,1.55000,0.000114222,1.55000,0.000114222,1.55000,0.00011461
1.56000,0.000532754,1.56000,0,1.56000,0,1.56000,0,1.56000,0.000213107,1.56000,0,1.56000,0.000114225,1.56000,0,1.56000,0,1.56000,0.000114225,1.56000,0.4,1.56000,1,1.56000,0,1.56000,0.4,1.56000,0,1.56000,5.01232,1.56000,0,1.56000,511.178,1.56000,0,1.56000,0.4,1.56000,0,1.56000,1400,1.56000,0.000532754,1.56000,0.000532754,1.56000,0.000558281,1.56000,0.000114225,1.56000,0.000114225,1.56000,0.000115159
1.57000,0.000508717,1.57000,0,1.57000,0,1.57000,0,1.57000,0.000203492,1.57000,0,1.57000,0.000114228,1.57000,0,1.57000,0,1.57000,0.000114228,1.57000,0.4,1.57000,1,1.57000,0,1.57000,0.4,1.57000,0,1.57000,5.01232,1.57000,0,1.57000,511.178,1.57000,0,1.57000,0.4,1.57000,0,1.57000,1400,1.57000,0.000508717,1.57000,0.000508717,1.57000,0.000537982,1.57000,0.000114228,1.57000,0.000114228,1.57000,0.000115708
1.58000,0.000486136,1.58000,0,1.58000,0,1.58000,0,1.58000,0.000194459,1.58000,0,1.58000,0.00011423,1.58000,0,1.58000,0,1.58000,0.00011423,1.58000,0.4,1.58000,1,1.58000,0,1.58000,0.4,1.58000,0,1.58000,5.01232,1.58000,0,1.58000,511.178,1.58000,0,1.58000,0.4,1.58000,0,1.58000,1400,1.58000,0.000486136,1.58000,0.000486136,1.58000,0.000517684,1.58000,0.00011423,1.58000,0.00011423,1.58000,0.000116257
1.59000,0.000463556,1.59000,0,1.59000,0,1.59000,0,1.59000,0.000185427,1.59000,0,1.59000,0.000114233,1.59000,0,1.59000,0,1.59000,0.000114233,1.59000,0.4,1.59000,1,1.59000,0,1.59000,0.4,1.59000,0,1.59000,5.01232,1.59000,0,1.59000,511.178,1.59000,0,1.59000,0.4,1.59000,0,1.59000,1400,1.59000,0.000463556,1.59000,0.000463556,1.59000,0.000497386,1.59000,0.000114233,1.59000,0.000114233,1.59000,0.000116806
1.60000,0.00044231,1.60000,0,1.60000,0,1.60000,0,1.60000,0.000176928,1.60000,0,1.60000,0.000114235,1.60000,0,1.60000,0,1.60000,0.000114235,1.60000,0.4,1.60000,1,1.60000,0,1.60000,0.4,1.60000,0,1.60000,5.01232,1.60000,0,1.60000,511.178,1.60000,0,1.60000,0.4,1.60000,0,1.60000,1400,1.60000,0.00044231,1.60000,0.00044231,1.60000,0.000477087,1.60000,0.000114235,1.60000,0.000114235,1.60000,0.000117355
1.61000,0.000422817,1.61000,0,1.61000,0,1.61000,0,1.61000,0.000169131,1.61000,0,1.61000,0.000114237,1.61000,0,1.61000,0,1.61000,0.000114237,1.61000,0.4,1.61000,1,1.61000,0,1.61000,0.4,1.61000,0,1.61000,5.01232,1.61000,0,1.61000,511.178,1.61000,0,1.61000,0.4,1.61000,0,1.61000,1400,1.61000,0.000422817,1.61000,0.000422817,1.61000,0.000456789,1.61000,0.000114237,1.61000,0.000114237,1.61000,0.000117903
1.62000,0.000403325,1.62000,0,1.62000,0,1.62000,0,1.62000,0.000161334,1.62000,0,1.62000,0.00011424,1.62000,0,1.62000,0,1.62000,0.00011424,1.62000,0.4,1.62000,1,1.62000,0,1.62000,0.4,1.62000,0,1.62000,5.01232,1.62000,0,1.62000,511.178,1.62000,0,1.62000,0.4,1.62000,0,1.62000,1400,1.62000,0.000403325,1.62000,0.000403325,1.62000,0.00043649,1.62000,0.00011424,1.62000,0.00011424,1.62000,0.000118452
1.63000,0.000384556,1.63000,0,1.63000,0,1.63000,0,1.63000,0.000153826,1.63000,0,1.63000,0.000114242,1.63000,0,1.63000,0,1.63000,0.000114242,1.63000,0.4,1.63000,1,1.63000,0,1.63000,0.4,1.63000,0,1.63000,5.01232,1.63000,0,1.63000,511.178,1.63000,0,1.63000,0.4,1.63000,0,1.63000,1400,1.63000,0.000384556,1.63000,0.000384556,1.63000,0.000416192,1.63000,0.000114242,1.63000,0.000114242,1.63000,0.000119001
1.64000,0.000367729,1.64000,0,1.64000,0,1.64000,0,1.64000,0.000147095,1.64000,0,1.64000,0.000114244,1.64000,0,1.64000,0,1.64000,0.000114244,1.64000,0.4,1.64000,1,1.64000,0,1.64000,0.4,1.64000,0,1.64000,5.01232,1.64000,0,1.64000,511.178,1.64000,0,1.64000,0.4,1.64000,0,1.64000,1400,1.64000,0.000367729,1.64000,0.000367729,1.64000,0.000395893,1.64000,0.000114244,1.64000,0.000114244,1.64000,0.00011955
1.65000,0.000350902,1.65000,0,1.65000,0,1.65000,0,1.65000,0.000140364,1.65000,0,1.65000,0.000114246,1.65000,0,1.65000,0,1.65000,0.000114246,1.65000,0.4,1.65000,1,1.65000,0,1.65000,0.4,1.65000,0,1.65000,5.01232,1.65000,0,1.65000,511.178,1.65000,0,1.65000,0.4,1.65000,0,1.65000,1400,1.65000,0.000350902,1.65000,0.000350902,1.65000,0.000375595,1.65000,0.000114246,1.65000,0.000114246,1.65000,0.000120099
1.66000,0.000334331,1.66000,0,1.66000,0,1.66000,0,1.66000,0.000133736,1.66000,0,1.66000,0.000114248,1.66000,0,1.66000,0,1.66000,0.000114248,1.66000,0.4,1.66000,1,1.66000,0,1.66000,0.4,1.66000,0,1.66000,5.01232,1.66000,0,1.66000,511.178,1.66000,0,1.66000,0.4,1.66000,0,1.66000,1400,1.66000,0.000334331,1.66000,0.000334331,1.66000,0.000355296,1.66000,0.000114248,1.66000,0.000114248,1.66000,0.000120648
1.67000,0.000319805,1.67000,0,1.67000,0,1.67000,0,1.67000,0.000127925,1.67000,0,1.67000,0.000114249,1.67000,0,1.67000,0,1.67000,0.000114249,1.67000,0.4,1.67000,1,1.67000,0,1.67000,0.4,1.67000,0,1.67000,5.01232,1.67000,0,1.67000,511.178,1.67000,0,1.67000,0.4,1.67000,0,1.67000,1400,1.67000,0.000319805,1.67000,0.000319805,1.67000,0.000334998,1.67000,0.000114249,1.67000,0.000114249,1.67000,0.000121197
1.68000,0.000305279,1.68000,0,1.68000,0,1.68000,0,1.68000,0.000122115,1.68000,0,1.68000,0.000114251,1.68000,0,1.68000,0,1.68000,0.000114251,1.68000,0.4,1.68000,1,1.68000,0,1.68000,0.4,1.68000,0,1.68000,5.01232,1.68000,0,1.68000,511.178,1.68000,0,1.68000,0.4,1.68000,0,1.68000,1400,1.68000,0.000305279,1.68000,0.000305279,1.68000,0.0003147,1.68000,0.000114251,1.68000,0.000114251,1.68000,0.000121746
1.69000,0.000290753,1.69000,0,1.69000,0,1.69000,0,1.69000,0.000116304,1.69000,0,1.69000,0.000114252,1.69000,0,1.69000,0,1.69000,0.000114252,1.69000,0.4,1.69000,1,1.69000,0,1.69000,0.4,1.69000,0,1.69000,5.01232,1.69000,0,1.69000,511.178,1.69000,0,1.69000,0.4,1.69000,0,1.69000,1400,1.69000,0.000290753,1.69000,0.000290753,1.69000,0.000294401,1.69000,0.000114252,1.69000,0.000114252,1.69000,0.000122294
1.70000,0.000278115,1.70000,0,1.70000,0,1.70000,0,1.70000,0.000111249,1.70000,0,1.70000,0.000114254,1.70000,0,1.70000,0,1.70000,0.000114254,1.70000,0.4,1.70000,1,1.70000,0,1.70000,0.4,1.70000,0,1.70000,5.01232,1.70000,0,1.70000,511.178,1.70000,0,1.70000,0.4,1.70000,0,1.70000,1400,1.70000,0.000278115,1.70000,0.000278115,1.70000,0.000278567,1.70000,0.000114254,1.70000,0.000114254,1.70000,0.000122533
1.71000,0.000265576,1.71000,0,1.71000,0,1.71000,0,1.71000,0.000106233,1.71000,0,1.71000,0.000114255,1.71000,0,1.71000,0,1.71000,0.000114255,1.71000,0.4,1.71000,1,1.71000,0,1.71000,0.4,1.71000,0,1.71000,5.01232,1.71000,0,1.71000,511.178,1.71000,0,1.71000,0.4,1.71000,0,1.71000,1400,1.71000,0.000265576,1.71000,0.000265576,1.71000,0.000262965,1.71000,0.000114255,1.71000,0.000114255,1.71000,0.000122756
1.72000,0.000253036,1.72000,0,1.72000,0,1.72000,0,1.72000,0.000101217,1.72000,0,1.72000,0.000114257,1.72000,0,1.72000,0,1.72000,0.000114257,1.72000,0.4,1.72000,1,1.72000,0,1.72000,0.4,1.72000,0,1.72000,5.01232,1.72000,0,1.72000,511.178,1.72000,0,1.72000,0.4,1.72000,0,1.72000,1400,1.72000,0.000253036,1.72000,0.000253036,1.72000,0.000247363,1.72000,0.000114257,1.72000,0.000114257,1.72000,0.000122979
1.73000,0.000241851,1.73000,0,1.73000,0,1.73000,0,1.73000,9.6743e-05,1.73000,0,1.73000,0.000114258,1.73000,0,1.73000,0,1.73000,0.000114258,1.73000,0.4,1.73000,1,1.73000,0,1.73000,0.4,1.73000,0,1.73000,5.01232,1.73000,0,1.73000,511.178,1.73000,0,1.73000,0.4,1.73000,0,1.73000,1400,1.73000,0.000241851,1.73000,0.000241851,1.73000,0.00023855,1.73000,0.000114258,1.73000,0.000114258,1.73000,0.000122731
1.74000,0.000231027,1.74000,0,1.74000,0,1.74000,0,1.74000,9.2413e-05,1.74000,0,1.74000,0.000114259,1.74000,0,1.74000,0,1.74000,0.000114259,1.74000,0.4,1.74000,1,1.74000,0,1.74000,0.4,1.74000,0,1.74000,5.01232,1.74000,0,1.74000,511.178,1.74000,0,1.74000,0.4,1.74000,0,1.74000,1400,1.74000,0.000231027,1.74000,0.000231027,1.74000,0.000231541,1.74000,0.000114259,1.74000,0.000114259,1.74000,0.000122357
1.75000,0.000220202,1.75000,0,1.75000,0,1.75000,0,1.75000,8.80829e-05,1.75000,0,1.75000,0.000114261,1.75000,0,1.75000,0,1.75000,0.000114261,1.75000,0.4,1.75000,1,1.75000,0,1.75000,0.4,1.75000,0,1.75000,5.01232,1.75000,0,1.75000,511.178,1.75000,0,1.75000,0.4,1.75000,0,1.75000,1400,1.75000,0.000220202,1.75000,0.000220202,1.75000,0.000224531,1.75000,0.000114261,1.75000,0.000114261,1.75000,0.000121983
1.76000,0.000210309,1.76000,0,1.76000,0,1.76000,0,1.76000,8.41257e-05,1.76000,0,1.76000,0.000114262,1.76000,0,1.76000,0,1.76000,0.000114262,1.76000,0.4,1.76000,1,1.76000,0,1.76000,0.4,1.76000,0,1.76000,5.01232,1.76000,0,1.76000,511.178,1.76000,0,1.76000,0.4,1.76000,0,1.76000,1400,1.76000,0.000210309,1.76000,0.000210309,1.76000,0.000217522,1.76000,0.000114262,1.76000,0.000114262,1.76000,0.00012161
1.77000,0.000200965,1.77000,0,1.77000,0,1.77000,0,1.77000,8.03878e-05,1.77000,0,1.77000,0.000114263,1.77000,0,1.77000,0,1.77000,0.000114263,1.77000,0.4,1.77000,1,1.77000,0,1.77000,0.4,1.77000,0,1.77000,5.01232,1.77000,0,1.77000,511.178,1.77000,0,1.77000,0.4,1.77000,0,1.77000,1400,1.77000,0.000200965,1.77000,0.000200965,1.77000,0.000210513,1.77000,0.000114263,1.77000,0.000114263,1.77000,0.000121236
1.78000,0.00019162,1.78000,0,1.78000,0,1.78000,0,1.78000,7.66499e-05,1.78000,0,1.78000,0.000114264,1.78000,0,1.78000,0,1.78000,0.000114264,1.78000,0.4,1.78000,1,1.78000,0,1.78000,0.4,1.78000,0,1.78000,5.01232,1.78000,0,1.78000,511.178,1.78000,0,1.78000,0.4,1.78000,0,1.78000,1400,1.78000,0.00019162,1.78000,0.00019162,1.78000,0.000203504,1.78000,0.000114264,1.78000,0.000114264,1.78000,0.000120863
1.79000,0.000182875,1.79000,0,1.79000,0,1.79000,0,1.79000,7.31518e-05,1.79000,0,1.79000,0.000114265,1.79000,0,1.79000,0,1.79000,0.000114265,1.79000,0.4,1.79000,1,1.79000,0,1.79000,0.4,1.79000,0,1.79000,5.01232,1.79000,0,1.79000,511.178,1.79000,0,1.79000,0.4,1.79000,0,1.79000,1400,1.79000,0.000182875,1.79000,0.000182875,1.79000,0.000196494,1.79000,0.000114265,1.79000,0.000114265,1.79000,0.000120489
1.80000,0.000174808,1.80000,0,1.80000,0,1.80000,0,1.80000,6.99251e-05,1.80000,0,1.80000,0.000114266,1.80000,0,1.80000,0,1.80000,0.000114266,1.80000,0.4,1.80000,1,1.80000,0,1.80000,0.4,1.80000,0,1.80000,5.01232,1.80000,0,1.80000,511.178,1.80000,0,1.80000,0.4,1.80000,0,1.80000,1400,1.80000,0.000174808,1.80000,0.000174808,1.80000,0.000189485,1.80000,0.000114266,1.80000,0.000114266,1.80000,0.000120115
1.81000,0.000166742,1.81000,0,1.81000,0,1.81000,0,1.81000,6.66983e-05,1.81000,0,1.81000,0.000114267,1.81000,0,1.81000,0,1.81000,0.000114267,1.81000,0.4,1.81000,1,1.81000,0,1.81000,0.4,1.81000,0,1.81000,5.01232,1.81000,0,1.81000,511.178,1.81000,0,1.81000,0.4,1.81000,0,1.81000,1400,1.81000,0.000166742,1.81000,0.000166742,1.81000,0.000182476,1.81000,0.000114267,1.81000,0.000114267,1.81000,0.000119742
1.82000,0.000159015,1.82000,0,1.82000,0,1.82000,0,1.82000,6.36078e-05,1.82000,0,1.82000,0.000114268,1.82000,0,1.82000,0,1.82000,0.000114268,1.82000,0.4,1.82000,1,1.82000,0,1.82000,0.4,1.82000,0,1.82000,5.01232,1.82000,0,1.82000,511.178,1.82000,0,1.82000,0.4,1.82000,0,1.82000,1400,1.82000,0.000159015,1.82000,0.000159015,1.82000,0.000175467,1.82000,0.000114268,1.82000,0.000114268,1.82000,0.000119368
1.83000,0.000152052,1.83000,0,1.83000,0,1.83000,0,1.83000,6.08222e-05,1.83000,0,1.83000,0.000114268,1.83000,0,1.83000,0,1.83000,0.000114268,1.83000,0.4,1.83000,1,1.83000,0,1.83000,0.4,1.83000,0,1.83000,5.01232,1.83000,0,1.83000,511.178,1.83000,0,1.83000,0.4,1.83000,0,1.83000,1400,1.83000,0.000152052,1.83000,0.000152052,1.83000,0.000168458,1.83000,0.000114268,1.83000,0.000114268,1.83000,0.000118994
1.84000,0.000145088,1.84000,0,1.84000,0,1.84000,0,1.84000,5.80367e-05,1.84000,0,1.84000,0.000114269,1.84000,0,1.84000,0,1.84000,0.000114269,1.84000,0.4,1.84000,1,1.84000,0,1.84000,0.4,1.84000,0,1.84000,5.01232,1.84000,0,1.84000,511.178,1.84000,0,1.84000,0.4,1.84000,0,1.84000,1400,1.84000,0.000145088,1.84000,0.000145088,1.84000,0.000161448,1.84000,0.000114269,1.84000,0.000114269,1.84000,0.000118621
1.85000,0.000138266,1.85000,0,1.85000,0,1.85000,0,1.85000,5.53077e-05,1.85000,0,1.85000,0.00011427,1.85000,0,1.85000,0,1.85000,0.00011427,1.85000,0.4,1.85000,1,1.85000,0,1.85000,0.4,1.85000,0,1.85000,5.01232,1.85000,0,1.85000,511.178,1.85000,0,1.85000,0.4,1.85000,0,1.85000,1400,1.85000,0.000138266,1.85000,0.000138266,1.85000,0.000154439,1.85000,0.00011427,1.85000,0.00011427,1.85000,0.000118247
1.86000,0.000132254,1.86000,0,1.86000,0,1.86000,0,1.86000,5.29031e-05,1.86000,0,1.86000,0.000114271,1.86000,0,1.86000,0,1.86000,0.000114271,1.86000,0.4,1.86000,1,1.86000,0,1.86000,0.4,1.86000,0,1.86000,5.01232,1.86000,0,1.86000,511.178,1.86000,0,1.86000,0.4,1.86000,0,1.86000,1400,1.86000,0.000132254,1.86000,0.000132254,1.86000,0.00014743,1.86000,0.000114271,1.86000,0.000114271,1.86000,0.000117874
1.87000,0.000126243,1.87000,0,1.87000,0,1.87000,0,1.87000,5.04985e-05,1.87000,0,1.87000,0.000114271,1.87000,0,1.87000,0,1.87000,0.000114271,1.87000,0.4,1.87000,1,1.87000,0,1.87000,0.4,1.87000,0,1.87000,5.01232,1.87000,0,1.87000,511.178,1.87000,0,1.87000,0.4,1.87000,0,1.87000,1400,1.87000,0.000126243,1.87000,0.000126243,1.87000,0.000140421,1.87000,0.000114271,1.87000,0.000114271,1.87000,0.0001175
1.88000,0.000120232,1.88000,0,1.88000,0,1.88000,0,1.88000,4.80939e-05,1.88000,0,1.88000,0.000114272,1.88000,0,1.88000,0,1.88000,0.000114272,1.88000,0.4,1.88000,1,1.88000,0,1.88000,0.4,1.88000,0,1.88000,5.01232,1.88000,0,1.88000,511.178,1.88000,0,1.88000,0.4,1.88000,0,1.88000,1400,1.88000,0.000120232,1.88000,0.000120232,1.88000,0.000133411,1.88000,0.000114272,1.88000,0.000114272,1.88000,0.000117126
1.89000,0.000115032,1.89000,0,1.89000,0,1.89000,0,1.89000,4.60141e-05,1.89000,0,1.89000,0.000114273,1.89000,0,1.89000,0,1.89000,0.000114273,1.89000,0.4,1.89000,1,1.89000,0,1.89000,0.4,1.89000,0,1.89000,5.01232,1.89000,0,1.89000,511.178,1.89000,0,1.89000,0.4,1.89000,0,1.89000,1400,1.89000,0.000115032,1.89000,0.000115032,1.89000,0.000126402,1.89000,0.000114273,1.89000,0.000114273,1.89000,0.000116753
1.90000,0.000109843,1.90000,0,1.90000,0,1.90000,0,1.90000,4.39383e-05,1.90000,0,1.90000,0.000114273,1.90000,0,1.90000,0,1.90000,0.000114273,1.90000,0.4,1.90000,1,1.90000,0,1.90000,0.4,1.90000,0,1.90000,5.01232,1.90000,0,1.90000,511.178,1.90000,0,1.90000,0.4,1.90000,0,1.90000,1400,1.90000,0.000109843,1.90000,0.000109843,1.90000,0.000119393,1.90000,0.000114273,1.90000,0.000114273,1.90000,0.000116379
1.91000,0.000104654,1.91000,0,1.91000,0,1.91000,0,1.91000,4.18625e-05,1.91000,0,1.91000,0.000114274,1.91000,0,1.91000,0,1.91000,0.000114274,1.91000,0.4,1.91000,1,1.91000,0,1.91000,0.4,1.91000,0,1.91000,5.01232,1.91000,0,1.91000,511.178,1.91000,0,1.91000,0.4,1.91000,0,1.91000,1400,1.91000,0.000104654,1.91000,0.000104654,1.91000,0.000112384,1.91000,0.000114274,1.91000,0.000114274,1.91000,0.000116005
1.92000,0.000100051,1.92000,0,1.92000,0,1.92000,0,1.92000,4.00216e-05,1.92000,0,1.92000,0.000114274,1.92000,0,1.92000,0,1.92000,0.000114274,1.92000,0.4,1.92000,1,1.92000,0,1.92000,0.4,1.92000,0,1.92000,5.01232,1.92000,0,1.92000,511.178,1.92000,0,1.92000,0.4,1.92000,0,1.92000,1400,1.92000,0.000100051,1.92000,0.000100051,1.92000,0.000107521,1.92000,0.000114274,1.92000,0.000114274,1.92000,0.000115965
1.93000,9.55718e-05,1.93000,0,1.93000,0,1.93000,0,1.93000,3.82297e-05,1.93000,0,1.93000,0.000114275,1.93000,0,1.93000,0,1.93000,0.000114275,1.93000,0.4,1.93000,1,1.93000,0,1.93000,0.4,1.93000,0,1.93000,5.01232,1.93000,0,1.93000,511.178,1.93000,0,1.93000,0.4,1.93000,0,1.93000,1400,1.93000,9.55718e-05,1.93000,9.55718e-05,1.93000,0.000103106,1.93000,0.000114275,1.93000,0.000114275,1.93000,0.000115994
1.94000,9.10921e-05,1.94000,0,1.94000,0,1.94000,0,1.94000,3.64377e-05,1.94000,0,1.94000,0.000114275,1.94000,0,1.94000,0,1.94000,0.000114275,1.94000,0.4,1.94000,1,1.94000,0,1.94000,0.4,1.94000,0,1.94000,5.01232,1.94000,0,1.94000,511.178,1.94000,0,1.94000,0.4,1.94000,0,1.94000,1400,1.94000,9.10921e-05,1.94000,9.10921e-05,1.94000,9.86919e-05,1.94000,0.000114275,1.94000,0.000114275,1.94000,0.000116024
1.95000,8.70208e-05,1.95000,0,1.95000,0,1.95000,0,1.95000,3.48092e-05,1.95000,0,1.95000,0.000114276,1.95000,0,1.95000,0,1.95000,0.000114276,1.95000,0.4,1.95000,1,1.95000,0,1.95000,0.4,1.95000,0,1.95000,5.01232,1.95000,0,1.95000,511.178,1.95000,0,1.95000,0.4,1.95000,0,1.95000,1400,1.95000,8.70208e-05,1.95000,8.70208e-05,1.95000,9.52973e-05,1.95000,0.000114276,1.95000,0.000114276,1.95000,0.000116211
1.96000,8.31537e-05,1.96000,0,1.96000,0,1.96000,0,1.96000,3.32623e-05,1.96000,0,1.96000,0.000114276,1.96000,0,1.96000,0,1.96000,0.000114276,1.96000,0.4,1.96000,1,1.96000,0,1.96000,0.4,1.96000,0,1.96000,5.01232,1.96000,0,1.96000,511.178,1.96000,0,1.96000,0.4,1.96000,0,1.96000,1400,1.96000,8.31537e-05,1.96000,8.31537e-05,1.96000,9.24126e-05,1.96000,0.000114276,1.96000,0.000114276,1.96000,0.000116478
1.97000,7.92867e-05,1.97000,0,1.97000,0,1.97000,0,1.97000,3.17155e-05,1.97000,0,1.97000,0.000114277,1.97000,0,1.97000,0,1.97000,0.000114277,1.97000,0.4,1.97000,1,1.97000,0,1.97000,0.4,1.97000,0,1.97000,5.01232,1.97000,0,1.97000,511.178,1.97000,0,1.97000,0.4,1.97000,0,1.97000,1400,1.97000,7.92867e-05,1.97000,7.92867e-05,1.97000,8.95279e-05,1.97000,0.000114277,1.97000,0.000114277,1.97000,0.000116745
1.98000,7.56873e-05,1.98000,0,1.98000,0,1.98000,0,1.98000,3.02757e-05,1.98000,0,1.98000,0.000114277,1.98000,0,1.98000,0,1.98000,0.000114277,1.98000,0.4,1.98000,1,1.98000,0,1.98000,0.4,1.98000,0,1.98000,5.01232,1.98000,0,1.98000,511.178,1.98000,0,1.98000,0.4,1.98000,0,1.98000,1400,1.98000,7.56873e-05,1.98000,7.56873e-05,1.98000,8.66432e-05,1.98000,0.000114277,1.98000,0.000114277,1.98000,0.000117012
1.99000,7.2349e-05,1.99000,0,1.99000,0,1.99000,0,1.99000,2.89403e-05,1.99000,0,1.99000,0.000114277,1.99000,0,1.99000,0,1.99000,0.000114277,1.99000,0.4,1.99000,1,1.99000,0,1.99000,0.4,1.99000,0,1.99000,5.01232,1.99000,0,1.99000,511.178,1.99000,0,1.99000,0.4,1.99000,0,1.99000,1400,1.99000,7.2349e-05,1.99000,7.2349e-05,1.99000,8.37585e-05,1.99000,0.000114277,1.99000,0.000114277,1.99000,0.000117279
2.00000,6.90107e-05,2.00000,0,2.00000,0,2.00000,0,2.00000,2.7605e-05,2.00000,0,2.00000,0.000114278,2.00000,0,2.00000,0,2.00000,0.000114278,2.00000,0.4,2.00000,1,2.00000,0,2.00000,0.4,2.00000,0,2.00000,5.01232,2.00000,0,2.00000,511.178,2.00000,0,2.00000,0.4,2.00000,0,2.00000,1400,2.00000,6.90107e-05,2.00000,6.90107e-05,2.00000,8.08738e-05,2.00000,0.000114278,2.00000,0.000114278,2.00000,0.000117545
2.01000,6.58303e-05,2.01000,0,2.01000,0,2.01000,0,2.01000,2.63328e-05,2.01000,0,2.01000,0.000114278,2.01000,0,2.01000,0,2.01000,0.000114278,2.01000,0.4,2.01000,1,2.01000,0,2.01000,0.4,2.01000,0,2.01000,5.01232,2.01000,0,2.01000,511.178,2.01000,0,2.01000,0.4,2.01000,0,2.01000,1400,2.01000,6.58303e-05,2.01000,6.58303e-05,2.01000,7.79891e-05,2.01000,0.000114278,2.01000,0.000114278,2.01000,0.000117812
2.02000,6.29485e-05,2.02000,0,2.02000,0,2.02000,0,2.02000,2.518e-05,2.02000,0,2.02000,0.000114279,2.02000,0,2.02000,0,2.02000,0.000114279,2.02000,0.4,2.02000,1,2.02000,0,2.02000,0.4,2.02000,0,2.02000,5.01232,2.02000,0,2.02000,511.178,2.02000,0,2.02000,0.4,2.02000,0,2.02000,1400,2.02000,6.29485e-05,2.02000,6.29485e-05,2.02000,7.51043e-05,2.02000,0.000114279,2.02000,0.000114279,2.02000,0.000118079
2.03000,6.00667e-05,2.03000,0,2.03000,0,2.03000,0,2.03000,2.40273e-05,2.03000,0,2.03000,0.000114279,2.03000,0,2.03000,0,2.03000,0.000114279,2.03000,0.4,2.03000,1,2.03000,0,2.03000,0.4,2.03000,0,2.03000,5.01232,2.03000,0,2.03000,511.178,2.03000,0,2.03000,0.4,2.03000,0,2.03000,1400,2.03000,6.00667e-05,2.03000,6.00667e-05,2.03000,7.22196e-05,2.03000,0.000114279,2.03000,0.000114279,2.03000,0.000118346
2.04000,5.72579e-05,2.04000,0,2.04000,0,2.04000,0,2.04000,2.29037e-05,2.04000,0,2.04000,0.000114279,2.04000,0,2.04000,0,2.04000,0.000114279,2.04000,0.4,2.04000,1,2.04000,0,2.04000,0.4,2.04000,0,2.04000,5.01232,2.04000,0,2.04000,511.178,2.04000,0,2.04000,0.4,2.04000,0,2.04000,1400,2.04000,5.72579e-05,2.04000,5.72579e-05,2.04000,6.93349e-05,2.04000,0.000114279,2.04000,0.000114279,2.04000,0.000118613
2.05000,5.47703e-05,2.05000,0,2.05000,0,2.05000,0,2.05000,2.19086e-05,2.05000,0,2.05000,0.000114279,2.05000,0,2.05000,0,2.05000,0.000114279,2.05000,0.4,2.05000,1,2.05000,0,2.05000,0.4,2.05000,0,2.05000,5.01232,2.05000,0,2.05000,511.178,2.05000,0,2.05000,0.4,2.05000,0,2.05000,1400,2.05000,5.47703e-05,2.05000,5.47703e-05,2.05000,6.64502e-05,2.05000,0.000114279,2.05000,0.000114279,2.05000,0.00011888
2.06000,5.22826e-05,2.06000,0,2.06000,0,2.06000,0,2.06000,2.09135e-05,2.06000,0,2.06000,0.00011428,2.06000,0,2.06000,0,2.06000,0.00011428,2.06000,0.4,2.06000,1,2.06000,0,2.06000,0.4,2.06000,0,2.06000,5.01232,2.06000,0,2.06000,511.178,2.06000,0,2.06000,0.4,2.06000,0,2.06000,1400,2.06000,5.22826e-05,2.06000,5.22826e-05,2.06000,6.35655e-05,2.06000,0.00011428,2.06000,0.00011428,2.06000,0.000119146
2.07000,4.98033e-05,2.07000,0,2.07000,0,2.07000,0,2.07000,1.99218e-05,2.07000,0,2.07000,0.00011428,2.07000,0,2.07000,0,2.07000,0.00011428,2.07000,0.4,2.07000,1,2.07000,0,2.07000,0.4,2.07000,0,2.07000,5.01232,2.07000,0,2.07000,511.178,2.07000,0,2.07000,0.4,2.07000,0,2.07000,1400,2.07000,4.98033e-05,2.07000,4.98033e-05,2.07000,6.06808e-05,2.07000,0.00011428,2.07000,0.00011428,2.07000,0.000119413
2.08000,4.76558e-05,2.08000,0,2.08000,0,2.08000,0,2.08000,1.90628e-05,2.08000,0,2.08000,0.00011428,2.08000,0,2.08000,0,2.08000,0.00011428,2.08000,0.4,2.08000,1,2.08000,0,2.08000,0.4,2.08000,0,2.08000,5.01232,2.08000,0,2.08000,511.178,2.08000,0,2.08000,0.4,2.08000,0,2.08000,1400,2.08000,4.76558e-05,2.08000,4.76558e-05,2.08000,5.77961e-05,2.08000,0.00011428,2.08000,0.00011428,2.08000,0.00011968
2.09000,4.55083e-05,2.09000,0,2.09000,0,2.09000,0,2.09000,1.82038e-05,2.09000,0,2.09000,0.000114281,2.09000,0,2.09000,0,2.09000,0.000114281,2.09000,0.4,2.09000,1,2.09000,0,2.09000,0.4,2.09000,0,2.09000,5.01232,2.09000,0,2.09000,511.178,2.09000,0,2.09000,0.4,2.09000,0,2.09000,1400,2.09000,4.55083e-05,2.09000,4.55083e-05,2.09000,5.49113e-05,2.09000,0.000114281,2.09000,0.000114281,2.09000,0.000119947
2.10000,4.33608e-05,2.10000,0,2.10000,0,2.10000,0,2.10000,1.73447e-05,2.10000,0,2.10000,0.000114281,2.10000,0,2.10000,0,2.10000,0.000114281,2.10000,0.4,2.10000,1,2.10000,0,2.10000,0.4,2.10000,0,2.10000,5.01232,2.10000,0,2.10000,511.178,2.10000,0,2.10000,0.4,2.10000,0,2.10000,1400,2.10000,4.33608e-05,2.10000,4.33608e-05,2.10000,5.20266e-05,2.10000,0.000114281,2.10000,0.000114281,2.10000,0.000120214
2.11000,4.1467e-05,2.11000,0,2.11000,0,2.11000,0,2.11000,1.65872e-05,2.11000,0,2.11000,0.000114281,2.11000,0,2.11000,0,2.11000,0.000114281,2.11000,0.4,2.11000,1,2.11000,0,2.11000,0.4,2.11000,0,2.11000,5.01232,2.11000,0,2.11000,511.178,2.11000,0,2.11000,0.4,2.11000,0,2.11000,1400,2.11000,4.1467e-05,2.11000,4.1467e-05,2.11000,4.91419e-05,2.11000,0.000114281,2.11000,0.000114281,2.11000,0.00012048
2.12000,3.96132e-05,2.12000,0,2.12000,0,2.12000,0,2.12000,1.58457e-05,2.12000,0,2.12000,0.000114281,2.12000,0,2.12000,0,2.12000,0.000114281,2.12000,0.4,2.12000,1,2.12000,0,2.12000,0.4,2.12000,0,2.12000,5.01232,2.12000,0,2.12000,511.178,2.12000,0,2.12000,0.4,2.12000,0,2.12000,1400,2.12000,3.96132e-05,2.12000,3.96132e-05,2.12000,4.62572e-05,2.12000,0.000114281,2.12000,0.000114281,2.12000,0.000120747
2.13000,3.77594e-05,2.13000,0,2.13000,0,2.13000,0,2.13000,1.51041e-05,2.13000,0,2.13000,0.000114281,2.13000,0,2.13000,0,2.13000,0.000114281,2.13000,0.4,2.13000,1,2.13000,0,2.13000,0.4,2.13000,0,2.13000,5.01232,2.13000,0,2.13000,511.178,2.13000,0,2.13000,0.4,2.13000,0,2.13000,1400,2.13000,3.77594e-05,2.13000,3.77594e-05,2.13000,4.33725e-05,2.13000,0.000114281,2.13000,0.000114281,2.13000,0.000121014
2.14000,3.60839e-05,2.14000,0,2.14000,0,2.14000,0,2.14000,1.44339e-05,2.14000,0,2.14000,0.000114282,2.14000,0,2.14000,0,2.14000,0.000114282,2.14000,0.4,2.14000,1,2.14000,0,2.14000,0.4,2.14000,0,2.14000,5.01232,2.14000,0,2.14000,511.178,2.14000,0,2.14000,0.4,2.14000,0,2.14000,1400,2.14000,3.60839e-05,2.14000,3.60839e-05,2.14000,4.05832e-05,2.14000,0.000114282,2.14000,0.000114282,2.14000,0.000121255
2.15000,3.44836e-05,2.15000,0,2.15000,0,2.15000,0,2.15000,1.37938e-05,2.15000,0,2.15000,0.000114282,2.15000,0,2.15000,0,2.15000,0.000114282,2.15000,0.4,2.15000,1,2.15000,0,2.15000,0.4,2.15000,0,2.15000,5.01232,2.15000,0,2.15000,511.178,2.15000,0,2.15000,0.4,2.15000,0,2.15000,1400,2.15000,3.44836e-05,2.15000,3.44836e-05,2.15000,3.78342e-05,2.15000,0.000114282,2.15000,0.000114282,2.15000,0.000121484
2.16000,3.28833e-05,2.16000,0,2.16000,0,2.16000,0,2.16000,1.31536e-05,2.16000,0,2.16000,0.000114282,2.16000,0,2.16000,0,2.16000,0.000114282,2.16000,0.4,2.16000,1,2.16000,0,2.16000,0.4,2.16000,0,2.16000,5.01232,2.16000,0,2.16000,511.178,2.16000,0,2.16000,0.4,2.16000,0,2.16000,1400,2.16000,3.28833e-05,2.16000,3.28833e-05,2.16000,3.50851e-05,2.16000,0.000114282,2.16000,0.000114282,2.16000,0.000121714
2.17000,3.14018e-05,2.17000,0,2.17000,0,2.17000,0,2.17000,1.2561e-05,2.17000,0,2.17000,0.000114282,2.17000,0,2.17000,0,2.17000,0.000114282,2.17000,0.4,2.17000,1,2.17000,0,2.17000,0.4,2.17000,0,2.17000,5.01232,2.17000,0,2.17000,511.178,2.17000,0,2.17000,0.4,2.17000,0,2.17000,1400,2.17000,3.14018e-05,2.17000,3.14018e-05,2.17000,3.33172e-05,2.17000,0.000114282,2.17000,0.000114282,2.17000,0.000121674
2.18000,3.00203e-05,2.18000,0,2.18000,0,2.18000,0,2.18000,1.20084e-05,2.18000,0,2.18000,0.000114282,2.18000,0,2.18000,0,2.18000,0.000114282,2.18000,0.4,2.18000,1,2.18000,0,2.18000,0.4,2.18000,0,2.18000,5.01232,2.18000,0,2.18000,511.178,2.18000,0,2.18000,0.4,2.18000,0,2.18000,1400,2.18000,3.00203e-05,2.18000,3.00203e-05,2.18000,3.23744e-05,2.18000,0.000114282,2.18000,0.000114282,2.18000,0.000121408
2.19000,2.86388e-05,2.19000,0,2.19000,0,2.19000,0,2.19000,1.14558e-05,2.19000,0,2.19000,0.000114282,2.19000,0,2.19000,0,2.19000,0.000114282,2.19000,0.4,2.19000,1,2.19000,0,2.19000,0.4,2.19000,0,2.19000,5.01232,2.19000,0,2.19000,511.178,2.19000,0,2.19000,0.4,2.19000,0,2.19000,1400,2.19000,2.86388e-05,2.19000,2.86388e-05,2.19000,3.14316e-05,2.19000,0.000114282,2.19000,0.000114282,2.19000,0.000121141
2.20000,2.73297e-05,2.20000,0,2.20000,0,2.20000,0,2.20000,1.09321e-05,2.20000,0,2.20000,0.000114283,2.20000,0,2.20000,0,2.20000,0.000114283,2.20000,0.4,2.20000,1,2.20000,0,2.20000,0.4,2.20000,0,2.20000,5.01232,2.20000,0,2.20000,511.178,2.20000,0,2.20000,0.4,2.20000,0,2.20000,1400,2.20000,2.73297e-05,2.20000,2.73297e-05,2.20000,3.04887e-05,2.20000,0.000114283,2.20000,0.000114283,2.20000,0.000120875
2.21000,2.61371e-05,2.21000,0,2.21000,0,2.21000,0,2.21000,1.04551e-05,2.21000,0,2.21000,0.000114283,2.21000,0,2.21000,0,2.21000,0.000114283,2.21000,0.4,2.21000,1,2.21000,0,2.21000,0.4,2.21000,0,2.21000,5.01232,2.21000,0,2.21000,511.178,2.21000,0,2.21000,0.4,2.21000,0,2.21000,1400,2.21000,2.61371e-05,2.21000,2.61371e-05,2.21000,2.95459e-05,2.21000,0.000114283,2.21000,0.000114283,2.21000,0.000120609
2.22000,2.49445e-05,2.22000,0,2.22000,0,2.22000,0,2.22000,9.97806e-06,2.22000,0,2.22000,0.000114283,2.22000,0,2.22000,0,2.22000,0.000114283,2.22000,0.4,2.22000,1,2.22000,0,2.22000,0.4,2.22000,0,2.22000,5.01232,2.22000,0,2.22000,511.178,2.22000,0,2.22000,0.4,2.22000,0,2.22000,1400,2.22000,2.49445e-05,2.22000,2.49445e-05,2.22000,2.86031e-05,2.22000,0.000114283,2.22000,0.000114283,2.22000,0.000120342
2.23000,2.37882e-05,2.23000,0,2.23000,0,2.23000,0,2.23000,9.51551e-06,2.23000,0,2.23000,0.000114283,2.23000,0,2.23000,0,2.23000,0.000114283,2.23000,0.4,2.23000,1,2.23000,0,2.23000,0.4,2.23000,0,2.23000,5.01232,2.23000,0,2.23000,511.178,2.23000,0,2.23000,0.4,2.23000,0,2.23000,1400,2.23000,2.37882e-05,2.23000,2.37882e-05,2.23000,2.76602e-05,2.23000,0.000114283,2.23000,0.000114283,2.23000,0.000120076
2.24000,2.27587e-05,2.24000,0,2.24000,0,2.24000,0,2.24000,9.10371e-06,2.24000,0,2.24000,0.000114283,2.24000,0,2.24000,0,2.24000,0.000114283,2.24000,0.4,2.24000,1,2.24000,0,2.24000,0.4,2.24000,0,2.24000,5.01232,2.24000,0,2.24000,511.178,2.24000,0,2.24000,0.4,2.24000,0,2.24000,1400,2.24000,2.27587e-05,2.24000,2.27587e-05,2.24000,2.67174e-05,2.24000,0.000114283,2.24000,0.000114283,2.24000,0.000119809
2.25000,2.17292e-05,2.25000,0,2.25000,0,2.25000,0,2.25000,8.6919e-06,2.25000,0,2.25000,0.000114283,2.25000,0,2.25000,0,2.25000,0.000114283,2.25000,0.4,2.25000,1,2.25000,0,2.25000,0.4,2.25000,0,2.25000,5.01232,2.25000,0,2.25000,511.178,2.25000,0,2.25000,0.4,2.25000,0,2.25000,1400,2.25000,2.17292e-05,2.25000,2.17292e-05,2.25000,2.57746e-05,2.25000,0.000114283,2.25000,0.000114283,2.25000,0.000119543
2.26000,2.07084e-05,2.26000,0,2.26000,0,2.26000,0,2.26000,8.28357e-06,2.26000,0,2.26000,0.000114283,2.26000,0,2.26000,0,2.26000,0.000114283,2.26000,0.4,2.26000,1,2.26000,0,2.26000,0.4,2.26000,0,2.26000,5.01232,2.26000,0,2.26000,511.178,2.26000,0,2.26000,0.4,2.26000,0,2.26000,1400,2.26000,2.07084e-05,2.26000,2.07084e-05,2.26000,2.48318e-05,2.26000,0.000114283,2.26000,0.000114283,2.26000,0.000119277
2.27000,1.98197e-05,2.27000,0,2.27000,0,2.27000,0,2.27000,7.92808e-06,2.27000,0,2.27000,0.000114283,2.27000,0,2.27000,0,2.27000,0.000114283,2.27000,0.4,2.27000,1,2.27000,0,2.27000,0.4,2.27000,0,2.27000,5.01232,2.27000,0,2.27000,511.178,2.27000,0,2.27000,0.4,2.27000,0,2.27000,1400,2.27000,1.98197e-05,2.27000,1.98197e-05,2.27000,2.38889e-05,2.27000,0.000114283,2.27000,0.000114283,2.27000,0.00011901
2.28000,1.8931e-05,2.28000,0,2.28000,0,2.28000,0,2.28000,7.57259e-06,2.28000,0,2.28000,0.000114284,2.28000,0,2.28000,0,2.28000,0.000114284,2.28000,0.4,2.28000,1,2.28000,0,2.28000,0.4,2.28000,0,2.28000,5.01232,2.28000,0,2.28000,511.178,2.28000,0,2.28000,0.4,2.28000,0,2.28000,1400,2.28000,1.8931e-05,2.28000,1.8931e-05,2.28000,2.29461e-05,2.28000,0.000114284,2.28000,0.000114284,2.28000,0.000118744
2.29000,1.80423e-05,2.29000,0,2.29000,0,2.29000,0,2.29000,7.21709e-06,2.29000,0,2.29000,0.000114284,2.29000,0,2.29000,0,2.29000,0.000114284,2.29000,0.4,2.29000,1,2.29000,0,2.29000,0.4,2.29000,0,2.29000,5.01232,2.29000,0,2.29000,511.178,2.29000,0,2.29000,0.4,2.29000,0,2.29000,1400,2.29000,1.80423e-05,2.29000,1.80423e-05,2.29000,2.20033e-05,2.29000,0.000114284,2.29000,0.000114284,2.29000,0.000118477
2.30000,1.72631e-05,2.30000,0,2.30000,0,2.30000,0,2.30000,6.90541e-06,2.30000,0,2.30000,0.000114284,2.30000,0,2.30000,0,2.30000,0.000114284,2.30000,0.4,2.30000,1,2.30000,0,2.30000,0.4,2.30000,0,2.30000,5.01232,2.30000,0,2.30000,511.178,2.30000,0,2.30000,0.4,2.30000,0,2.30000,1400,2.30000,1.72631e-05,2.30000,1.72631e-05,2.30000,2.10604e-05,2.30000,0.000114284,2.30000,0.000114284,2.30000,0.000118211
2.31000,1.64959e-05,2.31000,0,2.31000,0,2.31000,0,2.31000,6.59853e-06,2.31000,0,2.31000,0.000114284,2.31000,0,2.31000,0,2.31000,0.000114284,2.31000,0.4,2.31000,1,2.31000,0,2.31000,0.4,2.31000,0,2.31000,5.01232,2.31000,0,2.31000,511.178,2.31000,0,2.31000,0.4,2.31000,0,2.31000,1400,2.31000,1.64959e-05,2.31000,1.64959e-05,2.31000,2.01176e-05,2.31000,0.000114284,2.31000,0.000114284,2.31000,0.000117945
2.32000,1.57287e-05,2.32000,0,2.32000,0,2.32000,0,2.32000,6.29165e-06,2.32000,0,2.32000,0.000114284,2.32000,0,2.32000,0,2.32000,0.000114284,2.32000,0.4,2.32000,1,2.32000,0,2.32000,0.4,2.32000,0,2.32000,5.01232,2.32000,0,2.32000,511.178,2.32000,0,2.32000,0.4,2.32000,0,2.32000,1400,2.32000,1.57287e-05,2.32000,1.57287e-05,2.32000,1.91748e-05,2.32000,0.000114284,2.32000,0.000114284,2.32000,0.000117678
2.33000,1.50393e-05,2.33000,0,2.33000,0,2.33000,0,2.33000,6.01586e-06,2.33000,0,2.33000,0.000114284,2.33000,0,2.33000,0,2.33000,0.000114284,2.33000,0.4,2.33000,1,2.33000,0,2.33000,0.4,2.33000,0,2.33000,5.01232,2.33000,0,2.33000,511.178,2.33000,0,2.33000,0.4,2.33000,0,2.33000,1400,2.33000,1.50393e-05,2.33000,1.50393e-05,2.33000,1.82319e-05,2.33000,0.000114284,2.33000,0.000114284,2.33000,0.000117412
2.34000,1.4377e-05,2.34000,0,2.34000,0,2.34000,0,2.34000,5.75094e-06,2.34000,0,2.34000,0.000114284,2.34000,0,2.34000,0,2.34000,0.000114284,2.34000,0.4,2.34000,1,2.34000,0,2.34000,0.4,2.34000,0,2.34000,5.01232,2.34000,0,2.34000,511.178,2.34000,0,2.34000,0.4,2.34000,0,2.34000,1400,2.34000,1.4377e-05,2.34000,1.4377e-05,2.34000,1.72891e-05,2.34000,0.000114284,2.34000,0.000114284,2.34000,0.000117145
2.35000,1.37147e-05,2.35000,0,2.35000,0,2.35000,0,2.35000,5.48603e-06,2.35000,0,2.35000,0.000114284,2.35000,0,2.35000,0,2.35000,0.000114284,2.35000,0.4,2.35000,1,2.35000,0,2.35000,0.4,2.35000,0,2.35000,5.01232,2.35000,0,2.35000,511.178,2.35000,0,2.35000,0.4,2.35000,0,2.35000,1400,2.35000,1.37147e-05,2.35000,1.37147e-05,2.35000,1.63463e-05,2.35000,0.000114284,2.35000,0.000114284,2.35000,0.000116879
2.36000,1.30137e-05,2.36000,0,2.36000,0,2.36000,0,2.36000,5.20562e-06,2.36000,0,2.36000,0.000114284,2.36000,0,2.36000,0,2.36000,0.000114284,2.36000,0.4,2.36000,1,2.36000,0,2.36000,0.4,2.36000,0,2.36000,5.01232,2.36000,0,2.36000,511.178,2.36000,0,2.36000,0.4,2.36000,0,2.36000,1400,2.36000,1.30137e-05,2.36000,1.30137e-05,2.36000,1.54034e-05,2.36000,0.000114284,2.36000,0.000114284,2.36000,0.000116613
2.37000,1.22847e-05,2.37000,0,2.37000,0,2.37000,0,2.37000,4.91399e-06,2.37000,0,2.37000,0.000114284,2.37000,0,2.37000,0,2.37000,0.000114284,2.37000,0.4,2.37000,1,2.37000,0,2.37000,0.4,2.37000,0,2.37000,5.01232,2.37000,0,2.37000,511.178,2.37000,0,2.37000,0.4,2.37000,0,2.37000,1400,2.37000,1.22847e-05,2.37000,1.22847e-05,2.37000,1.44606e-05,2.37000,0.000114284,2.37000,0.000114284,2.37000,0.000116346
2.38000,1.15556e-05,2.38000,0,2.38000,0,2.38000,0,2.38000,4.62237e-06,2.38000,0,2.38000,0.000114284,2.38000,0,2.38000,0,2.38000,0.000114284,2.38000,0.4,2.38000,1,2.38000,0,2.38000,0.4,2.38000,0,2.38000,5.01232,2.38000,0,2.38000,511.178,2.38000,0,2.38000,0.4,2.38000,0,2.38000,1400,2.38000,1.15556e-05,2.38000,1.15556e-05,2.38000,1.35178e-05,2.38000,0.000114284,2.38000,0.000114284,2.38000,0.00011608
2.39000,1.08938e-05,2.39000,0,2.39000,0,2.39000,0,2.39000,4.35764e-06,2.39000,0,2.39000,0.000114284,2.39000,0,2.39000,0,2.39000,0.000114284,2.39000,0.4,2.39000,1,2.39000,0,2.39000,0.4,2.39000,0,2.39000,5.01232,2.39000,0,2.39000,511.178,2.39000,0,2.39000,0.4,2.39000,0,2.39000,1400,2.39000,1.08938e-05,2.39000,1.08938e-05,2.39000,1.25749e-05,2.39000,0.000114284,2.39000,0.000114284,2.39000,0.000115814
2.40000,1.0325e-05,2.40000,0,2.40000,0,2.40000,0,2.40000,4.1301e-06,2.40000,0,2.40000,0.000114285,2.40000,0,2.40000,0,2.40000,0.000114285,2.40000,0.4,2.40000,1,2.40000,0,2.40000,0.4,2.40000,0,2.40000,5.01232,2.40000,0,2.40000,511.178,2.40000,0,2.40000,0.4,2.40000,0,2.40000,1400,2.40000,1.0325e-05,2.40000,1.0325e-05,2.40000,1.16321e-05,2.40000,0.000114285,2.40000,0.000114285,2.40000,0.000115547
2.41000,9.75614e-06,2.41000,0,2.41000,0,2.41000,0,2.41000,3.90255e-06,2.41000,0,2.41000,0.000114285,2.41000,0,2.41000,0,2.41000,0.000114285,2.41000,0.4,2.41000,1,2.41000,0,2.41000,0.4,2.41000,0,2.41000,5.01232,2.41000,0,2.41000,511.178,2.41000,0,2.41000,0.4,2.41000,0,2.41000,1400,2.41000,9.75614e-06,2.41000,9.75614e-06,2.41000,1.06893e-05,2.41000,0.000114285,2.41000,0.000114285,2.41000,0.000115281
2.42000,9.18729e-06,2.42000,0,2.42000,0,2.42000,0,2.42000,3.67501e-06,2.42000,0,2.42000,0.000114285,2.42000,0,2.42000,0,2.42000,0.000114285,2.42000,0.4,2.42000,1,2.42000,0,2.42000,0.4,2.42000,0,2.42000,5.01232,2.42000,0,2.42000,511.178,2.42000,0,2.42000,0.4,2.42000,0,2.42000,1400,2.42000,9.18729e-06,2.42000,9.18729e-06,2.42000,9.74644e-06,2.42000,0.000114285,2.42000,0.000114285,2.42000,0.000115014
2.43000,8.6504e-06,2.43000,0,2.43000,0,2.43000,0,2.43000,3.46025e-06,2.43000,0,2.43000,0.000114285,2.43000,0,2.43000,0,2.43000,0.000114285,2.43000,0.4,2.43000,1,2.43000,0,2.43000,0.4,2.43000,0,2.43000,5.01232,2.43000,0,2.43000,511.178,2.43000,0,2.43000,0.4,2.43000,0,2.43000,1400,2.43000,8.6504e-06,2.43000,8.6504e-06,2.43000,8.94304e-06,2.43000,0.000114285,2.43000,0.000114285,2.43000,0.000114803
2.44000,8.23684e-06,2.44000,0,2.44000,0,2.44000,0,2.44000,3.29482e-06,2.44000,0,2.44000,0.000114285,2.44000,0,2.44000,0,2.44000,0.000114285,2.44000,0.4,2.44000,1,2.44000,0,2.44000,0.4,2.44000,0,2.44000,5.01232,2.44000,0,2.44000,511.178,2.44000,0,2.44000,0.4,2.44000,0,2.44000,1400,2.44000,8.23684e-06,2.44000,8.23684e-06,2.44000,8.67786e-06,2.44000,0.000114285,2.44000,0.000114285,2.44000,0.000114802
2.45000,7.82328e-06,2.45000,0,2.45000,0,2.45000,0,2.45000,3.12939e-06,2.45000,0,2.45000,0.000114285,2.45000,0,2.45000,0,2.45000,0.000114285,2.45000,0.4,2.45000,1,2.45000,0,2.45000,0.4,2.45000,0,2.45000,5.01232,2.45000,0,2.45000,511.178,2.45000,0,2.45000,0.4,2.45000,0,2.45000,1400,2.45000,7.82328e-06,2.45000,7.82328e-06,2.45000,8.41267e-06,2.45000,0.000114285,2.45000,0.000114285,2.45000,0.000114801
2.46000,7.40973e-06,2.46000,0,2.46000,0,2.46000,0,2.46000,2.96396e-06,2.46000,0,2.46000,0.000114285,2.46000,0,2.46000,0,2.46000,0.000114285,2.46000,0.4,2.46000,1,2.46000,0,2.46000,0.4,2.46000,0,2.46000,5.01232,2.46000,0,2.46000,511.178,2.46000,0,2.46000,0.4,2.46000,0,2.46000,1400,2.46000,7.40973e-06,2.46000,7.40973e-06,2.46000,8.14749e-06,2.46000,0.000114285,2.46000,0.000114285,2.46000,0.0001148
2.47000,6.99617e-06,2.47000,0,2.47000,0,2.47000,0,2.47000,2.79854e-06,2.47000,0,2.47000,0.000114285,2.47000,0,2.47000,0,2.47000,0.000114285,2.47000,0.4,2.47000,1,2.47000,0,2.47000,0.4,2.47000,0,2.47000,5.01232,2.47000,0,2.47000,511.178,2.47000,0,2.47000,0.4,2.47000,0,2.47000,1400,2.47000,6.99617e-06,2.47000,6.99617e-06,2.47000,7.8823e-06,2.47000,0.000114285,2.47000,0.000114285,2.47000,0.0001148
2.48000,6.58261e-06,2.48000,0,2.48000,0,2.48000,0,2.48000,2.63311e-06,2.48000,0,2.48000,0.000114285,2.48000,0,2.48000,0,2.48000,0.000114285,2.48000,0.4,2.48000,1,2.48000,0,2.48000,0.4,2.48000,0,2.48000,5.01232,2.48000,0,2.48000,511.178,2.48000,0,2.48000,0.4,2.48000,0,2.48000,1400,2.48000,6.58261e-06,2.48000,6.58261e-06,2.48000,7.61712e-06,2.48000,0.000114285,2.48000,0.000114285,2.48000,0.000114799
2.49000,6.25006e-06,2.49000,0,2.49000,0,2.49000,0,2.49000,2.50008e-06,2.49000,0,2.49000,0.000114285,2.49000,0,2.49000,0,2.49000,0.000114285,2.49000,0.4,2.49000,1,2.49000,0,2.49000,0.4,2.49000,0,2.49000,5.01232,2.49000,0,2.49000,511.178,2.49000,0,2.49000,0.4,2.49000,0,2.49000,1400,2.49000,6.25006e-06,2.49000,6.25006e-06,2.49000,7.37444e-06,2.49000,0.000114285,2.49000,0.000114285,2.49000,0.000114807
2.50000,5.97447e-06,2.50000,0,2.50000,0,2.50000,0,2.50000,2.38985e-06,2.50000,0,2.50000,0.000114285,2.50000,0,2.50000,0,2.50000,0.000114285,2.50000,0.4,2.50000,1,2.50000,0,2.50000,0.4,2.50000,0,2.50000,5.01232,2.50000,0,2.50000,511.178,2.50000,0,2.50000,0.4,2.50000,0,2.50000,1400,2.50000,5.97447e-06,2.50000,5.97447e-06,2.50000,7.14758e-06,2.50000,0.000114285,2.50000,0.000114285,2.50000,0.000114821
2.51000,5.69889e-06,2.51000,0,2.51000,0,2.51000,0,2.51000,2.27961e-06,2.51000,0,2.51000,0.000114285,2.51000,0,2.51000,0,2.51000,0.000114285,2.51000,0.4,2.51000,1,2.51000,0,2.51000,0.4,2.51000,0,2.51000,5.01232,2.51000,0,2.51000,511.178,2.51000,0,2.51000,0.4,2.51000,0,2.51000,1400,2.51000,5.69889e-06,2.51000,5.69889e-06,2.51000,6.92072e-06,2.51000,0.000114285,2.51000,0.000114285,2.51000,0.000114835
2.52000,5.4233e-06,2.52000,0,2.52000,0,2.52000,0,2.52000,2.16937e-06,2.52000,0,2.52000,0.000114285,2.52000,0,2.52000,0,2.52000,0.000114285,2.52000,0.4,2.52000,1,2.52000,0,2.52000,0.4,2.52000,0,2.52000,5.01232,2.52000,0,2.52000,511.178,2.52000,0,2.52000,0.4,2.52000,0,2.52000,1400,2.52000,5.4233e-06,2.52000,5.4233e-06,2.52000,6.69386e-06,2.52000,0.000114285,2.52000,0.000114285,2.52000,0.00011485
2.53000,5.14771e-06,2.53000,0,2.53000,0,2.53000,0,2.53000,2.05914e-06,2.53000,0,2.53000,0.000114285,2.53000,0,2.53000,0,2.53000,0.000114285,2.53000,0.4,2.53000,1,2.53000,0,2.53000,0.4,2.53000,0,2.53000,5.01232,2.53000,0,2.53000,511.178,2.53000,0,2.53000,0.4,2.53000,0,2.53000,1400,2.53000,5.14771e-06,2.53000,5.14771e-06,2.53000,6.46701e-06,2.53000,0.000114285,2.53000,0.000114285,2.53000,0.000114864
2.54000,4.87213e-06,2.54000,0,2.54000,0,2.54000,0,2.54000,1.9489e-06,2.54000,0,2.54000,0.000114285,2.54000,0,2.54000,0,2.54000,0.000114285,2.54000,0.4,2.54000,1,2.54000,0,2.54000,0.4,2.54000,0,2.54000,5.01232,2.54000,0,2.54000,511.178,2.54000,0,2.54000,0.4,2.54000,0,2.54000,1400,2.54000,4.87213e-06,2.54000,4.87213e-06,2.54000,6.24015e-06,2.54000,0.000114285,2.54000,0.000114285,2.54000,0.000114878
2.55000,4.59654e-06,2.55000,0,2.55000,0,2.55000,0,2.55000,1.83866e-06,2.55000,0,2.55000,0.000114285,2.55000,0,2.55000,0,2.55000,0.000114285,2.55000,0.4,2.55000,1,2.55000,0,2.55000,0.4,2.55000,0,2.55000,5.01232,2.55000,0,2.55000,511.178,2.55000,0,2.55000,0.4,2.55000,0,2.55000,1400,2.55000,4.59654e-06,2.55000,4.59654e-06,2.55000,6.01329e-06,2.55000,0.000114285,2.55000,0.000114285,2.55000,0.000114892
2.56000,4.3315e-06,2.56000,0,2.56000,0,2.56000,0,2.56000,1.73264e-06,2.56000,0,2.56000,0.000114285,2.56000,0,2.56000,0,2.56000,0.000114285,2.56000,0.4,2.56000,1,2.56000,0,2.56000,0.4,2.56000,0,2.56000,5.01232,2.56000,0,2.56000,511.178,2.56000,0,2.56000,0.4,2.56000,0,2.56000,1400,2.56000,4.3315e-06,2.56000,4.3315e-06,2.56000,5.78643e-06,2.56000,0.000114285,2.56000,0.000114285,2.56000,0.000114907
2.57000,4.16624e-06,2.57000,0,2.57000,0,2.57000,0,2.57000,1.66654e-06,2.57000,0,2.57000,0.000114285,2.57000,0,2.57000,0,2.57000,0.000114285,2.57000,0.4,2.57000,1,2.57000,0,2.57000,0.4,2.57000,0,2.57000,5.01232,2.57000,0,2.57000,511.178,2.57000,0,2.57000,0.4,2.57000,0,2.57000,1400,2.57000,4.16624e-06,2.57000,4.16624e-06,2.57000,5.55957e-06,2.57000,0.000114285,2.57000,0.000114285,2.57000,0.000114921
2.58000,4.00097e-06,2.58000,0,2.58000,0,2.58000,0,2.58000,1.60043e-06,2.58000,0,2.58000,0.000114285,2.58000,0,2.58000,0,2.58000,0.000114285,2.58000,0.4,2.58000,1,2.58000,0,2.58000,0.4,2.58000,0,2.58000,5.01232,2.58000,0,2.58000,511.178,2.58000,0,2.58000,0.4,2.58000,0,2.58000,1400,2.58000,4.00097e-06,2.58000,4.00097e-06,2.58000,5.33272e-06,2.58000,0.000114285,2.58000,0.000114285,2.58000,0.000114935
2.59000,3.83571e-06,2.59000,0,2.59000,0,2.59000,0,2.59000,1.53432e-06,2.59000,0,2.59000,0.000114285,2.59000,0,2.59000,0,2.59000,0.000114285,2.59000,0.4,2.59000,1,2.59000,0,2.59000,0.4,2.59000,0,2.59000,5.01232,2.59000,0,2.59000,511.178,2.59000,0,2.59000,0.4,2.59000,0,2.59000,1400,2.59000,3.83571e-06,2.59000,3.83571e-06,2.59000,5.10586e-06,2.59000,0.000114285,2.59000,0.000114285,2.59000,0.000114949
2.60000,3.67044e-06,2.60000,0,2.60000,0,2.60000,0,2.60000,1.46821e-06,2.60000,0,2.60000,0.000114285,2.60000,0,2.60000,0,2.60000,0.000114285,2.60000,0.4,2.60000,1,2.60000,0,2.60000,0.4,2.60000,0,2.60000,5.01232,2.60000,0,2.60000,511.178,2.60000,0,2.60000,0.4,2.60000,0,2.60000,1400,2.60000,3.67044e-06,2.60000,3.67044e-06,2.60000,4.879e-06,2.60000,0.000114285,2.60000,0.000114285,2.60000,0.000114964
2.61000,3.50518e-06,2.61000,0,2.61000,0,2.61000,0,2.61000,1.40211e-06,2.61000,0,2.61000,0.000114285,2.61000,0,2.61000,0,2.61000,0.000114285,2.61000,0.4,2.61000,1,2.61000,0,2.61000,0.4,2.61000,0,2.61000,5.01232,2.61000,0,2.61000,511.178,2.61000,0,2.61000,0.4,2.61000,0,2.61000,1400,2.61000,3.50518e-06,2.61000,3.50518e-06,2.61000,4.65214e-06,2.61000,0.000114285,2.61000,0.000114285,2.61000,0.000114978
2.62000,3.33991e-06,2.62000,0,2.62000,0,2.62000,0,2.62000,1.336e-06,2.62000,0,2.62000,0.000114285,2.62000,0,2.62000,0,2.62000,0.000114285,2.62000,0.4,2.62000,1,2.62000,0,2.62000,0.4,2.62000,0,2.62000,5.01232,2.62000,0,2.62000,511.178,2.62000,0,2.62000,0.4,2.62000,0,2.62000,1400,2.62000,3.33991e-06,2.62000,3.33991e-06,2.62000,4.42528e-06,2.62000,0.000114285,2.62000,0.000114285,2.62000,0.000114992
2.63000,3.17465e-06,2.63000,0,2.63000,0,2.63000,0,2.63000,1.26989e-06,2.63000,0,2.63000,0.000114285,2.63000,0,2.63000,0,2.63000,0.000114285,2.63000,0.4,2.63000,1,2.63000,0,2.63000,0.4,2.63000,0,2.63000,5.01232,2.63000,0,2.63000,511.178,2.63000,0,2.63000,0.4,2.63000,0,2.63000,1400,2.63000,3.17465e-06,2.63000,3.17465e-06,2.63000,4.19842e-06,2.63000,0.000114285,2.63000,0.000114285,2.63000,0.000115007
2.64000,3.00938e-06,2.64000,0,2.64000,0,2.64000,0,2.64000,1.20378e-06,2.64000,0,2.64000,0.000114285,2.64000,0,2.64000,0,2.64000,0.000114285,2.64000,0.4,2.64000,1,2.64000,0,2.64000,0.4,2.64000,0,2.64000,5.01232,2.64000,0,2.64000,511.178,2.64000,0,2.64000,0.4,2.64000,0,2.64000,1400,2.64000,3.00938e-06,2.64000,3.00938e-06,2.64000,3.97157e-06,2.64000,0.000114285,2.64000,0.000114285,2.64000,0.000115021
2.65000,2.84412e-06,2.65000,0,2.65000,0,2.65000,0,2.65000,1.13768e-06,2.65000,0,2.65000,0.000114285,2.65000,0,2.65000,0,2.65000,0.000114285,2.65000,0.4,2.65000,1,2.65000,0,2.65000,0.4,2.65000,0,2.65000,5.01232,2.65000,0,2.65000,511.178,2.65000,0,2.65000,0.4,2.65000,0,2.65000,1400,2.65000,2.84412e-06,2.65000,2.84412e-06,2.65000,3.74471e-06,2.65000,0.000114285,2.65000,0.000114285,2.65000,0.000115035
2.66000,2.68717e-06,2.66000,0,2.66000,0,2.66000,0,2.66000,1.07489e-06,2.66000,0,2.66000,0.000114285,2.66000,0,2.66000,0,2.66000,0.000114285,2.66000,0.4,2.66000,1,2.66000,0,2.66000,0.4,2.66000,0,2.66000,5.01232,2.66000,0,2.66000,511.178,2.66000,0,2.66000,0.4,2.66000,0,2.66000,1400,2.66000,2.68717e-06,2.66000,2.68717e-06,2.66000,3.52693e-06,2.66000,0.000114285,2.66000,0.000114285,2.66000,0.000115049
2.67000,2.59973e-06,2.67000,0,2.67000,0,2.67000,0,2.67000,1.03992e-06,2.67000,0,2.67000,0.000114285,2.67000,0,2.67000,0,2.67000,0.000114285,2.67000,0.4,2.67000,1,2.67000,0,2.67000,0.4,2.67000,0,2.67000,5.01232,2.67000,0,2.67000,511.178,2.67000,0,2.67000,0.4,2.67000,0,2.67000,1400,2.67000,2.59973e-06,2.67000,2.59973e-06,2.67000,3.38508e-06,2.67000,0.000114285,2.67000,0.000114285,2.67000,0.000115062
2.68000,2.51229e-06,2.68000,0,2.68000,0,2.68000,0,2.68000,1.00494e-06,2.68000,0,2.68000,0.000114285,2.68000,0,2.68000,0,2.68000,0.000114285,2.68000,0.4,2.68000,1,2.68000,0,2.68000,0.4,2.68000,0,2.68000,5.01232,2.68000,0,2.68000,511.178,2.68000,0,2.68000,0.4,2.68000,0,2.68000,1400,2.68000,2.51229e-06,2.68000,2.51229e-06,2.68000,3.24322e-06,2.68000,0.000114285,2.68000,0.000114285,2.68000,0.000115075
2.69000,2.42485e-06,2.69000,0,2.69000,0,2.69000,0,2.69000,9.69965e-07,2.69000,0,2.69000,0.000114285,2.69000,0,2.69000,0,2.69000,0.000114285,2.69000,0.4,2.69000,1,2.69000,0,2.69000,0.4,2.69000,0,2.69000,5.01232,2.69000,0,2.69000,511.178,2.69000,0,2.69000,0.4,2.69000,0,2.69000,1400,2.69000,2.42485e-06,2.69000,2.42485e-06,2.69000,3.10137e-06,2.69000,0.000114285,2.69000,0.000114285,2.69000,0.000115088
2.70000,2.33741e-06,2.70000,0,2.70000,0,2.70000,0,2.70000,9.34988e-07,2.70000,0,2.70000,0.000114285,2.70000,0,2.70000,0,2.70000,0.000114285,2.70000,0.4,2.70000,1,2.70000,0,2.70000,0.4,2.70000,0,2.70000,5.01232,2.70000,0,2.70000,511.178,2.70000,0,2.70000,0.4,2.70000,0,2.70000,1400,2.70000,2.33741e-06,2.70000,2.33741e-06,2.70000,2.95951e-06,2.70000,0.000114285,2.70000,0.000114285,2.70000,0.000115101
2.71000,2.24997e-06,2.71000,0,2.71000,0,2.71000,0,2.71000,9.00012e-07,2.71000,0,2.71000,0.000114285,2.71000,0,2.71000,0,2.71000,0.000114285,2.71000,0.4,2.71000,1,2.71000,0,2.71000,0.4,2.71000,0,2.71000,5.01232,2.71000,0,2.71000,511.178,2.71000,0,2.71000,0.4,2.71000,0,2.71000,1400,2.71000,2.24997e-06,2.71000,2.24997e-06,2.71000,2.81766e-06,2.71000,0.000114285,2.71000,0.000114285,2.71000,0.000115114
2.72000,2.16253e-06,2.72000,0,2.72000,0,2.72000,0,2.72000,8.65035e-07,2.72000,0,2.72000,0.000114285,2.72000,0,2.72000,0,2.72000,0.000114285,2.72000,0.4,2.72000,1,2.72000,0,2.72000,0.4,2.72000,0,2.72000,5.01232,2.72000,0,2.72000,511.178,2.72000,0,2.72000,0.4,2.72000,0,2.72000,1400,2.72000,2.16253e-06,2.72000,2.16253e-06,2.72000,2.6758e-06,2.72000,0.000114285,2.72000,0.000114285,2.72000,0.000115127
2.73000,2.07509e-06,2.73000,0,2.73000,0,2.73000,0,2.73000,8.30059e-07,2.73000,0,2.73000,0.000114285,2.73000,0,2.73000,0,2.73000,0.000114285,2.73000,0.4,2.73000,1,2.73000,0,2.73000,0.4,2.73000,0,2.73000,5.01232,2.73000,0,2.73000,511.178,2.73000,0,2.73000,0.4,2.73000,0,2.73000,1400,2.73000,2.07509e-06,2.73000,2.07509e-06,2.73000,2.53395e-06,2.73000,0.000114285,2.73000,0.000114285,2.73000,0.00011514
2.74000,1.98766e-06,2.74000,0,2.74000,0,2.74000,0,2.74000,7.95082e-07,2.74000,0,2.74000,0.000114285,2.74000,0,2.74000,0,2.74000,0.000114285,2.74000,0.4,2.74000,1,2.74000,0,2.74000,0.4,2.74000,0,2.74000,5.01232,2.74000,0,2.74000,511.178,2.74000,0,2.74000,0.4,2.74000,0,2.74000,1400,2.74000,1.98766e-06,2.74000,1.98766e-06,2.74000,2.39209e-06,2.74000,0.000114285,2.74000,0.000114285,2.74000,0.000115153
2.75000,1.90022e-06,2.75000,0,2.75000,0,2.75000,0,2.75000,7.60106e-07,2.75000,0,2.75000,0.000114285,2.75000,0,2.75000,0,2.75000,0.000114285,2.75000,0.4,2.75000,1,2.75000,0,2.75000,0.4,2.75000,0,2.75000,5.01232,2.75000,0,2.75000,511.178,2.75000,0,2.75000,0.4,2.75000,0,2.75000,1400,2.75000,1.90022e-06,2.75000,1.90022e-06,2.75000,2.25024e-06,2.75000,0.000114285,2.75000,0.000114285,2.75000,0.000115166
2.76000,1.81278e-06,2.76000,0,2.76000,0,2.76000,0,2.76000,7.25129e-07,2.76000,0,2.76000,0.000114286,2.76000,0,2.76000,0,2.76000,0.000114286,2.76000,0.4,2.76000,1,2.76000,0,2.76000,0.4,2.76000,0,2.76000,5.01232,2.76000,0,2.76000,511.178,2.76000,0,2.76000,0.4,2.76000,0,2.76000,1400,2.76000,1.81278e-06,2.76000,1.81278e-06,2.76000,2.10838e-06,2.76000,0.000114286,2.76000,0.000114286,2.76000,0.000115179
2.77000,1.72534e-06,2.77000,0,2.77000,0,2.77000,0,2.77000,6.90152e-07,2.77000,0,2.77000,0.000114286,2.77000,0,2.77000,0,2.77000,0.000114286,2.77000,0.4,2.77000,1,2.77000,0,2.77000,0.4,2.77000,0,2.77000,5.01232,2.77000,0,2.77000,511.178,2.77000,0,2.77000,0.4,2.77000,0,2.77000,1400,2.77000,1.72534e-06,2.77000,1.72534e-06,2.77000,1.96653e-06,2.77000,0.000114286,2.77000,0.000114286,2.77000,0.000115192
2.78000,1.6379e-06,2.78000,0,2.78000,0,2.78000,0,2.78000,6.55176e-07,2.78000,0,2.78000,0.000114286,2.78000,0,2.78000,0,2.78000,0.000114286,2.78000,0.4,2.78000,1,2.78000,0,2.78000,0.4,2.78000,0,2.78000,5.01232,2.78000,0,2.78000,511.178,2.78000,0,2.78000,0.4,2.78000,0,2.78000,1400,2.78000,1.6379e-06,2.78000,1.6379e-06,2.78000,1.82467e-06,2.78000,0.000114286,2.78000,0.000114286,2.78000,0.000115205
2.79000,1.55046e-06,2.79000,0,2.79000,0,2.79000,0,2.79000,6.20199e-07,2.79000,0,2.79000,0.000114286,2.79000,0,2.79000,0,2.79000,0.000114286,2.79000,0.4,2.79000,1,2.79000,0,2.79000,0.4,2.79000,0,2.79000,5.01232,2.79000,0,2.79000,511.178,2.79000,0,2.79000,0.4,2.79000,0,2.79000,1400,2.79000,1.55046e-06,2.79000,1.55046e-06,2.79000,1.68282e-06,2.79000,0.000114286,2.79000,0.000114286,2.79000,0.000115218
2.80000,1.50044e-06,2.80000,0,2.80000,0,2.80000,0,2.80000,6.00191e-07,2.80000,0,2.80000,0.000114286,2.80000,0,2.80000,0,2.80000,0.000114286,2.80000,0.4,2.80000,1,2.80000,0,2.80000,0.4,2.80000,0,2.80000,5.01232,2.80000,0,2.80000,511.178,2.80000,0,2.80000,0.4,2.80000,0,2.80000,1400,2.80000,1.50044e-06,2.80000,1.50044e-06,2.80000,1.62469e-06,2.80000,0.000114286,2.80000,0.000114286,2.80000,0.000115229
2.81000,1.46045e-06,2.81000,0,2.81000,0,2.81000,0,2.81000,5.84196e-07,2.81000,0,2.81000,0.000114286,2.81000,0,2.81000,0,2.81000,0.000114286,2.81000,0.4,2.81000,1,2.81000,0,2.81000,0.4,2.81000,0,2.81000,5.01232,2.81000,0,2.81000,511.178,2.81000,0,2.81000,0.4,2.81000,0,2.81000,1400,2.81000,1.46045e-06,2.81000,1.46045e-06,2.81000,1.58902e-06,2.81000,0.000114286,2.81000,0.000114286,2.81000,0.000115241
2.82000,1.42047e-06,2.82000,0,2.82000,0,2.82000,0,2.82000,5.68201e-07,2.82000,0,2.82000,0.000114286,2.82000,0,2.82000,0,2.82000,0.000114286,2.82000,0.4,2.82000,1,2.82000,0,2.82000,0.4,2.82000,0,2.82000,5.01232,2.82000,0,2.82000,511.178,2.82000,0,2.82000,0.4,2.82000,0,2.82000,1400,2.82000,1.42047e-06,2.82000,1.42047e-06,2.82000,1.55335e-06,2.82000,0.000114286,2.82000,0.000114286,2.82000,0.000115252
2.83000,1.38048e-06,2.83000,0,2.83000,0,2.83000,0,2.83000,5.52206e-07,2.83000,0,2.83000,0.000114286,2.83000,0,2.83000,0,2.83000,0.000114286,2.83000,0.4,2.83000,1,2.83000,0,2.83000,0.4,2.83000,0,2.83000,5.01232,2.83000,0,2.83000,511.178,2.83000,0,2.83000,0.4,2.83000,0,2.83000,1400,2.83000,1.38048e-06,2.83000,1.38048e-06,2.83000,1.51768e-06,2.83000,0.000114286,2.83000,0.000114286,2.83000,0.000115263
2.84000,1.34049e-06,2.84000,0,2.84000,0,2.84000,0,2.84000,5.36211e-07,2.84000,0,2.84000,0.000114286,2.84000,0,2.84000,0,2.84000,0.000114286,2.84000,0.4,2.84000,1,2.84000,0,2.84000,0.4,2.84000,0,2.84000,5.01232,2.84000,0,2.84000,511.178,2.84000,0,2.84000,0.4,2.84000,0,2.84000,1400,2.84000,1.34049e-06,2.84000,1.34049e-06,2.84000,1.482e-06,2.84000,0.000114286,2.84000,0.000114286,2.84000,0.000115275
2.85000,1.30051e-06,2.85000,0,2.85000,0,2.85000,0,2.85000,5.20216e-07,2.85000,0,2.85000,0.000114286,2.85000,0,2.85000,0,2.85000,0.000114286,2.85000,0.4,2.85000,1,2.85000,0,2.85000,0.4,2.85000,0,2.85000,5.01232,2.85000,0,2.85000,511.178,2.85000,0,2.85000,0.4,2.85000,0,2.85000,1400,2.85000,1.30051e-06,2.85000,1.30051e-06,2.85000,1.44633e-06,2.85000,0.000114286,2.85000,0.000114286,2.85000,0.000115286
2.86000,1.26052e-06,2.86000,0,2.86000,0,2.86000,0,2.86000,5.04221e-07,2.86000,0,2.86000,0.000114286,2.86000,0,2.86000,0,2.86000,0.000114286,2.86000,0.4,2.86000,1,2.86000,0,2.86000,0.4,2.86000,0,2.86000,5.01232,2.86000,0,2.86000,511.178,2.86000,0,2.86000,0.4,2.86000,0,2.86000,1400,2.86000,1.26052e-06,2.86000,1.26052e-06,2.86000,1.41066e-06,2.86000,0.000114286,2.86000,0.000114286,2.86000,0.000115297
2.87000,1.22054e-06,2.87000,0,2.87000,0,2.87000,0,2.87000,4.88227e-07,2.87000,0,2.87000,0.000114286,2.87000,0,2.87000,0,2.87000,0.000114286,2.87000,0.4,2.87000,1,2.87000,0,2.87000,0.4,2.87000,0,2.87000,5.01232,2.87000,0,2.87000,511.178,2.87000,0,2.87000,0.4,2.87000,0,2.87000,1400,2.87000,1.22054e-06,2.87000,1.22054e-06,2.87000,1.37499e-06,2.87000,0.000114286,2.87000,0.000114286,2.87000,0.000115309
2.88000,1.18055e-06,2.88000,0,2.88000,0,2.88000,0,2.88000,4.72232e-07,2.88000,0,2.88000,0.000114286,2.88000,0,2.88000,0,2.88000,0.000114286,2.88000,0.4,2.88000,1,2.88000,0,2.88000,0.4,2.88000,0,2.88000,5.01232,2.88000,0,2.88000,511.178,2.88000,0,2.88000,0.4,2.88000,0,2.88000,1400,2.88000,1.18055e-06,2.88000,1.18055e-06,2.88000,1.33931e-06,2.88000,0.000114286,2.88000,0.000114286,2.88000,0.00011532
2.89000,1.14056e-06,2.89000,0,2.89000,0,2.89000,0,2.89000,4.56237e-07,2.89000,0,2.89000,0.000114286,2.89000,0,2.89000,0,2.89000,0.000114286,2.89000,0.4,2.89000,1,2.89000,0,2.89000,0.4,2.89000,0,2.89000,5.01232,2.89000,0,2.89000,511.178,2.89000,0,2.89000,0.4,2.89000,0,2.89000,1400,2.89000,1.14056e-06,2.89000,1.14056e-06,2.89000,1.30364e-06,2.89000,0.000114286,2.89000,0.000114286,2.89000,0.000115331
2.90000,1.10058e-06,2.90000,0,2.90000,0,2.90000,0,2.90000,4.40242e-07,2.90000,0,2.90000,0.000114286,2.90000,0,2.90000,0,2.90000,0.000114286,2.90000,0.4,2.90000,1,2.90000,0,2.90000,0.4,2.90000,0,2.90000,5.01232,2.90000,0,2.90000,511.178,2.90000,0,2.90000,0.4,2.90000,0,2.90000,1400,2.90000,1.10058e-06,2.90000,1.10058e-06,2.90000,1.26797e-06,2.90000,0.000114286,2.90000,0.000114286,2.90000,0.000115343
2.91000,1.06059e-06,2.91000,0,2.91000,0,2.91000,0,2.91000,4.24247e-07,2.91000,0,2.91000,0.000114286,2.91000,0,2.91000,0,2.91000,0.000114286,2.91000,0.4,2.91000,1,2.91000,0,2.91000,0.4,2.91000,0,2.91000,5.01232,2.91000,0,2.91000,511.178,2.91000,0,2.91000,0.4,2.91000,0,2.91000,1400,2.91000,1.06059e-06,2.91000,1.06059e-06,2.91000,1.2323e-06,2.91000,0.000114286,2.91000,0.000114286,2.91000,0.000115354
2.92000,1.02061e-06,2.92000,0,2.92000,0,2.92000,0,2.92000,4.08252e-07,2.92000,0,2.92000,0.000114286,2.92000,0,2.92000,0,2.92000,0.000114286,2.92000,0.4,2.92000,1,2.92000,0,2.92000,0.4,2.92000,0,2.92000,5.01232,2.92000,0,2.92000,511.178,2.92000,0,2.92000,0.4,2.92000,0,2.92000,1400,2.92000,1.02061e-06,2.92000,1.02061e-06,2.92000,1.19662e-06,2.92000,0.000114286,2.92000,0.000114286,2.92000,0.000115365
2.93000,9.80619e-07,2.93000,0,2.93000,0,2.93000,0,2.93000,3.92257e-07,2.93000,0,2.93000,0.000114286,2.93000,0,2.93000,0,2.93000,0.000114286,2.93000,0.4,2.93000,1,2.93000,0,2.93000,0.4,2.93000,0,2.93000,5.01232,2.93000,0,2.93000,511.178,2.93000,0,2.93000,0.4,2.93000,0,2.93000,1400,2.93000,9.80619e-07,2.93000,9.80619e-07,2.93000,1.16095e-06,2.93000,0.000114286,2.93000,0.000114286,2.93000,0.000115377
2.94000,9.40633e-07,2.94000,0,2.94000,0,2.94000,0,2.94000,3.76263e-07,2.94000,0,2.94000,0.000114286,2.94000,0,2.94000,0,2.94000,0.000114286,2.94000,0.4,2.94000,1,2.94000,0,2.94000,0.4,2.94000,0,2.94000,5.01232,2.94000,0,2.94000,511.178,2.94000,0,2.94000,0.4,2.94000,0,2.94000,1400,2.94000,9.40633e-07,2.94000,9.40633e-07,2.94000,1.12528e-06,2.94000,0.000114286,2.94000,0.000114286,2.94000,0.000115388
2.95000,9.00647e-07,2.95000,0,2.95000,0,2.95000,0,2.95000,3.60268e-07,2.95000,0,2.95000,0.000114286,2.95000,0,2.95000,0,2.95000,0.000114286,2.95000,0.4,2.95000,1,2.95000,0,2.95000,0.4,2.95000,0,2.95000,5.01232,2.95000,0,2.95000,511.178,2.95000,0,2.95000,0.4,2.95000,0,2.95000,1400,2.95000,9.00647e-07,2.95000,9.00647e-07,2.95000,1.08961e-06,2.95000,0.000114286,2.95000,0.000114286,2.95000,0.000115399
2.96000,8.6066e-07,2.96000,0,2.96000,0,2.96000,0,2.96000,3.44273e-07,2.96000,0,2.96000,0.000114286,2.96000,0,2.96000,0,2.96000,0.000114286,2.96000,0.4,2.96000,1,2.96000,0,2.96000,0.4,2.96000,0,2.96000,5.01232,2.96000,0,2.96000,511.178,2.96000,0,2.96000,0.4,2.96000,0,2.96000,1400,2.96000,8.6066e-07,2.96000,8.6066e-07,2.96000,1.05394e-06,2.96000,0.000114286,2.96000,0.000114286,2.96000,0.000115411
2.97000,8.21429e-07,2.97000,0,2.97000,0,2.97000,0,2.97000,3.2858e-07,2.97000,0,2.97000,0.000114286,2.97000,0,2.97000,0,2.97000,0.000114286,2.97000,0.4,2.97000,1,2.97000,0,2.97000,0.4,2.97000,0,2.97000,5.01232,2.97000,0,2.97000,511.178,2.97000,0,2.97000,0.4,2.97000,0,2.97000,1400,2.97000,8.21429e-07,2.97000,8.21429e-07,2.97000,1.01873e-06,2.97000,0.000114286,2.97000,0.000114286,2.97000,0.000115422
2.98000,8.05945e-07,2.98000,0,2.98000,0,2.98000,0,2.98000,3.22386e-07,2.98000,0,2.98000,0.000114286,2.98000,0,2.98000,0,2.98000,0.000114286,2.98000,0.4,2.98000,1,2.98000,0,2.98000,0.4,2.98000,0,2.98000,5.01232,2.98000,0,2.98000,511.178,2.98000,0,2.98000,0.4,2.98000,0,2.98000,1400,2.98000,8.05945e-07,2.98000,8.05945e-07,2.98000,9.98329e-07,2.98000,0.000114286,2.98000,0.000114286,2.98000,0.000115421
2.99000,7.9046e-07,2.99000,0,2.99000,0,2.99000,0,2.99000,3.16192e-07,2.99000,0,2.99000,0.000114286,2.99000,0,2.99000,0,2.99000,0.000114286,2.99000,0.4,2.99000,1,2.99000,0,2.99000,0.4,2.99000,0,2.99000,5.01232,2.99000,0,2.99000,511.178,2.99000,0,2.99000,0.4,2.99000,0,2.99000,1400,2.99000,7.9046e-07,2.99000,7.9046e-07,2.99000,9.77925e-07,2.99000,0.000114286,2.99000,0.000114286,2.99000,0.000115421
3.00000,7.74975e-07,3.00000,0,3.00000,0,3.00000,0,3.00000,3.09998e-07,3.00000,0,3.00000,0.000114286,3.00000,0,3.00000,0,3.00000,0.000114286,3.00000,0.4,3.00000,1,3.00000,0,3.00000,0.4,3.00000,0,3.00000,5.01232,3.00000,0,3.00000,511.178,3.00000,0,3.00000,0.4,3.00000,0,3.00000,1400,3.00000,7.74975e-07,3.00000,7.74975e-07,3.00000,9.5752e-07,3.00000,0.000114286,3.00000,0.000114286,3.00000,0.00011542
3.01000,7.59491e-07,3.01000,0,3.01000,0,3.01000,0,3.01000,3.03804e-07,3.01000,0,3.01000,0.000114286,3.01000,0,3.01000,0,3.01000,0.000114286,3.01000,0.4,3.01000,1,3.01000,0,3.01000,0.4,3.01000,0,3.01000,5.01232,3.01000,0,3.01000,511.178,3.01000,0,3.01000,0.4,3.01000,0,3.01000,1400,3.01000,7.59491e-07,3.01000,7.59491e-07,3.01000,9.37116e-07,3.01000,0.000114286,3.01000,0.000114286,3.01000,0.00011542
3.02000,7.44006e-07,3.02000,0,3.02000,0,3.02000,0,3.02000,2.9761e-07,3.02000,0,3.02000,0.000114286,3.02000,0,3.02000,0,3.02000,0.000114286,3.02000,0.4,3.02000,1,3.02000,0,3.02000,0.4,3.02000,0,3.02000,5.01232,3.02000,0,3.02000,511.178,3.02000,0,3.02000,0.4,3.02000,0,3.02000,1400,3.02000,7.44006e-07,3.02000,7.44006e-07,3.02000,9.16711e-07,3.02000,0.000114286,3.02000,0.000114286,3.02000,0.000115419
3.03000,7.28522e-07,3.03000,0,3.03000,0,3.03000,0,3.03000,2.91416e-07,3.03000,0,3.03000,0.000114286,3.03000,0,3.03000,0,3.03000,0.000114286,3.03000,0.4,3.03000,1,3.03000,0,3.03000,0.4,3.03000,0,3.03000,5.01232,3.03000,0,3.03000,511.178,3.03000,0,3.03000,0.4,3.03000,0,3.03000,1400,3.03000,7.28522e-07,3.03000,7.28522e-07,3.03000,8.96307e-07,3.03000,0.000114286,3.03000,0.000114286,3.03000,0.000115419
3.04000,7.13037e-07,3.04000,0,3.04000,0,3.04000,0,3.04000,2.85222e-07,3.04000,0,3.04000,0.000114286,3.04000,0,3.04000,0,3.04000,0.000114286,3.04000,0.4,3.04000,1,3.04000,0,3.04000,0.4,3.04000,0,3.04000,5.01232,3.04000,0,3.04000,511.178,3.04000,0,3.04000,0.4,3.04000,0,3.04000,1400,3.04000,7.13037e-07,3.04000,7.13037e-07,3.04000,8.75902e-07,3.04000,0.000114286,3.04000,0.000114286,3.04000,0.000115418
3.05000,6.97552e-07,3.05000,0,3.05000,0,3.05000,0,3.05000,2.79028e-07,3.05000,0,3.05000,0.000114286,3.05000,0,3.05000,0,3.05000,0.000114286,3.05000,0.4,3.05000,1,3.05000,0,3.05000,0.4,3.05000,0,3.05000,5.01232,3.05000,0,3.05000,511.178,3.05000,0,3.05000,0.4,3.05000,0,3.05000,1400,3.05000,6.97552e-07,3.05000,6.97552e-07,3.05000,8.55498e-07,3.05000,0.000114286,3.05000,0.000114286,3.05000,0.000115418
3.06000,6.82068e-07,3.06000,0,3.06000,0,3.06000,0,3.06000,2.72834e-07,3.06000,0,3.06000,0.000114286,3.06000,0,3.06000,0,3.06000,0.000114286,3.06000,0.4,3.06000,1,3.06000,0,3.06000,0.4,3.06000,0,3.06000,5.01232,3.06000,0,3.06000,511.178,3.06000,0,3.06000,0.4,3.06000,0,3.06000,1400,3.06000,6.82068e-07,3.06000,6.82068e-07,3.06000,8.35093e-07,3.06000,0.000114286,3.06000,0.000114286,3.06000,0.000115418
3.07000,6.66583e-07,3.07000,0,3.07000,0,3.07000,0,3.07000,2.6664e-07,3.07000,0,3.07000,0.000114286,3.07000,0,3.07000,0,3.07000,0.000114286,3.07000,0.4,3.07000,1,3.07000,0,3.07000,0.4,3.07000,0,3.07000,5.01232,3.07000,0,3.07000,511.178,3.07000,0,3.07000,0.4,3.07000,0,3.07000,1400,3.07000,6.66583e-07,3.07000,6.66583e-07,3.07000,8.14689e-07,3.07000,0.000114286,3.07000,0.000114286,3.07000,0.000115417
3.08000,6.51098e-07,3.08000,0,3.08000,0,3.08000,0,3.08000,2.60446e-07,3.08000,0,3.08000,0.000114286,3.08000,0,3.08000,0,3.08000,0.000114286,3.08000,0.4,3.08000,1,3.08000,0,3.08000,0.4,3.08000,0,3.08000,5.01232,3.08000,0,3.08000,511.178,3.08000,0,3.08000,0.4,3.08000,0,3.08000,1400,3.08000,6.51098e-07,3.08000,6.51098e-07,3.08000,7.94285e-07,3.08000,0.000114286,3.08000,0.000114286,3.08000,0.000115417
3.09000,6.35614e-07,3.09000,0,3.09000,0,3.09000,0,3.09000,2.54252e-07,3.09000,0,3.09000,0.000114286,3.09000,0,3.09000,0,3.09000,0.000114286,3.09000,0.4,3.09000,1,3.09000,0,3.09000,0.4,3.09000,0,3.09000,5.01232,3.09000,0,3.09000,511.178,3.09000,0,3.09000,0.4,3.09000,0,3.09000,1400,3.09000,6.35614e-07,3.09000,6.35614e-07,3.09000,7.7388e-07,3.09000,0.000114286,3.09000,0.000114286,3.09000,0.000115416
3.10000,6.20129e-07,3.10000,0,3.10000,0,3.10000,0,3.10000,2.48058e-07,3.10000,0,3.10000,0.000114286,3.10000,0,3.10000,0,3.10000,0.000114286,3.10000,0.4,3.10000,1,3.10000,0,3.10000,0.4,3.10000,0,3.10000,5.01232,3.10000,0,3.10000,511.178,3.10000,0,3.10000,0.4,3.10000,0,3.10000,1400,3.10000,6.20129e-07,3.10000,6.20129e-07,3.10000,7.53476e-07,3.10000,0.000114286,3.10000,0.000114286,3.10000,0.000115416
3.11000,6.04645e-07,3.11000,0,3.11000,0,3.11000,0,3.11000,2.41864e-07,3.11000,0,3.11000,0.000114286,3.11000,0,3.11000,0,3.11000,0.000114286,3.11000,0.4,3.11000,1,3.11000,0,3.11000,0.4,3.11000,0,3.11000,5.01232,3.11000,0,3.11000,511.178,3.11000,0,3.11000,0.4,3.11000,0,3.11000,1400,3.11000,6.04645e-07,3.11000,6.04645e-07,3.11000,7.33071e-07,3.11000,0.000114286,3.11000,0.000114286,3.11000,0.000115415
3.12000,5.8916e-07,3.12000,0,3.12000,0,3.12000,0,3.12000,2.3567e-07,3.12000,0,3.12000,0.000114286,3.12000,0,3.12000,0,3.12000,0.000114286,3.12000,0.4,3.12000,1,3.12000,0,3.12000,0.4,3.12000,0,3.12000,5.01232,3.12000,0,3.12000,511.178,3.12000,0,3.12000,0.4,3.12000,0,3.12000,1400,3.12000,5.8916e-07,3.12000,5.8916e-07,3.12000,7.12667e-07,3.12000,0.000114286,3.12000,0.000114286,3.12000,0.000115415
3.13000,5.73675e-07,3.13000,0,3.13000,0,3.13000,0,3.13000,2.29476e-07,3.13000,0,3.13000,0.000114286,3.13000,0,3.13000,0,3.13000,0.000114286,3.13000,0.4,3.13000,1,3.13000,0,3.13000,0.4,3.13000,0,3.13000,5.01232,3.13000,0,3.13000,511.178,3.13000,0,3.13000,0.4,3.13000,0,3.13000,1400,3.13000,5.73675e-07,3.13000,5.73675e-07,3.13000,6.92262e-07,3.13000,0.000114286,3.13000,0.000114286,3.13000,0.000115414
3.14000,5.58191e-07,3.14000,0,3.14000,0,3.14000,0,3.14000,2.23282e-07,3.14000,0,3.14000,0.000114286,3.14000,0,3.14000,0,3.14000,0.000114286,3.14000,0.4,3.14000,1,3.14000,0,3.14000,0.4,3.14000,0,3.14000,5.01232,3.14000,0,3.14000,511.178,3.14000,0,3.14000,0.4,3.14000,0,3.14000,1400,3.14000,5.58191e-07,3.14000,5.58191e-07,3.14000,6.71858e-07,3.14000,0.000114286,3.14000,0.000114286,3.14000,0.000115414
3.15000,5.42706e-07,3.15000,0,3.15000,0,3.15000,0,3.15000,2.17088e-07,3.15000,0,3.15000,0.000114286,3.15000,0,3.15000,0,3.15000,0.000114286,3.15000,0.4,3.15000,1,3.15000,0,3.15000,0.4,3.15000,0,3.15000,5.01232,3.15000,0,3.15000,511.178,3.15000,0,3.15000,0.4,3.15000,0,3.15000,1400,3.15000,5.42706e-07,3.15000,5.42706e-07,3.15000,6.51453e-07,3.15000,0.000114286,3.15000,0.000114286,3.15000,0.000115413
3.16000,5.27221e-07,3.16000,0,3.16000,0,3.16000,0,3.16000,2.10894e-07,3.16000,0,3.16000,0.000114286,3.16000,0,3.16000,0,3.16000,0.000114286,3.16000,0.4,3.16000,1,3.16000,0,3.16000,0.4,3.16000,0,3.16000,5.01232,3.16000,0,3.16000,511.178,3.16000,0,3.16000,0.4,3.16000,0,3.16000,1400,3.16000,5.27221e-07,3.16000,5.27221e-07,3.16000,6.31049e-07,3.16000,0.000114286,3.16000,0.000114286,3.16000,0.000115413
3.17000,5.11737e-07,3.17000,0,3.17000,0,3.17000,0,3.17000,2.047e-07,3.17000,0,3.17000,0.000114286,3.17000,0,3.17000,0,3.17000,0.000114286,3.17000,0.4,3.17000,1,3.17000,0,3.17000,0.4,3.17000,0,3.17000,5.01232,3.17000,0,3.17000,511.178,3.17000,0,3.17000,0.4,3.17000,0,3.17000,1400,3.17000,5.11737e-07,3.17000,5.11737e-07,3.17000,6.10644e-07,3.17000,0.000114286,3.17000,0.000114286,3.17000,0.000115413
3.18000,4.96252e-07,3.18000,0,3.18000,0,3.18000,0,3.18000,1.98506e-07,3.18000,0,3.18000,0.000114286,3.18000,0,3.18000,0,3.18000,0.000114286,3.18000,0.4,3.18000,1,3.18000,0,3.18000,0.4,3.18000,0,3.18000,5.01232,3.18000,0,3.18000,511.178,3.18000,0,3.18000,0.4,3.18000,0,3.18000,1400,3.18000,4.96252e-07,3.18000,4.96252e-07,3.18000,5.9024e-07,3.18000,0.000114286,3.18000,0.000114286,3.18000,0.000115412
3.19000,4.80767e-07,3.19000,0,3.19000,0,3.19000,0,3.19000,1.92312e-07,3.19000,0,3.19000,0.000114286,3.19000,0,3.19000,0,3.19000,0.000114286,3.19000,0.4,3.19000,1,3.19000,0,3.19000,0.4,3.19000,0,3.19000,5.01232,3.19000,0,3.19000,511.178,3.19000,0,3.19000,0.4,3.19000,0,3.19000,1400,3.19000,4.80767e-07,3.19000,4.80767e-07,3.19000,5.69836e-07,3.19000,0.000114286,3.19000,0.000114286,3.19000,0.000115412
3.20000,4.65283e-07,3.20000,0,3.20000,0,3.20000,0,3.20000,1.86118e-07,3.20000,0,3.20000,0.000114286,3.20000,0,3.20000,0,3.20000,0.000114286,3.20000,0.4,3.20000,1,3.20000,0,3.20000,0.4,3.20000,0,3.20000,5.01232,3.20000,0,3.20000,511.178,3.20000,0,3.20000,0.4,3.20000,0,3.20000,1400,3.20000,4.65283e-07,3.20000,4.65283e-07,3.20000,5.49431e-07,3.20000,0.000114286,3.20000,0.000114286,3.20000,0.000115411
3.21000,4.53515e-07,3.21000,0,3.21000,0,3.21000,0,3.21000,1.81411e-07,3.21000,0,3.21000,0.000114286,3.21000,0,3.21000,0,3.21000,0.000114286,3.21000,0.4,3.21000,1,3.21000,0,3.21000,0.4,3.21000,0,3.21000,5.01232,3.21000,0,3.21000,511.178,3.21000,0,3.21000,0.4,3.21000,0,3.21000,1400,3.21000,4.53515e-07,3.21000,4.53515e-07,3.21000,5.33695e-07,3.21000,0.000114286,3.21000,0.000114286,3.21000,0.00011541
3.22000,4.48536e-07,3.22000,0,3.22000,0,3.22000,0,3.22000,1.79419e-07,3.22000,0,3.22000,0.000114286,3.22000,0,3.22000,0,3.22000,0.000114286,3.22000,0.4,3.22000,1,3.22000,0,3.22000,0.4,3.22000,0,3.22000,5.01232,3.22000,0,3.22000,511.178,3.22000,0,3.22000,0.4,3.22000,0,3.22000,1400,3.22000,4.48536e-07,3.22000,4.48536e-07,3.22000,5.26485e-07,3.22000,0.000114286,3.22000,0.000114286,3.22000,0.000115408
3.23000,4.43557e-07,3.23000,0,3.23000,0,3.23000,0,3.23000,1.77427e-07,3.23000,0,3.23000,0.000114286,3.23000,0,3.23000,0,3.23000,0.000114286,3.23000,0.4,3.23000,1,3.23000,0,3.23000,0.4,3.23000,0,3.23000,5.01232,3.23000,0,3.23000,511.178,3.23000,0,3.23000,0.4,3.23000,0,3.23000,1400,3.23000,4.43557e-07,3.23000,4.43557e-07,3.23000,5.19274e-07,3.23000,0.000114286,3.23000,0.000114286,3.23000,0.000115406
3.24000,4.38577e-07,3.24000,0,3.24000,0,3.24000,0,3.24000,1.75435e-07,3.24000,0,3.24000,0.000114286,3.24000,0,3.24000,0,3.24000,0.000114286,3.24000,0.4,3.24000,1,3.24000,0,3.24000,0.4,3.24000,0,3.24000,5.01232,3.24000,0,3.24000,511.178,3.24000,0,3.24000,0.4,3.24000,0,3.24000,1400,3.24000,4.38577e-07,3.24000,4.38577e-07,3.24000,5.12064e-07,3.24000,0.000114286,3.24000,0.000114286,3.24000,0.000115404
3.25000,4.33598e-07,3.25000,0,3.25000,0,3.25000,0,3.25000,1.73444e-07,3.25000,0,3.25000,0.000114286,3.25000,0,3.25000,0,3.25000,0.000114286,3.25000,0.4,3.25000,1,3.25000,0,3.25000,0.4,3.25000,0,3.25000,5.01232,3.25000,0,3.25000,511.178,3.25000,0,3.25000,0.4,3.25000,0,3.25000,1400,3.25000,4.33598e-07,3.25000,4.33598e-07,3.25000,5.04853e-07,3.25000,0.000114286,3.25000,0.000114286,3.25000,0.000115401
3.26000,4.28619e-07,3.26000,0,3.26000,0,3.26000,0,3.26000,1.71452e-07,3.26000,0,3.26000,0.000114286,3.26000,0,3.26000,0,3.26000,0.000114286,3.26000,0.4,3.26000,1,3.26000,0,3.26000,0.4,3.26000,0,3.26000,5.01232,3.26000,0,3.26000,511.178,3.26000,0,3.26000,0.4,3.26000,0,3.26000,1400,3.26000,4.28619e-07,3.26000,4.28619e-07,3.26000,4.97643e-07,3.26000,0.000114286,3.26000,0.000114286,3.26000,0.000115399
3.27000,4.23639e-07,3.27000,0,3.27000,0,3.27000,0,3.27000,1.6946e-07,3.27000,0,3.27000,0.000114286,3.27000,0,3.27000,0,3.27000,0.000114286,3.27000,0.4,3.27000,1,3.27000,0,3.27000,0.4,3.27000,0,3.27000,5.01232,3.27000,0,3.27000,511.178,3.27000,0,3.27000,0.4,3.27000,0,3.27000,1400,3.27000,4.23639e-07,3.27000,4.23639e-07,3.27000,4.90432e-07,3.27000,0.000114286,3.27000,0.000114286,3.27000,0.000115397
3.28000,4.1866e-07,3.28000,0,3.28000,0,3.28000,0,3.28000,1.67468e-07,3.28000,0,3.28000,0.000114286,3.28000,0,3.28000,0,3.28000,0.000114286,3.28000,0.4,3.28000,1,3.28000,0,3.28000,0.4,3.28000,0,3.28000,5.01232,3.28000,0,3.28000,511.178,3.28000,0,3.28000,0.4,3.28000,0,3.28000,1400,3.28000,4.1866e-07,3.28000,4.1866e-07,3.28000,4.83222e-07,3.28000,0.000114286,3.28000,0.000114286,3.28000,0.000115395
3.29000,4.13681e-07,3.29000,0,3.29000,0,3.29000,0,3.29000,1.65476e-07,3.29000,0,3.29000,0.000114286,3.29000,0,3.29000,0,3.29000,0.000114286,3.29000,0.4,3.29000,1,3.29000,0,3.29000,0.4,3.29000,0,3.29000,5.01232,3.29000,0,3.29000,511.178,3.29000,0,3.29000,0.4,3.29000,0,3.29000,1400,3.29000,4.13681e-07,3.29000,4.13681e-07,3.29000,4.76011e-07,3.29000,0.000114286,3.29000,0.000114286,3.29000,0.000115393
3.30000,4.08701e-07,3.30000,0,3.30000,0,3.30000,0,3.30000,1.63485e-07,3.30000,0,3.30000,0.000114286,3.30000,0,3.30000,0,3.30000,0.000114286,3.30000,0.4,3.30000,1,3.30000,0,3.30000,0.4,3.30000,0,3.30000,5.01232,3.30000,0,3.30000,511.178,3.30000,0,3.30000,0.4,3.30000,0,3.30000,1400,3.30000,4.08701e-07,3.30000,4.08701e-07,3.30000,4.68801e-07,3.30000,0.000114286,3.30000,0.000114286,3.30000,0.00011539
3.31000,4.03722e-07,3.31000,0,3.31000,0,3.31000,0,3.31000,1.61493e-07,3.31000,0,3.31000,0.000114286,3.31000,0,3.31000,0,3.31000,0.000114286,3.31000,0.4,3.31000,1,3.31000,0,3.31000,0.4,3.31000,0,3.31000,5.01232,3.31000,0,3.31000,511.178,3.31000,0,3.31000,0.4,3.31000,0,3.31000,1400,3.31000,4.03722e-07,3.31000,4.03722e-07,3.31000,4.6159e-07,3.31000,0.000114286,3.31000,0.000114286,3.31000,0.000115388
3.32000,3.98742e-07,3.32000,0,3.32000,0,3.32000,0,3.32000,1.59501e-07,3.32000,0,3.32000,0.000114286,3.32000,0,3.32000,0,3.32000,0.000114286,3.32000,0.4,3.32000,1,3.32000,0,3.32000,0.4,3.32000,0,3.32000,5.01232,3.32000,0,3.32000,511.178,3.32000,0,3.32000,0.4,3.32000,0,3.32000,1400,3.32000,3.98742e-07,3.32000,3.98742e-07,3.32000,4.5438e-07,3.32000,0.000114286,3.32000,0.000114286,3.32000,0.000115386
3.33000,3.93763e-07,3.33000,0,3.33000,0,3.33000,0,3.33000,1.57509e-07,3.33000,0,3.33000,0.000114286,3.33000,0,3.33000,0,3.33000,0.000114286,3.33000,0.4,3.33000,1,3.33000,0,3.33000,0.4,3.33000,0,3.33000,5.01232,3.33000,0,3.33000,511.178,3.33000,0,3.33000,0.4,3.33000,0,3.33000,1400,3.33000,3.93763e-07,3.33000,3.93763e-07,3.33000,4.47169e-07,3.33000,0.000114286,3.33000,0.000114286,3.33000,0.000115384
3.34000,3.88784e-07,3.34000,0,3.34000,0,3.34000,0,3.34000,1.55517e-07,3.34000,0,3.34000,0.000114286,3.34000,0,3.34000,0,3.34000,0.000114286,3.34000,0.4,3.34000,1,3.34000,0,3.34000,0.4,3.34000,0,3.34000,5.01232,3.34000,0,3.34000,511.178,3.34000,0,3.34000,0.4,3.34000,0,3.34000,1400,3.34000,3.88784e-07,3.34000,3.88784e-07,3.34000,4.39959e-07,3.34000,0.000114286,3.34000,0.000114286,3.34000,0.000115382
3.35000,3.83804e-07,3.35000,0,3.35000,0,3.35000,0,3.35000,1.53526e-07,3.35000,0,3.35000,0.000114286,3.35000,0,3.35000,0,3.35000,0.000114286,3.35000,0.4,3.35000,1,3.35000,0,3.35000,0.4,3.35000,0,3.35000,5.01232,3.35000,0,3.35000,511.178,3.35000,0,3.35000,0.4,3.35000,0,3.35000,1400,3.35000,3.83804e-07,3.35000,3.83804e-07,3.35000,4.32748e-07,3.35000,0.000114286,3.35000,0.000114286,3.35000,0.000115379
3.36000,3.78825e-07,3.36000,0,3.36000,0,3.36000,0,3.36000,1.51534e-07,3.36000,0,3.36000,0.000114286,3.36000,0,3.36000,0,3.36000,0.000114286,3.36000,0.4,3.36000,1,3.36000,0,3.36000,0.4,3.36000,0,3.36000,5.01232,3.36000,0,3.36000,511.178,3.36000,0,3.36000,0.4,3.36000,0,3.36000,1400,3.36000,3.78825e-07,3.36000,3.78825e-07,3.36000,4.25538e-07,3.36000,0.000114286,3.36000,0.000114286,3.36000,0.000115377
3.37000,3.73846e-07,3.37000,0,3.37000,0,3.37000,0,3.37000,1.49542e-07,3.37000,0,3.37000,0.000114286,3.37000,0,3.37000,0,3.37000,0.000114286,3.37000,0.4,3.37000,1,3.37000,0,3.37000,0.4,3.37000,0,3.37000,5.01232,3.37000,0,3.37000,511.178,3.37000,0,3.37000,0.4,3.37000,0,3.37000,1400,3.37000,3.73846e-07,3.37000,3.73846e-07,3.37000,4.18327e-07,3.37000,0.000114286,3.37000,0.000114286,3.37000,0.000115375
3.38000,3.68866e-07,3.38000,0,3.38000,0,3.38000,0,3.38000,1.4755e-07,3.38000,0,3.38000,0.000114286,3.38000,0,3.38000,0,3.38000,0.000114286,3.38000,0.4,3.38000,1,3.38000,0,3.38000,0.4,3.38000,0,3.38000,5.01232,3.38000,0,3.38000,511.178,3.38000,0,3.38000,0.4,3.38000,0,3.38000,1400,3.38000,3.68866e-07,3.38000,3.68866e-07,3.38000,4.11117e-07,3.38000,0.000114286,3.38000,0.000114286,3.38000,0.000115373
3.39000,3.63887e-07,3.39000,0,3.39000,0,3.39000,0,3.39000,1.45558e-07,3.39000,0,3.39000,0.000114286,3.39000,0,3.39000,0,3.39000,0.000114286,3.39000,0.4,3.39000,1,3.39000,0,3.39000,0.4,3.39000,0,3.39000,5.01232,3.39000,0,3.39000,511.178,3.39000,0,3.39000,0.4,3.39000,0,3.39000,1400,3.39000,3.63887e-07,3.39000,3.63887e-07,3.39000,4.03906e-07,3.39000,0.000114286,3.39000,0.000114286,3.39000,0.000115371
3.40000,3.58908e-07,3.40000,0,3.40000,0,3.40000,0,3.40000,1.43567e-07,3.40000,0,3.40000,0.000114286,3.40000,0,3.40000,0,3.40000,0.000114286,3.40000,0.4,3.40000,1,3.40000,0,3.40000,0.4,3.40000,0,3.40000,5.01232,3.40000,0,3.40000,511.178,3.40000,0,3.40000,0.4,3.40000,0,3.40000,1400,3.40000,3.58908e-07,3.40000,3.58908e-07,3.40000,3.96696e-07,3.40000,0.000114286,3.40000,0.000114286,3.40000,0.000115368
3.41000,3.53928e-07,3.41000,0,3.41000,0,3.41000,0,3.41000,1.41575e-07,3.41000,0,3.41000,0.000114286,3.41000,0,3.41000,0,3.41000,0.000114286,3.41000,0.4,3.41000,1,3.41000,0,3.41000,0.4,3.41000,0,3.41000,5.01232,3.41000,0,3.41000,511.178,3.41000,0,3.41000,0.4,3.41000,0,3.41000,1400,3.41000,3.53928e-07,3.41000,3.53928e-07,3.41000,3.89485e-07,3.41000,0.000114286,3.41000,0.000114286,3.41000,0.000115366
3.42000,3.48949e-07,3.42000,0,3.42000,0,3.42000,0,3.42000,1.39583e-07,3.42000,0,3.42000,0.000114286,3.42000,0,3.42000,0,3.42000,0.000114286,3.42000,0.4,3.42000,1,3.42000,0,3.42000,0.4,3.42000,0,3.42000,5.01232,3.42000,0,3.42000,511.178,3.42000,0,3.42000,0.4,3.42000,0,3.42000,1400,3.42000,3.48949e-07,3.42000,3.48949e-07,3.42000,3.82275e-07,3.42000,0.000114286,3.42000,0.000114286,3.42000,0.000115364
3.43000,3.43969e-07,3.43000,0,3.43000,0,3.43000,0,3.43000,1.37591e-07,3.43000,0,3.43000,0.000114286,3.43000,0,3.43000,0,3.43000,0.000114286,3.43000,0.4,3.43000,1,3.43000,0,3.43000,0.4,3.43000,0,3.43000,5.01232,3.43000,0,3.43000,511.178,3.43000,0,3.43000,0.4,3.43000,0,3.43000,1400,3.43000,3.43969e-07,3.43000,3.43969e-07,3.43000,3.75064e-07,3.43000,0.000114286,3.43000,0.000114286,3.43000,0.000115362
3.44000,3.3899e-07,3.44000,0,3.44000,0,3.44000,0,3.44000,1.35599e-07,3.44000,0,3.44000,0.000114286,3.44000,0,3.44000,0,3.44000,0.000114286,3.44000,0.4,3.44000,1,3.44000,0,3.44000,0.4,3.44000,0,3.44000,5.01232,3.44000,0,3.44000,511.178,3.44000,0,3.44000,0.4,3.44000,0,3.44000,1400,3.44000,3.3899e-07,3.44000,3.3899e-07,3.44000,3.67854e-07,3.44000,0.000114286,3.44000,0.000114286,3.44000,0.00011536
3.45000,3.34011e-07,3.45000,0,3.45000,0,3.45000,0,3.45000,1.33608e-07,3.45000,0,3.45000,0.000114286,3.45000,0,3.45000,0,3.45000,0.000114286,3.45000,0.4,3.45000,1,3.45000,0,3.45000,0.4,3.45000,0,3.45000,5.01232,3.45000,0,3.45000,511.178,3.45000,0,3.45000,0.4,3.45000,0,3.45000,1400,3.45000,3.34011e-07,3.45000,3.34011e-07,3.45000,3.60643e-07,3.45000,0.000114286,3.45000,0.000114286,3.45000,0.000115357
3.46000,3.29031e-07,3.46000,0,3.46000,0,3.46000,0,3.46000,1.31616e-07,3.46000,0,3.46000,0.000114286,3.46000,0,3.46000,0,3.46000,0.000114286,3.46000,0.4,3.46000,1,3.46000,0,3.46000,0.4,3.46000,0,3.46000,5.01232,3.46000,0,3.46000,511.178,3.46000,0,3.46000,0.4,3.46000,0,3.46000,1400,3.46000,3.29031e-07,3.46000,3.29031e-07,3.46000,3.53433e-07,3.46000,0.000114286,3.46000,0.000114286,3.46000,0.000115355
3.47000,3.24052e-07,3.47000,0,3.47000,0,3.47000,0,3.47000,1.29624e-07,3.47000,0,3.47000,0.000114286,3.47000,0,3.47000,0,3.47000,0.000114286,3.47000,0.4,3.47000,1,3.47000,0,3.47000,0.4,3.47000,0,3.47000,5.01232,3.47000,0,3.47000,511.178,3.47000,0,3.47000,0.4,3.47000,0,3.47000,1400,3.47000,3.24052e-07,3.47000,3.24052e-07,3.47000,3.46222e-07,3.47000,0.000114286,3.47000,0.000114286,3.47000,0.000115353
3.48000,3.19073e-07,3.48000,0,3.48000,0,3.48000,0,3.48000,1.27632e-07,3.48000,0,3.48000,0.000114286,3.48000,0,3.48000,0,3.48000,0.000114286,3.48000,0.4,3.48000,1,3.48000,0,3.48000,0.4,3.48000,0,3.48000,5.01232,3.48000,0,3.48000,511.178,3.48000,0,3.48000,0.4,3.48000,0,3.48000,1400,3.48000,3.19073e-07,3.48000,3.19073e-07,3.48000,3.39012e-07,3.48000,0.000114286,3.48000,0.000114286,3.48000,0.000115351
3.49000,3.14093e-07,3.49000,0,3.49000,0,3.49000,0,3.49000,1.2564e-07,3.49000,0,3.49000,0.000114286,3.49000,0,3.49000,0,3.49000,0.000114286,3.49000,0.4,3.49000,1,3.49000,0,3.49000,0.4,3.49000,0,3.49000,5.01232,3.49000,0,3.49000,511.178,3.49000,0,3.49000,0.4,3.49000,0,3.49000,1400,3.49000,3.14093e-07,3.49000,3.14093e-07,3.49000,3.31801e-07,3.49000,0.000114286,3.49000,0.000114286,3.49000,0.000115348
3.50000,3.09114e-07,3.50000,0,3.50000,0,3.50000,0,3.50000,1.23649e-07,3.50000,0,3.50000,0.000114286,3.50000,0,3.50000,0,3.50000,0.000114286,3.50000,0.4,3.50000,1,3.50000,0,3.50000,0.4,3.50000,0,3.50000,5.01232,3.50000,0,3.50000,511.178,3.50000,0,3.50000,0.4,3.50000,0,3.50000,1400,3.50000,3.09114e-07,3.50000,3.09114e-07,3.50000,3.24591e-07,3.50000,0.000114286,3.50000,0.000114286,3.50000,0.000115346
3.51000,3.04134e-07,3.51000,0,3.51000,0,3.51000,0,3.51000,1.21657e-07,3.51000,0,3.51000,0.000114286,3.51000,0,3.51000,0,3.51000,0.000114286,3.51000,0.4,3.51000,1,3.51000,0,3.51000,0.4,3.51000,0,3.51000,5.01232,3.51000,0,3.51000,511.178,3.51000,0,3.51000,0.4,3.51000,0,3.51000,1400,3.51000,3.04134e-07,3.51000,3.04134e-07,3.51000,3.1738e-07,3.51000,0.000114286,3.51000,0.000114286,3.51000,0.000115344
3.52000,2.99155e-07,3.52000,0,3.52000,0,3.52000,0,3.52000,1.19665e-07,3.52000,0,3.52000,0.000114286,3.52000,0,3.52000,0,3.52000,0.000114286,3.52000,0.4,3.52000,1,3.52000,0,3.52000,0.4,3.52000,0,3.52000,5.01232,3.52000,0,3.52000,511.178,3.52000,0,3.52000,0.4,3.52000,0,3.52000,1400,3.52000,2.99155e-07,3.52000,2.99155e-07,3.52000,3.10169e-07,3.52000,0.000114286,3.52000,0.000114286,3.52000,0.000115342
3.53000,2.9709e-07,3.53000,0,3.53000,0,3.53000,0,3.53000,1.18839e-07,3.53000,0,3.53000,0.000114286,3.53000,0,3.53000,0,3.53000,0.000114286,3.53000,0.4,3.53000,1,3.53000,0,3.53000,0.4,3.53000,0,3.53000,5.01232,3.53000,0,3.53000,511.178,3.53000,0,3.53000,0.4,3.53000,0,3.53000,1400,3.53000,2.9709e-07,3.53000,2.9709e-07,3.53000,3.07431e-07,3.53000,0.000114286,3.53000,0.000114286,3.53000,0.000115365
3.54000,2.95824e-07,3.54000,0,3.54000,0,3.54000,0,3.54000,1.18333e-07,3.54000,0,3.54000,0.000114286,3.54000,0,3.54000,0,3.54000,0.000114286,3.54000,0.4,3.54000,1,3.54000,0,3.54000,0.4,3.54000,0,3.54000,5.01232,3.54000,0,3.54000,511.178,3.54000,0,3.54000,0.4,3.54000,0,3.54000,1400,3.54000,2.95824e-07,3.54000,2.95824e-07,3.54000,3.0592e-07,3.54000,0.000114286,3.54000,0.000114286,3.54000,0.000115396
3.55000,2.94559e-07,3.55000,0,3.55000,0,3.55000,0,3.55000,1.17827e-07,3.55000,0,3.55000,0.000114286,3.55000,0,3.55000,0,3.55000,0.000114286,3.55000,0.4,3.55000,1,3.55000,0,3.55000,0.4,3.55000,0,3.55000,5.01232,3.55000,0,3.55000,511.178,3.55000,0,3.55000,0.4,3.55000,0,3.55000,1400,3.55000,2.94559e-07,3.55000,2.94559e-07,3.55000,3.04409e-07,3.55000,0.000114286,3.55000,0.000114286,3.55000,0.000115426
3.56000,2.93294e-07,3.56000,0,3.56000,0,3.56000,0,3.56000,1.1732e-07,3.56000,0,3.56000,0.000114286,3.56000,0,3.56000,0,3.56000,0.000114286,3.56000,0.4,3.56000,1,3.56000,0,3.56000,0.4,3.56000,0,3.56000,5.01232,3.56000,0,3.56000,511.178,3.56000,0,3.56000,0.4,3.56000,0,3.56000,1400,3.56000,2.93294e-07,3.56000,2.93294e-07,3.56000,3.02898e-07,3.56000,0.000114286,3.56000,0.000114286,3.56000,0.000115456
3.57000,2.92029e-07,3.57000,0,3.57000,0,3.57000,0,3.57000,1.16814e-07,3.57000,0,3.57000,0.000114286,3.57000,0,3.57000,0,3.57000,0.000114286,3.57000,0.4,3.57000,1,3.57000,0,3.57000,0.4,3.57000,0,3.57000,5.01232,3.57000,0,3.57000,511.178,3.57000,0,3.57000,0.4,3.57000,0,3.57000,1400,3.57000,2.92029e-07,3.57000,2.92029e-07,3.57000,3.01388e-07,3.57000,0.000114286,3.57000,0.000114286,3.57000,0.000115487
3.58000,2.90763e-07,3.58000,0,3.58000,0,3.58000,0,3.58000,1.16308e-07,3.58000,0,3.58000,0.000114286,3.58000,0,3.58000,0,3.58000,0.000114286,3.58000,0.4,3.58000,1,3.58000,0,3.58000,0.4,3.58000,0,3.58000,5.01232,3.58000,0,3.58000,511.178,3.58000,0,3.58000,0.4,3.58000,0,3.58000,1400,3.58000,2.90763e-07,3.58000,2.90763e-07,3.58000,2.99877e-07,3.58000,0.000114286,3.58000,0.000114286,3.58000,0.000115517
3.59000,2.89498e-07,3.59000,0,3.59000,0,3.59000,0,3.59000,1.15802e-07,3.59000,0,3.59000,0.000114286,3.59000,0,3.59000,0,3.59000,0.000114286,3.59000,0.4,3.59000,1,3.59000,0,3.59000,0.4,3.59000,0,3.59000,5.01232,3.59000,0,3.59000,511.178,3.59000,0,3.59000,0.4,3.59000,0,3.59000,1400,3.59000,2.89498e-07,3.59000,2.89498e-07,3.59000,2.98366e-07,3.59000,0.000114286,3.59000,0.000114286,3.59000,0.000115547
3.60000,2.88233e-07,3.60000,0,3.60000,0,3.60000,0,3.60000,1.15296e-07,3.60000,0,3.60000,0.000114286,3.60000,0,3.60000,0,3.60000,0.000114286,3.60000,0.4,3.60000,1,3.60000,0,3.60000,0.4,3.60000,0,3.60000,5.01232,3.60000,0,3.60000,511.178,3.60000,0,3.60000,0.4,3.60000,0,3.60000,1400,3.60000,2.88233e-07,3.60000,2.88233e-07,3.60000,2.96855e-07,3.60000,0.000114286,3.60000,0.000114286,3.60000,0.000115578
3.61000,2.86968e-07,3.61000,0,3.61000,0,3.61000,0,3.61000,1.1479e-07,3.61000,0,3.61000,0.000114286,3.61000,0,3.61000,0,3.61000,0.000114286,3.61000,0.4,3.61000,1,3.61000,0,3.61000,0.4,3.61000,0,3.61000,5.01232,3.61000,0,3.61000,511.178,3.61000,0,3.61000,0.4,3.61000,0,3.61000,1400,3.61000,2.86968e-07,3.61000,2.86968e-07,3.61000,2.95345e-07,3.61000,0.000114286,3.61000,0.000114286,3.61000,0.000115608
3.62000,2.85702e-07,3.62000,0,3.62000,0,3.62000,0,3.62000,1.14284e-07,3.62000,0,3.62000,0.000114286,3.62000,0,3.62000,0,3.62000,0.000114286,3.62000,0.4,3.62000,1,3.62000,0,3.62000,0.4,3.62000,0,3.62000,5.01232,3.62000,0,3.62000,511.178,3.62000,0,3.62000,0.4,3.62000,0,3.62000,1400,3.62000,2.85702e-07,3.62000,2.85702e-07,3.62000,2.93834e-07,3.62000,0.000114286,3.62000,0.000114286,3.62000,0.000115639
3.63000,2.84437e-07,3.63000,0,3.63000,0,3.63000,0,3.63000,1.13778e-07,3.63000,0,3.63000,0.000114286,3.63000,0,3.63000,0,3.63000,0.000114286,3.63000,0.4,3.63000,1,3.63000,0,3.63000,0.4,3.63000,0,3.63000,5.01232,3.63000,0,3.63000,511.178,3.63000,0,3.63000,0.4,3.63000,0,3.63000,1400,3.63000,2.84437e-07,3.63000,2.84437e-07,3.63000,2.92323e-07,3.63000,0.000114286,3.63000,0.000114286,3.63000,0.000115669
3.64000,2.83172e-07,3.64000,0,3.64000,0,3.64000,0,3.64000,1.13272e-07,3.64000,0,3.64000,0.000114286,3.64000,0,3.64000,0,3.64000,0.000114286,3.64000,0.4,3.64000,1,3.64000,0,3.64000,0.4,3.64000,0,3.64000,5.01232,3.64000,0,3.64000,511.178,3.64000,0,3.64000,0.4,3.64000,0,3.64000,1400,3.64000,2.83172e-07,3.64000,2.83172e-07,3.64000,2.90812e-07,3.64000,0.000114286,3.64000,0.000114286,3.64000,0.000115699
3.65000,2.81907e-07,3.65000,0,3.65000,0,3.65000,0,3.65000,1.12765e-07,3.65000,0,3.65000,0.000114286,3.65000,0,3.65000,0,3.65000,0.000114286,3.65000,0.4,3.65000,1,3.65000,0,3.65000,0.4,3.65000,0,3.65000,5.01232,3.65000,0,3.65000,511.178,3.65000,0,3.65000,0.4,3.65000,0,3.65000,1400,3.65000,2.81907e-07,3.65000,2.81907e-07,3.65000,2.89302e-07,3.65000,0.000114286,3.65000,0.000114286,3.65000,0.00011573
3.66000,2.80641e-07,3.66000,0,3.66000,0,3.66000,0,3.66000,1.12259e-07,3.66000,0,3.66000,0.000114286,3.66000,0,3.66000,0,3.66000,0.000114286,3.66000,0.4,3.66000,1,3.66000,0,3.66000,0.4,3.66000,0,3.66000,5.01232,3.66000,0,3.66000,511.178,3.66000,0,3.66000,0.4,3.66000,0,3.66000,1400,3.66000,2.80641e-07,3.66000,2.80641e-07,3.66000,2.87791e-07,3.66000,0.000114286,3.66000,0.000114286,3.66000,0.00011576
3.67000,2.79376e-07,3.67000,0,3.67000,0,3.67000,0,3.67000,1.11753e-07,3.67000,0,3.67000,0.000114286,3.67000,0,3.67000,0,3.67000,0.000114286,3.67000,0.4,3.67000,1,3.67000,0,3.67000,0.4,3.67000,0,3.67000,5.01232,3.67000,0,3.67000,511.178,3.67000,0,3.67000,0.4,3.67000,0,3.67000,1400,3.67000,2.79376e-07,3.67000,2.79376e-07,3.67000,2.8628e-07,3.67000,0.000114286,3.67000,0.000114286,3.67000,0.00011579
3.68000,2.78111e-07,3.68000,0,3.68000,0,3.68000,0,3.68000,1.11247e-07,3.68000,0,3.68000,0.000114286,3.68000,0,3.68000,0,3.68000,0.000114286,3.68000,0.4,3.68000,1,3.68000,0,3.68000,0.4,3.68000,0,3.68000,5.01232,3.68000,0,3.68000,511.178,3.68000,0,3.68000,0.4,3.68000,0,3.68000,1400,3.68000,2.78111e-07,3.68000,2.78111e-07,3.68000,2.84769e-07,3.68000,0.000114286,3.68000,0.000114286,3.68000,0.000115821
3.69000,2.76846e-07,3.69000,0,3.69000,0,3.69000,0,3.69000,1.10741e-07,3.69000,0,3.69000,0.000114286,3.69000,0,3.69000,0,3.69000,0.000114286,3.69000,0.4,3.69000,1,3.69000,0,3.69000,0.4,3.69000,0,3.69000,5.01232,3.69000,0,3.69000,511.178,3.69000,0,3.69000,0.4,3.69000,0,3.69000,1400,3.69000,2.76846e-07,3.69000,2.76846e-07,3.69000,2.83259e-07,3.69000,0.000114286,3.69000,0.000114286,3.69000,0.000115851
3.70000,2.7558e-07,3.70000,0,3.70000,0,3.70000,0,3.70000,1.10235e-07,3.70000,0,3.70000,0.000114286,3.70000,0,3.70000,0,3.70000,0.000114286,3.70000,0.4,3.70000,1,3.70000,0,3.70000,0.4,3.70000,0,3.70000,5.01232,3.70000,0,3.70000,511.178,3.70000,0,3.70000,0.4,3.70000,0,3.70000,1400,3.70000,2.7558e-07,3.70000,2.7558e-07,3.70000,2.81748e-07,3.70000,0.000114286,3.70000,0.000114286,3.70000,0.000115881
3.71000,2.74315e-07,3.71000,0,3.71000,0,3.71000,0,3.71000,1.09729e-07,3.71000,0,3.71000,0.000114286,3.71000,0,3.71000,0,3.71000,0.000114286,3.71000,0.4,3.71000,1,3.71000,0,3.71000,0.4,3.71000,0,3.71000,5.01232,3.71000,0,3.71000,511.178,3.71000,0,3.71000,0.4,3.71000,0,3.71000,1400,3.71000,2.74315e-07,3.71000,2.74315e-07,3.71000,2.80237e-07,3.71000,0.000114286,3.71000,0.000114286,3.71000,0.000115912
3.72000,2.7305e-07,3.72000,0,3.72000,0,3.72000,0,3.72000,1.09223e-07,3.72000,0,3.72000,0.000114286,3.72000,0,3.72000,0,3.72000,0.000114286,3.72000,0.4,3.72000,1,3.72000,0,3.72000,0.4,3.72000,0,3.72000,5.01232,3.72000,0,3.72000,511.178,3.72000,0,3.72000,0.4,3.72000,0,3.72000,1400,3.72000,2.7305e-07,3.72000,2.7305e-07,3.72000,2.78726e-07,3.72000,0.000114286,3.72000,0.000114286,3.72000,0.000115942
3.73000,2.71785e-07,3.73000,0,3.73000,0,3.73000,0,3.73000,1.08717e-07,3.73000,0,3.73000,0.000114286,3.73000,0,3.73000,0,3.73000,0.000114286,3.73000,0.4,3.73000,1,3.73000,0,3.73000,0.4,3.73000,0,3.73000,5.01232,3.73000,0,3.73000,511.178,3.73000,0,3.73000,0.4,3.73000,0,3.73000,1400,3.73000,2.71785e-07,3.73000,2.71785e-07,3.73000,2.77216e-07,3.73000,0.000114286,3.73000,0.000114286,3.73000,0.000115972
3.74000,2.70519e-07,3.74000,0,3.74000,0,3.74000,0,3.74000,1.0821e-07,3.74000,0,3.74000,0.000114286,3.74000,0,3.74000,0,3.74000,0.000114286,3.74000,0.4,3.74000,1,3.74000,0,3.74000,0.4,3.74000,0,3.74000,5.01232,3.74000,0,3.74000,511.178,3.74000,0,3.74000,0.4,3.74000,0,3.74000,1400,3.74000,2.70519e-07,3.74000,2.70519e-07,3.74000,2.75705e-07,3.74000,0.000114286,3.74000,0.000114286,3.74000,0.000116003
3.75000,2.69254e-07,3.75000,0,3.75000,0,3.75000,0,3.75000,1.07704e-07,3.75000,0,3.75000,0.000114286,3.75000,0,3.75000,0,3.75000,0.000114286,3.75000,0.4,3.75000,1,3.75000,0,3.75000,0.4,3.75000,0,3.75000,5.01232,3.75000,0,3.75000,511.178,3.75000,0,3.75000,0.4,3.75000,0,3.75000,1400,3.75000,2.69254e-07,3.75000,2.69254e-07,3.75000,2.74194e-07,3.75000,0.000114286,3.75000,0.000114286,3.75000,0.000116033
3.76000,2.67989e-07,3.76000,0,3.76000,0,3.76000,0,3.76000,1.07198e-07,3.76000,0,3.76000,0.000114286,3.76000,0,3.76000,0,3.76000,0.000114286,3.76000,0.4,3.76000,1,3.76000,0,3.76000,0.4,3.76000,0,3.76000,5.01232,3.76000,0,3.76000,511.178,3.76000,0,3.76000,0.4,3.76000,0,3.76000,1400,3.76000,2.67989e-07,3.76000,2.67989e-07,3.76000,2.72683e-07,3.76000,0.000114286,3.76000,0.000114286,3.76000,0.000116064
3.77000,2.66723e-07,3.77000,0,3.77000,0,3.77000,0,3.77000,1.06692e-07,3.77000,0,3.77000,0.000114286,3.77000,0,3.77000,0,3.77000,0.000114286,3.77000,0.4,3.77000,1,3.77000,0,3.77000,0.4,3.77000,0,3.77000,5.01232,3.77000,0,3.77000,511.178,3.77000,0,3.77000,0.4,3.77000,0,3.77000,1400,3.77000,2.66723e-07,3.77000,2.66723e-07,3.77000,2.71173e-07,3.77000,0.000114286,3.77000,0.000114286,3.77000,0.000116094
3.78000,2.65458e-07,3.78000,0,3.78000,0,3.78000,0,3.78000,1.06186e-07,3.78000,0,3.78000,0.000114286,3.78000,0,3.78000,0,3.78000,0.000114286,3.78000,0.4,3.78000,1,3.78000,0,3.78000,0.4,3.78000,0,3.78000,5.01232,3.78000,0,3.78000,511.178,3.78000,0,3.78000,0.4,3.78000,0,3.78000,1400,3.78000,2.65458e-07,3.78000,2.65458e-07,3.78000,2.69662e-07,3.78000,0.000114286,3.78000,0.000114286,3.78000,0.000116124
3.79000,2.64193e-07,3.79000,0,3.79000,0,3.79000,0,3.79000,1.0568e-07,3.79000,0,3.79000,0.000114286,3.79000,0,3.79000,0,3.79000,0.000114286,3.79000,0.4,3.79000,1,3.79000,0,3.79000,0.4,3.79000,0,3.79000,5.01232,3.79000,0,3.79000,511.178,3.79000,0,3.79000,0.4,3.79000,0,3.79000,1400,3.79000,2.64193e-07,3.79000,2.64193e-07,3.79000,2.68151e-07,3.79000,0.000114286,3.79000,0.000114286,3.79000,0.000116155
3.80000,2.62928e-07,3.80000,0,3.80000,0,3.80000,0,3.80000,1.05174e-07,3.80000,0,3.80000,0.000114286,3.80000,0,3.80000,0,3.80000,0.000114286,3.80000,0.4,3.80000,1,3.80000,0,3.80000,0.4,3.80000,0,3.80000,5.01232,3.80000,0,3.80000,511.178,3.80000,0,3.80000,0.4,3.80000,0,3.80000,1400,3.80000,2.62928e-07,3.80000,2.62928e-07,3.80000,2.6664e-07,3.80000,0.000114286,3.80000,0.000114286,3.80000,0.000116185
3.81000,2.61662e-07,3.81000,0,3.81000,0,3.81000,0,3.81000,1.04668e-07,3.81000,0,3.81000,0.000114286,3.81000,0,3.81000,0,3.81000,0.000114286,3.81000,0.4,3.81000,1,3.81000,0,3.81000,0.4,3.81000,0,3.81000,5.01232,3.81000,0,3.81000,511.178,3.81000,0,3.81000,0.4,3.81000,0,3.81000,1400,3.81000,2.61662e-07,3.81000,2.61662e-07,3.81000,2.6513e-07,3.81000,0.000114286,3.81000,0.000114286,3.81000,0.000116215
3.82000,2.60397e-07,3.82000,0,3.82000,0,3.82000,0,3.82000,1.04161e-07,3.82000,0,3.82000,0.000114286,3.82000,0,3.82000,0,3.82000,0.000114286,3.82000,0.4,3.82000,1,3.82000,0,3.82000,0.4,3.82000,0,3.82000,5.01232,3.82000,0,3.82000,511.178,3.82000,0,3.82000,0.4,3.82000,0,3.82000,1400,3.82000,2.60397e-07,3.82000,2.60397e-07,3.82000,2.63619e-07,3.82000,0.000114286,3.82000,0.000114286,3.82000,0.000116246
3.83000,2.59132e-07,3.83000,0,3.83000,0,3.83000,0,3.83000,1.03655e-07,3.83000,0,3.83000,0.000114286,3.83000,0,3.83000,0,3.83000,0.000114286,3.83000,0.4,3.83000,1,3.83000,0,3.83000,0.4,3.83000,0,3.83000,5.01232,3.83000,0,3.83000,511.178,3.83000,0,3.83000,0.4,3.83000,0,3.83000,1400,3.83000,2.59132e-07,3.83000,2.59132e-07,3.83000,2.62108e-07,3.83000,0.000114286,3.83000,0.000114286,3.83000,0.000116276
3.84000,2.57867e-07,3.84000,0,3.84000,0,3.84000,0,3.84000,1.03149e-07,3.84000,0,3.84000,0.000114286,3.84000,0,3.84000,0,3.84000,0.000114286,3.84000,0.4,3.84000,1,3.84000,0,3.84000,0.4,3.84000,0,3.84000,5.01232,3.84000,0,3.84000,511.178,3.84000,0,3.84000,0.4,3.84000,0,3.84000,1400,3.84000,2.57867e-07,3.84000,2.57867e-07,3.84000,2.60597e-07,3.84000,0.000114286,3.84000,0.000114286,3.84000,0.000116306
3.85000,2.56601e-07,3.85000,0,3.85000,0,3.85000,0,3.85000,1.02643e-07,3.85000,0,3.85000,0.000114286,3.85000,0,3.85000,0,3.85000,0.000114286,3.85000,0.4,3.85000,1,3.85000,0,3.85000,0.4,3.85000,0,3.85000,5.01232,3.85000,0,3.85000,511.178,3.85000,0,3.85000,0.4,3.85000,0,3.85000,1400,3.85000,2.56601e-07,3.85000,2.56601e-07,3.85000,2.59087e-07,3.85000,0.000114286,3.85000,0.000114286,3.85000,0.000116337
3.86000,2.55336e-07,3.86000,0,3.86000,0,3.86000,0,3.86000,1.02137e-07,3.86000,0,3.86000,0.000114286,3.86000,0,3.86000,0,3.86000,0.000114286,3.86000,0.4,3.86000,1,3.86000,0,3.86000,0.4,3.86000,0,3.86000,5.01232,3.86000,0,3.86000,511.178,3.86000,0,3.86000,0.4,3.86000,0,3.86000,1400,3.86000,2.55336e-07,3.86000,2.55336e-07,3.86000,2.57576e-07,3.86000,0.000114286,3.86000,0.000114286,3.86000,0.000116367
3.87000,2.54071e-07,3.87000,0,3.87000,0,3.87000,0,3.87000,1.01631e-07,3.87000,0,3.87000,0.000114286,3.87000,0,3.87000,0,3.87000,0.000114286,3.87000,0.4,3.87000,1,3.87000,0,3.87000,0.4,3.87000,0,3.87000,5.01232,3.87000,0,3.87000,511.178,3.87000,0,3.87000,0.4,3.87000,0,3.87000,1400,3.87000,2.54071e-07,3.87000,2.54071e-07,3.87000,2.56065e-07,3.87000,0.000114286,3.87000,0.000114286,3.87000,0.000116398
3.88000,2.52806e-07,3.88000,0,3.88000,0,3.88000,0,3.88000,1.01125e-07,3.88000,0,3.88000,0.000114286,3.88000,0,3.88000,0,3.88000,0.000114286,3.88000,0.4,3.88000,1,3.88000,0,3.88000,0.4,3.88000,0,3.88000,5.01232,3.88000,0,3.88000,511.178,3.88000,0,3.88000,0.4,3.88000,0,3.88000,1400,3.88000,2.52806e-07,3.88000,2.52806e-07,3.88000,2.54554e-07,3.88000,0.000114286,3.88000,0.000114286,3.88000,0.000116428
3.89000,2.5154e-07,3.89000,0,3.89000,0,3.89000,0,3.89000,1.00619e-07,3.89000,0,3.89000,0.000114286,3.89000,0,3.89000,0,3.89000,0.000114286,3.89000,0.4,3.89000,1,3.89000,0,3.89000,0.4,3.89000,0,3.89000,5.01232,3.89000,0,3.89000,511.178,3.89000,0,3.89000,0.4,3.89000,0,3.89000,1400,3.89000,2.5154e-07,3.89000,2.5154e-07,3.89000,2.53044e-07,3.89000,0.000114286,3.89000,0.000114286,3.89000,0.000116458
3.90000,2.50275e-07,3.90000,0,3.90000,0,3.90000,0,3.90000,1.00113e-07,3.90000,0,3.90000,0.000114286,3.90000,0,3.90000,0,3.90000,0.000114286,3.90000,0.4,3.90000,1,3.90000,0,3.90000,0.4,3.90000,0,3.90000,5.01232,3.90000,0,3.90000,511.178,3.90000,0,3.90000,0.4,3.90000,0,3.90000,1400,3.90000,2.50275e-07,3.90000,2.50275e-07,3.90000,2.51533e-07,3.90000,0.000114286,3.90000,0.000114286,3.90000,0.000116489
3.91000,2.4901e-07,3.91000,0,3.91000,0,3.91000,0,3.91000,9.96064e-08,3.91000,0,3.91000,0.000114286,3.91000,0,3.91000,0,3.91000,0.000114286,3.91000,0.4,3.91000,1,3.91000,0,3.91000,0.4,3.91000,0,3.91000,5.01232,3.91000,0,3.91000,511.178,3.91000,0,3.91000,0.4,3.91000,0,3.91000,1400,3.91000,2.4901e-07,3.91000,2.4901e-07,3.91000,2.50022e-07,3.91000,0.000114286,3.91000,0.000114286,3.91000,0.000116519
3.92000,2.47745e-07,3.92000,0,3.92000,0,3.92000,0,3.92000,9.91003e-08,3.92000,0,3.92000,0.000114286,3.92000,0,3.92000,0,3.92000,0.000114286,3.92000,0.4,3.92000,1,3.92000,0,3.92000,0.4,3.92000,0,3.92000,5.01232,3.92000,0,3.92000,511.178,3.92000,0,3.92000,0.4,3.92000,0,3.92000,1400,3.92000,2.47745e-07,3.92000,2.47745e-07,3.92000,2.48511e-07,3.92000,0.000114286,3.92000,0.000114286,3.92000,0.000116549
3.93000,2.46479e-07,3.93000,0,3.93000,0,3.93000,0,3.93000,9.85942e-08,3.93000,0,3.93000,0.000114286,3.93000,0,3.93000,0,3.93000,0.000114286,3.93000,0.4,3.93000,1,3.93000,0,3.93000,0.4,3.93000,0,3.93000,5.01232,3.93000,0,3.93000,511.178,3.93000,0,3.93000,0.4,3.93000,0,3.93000,1400,3.93000,2.46479e-07,3.93000,2.46479e-07,3.93000,2.47001e-07,3.93000,0.000114286,3.93000,0.000114286,3.93000,0.00011658
3.94000,2.45214e-07,3.94000,0,3.94000,0,3.94000,0,3.94000,9.80881e-08,3.94000,0,3.94000,0.000114286,3.94000,0,3.94000,0,3.94000,0.000114286,3.94000,0.4,3.94000,1,3.94000,0,3.94000,0.4,3.94000,0,3.94000,5.01232,3.94000,0,3.94000,511.178,3.94000,0,3.94000,0.4,3.94000,0,3.94000,1400,3.94000,2.45214e-07,3.94000,2.45214e-07,3.94000,2.4549e-07,3.94000,0.000114286,3.94000,0.000114286,3.94000,0.00011661
3.95000,2.44614e-07,3.95000,0,3.95000,0,3.95000,0,3.95000,9.78482e-08,3.95000,0,3.95000,0.000114286,3.95000,0,3.95000,0,3.95000,0.000114286,3.95000,0.4,3.95000,1,3.95000,0,3.95000,0.4,3.95000,0,3.95000,5.01232,3.95000,0,3.95000,511.178,3.95000,0,3.95000,0.4,3.95000,0,3.95000,1400,3.95000,2.44614e-07,3.95000,2.44614e-07,3.95000,2.44905e-07,3.95000,0.000114286,3.95000,0.000114286,3.95000,0.000116663
3.96000,2.44311e-07,3.96000,0,3.96000,0,3.96000,0,3.96000,9.77267e-08,3.96000,0,3.96000,0.000114286,3.96000,0,3.96000,0,3.96000,0.000114286,3.96000,0.4,3.96000,1,3.96000,0,3.96000,0.4,3.96000,0,3.96000,5.01232,3.96000,0,3.96000,511.178,3.96000,0,3.96000,0.4,3.96000,0,3.96000,1400,3.96000,2.44311e-07,3.96000,2.44311e-07,3.96000,2.44732e-07,3.96000,0.000114286,3.96000,0.000114286,3.96000,0.000116726
3.97000,2.44007e-07,3.97000,0,3.97000,0,3.97000,0,3.97000,9.76051e-08,3.97000,0,3.97000,0.000114286,3.97000,0,3.97000,0,3.97000,0.000114286,3.97000,0.4,3.97000,1,3.97000,0,3.97000,0.4,3.97000,0,3.97000,5.01232,3.97000,0,3.97000,511.178,3.97000,0,3.97000,0.4,3.97000,0,3.97000,1400,3.97000,2.44007e-07,3.97000,2.44007e-07,3.97000,2.44559e-07,3.97000,0.000114286,3.97000,0.000114286,3.97000,0.000116789
3.98000,2.43703e-07,3.98000,0,3.98000,0,3.98000,0,3.98000,9.74836e-08,3.98000,0,3.98000,0.000114286,3.98000,0,3.98000,0,3.98000,0.000114286,3.98000,0.4,3.98000,1,3.98000,0,3.98000,0.4,3.98000,0,3.98000,5.01232,3.98000,0,3.98000,511.178,3.98000,0,3.98000,0.4,3.98000,0,3.98000,1400,3.98000,2.43703e-07,3.98000,2.43703e-07,3.98000,2.44386e-07,3.98000,0.000114286,3.98000,0.000114286,3.98000,0.000116852
3.99000,2.43399e-07,3.99000,0,3.99000,0,3.99000,0,3.99000,9.73621e-08,3.99000,0,3.99000,0.000114286,3.99000,0,3.99000,0,3.99000,0.000114286,3.99000,0.4,3.99000,1,3.99000,0,3.99000,0.4,3.99000,0,3.99000,5.01232,3.99000,0,3.99000,511.178,3.99000,0,3.99000,0.4,3.99000,0,3.99000,1400,3.99000,2.43399e-07,3.99000,2.43399e-07,3.99000,2.44213e-07,3.99000,0.000114286,3.99000,0.000114286,3.99000,0.000116915
4.00000,2.43095e-07,4.00000,0,4.00000,0,4.00000,0,4.00000,9.72406e-08,4.00000,0,4.00000,0.000114286,4.00000,0,4.00000,0,4.00000,0.000114286,4.00000,0.4,4.00000,1,4.00000,0,4.00000,0.4,4.00000,0,4.00000,5.01232,4.00000,0,4.00000,511.178,4.00000,0,4.00000,0.4,4.00000,0,4.00000,1400,4.00000,2.43095e-07,4.00000,2.43095e-07,4.00000,2.4404e-07,4.00000,0.000114286,4.00000,0.000114286,4.00000,0.000116978
4.01000,2.42792e-07,4.01000,0,4.01000,0,4.01000,0,4.01000,9.7119e-08,4.01000,0,4.01000,0.000114286,4.01000,0,4.01000,0,4.01000,0.000114286,4.01000,0.4,4.01000,1,4.01000,0,4.01000,0.4,4.01000,0,4.01000,5.01232,4.01000,0,4.01000,511.178,4.01000,0,4.01000,0.4,4.01000,0,4.01000,1400,4.01000,2.42792e-07,4.01000,2.42792e-07,4.01000,2.43867e-07,4.01000,0.000114286,4.01000,0.000114286,4.01000,0.000117041
4.02000,2.42488e-07,4.02000,0,4.02000,0,4.02000,0,4.02000,9.69975e-08,4.02000,0,4.02000,0.000114286,4.02000,0,4.02000,0,4.02000,0.000114286,4.02000,0.4,4.02000,1,4.02000,0,4.02000,0.4,4.02000,0,4.02000,5.01232,4.02000,0,4.02000,511.178,4.02000,0,4.02000,0.4,4.02000,0,4.02000,1400,4.02000,2.42488e-07,4.02000,2.42488e-07,4.02000,2.43695e-07,4.02000,0.000114286,4.02000,0.000114286,4.02000,0.000117104
4.03000,2.42184e-07,4.03000,0,4.03000,0,4.03000,0,4.03000,9.6876e-08,4.03000,0,4.03000,0.000114286,4.03000,0,4.03000,0,4.03000,0.000114286,4.03000,0.4,4.03000,1,4.03000,0,4.03000,0.4,4.03000,0,4.03000,5.01232,4.03000,0,4.03000,511.178,4.03000,0,4.03000,0.4,4.03000,0,4.03000,1400,4.03000,2.42184e-07,4.03000,2.42184e-07,4.03000,2.43522e-07,4.03000,0.000114286,4.03000,0.000114286,4.03000,0.000117167
4.04000,2.4188e-07,4.04000,0,4.04000,0,4.04000,0,4.04000,9.67545e-08,4.04000,0,4.04000,0.000114286,4.04000,0,4.04000,0,4.04000,0.000114286,4.04000,0.4,4.04000,1,4.04000,0,4.04000,0.4,4.04000,0,4.04000,5.01232,4.04000,0,4.04000,511.178,4.04000,0,4.04000,0.4,4.04000,0,4.04000,1400,4.04000,2.4188e-07,4.04000,2.4188e-07,4.04000,2.43349e-07,4.04000,0.000114286,4.04000,0.000114286,4.04000,0.00011723
4.05000,2.41576e-07,4.05000,0,4.05000,0,4.05000,0,4.05000,9.66329e-08,4.05000,0,4.05000,0.000114286,4.05000,0,4.05000,0,4.05000,0.000114286,4.05000,0.4,4.05000,1,4.05000,0,4.05000,0.4,4.05000,0,4.05000,5.01232,4.05000,0,4.05000,511.178,4.05000,0,4.05000,0.4,4.05000,0,4.05000,1400,4.05000,2.41576e-07,4.05000,2.41576e-07,4.05000,2.43176e-07,4.05000,0.000114286,4.05000,0.000114286,4.05000,0.000117293
4.06000,2.41273e-07,4.06000,0,4.06000,0,4.06000,0,4.06000,9.65114e-08,4.06000,0,4.06000,0.000114286,4.06000,0,4.06000,0,4.06000,0.000114286,4.06000,0.4,4.06000,1,4.06000,0,4.06000,0.4,4.06000,0,4.06000,5.01232,4.06000,0,4.06000,511.178,4.06000,0,4.06000,0.4,4.06000,0,4.06000,1400,4.06000,2.41273e-07,4.06000,2.41273e-07,4.06000,2.43003e-07,4.06000,0.000114286,4.06000,0.000114286,4.06000,0.000117356
4.07000,2.40969e-07,4.07000,0,4.07000,0,4.07000,0,4.07000,9.63899e-08,4.07000,0,4.07000,0.000114286,4.07000,0,4.07000,0,4.07000,0.000114286,4.07000,0.4,4.07000,1,4.07000,0,4.07000,0.4,4.07000,0,4.07000,5.01232,4.07000,0,4.07000,511.178,4.07000,0,4.07000,0.4,4.07000,0,4.07000,1400,4.07000,2.40969e-07,4.07000,2.40969e-07,4.07000,2.4283e-07,4.07000,0.000114286,4.07000,0.000114286,4.07000,0.000117419
4.08000,2.40665e-07,4.08000,0,4.08000,0,4.08000,0,4.08000,9.62684e-08,4.08000,0,4.08000,0.000114286,4.08000,0,4.08000,0,4.08000,0.000114286,4.08000,0.4,4.08000,1,4.08000,0,4.08000,0.4,4.08000,0,4.08000,5.01232,4.08000,0,4.08000,511.178,4.08000,0,4.08000,0.4,4.08000,0,4.08000,1400,4.08000,2.40665e-07,4.08000,2.40665e-07,4.08000,2.42657e-07,4.08000,0.000114286,4.08000,0.000114286,4.08000,0.000117482
4.09000,2.40361e-07,4.09000,0,4.09000,0,4.09000,0,4.09000,9.61469e-08,4.09000,0,4.09000,0.000114286,4.09000,0,4.09000,0,4.09000,0.000114286,4.09000,0.4,4.09000,1,4.09000,0,4.09000,0.4,4.09000,0,4.09000,5.01232,4.09000,0,4.09000,511.178,4.09000,0,4.09000,0.4,4.09000,0,4.09000,1400,4.09000,2.40361e-07,4.09000,2.40361e-07,4.09000,2.42484e-07,4.09000,0.000114286,4.09000,0.000114286,4.09000,0.000117545
4.10000,2.40057e-07,4.10000,0,4.10000,0,4.10000,0,4.10000,9.60253e-08,4.10000,0,4.10000,0.000114286,4.10000,0,4.10000,0,4.10000,0.000114286,4.10000,0.4,4.10000,1,4.10000,0,4.10000,0.4,4.10000,0,4.10000,5.01232,4.10000,0,4.10000,511.178,4.10000,0,4.10000,0.4,4.10000,0,4.10000,1400,4.10000,2.40057e-07,4.10000,2.40057e-07,4.10000,2.42311e-07,4.10000,0.000114286,4.10000,0.000114286,4.10000,0.000117608
4.11000,2.39754e-07,4.11000,0,4.11000,0,4.11000,0,4.11000,9.59038e-08,4.11000,0,4.11000,0.000114286,4.11000,0,4.11000,0,4.11000,0.000114286,4.11000,0.4,4.11000,1,4.11000,0,4.11000,0.4,4.11000,0,4.11000,5.01232,4.11000,0,4.11000,511.178,4.11000,0,4.11000,0.4,4.11000,0,4.11000,1400,4.11000,2.39754e-07,4.11000,2.39754e-07,4.11000,2.42138e-07,4.11000,0.000114286,4.11000,0.000114286,4.11000,0.000117671
4.12000,2.3945e-07,4.12000,0,4.12000,0,4.12000,0,4.12000,9.57823e-08,4.12000,0,4.12000,0.000114286,4.12000,0,4.12000,0,4.12000,0.000114286,4.12000,0.4,4.12000,1,4.12000,0,4.12000,0.4,4.12000,0,4.12000,5.01232,4.12000,0,4.12000,511.178,4.12000,0,4.12000,0.4,4.12000,0,4.12000,1400,4.12000,2.3945e-07,4.12000,2.3945e-07,4.12000,2.41965e-07,4.12000,0.000114286,4.12000,0.000114286,4.12000,0.000117734
4.13000,2.39146e-07,4.13000,0,4.13000,0,4.13000,0,4.13000,9.56608e-08,4.13000,0,4.13000,0.000114286,4.13000,0,4.13000,0,4.13000,0.000114286,4.13000,0.4,4.13000,1,4.13000,0,4.13000,0.4,4.13000,0,4.13000,5.01232,4.13000,0,4.13000,511.178,4.13000,0,4.13000,0.4,4.13000,0,4.13000,1400,4.13000,2.39146e-07,4.13000,2.39146e-07,4.13000,2.41792e-07,4.13000,0.000114286,4.13000,0.000114286,4.13000,0.000117797
4.14000,2.38842e-07,4.14000,0,4.14000,0,4.14000,0,4.14000,9.55392e-08,4.14000,0,4.14000,0.000114286,4.14000,0,4.14000,0,4.14000,0.000114286,4.14000,0.4,4.14000,1,4.14000,0,4.14000,0.4,4.14000,0,4.14000,5.01232,4.14000,0,4.14000,511.178,4.14000,0,4.14000,0.4,4.14000,0,4.14000,1400,4.14000,2.38842e-07,4.14000,2.38842e-07,4.14000,2.4162e-07,4.14000,0.000114286,4.14000,0.000114286,4.14000,0.00011786
4.15000,2.38538e-07,4.15000,0,4.15000,0,4.15000,0,4.15000,9.54177e-08,4.15000,0,4.15000,0.000114286,4.15000,0,4.15000,0,4.15000,0.000114286,4.15000,0.4,4.15000,1,4.15000,0,4.15000,0.4,4.15000,0,4.15000,5.01232,4.15000,0,4.15000,511.178,4.15000,0,4.15000,0.4,4.15000,0,4.15000,1400,4.15000,2.38538e-07,4.15000,2.38538e-07,4.15000,2.41447e-07,4.15000,0.000114286,4.15000,0.000114286,4.15000,0.000117923
4.16000,2.38235e-07,4.16000,0,4.16000,0,4.16000,0,4.16000,9.52962e-08,4.16000,0,4.16000,0.000114286,4.16000,0,4.16000,0,4.16000,0.000114286,4.16000,0.4,4.16000,1,4.16000,0,4.16000,0.4,4.16000,0,4.16000,5.01232,4.16000,0,4.16000,511.178,4.16000,0,4.16000,0.4,4.16000,0,4.16000,1400,4.16000,2.38235e-07,4.16000,2.38235e-07,4.16000,2.41274e-07,4.16000,0.000114286,4.16000,0.000114286,4.16000,0.000117986
4.17000,2.37931e-07,4.17000,0,4.17000,0,4.17000,0,4.17000,9.51747e-08,4.17000,0,4.17000,0.000114286,4.17000,0,4.17000,0,4.17000,0.000114286,4.17000,0.4,4.17000,1,4.17000,0,4.17000,0.4,4.17000,0,4.17000,5.01232,4.17000,0,4.17000,511.178,4.17000,0,4.17000,0.4,4.17000,0,4.17000,1400,4.17000,2.37931e-07,4.17000,2.37931e-07,4.17000,2.41101e-07,4.17000,0.000114286,4.17000,0.000114286,4.17000,0.000118049
4.18000,2.37627e-07,4.18000,0,4.18000,0,4.18000,0,4.18000,9.50532e-08,4.18000,0,4.18000,0.000114286,4.18000,0,4.18000,0,4.18000,0.000114286,4.18000,0.4,4.18000,1,4.18000,0,4.18000,0.4,4.18000,0,4.18000,5.01232,4.18000,0,4.18000,511.178,4.18000,0,4.18000,0.4,4.18000,0,4.18000,1400,4.18000,2.37627e-07,4.18000,2.37627e-07,4.18000,2.40928e-07,4.18000,0.000114286,4.18000,0.000114286,4.18000,0.000118113
4.19000,2.37323e-07,4.19000,0,4.19000,0,4.19000,0,4.19000,9.49316e-08,4.19000,0,4.19000,0.000114286,4.19000,0,4.19000,0,4.19000,0.000114286,4.19000,0.4,4.19000,1,4.19000,0,4.19000,0.4,4.19000,0,4.19000,5.01232,4.19000,0,4.19000,511.178,4.19000,0,4.19000,0.4,4.19000,0,4.19000,1400,4.19000,2.37323e-07,4.19000,2.37323e-07,4.19000,2.40755e-07,4.19000,0.000114286,4.19000,0.000114286,4.19000,0.000118176
4.20000,2.37019e-07,4.20000,0,4.20000,0,4.20000,0,4.20000,9.48101e-08,4.20000,0,4.20000,0.000114286,4.20000,0,4.20000,0,4.20000,0.000114286,4.20000,0.4,4.20000,1,4.20000,0,4.20000,0.4,4.20000,0,4.20000,5.01232,4.20000,0,4.20000,511.178,4.20000,0,4.20000,0.4,4.20000,0,4.20000,1400,4.20000,2.37019e-07,4.20000,2.37019e-07,4.20000,2.40582e-07,4.20000,0.000114286,4.20000,0.000114286,4.20000,0.000118239
4.21000,2.36716e-07,4.21000,0,4.21000,0,4.21000,0,4.21000,9.46886e-08,4.21000,0,4.21000,0.000114286,4.21000,0,4.21000,0,4.21000,0.000114286,4.21000,0.4,4.21000,1,4.21000,0,4.21000,0.4,4.21000,0,4.21000,5.01232,4.21000,0,4.21000,511.178,4.21000,0,4.21000,0.4,4.21000,0,4.21000,1400,4.21000,2.36716e-07,4.21000,2.36716e-07,4.21000,2.40409e-07,4.21000,0.000114286,4.21000,0.000114286,4.21000,0.000118302
4.22000,2.36412e-07,4.22000,0,4.22000,0,4.22000,0,4.22000,9.45671e-08,4.22000,0,4.22000,0.000114286,4.22000,0,4.22000,0,4.22000,0.000114286,4.22000,0.4,4.22000,1,4.22000,0,4.22000,0.4,4.22000,0,4.22000,5.01232,4.22000,0,4.22000,511.178,4.22000,0,4.22000,0.4,4.22000,0,4.22000,1400,4.22000,2.36412e-07,4.22000,2.36412e-07,4.22000,2.40236e-07,4.22000,0.000114286,4.22000,0.000114286,4.22000,0.000118365
4.23000,2.36108e-07,4.23000,0,4.23000,0,4.23000,0,4.23000,9.44455e-08,4.23000,0,4.23000,0.000114286,4.23000,0,4.23000,0,4.23000,0.000114286,4.23000,0.4,4.23000,1,4.23000,0,4.23000,0.4,4.23000,0,4.23000,5.01232,4.23000,0,4.23000,511.178,4.23000,0,4.23000,0.4,4.23000,0,4.23000,1400,4.23000,2.36108e-07,4.23000,2.36108e-07,4.23000,2.40063e-07,4.23000,0.000114286,4.23000,0.000114286,4.23000,0.000118428
4.24000,2.35804e-07,4.24000,0,4.24000,0,4.24000,0,4.24000,9.4324e-08,4.24000,0,4.24000,0.000114286,4.24000,0,4.24000,0,4.24000,0.000114286,4.24000,0.4,4.24000,1,4.24000,0,4.24000,0.4,4.24000,0,4.24000,5.01232,4.24000,0,4.24000,511.178,4.24000,0,4.24000,0.4,4.24000,0,4.24000,1400,4.24000,2.35804e-07,4.24000,2.35804e-07,4.24000,2.3989e-07,4.24000,0.000114286,4.24000,0.000114286,4.24000,0.000118491
4.25000,2.355e-07,4.25000,0,4.25000,0,4.25000,0,4.25000,9.42025e-08,4.25000,0,4.25000,0.000114286,4.25000,0,4.25000,0,4.25000,0.000114286,4.25000,0.4,4.25000,1,4.25000,0,4.25000,0.4,4.25000,0,4.25000,5.01232,4.25000,0,4.25000,511.178,4.25000,0,4.25000,0.4,4.25000,0,4.25000,1400,4.25000,2.355e-07,4.25000,2.355e-07,4.25000,2.39717e-07,4.25000,0.000114286,4.25000,0.000114286,4.25000,0.000118554
4.26000,2.35197e-07,4.26000,0,4.26000,0,4.26000,0,4.26000,9.4081e-08,4.26000,0,4.26000,0.000114286,4.26000,0,4.26000,0,4.26000,0.000114286,4.26000,0.4,4.26000,1,4.26000,0,4.26000,0.4,4.26000,0,4.26000,5.01232,4.26000,0,4.26000,511.178,4.26000,0,4.26000,0.4,4.26000,0,4.26000,1400,4.26000,2.35197e-07,4.26000,2.35197e-07,4.26000,2.39544e-07,4.26000,0.000114286,4.26000,0.000114286,4.26000,0.000118617
4.27000,2.34893e-07,4.27000,0,4.27000,0,4.27000,0,4.27000,9.39595e-08,4.27000,0,4.27000,0.000114286,4.27000,0,4.27000,0,4.27000,0.000114286,4.27000,0.4,4.27000,1,4.27000,0,4.27000,0.4,4.27000,0,4.27000,5.01232,4.27000,0,4.27000,511.178,4.27000,0,4.27000,0.4,4.27000,0,4.27000,1400,4.27000,2.34893e-07,4.27000,2.34893e-07,4.27000,2.39372e-07,4.27000,0.000114286,4.27000,0.000114286,4.27000,0.00011868
4.28000,2.34589e-07,4.28000,0,4.28000,0,4.28000,0,4.28000,9.38379e-08,4.28000,0,4.28000,0.000114286,4.28000,0,4.28000,0,4.28000,0.000114286,4.28000,0.4,4.28000,1,4.28000,0,4.28000,0.4,4.28000,0,4.28000,5.01232,4.28000,0,4.28000,511.178,4.28000,0,4.28000,0.4,4.28000,0,4.28000,1400,4.28000,2.34589e-07,4.28000,2.34589e-07,4.28000,2.39199e-07,4.28000,0.000114286,4.28000,0.000114286,4.28000,0.000118743
4.29000,2.34285e-07,4.29000,0,4.29000,0,4.29000,0,4.29000,9.37164e-08,4.29000,0,4.29000,0.000114286,4.29000,0,4.29000,0,4.29000,0.000114286,4.29000,0.4,4.29000,1,4.29000,0,4.29000,0.4,4.29000,0,4.29000,5.01232,4.29000,0,4.29000,511.178,4.29000,0,4.29000,0.4,4.29000,0,4.29000,1400,4.29000,2.34285e-07,4.29000,2.34285e-07,4.29000,2.39026e-07,4.29000,0.000114286,4.29000,0.000114286,4.29000,0.000118806
4.30000,2.33981e-07,4.30000,0,4.30000,0,4.30000,0,4.30000,9.35949e-08,4.30000,0,4.30000,0.000114286,4.30000,0,4.30000,0,4.30000,0.000114286,4.30000,0.4,4.30000,1,4.30000,0,4.30000,0.4,4.30000,0,4.30000,5.01232,4.30000,0,4.30000,511.178,4.30000,0,4.30000,0.4,4.30000,0,4.30000,1400,4.30000,2.33981e-07,4.30000,2.33981e-07,4.30000,2.38853e-07,4.30000,0.000114286,4.30000,0.000114286,4.30000,0.000118869
4.31000,2.33678e-07,4.31000,0,4.31000,0,4.31000,0,4.31000,9.34734e-08,4.31000,0,4.31000,0.000114286,4.31000,0,4.31000,0,4.31000,0.000114286,4.31000,0.4,4.31000,1,4.31000,0,4.31000,0.4,4.31000,0,4.31000,5.01232,4.31000,0,4.31000,511.178,4.31000,0,4.31000,0.4,4.31000,0,4.31000,1400,4.31000,2.33678e-07,4.31000,2.33678e-07,4.31000,2.3868e-07,4.31000,0.000114286,4.31000,0.000114286,4.31000,0.000118932
4.32000,2.33374e-07,4.32000,0,4.32000,0,4.32000,0,4.32000,9.33518e-08,4.32000,0,4.32000,0.000114286,4.32000,0,4.32000,0,4.32000,0.000114286,4.32000,0.4,4.32000,1,4.32000,0,4.32000,0.4,4.32000,0,4.32000,5.01232,4.32000,0,4.32000,511.178,4.32000,0,4.32000,0.4,4.32000,0,4.32000,1400,4.32000,2.33374e-07,4.32000,2.33374e-07,4.32000,2.38507e-07,4.32000,0.000114286,4.32000,0.000114286,4.32000,0.000118995
4.33000,2.3307e-07,4.33000,0,4.33000,0,4.33000,0,4.33000,9.32303e-08,4.33000,0,4.33000,0.000114286,4.33000,0,4.33000,0,4.33000,0.000114286,4.33000,0.4,4.33000,1,4.33000,0,4.33000,0.4,4.33000,0,4.33000,5.01232,4.33000,0,4.33000,511.178,4.33000,0,4.33000,0.4,4.33000,0,4.33000,1400,4.33000,2.3307e-07,4.33000,2.3307e-07,4.33000,2.38334e-07,4.33000,0.000114286,4.33000,0.000114286,4.33000,0.000119058
4.34000,2.32766e-07,4.34000,0,4.34000,0,4.34000,0,4.34000,9.31088e-08,4.34000,0,4.34000,0.000114286,4.34000,0,4.34000,0,4.34000,0.000114286,4.34000,0.4,4.34000,1,4.34000,0,4.34000,0.4,4.34000,0,4.34000,5.01232,4.34000,0,4.34000,511.178,4.34000,0,4.34000,0.4,4.34000,0,4.34000,1400,4.34000,2.32766e-07,4.34000,2.32766e-07,4.34000,2.38161e-07,4.34000,0.000114286,4.34000,0.000114286,4.34000,0.000119121
4.35000,2.32462e-07,4.35000,0,4.35000,0,4.35000,0,4.35000,9.29873e-08,4.35000,0,4.35000,0.000114286,4.35000,0,4.35000,0,4.35000,0.000114286,4.35000,0.4,4.35000,1,4.35000,0,4.35000,0.4,4.35000,0,4.35000,5.01232,4.35000,0,4.35000,511.178,4.35000,0,4.35000,0.4,4.35000,0,4.35000,1400,4.35000,2.32462e-07,4.35000,2.32462e-07,4.35000,2.37988e-07,4.35000,0.000114286,4.35000,0.000114286,4.35000,0.000119184
4.36000,2.32159e-07,4.36000,0,4.36000,0,4.36000,0,4.36000,9.28658e-08,4.36000,0,4.36000,0.000114286,4.36000,0,4.36000,0,4.36000,0.000114286,4.36000,0.4,4.36000,1,4.36000,0,4.36000,0.4,4.36000,0,4.36000,5.01232,4.36000,0,4.36000,511.178,4.36000,0,4.36000,0.4,4.36000,0,4.36000,1400,4.36000,2.32159e-07,4.36000,2.32159e-07,4.36000,2.37815e-07,4.36000,0.000114286,4.36000,0.000114286,4.36000,0.000119247
4.37000,2.31855e-07,4.37000,0,4.37000,0,4.37000,0,4.37000,9.27442e-08,4.37000,0,4.37000,0.000114286,4.37000,0,4.37000,0,4.37000,0.000114286,4.37000,0.4,4.37000,1,4.37000,0,4.37000,0.4,4.37000,0,4.37000,5.01232,4.37000,0,4.37000,511.178,4.37000,0,4.37000,0.4,4.37000,0,4.37000,1400,4.37000,2.31855e-07,4.37000,2.31855e-07,4.37000,2.37642e-07,4.37000,0.000114286,4.37000,0.000114286,4.37000,0.00011931
4.38000,2.31551e-07,4.38000,0,4.38000,0,4.38000,0,4.38000,9.26227e-08,4.38000,0,4.38000,0.000114286,4.38000,0,4.38000,0,4.38000,0.000114286,4.38000,0.4,4.38000,1,4.38000,0,4.38000,0.4,4.38000,0,4.38000,5.01232,4.38000,0,4.38000,511.178,4.38000,0,4.38000,0.4,4.38000,0,4.38000,1400,4.38000,2.31551e-07,4.38000,2.31551e-07,4.38000,2.37469e-07,4.38000,0.000114286,4.38000,0.000114286,4.38000,0.000119373
4.39000,2.31247e-07,4.39000,0,4.39000,0,4.39000,0,4.39000,9.25012e-08,4.39000,0,4.39000,0.000114286,4.39000,0,4.39000,0,4.39000,0.000114286,4.39000,0.4,4.39000,1,4.39000,0,4.39000,0.4,4.39000,0,4.39000,5.01232,4.39000,0,4.39000,511.178,4.39000,0,4.39000,0.4,4.39000,0,4.39000,1400,4.39000,2.31247e-07,4.39000,2.31247e-07,4.39000,2.37297e-07,4.39000,0.000114286,4.39000,0.000114286,4.39000,0.000119436
4.40000,2.30943e-07,4.40000,0,4.40000,0,4.40000,0,4.40000,9.23797e-08,4.40000,0,4.40000,0.000114286,4.40000,0,4.40000,0,4.40000,0.000114286,4.40000,0.4,4.40000,1,4.40000,0,4.40000,0.4,4.40000,0,4.40000,5.01232,4.40000,0,4.40000,511.178,4.40000,0,4.40000,0.4,4.40000,0,4.40000,1400,4.40000,2.30943e-07,4.40000,2.30943e-07,4.40000,2.37124e-07,4.40000,0.000114286,4.40000,0.000114286,4.40000,0.000119499
4.41000,2.3064e-07,4.41000,0,4.41000,0,4.41000,0,4.41000,9.22581e-08,4.41000,0,4.41000,0.000114286,4.41000,0,4.41000,0,4.41000,0.000114286,4.41000,0.4,4.41000,1,4.41000,0,4.41000,0.4,4.41000,0,4.41000,5.01232,4.41000,0,4.41000,511.178,4.41000,0,4.41000,0.4,4.41000,0,4.41000,1400,4.41000,2.3064e-07,4.41000,2.3064e-07,4.41000,2.36951e-07,4.41000,0.000114286,4.41000,0.000114286,4.41000,0.000119562
4.42000,2.30336e-07,4.42000,0,4.42000,0,4.42000,0,4.42000,9.21366e-08,4.42000,0,4.42000,0.000114286,4.42000,0,4.42000,0,4.42000,0.000114286,4.42000,0.4,4.42000,1,4.42000,0,4.42000,0.4,4.42000,0,4.42000,5.01232,4.42000,0,4.42000,511.178,4.42000,0,4.42000,0.4,4.42000,0,4.42000,1400,4.42000,2.30336e-07,4.42000,2.30336e-07,4.42000,2.36778e-07,4.42000,0.000114286,4.42000,0.000114286,4.42000,0.000119625
4.43000,2.30032e-07,4.43000,0,4.43000,0,4.43000,0,4.43000,9.20151e-08,4.43000,0,4.43000,0.000114286,4.43000,0,4.43000,0,4.43000,0.000114286,4.43000,0.4,4.43000,1,4.43000,0,4.43000,0.4,4.43000,0,4.43000,5.01232,4.43000,0,4.43000,511.178,4.43000,0,4.43000,0.4,4.43000,0,4.43000,1400,4.43000,2.30032e-07,4.43000,2.30032e-07,4.43000,2.36605e-07,4.43000,0.000114286,4.43000,0.000114286,4.43000,0.000119688
4.44000,2.29728e-07,4.44000,0,4.44000,0,4.44000,0,4.44000,9.18936e-08,4.44000,0,4.44000,0.000114286,4.44000,0,4.44000,0,4.44000,0.000114286,4.44000,0.4,4.44000,1,4.44000,0,4.44000,0.4,4.44000,0,4.44000,5.01232,4.44000,0,4.44000,511.178,4.44000,0,4.44000,0.4,4.44000,0,4.44000,1400,4.44000,2.29728e-07,4.44000,2.29728e-07,4.44000,2.36432e-07,4.44000,0.000114286,4.44000,0.000114286,4.44000,0.000119751
4.45000,2.29575e-07,4.45000,0,4.45000,0,4.45000,0,4.45000,9.18322e-08,4.45000,0,4.45000,0.000114286,4.45000,0,4.45000,0,4.45000,0.000114286,4.45000,0.4,4.45000,1,4.45000,0,4.45000,0.4,4.45000,0,4.45000,5.01232,4.45000,0,4.45000,511.178,4.45000,0,4.45000,0.4,4.45000,0,4.45000,1400,4.45000,2.29575e-07,4.45000,2.29575e-07,4.45000,2.36124e-07,4.45000,0.000114286,4.45000,0.000114286,4.45000,0.000119789
4.46000,2.29488e-07,4.46000,0,4.46000,0,4.46000,0,4.46000,9.17975e-08,4.46000,0,4.46000,0.000114286,4.46000,0,4.46000,0,4.46000,0.000114286,4.46000,0.4,4.46000,1,4.46000,0,4.46000,0.4,4.46000,0,4.46000,5.01232,4.46000,0,4.46000,511.178,4.46000,0,4.46000,0.4,4.46000,0,4.46000,1400,4.46000,2.29488e-07,4.46000,2.29488e-07,4.46000,2.35756e-07,4.46000,0.000114286,4.46000,0.000114286,4.46000,0.000119815
4.47000,2.29401e-07,4.47000,0,4.47000,0,4.47000,0,4.47000,9.17628e-08,4.47000,0,4.47000,0.000114286,4.47000,0,4.47000,0,4.47000,0.000114286,4.47000,0.4,4.47000,1,4.47000,0,4.47000,0.4,4.47000,0,4.47000,5.01232,4.47000,0,4.47000,511.178,4.47000,0,4.47000,0.4,4.47000,0,4.47000,1400,4.47000,2.29401e-07,4.47000,2.29401e-07,4.47000,2.35388e-07,4.47000,0.000114286,4.47000,0.000114286,4.47000,0.000119841
4.48000,2.29315e-07,4.48000,0,4.48000,0,4.48000,0,4.48000,9.17282e-08,4.48000,0,4.48000,0.000114286,4.48000,0,4.48000,0,4.48000,0.000114286,4.48000,0.4,4.48000,1,4.48000,0,4.48000,0.4,4.48000,0,4.48000,5.01232,4.48000,0,4.48000,511.178,4.48000,0,4.48000,0.4,4.48000,0,4.48000,1400,4.48000,2.29315e-07,4.48000,2.29315e-07,4.48000,2.3502e-07,4.48000,0.000114286,4.48000,0.000114286,4.48000,0.000119868
4.49000,2.29228e-07,4.49000,0,4.49000,0,4.49000,0,4.49000,9.16935e-08,4.49000,0,4.49000,0.000114286,4.49000,0,4.49000,0,4.49000,0.000114286,4.49000,0.4,4.49000,1,4.49000,0,4.49000,0.4,4.49000,0,4.49000,5.01232,4.49000,0,4.49000,511.178,4.49000,0,4.49000,0.4,4.49000,0,4.49000,1400,4.49000,2.29228e-07,4.49000,2.29228e-07,4.49000,2.34652e-07,4.49000,0.000114286,4.49000,0.000114286,4.49000,0.000119894
4.50000,2.29141e-07,4.50000,0,4.50000,0,4.50000,0,4.50000,9.16589e-08,4.50000,0,4.50000,0.000114286,4.50000,0,4.50000,0,4.50000,0.000114286,4.50000,0.4,4.50000,1,4.50000,0,4.50000,0.4,4.50000,0,4.50000,5.01232,4.50000,0,4.50000,511.178,4.50000,0,4.50000,0.4,4.50000,0,4.50000,1400,4.50000,2.29141e-07,4.50000,2.29141e-07,4.50000,2.34284e-07,4.50000,0.000114286,4.50000,0.000114286,4.50000,0.000119921
4.51000,2.29055e-07,4.51000,0,4.51000,0,4.51000,0,4.51000,9.16242e-08,4.51000,0,4.51000,0.000114286,4.51000,0,4.51000,0,4.51000,0.000114286,4.51000,0.4,4.51000,1,4.51000,0,4.51000,0.4,4.51000,0,4.51000,5.01232,4.51000,0,4.51000,511.178,4.51000,0,4.51000,0.4,4.51000,0,4.51000,1400,4.51000,2.29055e-07,4.51000,2.29055e-07,4.51000,2.33916e-07,4.51000,0.000114286,4.51000,0.000114286,4.51000,0.000119947
4.52000,2.28968e-07,4.52000,0,4.52000,0,4.52000,0,4.52000,9.15895e-08,4.52000,0,4.52000,0.000114286,4.52000,0,4.52000,0,4.52000,0.000114286,4.52000,0.4,4.52000,1,4.52000,0,4.52000,0.4,4.52000,0,4.52000,5.01232,4.52000,0,4.52000,511.178,4.52000,0,4.52000,0.4,4.52000,0,4.52000,1400,4.52000,2.28968e-07,4.52000,2.28968e-07,4.52000,2.33548e-07,4.52000,0.000114286,4.52000,0.000114286,4.52000,0.000119973
4.53000,2.28881e-07,4.53000,0,4.53000,0,4.53000,0,4.53000,9.15549e-08,4.53000,0,4.53000,0.000114286,4.53000,0,4.53000,0,4.53000,0.000114286,4.53000,0.4,4.53000,1,4.53000,0,4.53000,0.4,4.53000,0,4.53000,5.01232,4.53000,0,4.53000,511.178,4.53000,0,4.53000,0.4,4.53000,0,4.53000,1400,4.53000,2.28881e-07,4.53000,2.28881e-07,4.53000,2.3318e-07,4.53000,0.000114286,4.53000,0.000114286,4.53000,0.00012
4.54000,2.28795e-07,4.54000,0,4.54000,0,4.54000,0,4.54000,9.15202e-08,4.54000,0,4.54000,0.000114286,4.54000,0,4.54000,0,4.54000,0.000114286,4.54000,0.4,4.54000,1,4.54000,0,4.54000,0.4,4.54000,0,4.54000,5.01232,4.54000,0,4.54000,511.178,4.54000,0,4.54000,0.4,4.54000,0,4.54000,1400,4.54000,2.28795e-07,4.54000,2.28795e-07,4.54000,2.32813e-07,4.54000,0.000114286,4.54000,0.000114286,4.54000,0.000120026
4.55000,2.28708e-07,4.55000,0,4.55000,0,4.55000,0,4.55000,9.14855e-08,4.55000,0,4.55000,0.000114286,4.55000,0,4.55000,0,4.55000,0.000114286,4.55000,0.4,4.55000,1,4.55000,0,4.55000,0.4,4.55000,0,4.55000,5.01232,4.55000,0,4.55000,511.178,4.55000,0,4.55000,0.4,4.55000,0,4.55000,1400,4.55000,2.28708e-07,4.55000,2.28708e-07,4.55000,2.32445e-07,4.55000,0.000114286,4.55000,0.000114286,4.55000,0.000120053
4.56000,2.28621e-07,4.56000,0,4.56000,0,4.56000,0,4.56000,9.14509e-08,4.56000,0,4.56000,0.000114286,4.56000,0,4.56000,0,4.56000,0.000114286,4.56000,0.4,4.56000,1,4.56000,0,4.56000,0.4,4.56000,0,4.56000,5.01232,4.56000,0,4.56000,511.178,4.56000,0,4.56000,0.4,4.56000,0,4.56000,1400,4.56000,2.28621e-07,4.56000,2.28621e-07,4.56000,2.32077e-07,4.56000,0.000114286,4.56000,0.000114286,4.56000,0.000120079
4.57000,2.28535e-07,4.57000,0,4.57000,0,4.57000,0,4.57000,9.14162e-08,4.57000,0,4.57000,0.000114286,4.57000,0,4.57000,0,4.57000,0.000114286,4.57000,0.4,4.57000,1,4.57000,0,4.57000,0.4,4.57000,0,4.57000,5.01232,4.57000,0,4.57000,511.178,4.57000,0,4.57000,0.4,4.57000,0,4.57000,1400,4.57000,2.28535e-07,4.57000,2.28535e-07,4.57000,2.31709e-07,4.57000,0.000114286,4.57000,0.000114286,4.57000,0.000120105
4.58000,2.28448e-07,4.58000,0,4.58000,0,4.58000,0,4.58000,9.13815e-08,4.58000,0,4.58000,0.000114286,4.58000,0,4.58000,0,4.58000,0.000114286,4.58000,0.4,4.58000,1,4.58000,0,4.58000,0.4,4.58000,0,4.58000,5.01232,4.58000,0,4.58000,511.178,4.58000,0,4.58000,0.4,4.58000,0,4.58000,1400,4.58000,2.28448e-07,4.58000,2.28448e-07,4.58000,2.31341e-07,4.58000,0.000114286,4.58000,0.000114286,4.58000,0.000120132
4.59000,2.28361e-07,4.59000,0,4.59000,0,4.59000,0,4.59000,9.13469e-08,4.59000,0,4.59000,0.000114286,4.59000,0,4.59000,0,4.59000,0.000114286,4.59000,0.4,4.59000,1,4.59000,0,4.59000,0.4,4.59000,0,4.59000,5.01232,4.59000,0,4.59000,511.178,4.59000,0,4.59000,0.4,4.59000,0,4.59000,1400,4.59000,2.28361e-07,4.59000,2.28361e-07,4.59000,2.30973e-07,4.59000,0.000114286,4.59000,0.000114286,4.59000,0.000120158
4.60000,2.28275e-07,4.60000,0,4.60000,0,4.60000,0,4.60000,9.13122e-08,4.60000,0,4.60000,0.000114286,4.60000,0,4.60000,0,4.60000,0.000114286,4.60000,0.4,4.60000,1,4.60000,0,4.60000,0.4,4.60000,0,4.60000,5.01232,4.60000,0,4.60000,511.178,4.60000,0,4.60000,0.4,4.60000,0,4.60000,1400,4.60000,2.28275e-07,4.60000,2.28275e-07,4.60000,2.30605e-07,4.60000,0.000114286,4.60000,0.000114286,4.60000,0.000120185
4.61000,2.28188e-07,4.61000,0,4.61000,0,4.61000,0,4.61000,9.12776e-08,4.61000,0,4.61000,0.000114286,4.61000,0,4.61000,0,4.61000,0.000114286,4.61000,0.4,4.61000,1,4.61000,0,4.61000,0.4,4.61000,0,4.61000,5.01232,4.61000,0,4.61000,511.178,4.61000,0,4.61000,0.4,4.61000,0,4.61000,1400,4.61000,2.28188e-07,4.61000,2.28188e-07,4.61000,2.30237e-07,4.61000,0.000114286,4.61000,0.000114286,4.61000,0.000120211
4.62000,2.28102e-07,4.62000,0,4.62000,0,4.62000,0,4.62000,9.12429e-08,4.62000,0,4.62000,0.000114286,4.62000,0,4.62000,0,4.62000,0.000114286,4.62000,0.4,4.62000,1,4.62000,0,4.62000,0.4,4.62000,0,4.62000,5.01232,4.62000,0,4.62000,511.178,4.62000,0,4.62000,0.4,4.62000,0,4.62000,1400,4.62000,2.28102e-07,4.62000,2.28102e-07,4.62000,2.29869e-07,4.62000,0.000114286,4.62000,0.000114286,4.62000,0.000120237
4.63000,2.28015e-07,4.63000,0,4.63000,0,4.63000,0,4.63000,9.12082e-08,4.63000,0,4.63000,0.000114286,4.63000,0,4.63000,0,4.63000,0.000114286,4.63000,0.4,4.63000,1,4.63000,0,4.63000,0.4,4.63000,0,4.63000,5.01232,4.63000,0,4.63000,511.178,4.63000,0,4.63000,0.4,4.63000,0,4.63000,1400,4.63000,2.28015e-07,4.63000,2.28015e-07,4.63000,2.29501e-07,4.63000,0.000114286,4.63000,0.000114286,4.63000,0.000120264
4.64000,2.27928e-07,4.64000,0,4.64000,0,4.64000,0,4.64000,9.11736e-08,4.64000,0,4.64000,0.000114286,4.64000,0,4.64000,0,4.64000,0.000114286,4.64000,0.4,4.64000,1,4.64000,0,4.64000,0.4,4.64000,0,4.64000,5.01232,4.64000,0,4.64000,511.178,4.64000,0,4.64000,0.4,4.64000,0,4.64000,1400,4.64000,2.27928e-07,4.64000,2.27928e-07,4.64000,2.29133e-07,4.64000,0.000114286,4.64000,0.000114286,4.64000,0.00012029
4.65000,2.27842e-07,4.65000,0,4.65000,0,4.65000,0,4.65000,9.11389e-08,4.65000,0,4.65000,0.000114286,4.65000,0,4.65000,0,4.65000,0.000114286,4.65000,0.4,4.65000,1,4.65000,0,4.65000,0.4,4.65000,0,4.65000,5.01232,4.65000,0,4.65000,511.178,4.65000,0,4.65000,0.4,4.65000,0,4.65000,1400,4.65000,2.27842e-07,4.65000,2.27842e-07,4.65000,2.28765e-07,4.65000,0.000114286,4.65000,0.000114286,4.65000,0.000120317
4.66000,2.27755e-07,4.66000,0,4.66000,0,4.66000,0,4.66000,9.11042e-08,4.66000,0,4.66000,0.000114286,4.66000,0,4.66000,0,4.66000,0.000114286,4.66000,0.4,4.66000,1,4.66000,0,4.66000,0.4,4.66000,0,4.66000,5.01232,4.66000,0,4.66000,511.178,4.66000,0,4.66000,0.4,4.66000,0,4.66000,1400,4.66000,2.27755e-07,4.66000,2.27755e-07,4.66000,2.28397e-07,4.66000,0.000114286,4.66000,0.000114286,4.66000,0.000120343
4.67000,2.27668e-07,4.67000,0,4.67000,0,4.67000,0,4.67000,9.10696e-08,4.67000,0,4.67000,0.000114286,4.67000,0,4.67000,0,4.67000,0.000114286,4.67000,0.4,4.67000,1,4.67000,0,4.67000,0.4,4.67000,0,4.67000,5.01232,4.67000,0,4.67000,511.178,4.67000,0,4.67000,0.4,4.67000,0,4.67000,1400,4.67000,2.27668e-07,4.67000,2.27668e-07,4.67000,2.28029e-07,4.67000,0.000114286,4.67000,0.000114286,4.67000,0.000120369
4.68000,2.27582e-07,4.68000,0,4.68000,0,4.68000,0,4.68000,9.10349e-08,4.68000,0,4.68000,0.000114286,4.68000,0,4.68000,0,4.68000,0.000114286,4.68000,0.4,4.68000,1,4.68000,0,4.68000,0.4,4.68000,0,4.68000,5.01232,4.68000,0,4.68000,511.178,4.68000,0,4.68000,0.4,4.68000,0,4.68000,1400,4.68000,2.27582e-07,4.68000,2.27582e-07,4.68000,2.27661e-07,4.68000,0.000114286,4.68000,0.000114286,4.68000,0.000120396
4.69000,2.27495e-07,4.69000,0,4.69000,0,4.69000,0,4.69000,9.10002e-08,4.69000,0,4.69000,0.000114286,4.69000,0,4.69000,0,4.69000,0.000114286,4.69000,0.4,4.69000,1,4.69000,0,4.69000,0.4,4.69000,0,4.69000,5.01232,4.69000,0,4.69000,511.178,4.69000,0,4.69000,0.4,4.69000,0,4.69000,1400,4.69000,2.27495e-07,4.69000,2.27495e-07,4.69000,2.27293e-07,4.69000,0.000114286,4.69000,0.000114286,4.69000,0.000120422
4.70000,2.27408e-07,4.70000,0,4.70000,0,4.70000,0,4.70000,9.09656e-08,4.70000,0,4.70000,0.000114286,4.70000,0,4.70000,0,4.70000,0.000114286,4.70000,0.4,4.70000,1,4.70000,0,4.70000,0.4,4.70000,0,4.70000,5.01232,4.70000,0,4.70000,511.178,4.70000,0,4.70000,0.4,4.70000,0,4.70000,1400,4.70000,2.27408e-07,4.70000,2.27408e-07,4.70000,2.26925e-07,4.70000,0.000114286,4.70000,0.000114286,4.70000,0.000120449
4.71000,2.27322e-07,4.71000,0,4.71000,0,4.71000,0,4.71000,9.09309e-08,4.71000,0,4.71000,0.000114286,4.71000,0,4.71000,0,4.71000,0.000114286,4.71000,0.4,4.71000,1,4.71000,0,4.71000,0.4,4.71000,0,4.71000,5.01232,4.71000,0,4.71000,511.178,4.71000,0,4.71000,0.4,4.71000,0,4.71000,1400,4.71000,2.27322e-07,4.71000,2.27322e-07,4.71000,2.26557e-07,4.71000,0.000114286,4.71000,0.000114286,4.71000,0.000120475
4.72000,2.27235e-07,4.72000,0,4.72000,0,4.72000,0,4.72000,9.08963e-08,4.72000,0,4.72000,0.000114286,4.72000,0,4.72000,0,4.72000,0.000114286,4.72000,0.4,4.72000,1,4.72000,0,4.72000,0.4,4.72000,0,4.72000,5.01232,4.72000,0,4.72000,511.178,4.72000,0,4.72000,0.4,4.72000,0,4.72000,1400,4.72000,2.27235e-07,4.72000,2.27235e-07,4.72000,2.2619e-07,4.72000,0.000114286,4.72000,0.000114286,4.72000,0.000120501
4.73000,2.27148e-07,4.73000,0,4.73000,0,4.73000,0,4.73000,9.08616e-08,4.73000,0,4.73000,0.000114286,4.73000,0,4.73000,0,4.73000,0.000114286,4.73000,0.4,4.73000,1,4.73000,0,4.73000,0.4,4.73000,0,4.73000,5.01232,4.73000,0,4.73000,511.178,4.73000,0,4.73000,0.4,4.73000,0,4.73000,1400,4.73000,2.27148e-07,4.73000,2.27148e-07,4.73000,2.25822e-07,4.73000,0.000114286,4.73000,0.000114286,4.73000,0.000120528
4.74000,2.27062e-07,4.74000,0,4.74000,0,4.74000,0,4.74000,9.08269e-08,4.74000,0,4.74000,0.000114286,4.74000,0,4.74000,0,4.74000,0.000114286,4.74000,0.4,4.74000,1,4.74000,0,4.74000,0.4,4.74000,0,4.74000,5.01232,4.74000,0,4.74000,511.178,4.74000,0,4.74000,0.4,4.74000,0,4.74000,1400,4.74000,2.27062e-07,4.74000,2.27062e-07,4.74000,2.25454e-07,4.74000,0.000114286,4.74000,0.000114286,4.74000,0.000120554
4.75000,2.26975e-07,4.75000,0,4.75000,0,4.75000,0,4.75000,9.07923e-08,4.75000,0,4.75000,0.000114286,4.75000,0,4.75000,0,4.75000,0.000114286,4.75000,0.4,4.75000,1,4.75000,0,4.75000,0.4,4.75000,0,4.75000,5.01232,4.75000,0,4.75000,511.178,4.75000,0,4.75000,0.4,4.75000,0,4.75000,1400,4.75000,2.26975e-07,4.75000,2.26975e-07,4.75000,2.25086e-07,4.75000,0.000114286,4.75000,0.000114286,4.75000,0.000120581
4.76000,2.26888e-07,4.76000,0,4.76000,0,4.76000,0,4.76000,9.07576e-08,4.76000,0,4.76000,0.000114286,4.76000,0,4.76000,0,4.76000,0.000114286,4.76000,0.4,4.76000,1,4.76000,0,4.76000,0.4,4.76000,0,4.76000,5.01232,4.76000,0,4.76000,511.178,4.76000,0,4.76000,0.4,4.76000,0,4.76000,1400,4.76000,2.26888e-07,4.76000,2.26888e-07,4.76000,2.24718e-07,4.76000,0.000114286,4.76000,0.000114286,4.76000,0.000120607
4.77000,2.26802e-07,4.77000,0,4.77000,0,4.77000,0,4.77000,9.07229e-08,4.77000,0,4.77000,0.000114286,4.77000,0,4.77000,0,4.77000,0.000114286,4.77000,0.4,4.77000,1,4.77000,0,4.77000,0.4,4.77000,0,4.77000,5.01232,4.77000,0,4.77000,511.178,4.77000,0,4.77000,0.4,4.77000,0,4.77000,1400,4.77000,2.26802e-07,4.77000,2.26802e-07,4.77000,2.2435e-07,4.77000,0.000114286,4.77000,0.000114286,4.77000,0.000120633
4.78000,2.26715e-07,4.78000,0,4.78000,0,4.78000,0,4.78000,9.06883e-08,4.78000,0,4.78000,0.000114286,4.78000,0,4.78000,0,4.78000,0.000114286,4.78000,0.4,4.78000,1,4.78000,0,4.78000,0.4,4.78000,0,4.78000,5.01232,4.78000,0,4.78000,511.178,4.78000,0,4.78000,0.4,4.78000,0,4.78000,1400,4.78000,2.26715e-07,4.78000,2.26715e-07,4.78000,2.23982e-07,4.78000,0.000114286,4.78000,0.000114286,4.78000,0.00012066
4.79000,2.26628e-07,4.79000,0,4.79000,0,4.79000,0,4.79000,9.06536e-08,4.79000,0,4.79000,0.000114286,4.79000,0,4.79000,0,4.79000,0.000114286,4.79000,0.4,4.79000,1,4.79000,0,4.79000,0.4,4.79000,0,4.79000,5.01232,4.79000,0,4.79000,511.178,4.79000,0,4.79000,0.4,4.79000,0,4.79000,1400,4.79000,2.26628e-07,4.79000,2.26628e-07,4.79000,2.23614e-07,4.79000,0.000114286,4.79000,0.000114286,4.79000,0.000120686
4.80000,2.26542e-07,4.80000,0,4.80000,0,4.80000,0,4.80000,9.06189e-08,4.80000,0,4.80000,0.000114286,4.80000,0,4.80000,0,4.80000,0.000114286,4.80000,0.4,4.80000,1,4.80000,0,4.80000,0.4,4.80000,0,4.80000,5.01232,4.80000,0,4.80000,511.178,4.80000,0,4.80000,0.4,4.80000,0,4.80000,1400,4.80000,2.26542e-07,4.80000,2.26542e-07,4.80000,2.23246e-07,4.80000,0.000114286,4.80000,0.000114286,4.80000,0.000120713
4.81000,2.26455e-07,4.81000,0,4.81000,0,4.81000,0,4.81000,9.05843e-08,4.81000,0,4.81000,0.000114286,4.81000,0,4.81000,0,4.81000,0.000114286,4.81000,0.4,4.81000,1,4.81000,0,4.81000,0.4,4.81000,0,4.81000,5.01232,4.81000,0,4.81000,511.178,4.81000,0,4.81000,0.4,4.81000,0,4.81000,1400,4.81000,2.26455e-07,4.81000,2.26455e-07,4.81000,2.22878e-07,4.81000,0.000114286,4.81000,0.000114286,4.81000,0.000120739
4.82000,2.26368e-07,4.82000,0,4.82000,0,4.82000,0,4.82000,9.05496e-08,4.82000,0,4.82000,0.000114286,4.82000,0,4.82000,0,4.82000,0.000114286,4.82000,0.4,4.82000,1,4.82000,0,4.82000,0.4,4.82000,0,4.82000,5.01232,4.82000,0,4.82000,511.178,4.82000,0,4.82000,0.4,4.82000,0,4.82000,1400,4.82000,2.26368e-07,4.82000,2.26368e-07,4.82000,2.2251e-07,4.82000,0.000114286,4.82000,0.000114286,4.82000,0.000120765
4.83000,2.26282e-07,4.83000,0,4.83000,0,4.83000,0,4.83000,9.0515e-08,4.83000,0,4.83000,0.000114286,4.83000,0,4.83000,0,4.83000,0.000114286,4.83000,0.4,4.83000,1,4.83000,0,4.83000,0.4,4.83000,0,4.83000,5.01232,4.83000,0,4.83000,511.178,4.83000,0,4.83000,0.4,4.83000,0,4.83000,1400,4.83000,2.26282e-07,4.83000,2.26282e-07,4.83000,2.22142e-07,4.83000,0.000114286,4.83000,0.000114286,4.83000,0.000120792
4.84000,2.26195e-07,4.84000,0,4.84000,0,4.84000,0,4.84000,9.04803e-08,4.84000,0,4.84000,0.000114286,4.84000,0,4.84000,0,4.84000,0.000114286,4.84000,0.4,4.84000,1,4.84000,0,4.84000,0.4,4.84000,0,4.84000,5.01232,4.84000,0,4.84000,511.178,4.84000,0,4.84000,0.4,4.84000,0,4.84000,1400,4.84000,2.26195e-07,4.84000,2.26195e-07,4.84000,2.21774e-07,4.84000,0.000114286,4.84000,0.000114286,4.84000,0.000120818
4.85000,2.26108e-07,4.85000,0,4.85000,0,4.85000,0,4.85000,9.04456e-08,4.85000,0,4.85000,0.000114286,4.85000,0,4.85000,0,4.85000,0.000114286,4.85000,0.4,4.85000,1,4.85000,0,4.85000,0.4,4.85000,0,4.85000,5.01232,4.85000,0,4.85000,511.178,4.85000,0,4.85000,0.4,4.85000,0,4.85000,1400,4.85000,2.26108e-07,4.85000,2.26108e-07,4.85000,2.21406e-07,4.85000,0.000114286,4.85000,0.000114286,4.85000,0.000120845
4.86000,2.26022e-07,4.86000,0,4.86000,0,4.86000,0,4.86000,9.0411e-08,4.86000,0,4.86000,0.000114286,4.86000,0,4.86000,0,4.86000,0.000114286,4.86000,0.4,4.86000,1,4.86000,0,4.86000,0.4,4.86000,0,4.86000,5.01232,4.86000,0,4.86000,511.178,4.86000,0,4.86000,0.4,4.86000,0,4.86000,1400,4.86000,2.26022e-07,4.86000,2.26022e-07,4.86000,2.21038e-07,4.86000,0.000114286,4.86000,0.000114286,4.86000,0.000120871
4.87000,2.25935e-07,4.87000,0,4.87000,0,4.87000,0,4.87000,9.03763e-08,4.87000,0,4.87000,0.000114286,4.87000,0,4.87000,0,4.87000,0.000114286,4.87000,0.4,4.87000,1,4.87000,0,4.87000,0.4,4.87000,0,4.87000,5.01232,4.87000,0,4.87000,511.178,4.87000,0,4.87000,0.4,4.87000,0,4.87000,1400,4.87000,2.25935e-07,4.87000,2.25935e-07,4.87000,2.2067e-07,4.87000,0.000114286,4.87000,0.000114286,4.87000,0.000120897
4.88000,2.25848e-07,4.88000,0,4.88000,0,4.88000,0,4.88000,9.03416e-08,4.88000,0,4.88000,0.000114286,4.88000,0,4.88000,0,4.88000,0.000114286,4.88000,0.4,4.88000,1,4.88000,0,4.88000,0.4,4.88000,0,4.88000,5.01232,4.88000,0,4.88000,511.178,4.88000,0,4.88000,0.4,4.88000,0,4.88000,1400,4.88000,2.25848e-07,4.88000,2.25848e-07,4.88000,2.20302e-07,4.88000,0.000114286,4.88000,0.000114286,4.88000,0.000120924
4.89000,2.25762e-07,4.89000,0,4.89000,0,4.89000,0,4.89000,9.0307e-08,4.89000,0,4.89000,0.000114286,4.89000,0,4.89000,0,4.89000,0.000114286,4.89000,0.4,4.89000,1,4.89000,0,4.89000,0.4,4.89000,0,4.89000,5.01232,4.89000,0,4.89000,511.178,4.89000,0,4.89000,0.4,4.89000,0,4.89000,1400,4.89000,2.25762e-07,4.89000,2.25762e-07,4.89000,2.19934e-07,4.89000,0.000114286,4.89000,0.000114286,4.89000,0.00012095
4.90000,2.25675e-07,4.90000,0,4.90000,0,4.90000,0,4.90000,9.02723e-08,4.90000,0,4.90000,0.000114286,4.90000,0,4.90000,0,4.90000,0.000114286,4.90000,0.4,4.90000,1,4.90000,0,4.90000,0.4,4.90000,0,4.90000,5.01232,4.90000,0,4.90000,511.178,4.90000,0,4.90000,0.4,4.90000,0,4.90000,1400,4.90000,2.25675e-07,4.90000,2.25675e-07,4.90000,2.19566e-07,4.90000,0.000114286,4.90000,0.000114286,4.90000,0.000120977
4.91000,2.25588e-07,4.91000,0,4.91000,0,4.91000,0,4.91000,9.02376e-08,4.91000,0,4.91000,0.000114286,4.91000,0,4.91000,0,4.91000,0.000114286,4.91000,0.4,4.91000,1,4.91000,0,4.91000,0.4,4.91000,0,4.91000,5.01232,4.91000,0,4.91000,511.178,4.91000,0,4.91000,0.4,4.91000,0,4.91000,1400,4.91000,2.25588e-07,4.91000,2.25588e-07,4.91000,2.19199e-07,4.91000,0.000114286,4.91000,0.000114286,4.91000,0.000121003
4.92000,2.25502e-07,4.92000,0,4.92000,0,4.92000,0,4.92000,9.0203e-08,4.92000,0,4.92000,0.000114286,4.92000,0,4.92000,0,4.92000,0.000114286,4.92000,0.4,4.92000,1,4.92000,0,4.92000,0.4,4.92000,0,4.92000,5.01232,4.92000,0,4.92000,511.178,4.92000,0,4.92000,0.4,4.92000,0,4.92000,1400,4.92000,2.25502e-07,4.92000,2.25502e-07,4.92000,2.18831e-07,4.92000,0.000114286,4.92000,0.000114286,4.92000,0.00012103
4.93000,2.25415e-07,4.93000,0,4.93000,0,4.93000,0,4.93000,9.01683e-08,4.93000,0,4.93000,0.000114286,4.93000,0,4.93000,0,4.93000,0.000114286,4.93000,0.4,4.93000,1,4.93000,0,4.93000,0.4,4.93000,0,4.93000,5.01232,4.93000,0,4.93000,511.178,4.93000,0,4.93000,0.4,4.93000,0,4.93000,1400,4.93000,2.25415e-07,4.93000,2.25415e-07,4.93000,2.18463e-07,4.93000,0.000114286,4.93000,0.000114286,4.93000,0.000121056
4.94000,2.25328e-07,4.94000,0,4.94000,0,4.94000,0,4.94000,9.01337e-08,4.94000,0,4.94000,0.000114286,4.94000,0,4.94000,0,4.94000,0.000114286,4.94000,0.4,4.94000,1,4.94000,0,4.94000,0.4,4.94000,0,4.94000,5.01232,4.94000,0,4.94000,511.178,4.94000,0,4.94000,0.4,4.94000,0,4.94000,1400,4.94000,2.25328e-07,4.94000,2.25328e-07,4.94000,2.18095e-07,4.94000,0.000114286,4.94000,0.000114286,4.94000,0.000121082
4.95000,2.25285e-07,4.95000,0,4.95000,0,4.95000,0,4.95000,9.01161e-08,4.95000,0,4.95000,0.000114286,4.95000,0,4.95000,0,4.95000,0.000114286,4.95000,0.4,4.95000,1,4.95000,0,4.95000,0.4,4.95000,0,4.95000,5.01232,4.95000,0,4.95000,511.178,4.95000,0,4.95000,0.4,4.95000,0,4.95000,1400,4.95000,2.25285e-07,4.95000,2.25285e-07,4.95000,2.18069e-07,4.95000,0.000114286,4.95000,0.000114286,4.95000,0.000121
4.96000,2.2526e-07,4.96000,0,4.96000,0,4.96000,0,4.96000,9.01063e-08,4.96000,0,4.96000,0.000114286,4.96000,0,4.96000,0,4.96000,0.000114286,4.96000,0.4,4.96000,1,4.96000,0,4.96000,0.4,4.96000,0,4.96000,5.01232,4.96000,0,4.96000,511.178,4.96000,0,4.96000,0.4,4.96000,0,4.96000,1400,4.96000,2.2526e-07,4.96000,2.2526e-07,4.96000,2.18196e-07,4.96000,0.000114286,4.96000,0.000114286,4.96000,0.000120868
4.97000,2.25235e-07,4.97000,0,4.97000,0,4.97000,0,4.97000,9.00964e-08,4.97000,0,4.97000,0.000114286,4.97000,0,4.97000,0,4.97000,0.000114286,4.97000,0.4,4.97000,1,4.97000,0,4.97000,0.4,4.97000,0,4.97000,5.01232,4.97000,0,4.97000,511.178,4.97000,0,4.97000,0.4,4.97000,0,4.97000,1400,4.97000,2.25235e-07,4.97000,2.25235e-07,4.97000,2.18323e-07,4.97000,0.000114286,4.97000,0.000114286,4.97000,0.000120737
4.98000,2.25211e-07,4.98000,0,4.98000,0,4.98000,0,4.98000,9.00865e-08,4.98000,0,4.98000,0.000114286,4.98000,0,4.98000,0,4.98000,0.000114286,4.98000,0.4,4.98000,1,4.98000,0,4.98000,0.4,4.98000,0,4.98000,5.01232,4.98000,0,4.98000,511.178,4.98000,0,4.98000,0.4,4.98000,0,4.98000,1400,4.98000,2.25211e-07,4.98000,2.25211e-07,4.98000,2.1845e-07,4.98000,0.000114286,4.98000,0.000114286,4.98000,0.000120605
4.99000,2.25186e-07,4.99000,0,4.99000,0,4.99000,0,4.99000,9.00766e-08,4.99000,0,4.99000,0.000114286,4.99000,0,4.99000,0,4.99000,0.000114286,4.99000,0.4,4.99000,1,4.99000,0,4.99000,0.4,4.99000,0,4.99000,5.01232,4.99000,0,4.99000,511.178,4.99000,0,4.99000,0.4,4.99000,0,4.99000,1400,4.99000,2.25186e-07,4.99000,2.25186e-07,4.99000,2.18577e-07,4.99000,0.000114286,4.99000,0.000114286,4.99000,0.000120474
5.00000,2.25161e-07,5.00000,0,5.00000,0,5.00000,0,5.00000,9.00667e-08,5.00000,0,5.00000,0.000114286,5.00000,0,5.00000,0,5.00000,0.000114286,5.00000,0.4,5.00000,1,5.00000,0,5.00000,0.4,5.00000,0,5.00000,5.01232,5.00000,0,5.00000,511.178,5.00000,0,5.00000,0.4,5.00000,0,5.00000,1400,5.00000,2.25161e-07,5.00000,2.25161e-07,5.00000,2.18704e-07,5.00000,0.000114286,5.00000,0.000114286,5.00000,0.000120343
5.01000,2.25136e-07,5.01000,0,5.01000,0,5.01000,0,5.01000,9.00568e-08,5.01000,0,5.01000,0.000114286,5.01000,0,5.01000,0,5.01000,0.000114286,5.01000,0.4,5.01000,1,5.01000,0,5.01000,0.4,5.01000,0,5.01000,5.01232,5.01000,0,5.01000,511.178,5.01000,0,5.01000,0.4,5.01000,0,5.01000,1400,5.01000,2.25136e-07,5.01000,2.25136e-07,5.01000,2.18831e-07,5.01000,0.000114286,5.01000,0.000114286,5.01000,0.000120211
5.02000,2.25112e-07,5.02000,0,5.02000,0,5.02000,0,5.02000,9.00469e-08,5.02000,0,5.02000,0.000114286,5.02000,0,5.02000,0,5.02000,0.000114286,5.02000,0.4,5.02000,1,5.02000,0,5.02000,0.4,5.02000,0,5.02000,5.01232,5.02000,0,5.02000,511.178,5.02000,0,5.02000,0.4,5.02000,0,5.02000,1400,5.02000,2.25112e-07,5.02000,2.25112e-07,5.02000,2.18958e-07,5.02000,0.000114286,5.02000,0.000114286,5.02000,0.00012008
5.03000,2.25087e-07,5.03000,0,5.03000,0,5.03000,0,5.03000,9.00371e-08,5.03000,0,5.03000,0.000114286,5.03000,0,5.03000,0,5.03000,0.000114286,5.03000,0.4,5.03000,1,5.03000,0,5.03000,0.4,5.03000,0,5.03000,5.01232,5.03000,0,5.03000,511.178,5.03000,0,5.03000,0.4,5.03000,0,5.03000,1400,5.03000,2.25087e-07,5.03000,2.25087e-07,5.03000,2.19085e-07,5.03000,0.000114286,5.03000,0.000114286,5.03000,0.000119949
5.04000,2.25062e-07,5.04000,0,5.04000,0,5.04000,0,5.04000,9.00272e-08,5.04000,0,5.04000,0.000114286,5.04000,0,5.04000,0,5.04000,0.000114286,5.04000,0.4,5.04000,1,5.04000,0,5.04000,0.4,5.04000,0,5.04000,5.01232,5.04000,0,5.04000,511.178,5.04000,0,5.04000,0.4,5.04000,0,5.04000,1400,5.04000,2.25062e-07,5.04000,2.25062e-07,5.04000,2.19212e-07,5.04000,0.000114286,5.04000,0.000114286,5.04000,0.000119817
5.05000,2.25038e-07,5.05000,0,5.05000,0,5.05000,0,5.05000,9.00173e-08,5.05000,0,5.05000,0.000114286,5.05000,0,5.05000,0,5.05000,0.000114286,5.05000,0.4,5.05000,1,5.05000,0,5.05000,0.4,5.05000,0,5.05000,5.01232,5.05000,0,5.05000,511.178,5.05000,0,5.05000,0.4,5.05000,0,5.05000,1400,5.05000,2.25038e-07,5.05000,2.25038e-07,5.05000,2.19339e-07,5.05000,0.000114286,5.05000,0.000114286,5.05000,0.000119686
5.06000,2.25013e-07,5.06000,0,5.06000,0,5.06000,0,5.06000,9.00074e-08,5.06000,0,5.06000,0.000114286,5.06000,0,5.06000,0,5.06000,0.000114286,5.06000,0.4,5.06000,1,5.06000,0,5.06000,0.4,5.06000,0,5.06000,5.01232,5.06000,0,5.06000,511.178,5.06000,0,5.06000,0.4,5.06000,0,5.06000,1400,5.06000,2.25013e-07,5.06000,2.25013e-07,5.06000,2.19466e-07,5.06000,0.000114286,5.06000,0.000114286,5.06000,0.000119554
5.07000,2.24988e-07,5.07000,0,5.07000,0,5.07000,0,5.07000,8.99975e-08,5.07000,0,5.07000,0.000114286,5.07000,0,5.07000,0,5.07000,0.000114286,5.07000,0.4,5.07000,1,5.07000,0,5.07000,0.4,5.07000,0,5.07000,5.01232,5.07000,0,5.07000,511.178,5.07000,0,5.07000,0.4,5.07000,0,5.07000,1400,5.07000,2.24988e-07,5.07000,2.24988e-07,5.07000,2.19593e-07,5.07000,0.000114286,5.07000,0.000114286,5.07000,0.000119423
5.08000,2.24963e-07,5.08000,0,5.08000,0,5.08000,0,5.08000,8.99876e-08,5.08000,0,5.08000,0.000114286,5.08000,0,5.08000,0,5.08000,0.000114286,5.08000,0.4,5.08000,1,5.08000,0,5.08000,0.4,5.08000,0,5.08000,5.01232,5.08000,0,5.08000,511.178,5.08000,0,5.08000,0.4,5.08000,0,5.08000,1400,5.08000,2.24963e-07,5.08000,2.24963e-07,5.08000,2.1972e-07,5.08000,0.000114286,5.08000,0.000114286,5.08000,0.000119292
5.09000,2.24939e-07,5.09000,0,5.09000,0,5.09000,0,5.09000,8.99777e-08,5.09000,0,5.09000,0.000114286,5.09000,0,5.09000,0,5.09000,0.000114286,5.09000,0.4,5.09000,1,5.09000,0,5.09000,0.4,5.09000,0,5.09000,5.01232,5.09000,0,5.09000,511.178,5.09000,0,5.09000,0.4,5.09000,0,5.09000,1400,5.09000,2.24939e-07,5.09000,2.24939e-07,5.09000,2.19847e-07,5.09000,0.000114286,5.09000,0.000114286,5.09000,0.00011916
5.10000,2.24914e-07,5.10000,0,5.10000,0,5.10000,0,5.10000,8.99679e-08,5.10000,0,5.10000,0.000114286,5.10000,0,5.10000,0,5.10000,0.000114286,5.10000,0.4,5.10000,1,5.10000,0,5.10000,0.4,5.10000,0,5.10000,5.01232,5.10000,0,5.10000,511.178,5.10000,0,5.10000,0.4,5.10000,0,5.10000,1400,5.10000,2.24914e-07,5.10000,2.24914e-07,5.10000,2.19974e-07,5.10000,0.000114286,5.10000,0.000114286,5.10000,0.000119029
5.11000,2.24889e-07,5.11000,0,5.11000,0,5.11000,0,5.11000,8.9958e-08,5.11000,0,5.11000,0.000114286,5.11000,0,5.11000,0,5.11000,0.000114286,5.11000,0.4,5.11000,1,5.11000,0,5.11000,0.4,5.11000,0,5.11000,5.01232,5.11000,0,5.11000,511.178,5.11000,0,5.11000,0.4,5.11000,0,5.11000,1400,5.11000,2.24889e-07,5.11000,2.24889e-07,5.11000,2.20101e-07,5.11000,0.000114286,5.11000,0.000114286,5.11000,0.000118898
5.12000,2.24865e-07,5.12000,0,5.12000,0,5.12000,0,5.12000,8.99481e-08,5.12000,0,5.12000,0.000114286,5.12000,0,5.12000,0,5.12000,0.000114286,5.12000,0.4,5.12000,1,5.12000,0,5.12000,0.4,5.12000,0,5.12000,5.01232,5.12000,0,5.12000,511.178,5.12000,0,5.12000,0.4,5.12000,0,5.12000,1400,5.12000,2.24865e-07,5.12000,2.24865e-07,5.12000,2.20228e-07,5.12000,0.000114286,5.12000,0.000114286,5.12000,0.000118766
5.13000,2.2484e-07,5.13000,0,5.13000,0,5.13000,0,5.13000,8.99382e-08,5.13000,0,5.13000,0.000114286,5.13000,0,5.13000,0,5.13000,0.000114286,5.13000,0.4,5.13000,1,5.13000,0,5.13000,0.4,5.13000,0,5.13000,5.01232,5.13000,0,5.13000,511.178,5.13000,0,5.13000,0.4,5.13000,0,5.13000,1400,5.13000,2.2484e-07,5.13000,2.2484e-07,5.13000,2.20355e-07,5.13000,0.000114286,5.13000,0.000114286,5.13000,0.000118635
5.14000,2.24815e-07,5.14000,0,5.14000,0,5.14000,0,5.14000,8.99283e-08,5.14000,0,5.14000,0.000114286,5.14000,0,5.14000,0,5.14000,0.000114286,5.14000,0.4,5.14000,1,5.14000,0,5.14000,0.4,5.14000,0,5.14000,5.01232,5.14000,0,5.14000,511.178,5.14000,0,5.14000,0.4,5.14000,0,5.14000,1400,5.14000,2.24815e-07,5.14000,2.24815e-07,5.14000,2.20482e-07,5.14000,0.000114286,5.14000,0.000114286,5.14000,0.000118504
5.15000,2.2479e-07,5.15000,0,5.15000,0,5.15000,0,5.15000,8.99184e-08,5.15000,0,5.15000,0.000114286,5.15000,0,5.15000,0,5.15000,0.000114286,5.15000,0.4,5.15000,1,5.15000,0,5.15000,0.4,5.15000,0,5.15000,5.01232,5.15000,0,5.15000,511.178,5.15000,0,5.15000,0.4,5.15000,0,5.15000,1400,5.15000,2.2479e-07,5.15000,2.2479e-07,5.15000,2.20609e-07,5.15000,0.000114286,5.15000,0.000114286,5.15000,0.000118372
5.16000,2.24766e-07,5.16000,0,5.16000,0,5.16000,0,5.16000,8.99085e-08,5.16000,0,5.16000,0.000114286,5.16000,0,5.16000,0,5.16000,0.000114286,5.16000,0.4,5.16000,1,5.16000,0,5.16000,0.4,5.16000,0,5.16000,5.01232,5.16000,0,5.16000,511.178,5.16000,0,5.16000,0.4,5.16000,0,5.16000,1400,5.16000,2.24766e-07,5.16000,2.24766e-07,5.16000,2.20736e-07,5.16000,0.000114286,5.16000,0.000114286,5.16000,0.000118241
5.17000,2.24741e-07,5.17000,0,5.17000,0,5.17000,0,5.17000,8.98987e-08,5.17000,0,5.17000,0.000114286,5.17000,0,5.17000,0,5.17000,0.000114286,5.17000,0.4,5.17000,1,5.17000,0,5.17000,0.4,5.17000,0,5.17000,5.01232,5.17000,0,5.17000,511.178,5.17000,0,5.17000,0.4,5.17000,0,5.17000,1400,5.17000,2.24741e-07,5.17000,2.24741e-07,5.17000,2.20863e-07,5.17000,0.000114286,5.17000,0.000114286,5.17000,0.000118109
5.18000,2.24716e-07,5.18000,0,5.18000,0,5.18000,0,5.18000,8.98888e-08,5.18000,0,5.18000,0.000114286,5.18000,0,5.18000,0,5.18000,0.000114286,5.18000,0.4,5.18000,1,5.18000,0,5.18000,0.4,5.18000,0,5.18000,5.01232,5.18000,0,5.18000,511.178,5.18000,0,5.18000,0.4,5.18000,0,5.18000,1400,5.18000,2.24716e-07,5.18000,2.24716e-07,5.18000,2.2099e-07,5.18000,0.000114286,5.18000,0.000114286,5.18000,0.000117978
5.19000,2.24692e-07,5.19000,0,5.19000,0,5.19000,0,5.19000,8.98789e-08,5.19000,0,5.19000,0.000114286,5.19000,0,5.19000,0,5.19000,0.000114286,5.19000,0.4,5.19000,1,5.19000,0,5.19000,0.4,5.19000,0,5.19000,5.01232,5.19000,0,5.19000,511.178,5.19000,0,5.19000,0.4,5.19000,0,5.19000,1400,5.19000,2.24692e-07,5.19000,2.24692e-07,5.19000,2.21117e-07,5.19000,0.000114286,5.19000,0.000114286,5.19000,0.000117847
5.20000,2.24667e-07,5.20000,0,5.20000,0,5.20000,0,5.20000,8.9869e-08,5.20000,0,5.20000,0.000114286,5.20000,0,5.20000,0,5.20000,0.000114286,5.20000,0.4,5.20000,1,5.20000,0,5.20000,0.4,5.20000,0,5.20000,5.01232,5.20000,0,5.20000,511.178,5.20000,0,5.20000,0.4,5.20000,0,5.20000,1400,5.20000,2.24667e-07,5.20000,2.24667e-07,5.20000,2.21244e-07,5.20000,0.000114286,5.20000,0.000114286,5.20000,0.000117715
5.21000,2.24642e-07,5.21000,0,5.21000,0,5.21000,0,5.21000,8.98591e-08,5.21000,0,5.21000,0.000114286,5.21000,0,5.21000,0,5.21000,0.000114286,5.21000,0.4,5.21000,1,5.21000,0,5.21000,0.4,5.21000,0,5.21000,5.01232,5.21000,0,5.21000,511.178,5.21000,0,5.21000,0.4,5.21000,0,5.21000,1400,5.21000,2.24642e-07,5.21000,2.24642e-07,5.21000,2.21371e-07,5.21000,0.000114286,5.21000,0.000114286,5.21000,0.000117584
5.22000,2.24617e-07,5.22000,0,5.22000,0,5.22000,0,5.22000,8.98492e-08,5.22000,0,5.22000,0.000114286,5.22000,0,5.22000,0,5.22000,0.000114286,5.22000,0.4,5.22000,1,5.22000,0,5.22000,0.4,5.22000,0,5.22000,5.01232,5.22000,0,5.22000,511.178,5.22000,0,5.22000,0.4,5.22000,0,5.22000,1400,5.22000,2.24617e-07,5.22000,2.24617e-07,5.22000,2.21498e-07,5.22000,0.000114286,5.22000,0.000114286,5.22000,0.000117453
5.23000,2.24593e-07,5.23000,0,5.23000,0,5.23000,0,5.23000,8.98393e-08,5.23000,0,5.23000,0.000114286,5.23000,0,5.23000,0,5.23000,0.000114286,5.23000,0.4,5.23000,1,5.23000,0,5.23000,0.4,5.23000,0,5.23000,5.01232,5.23000,0,5.23000,511.178,5.23000,0,5.23000,0.4,5.23000,0,5.23000,1400,5.23000,2.24593e-07,5.23000,2.24593e-07,5.23000,2.21625e-07,5.23000,0.000114286,5.23000,0.000114286,5.23000,0.000117321
5.24000,2.24568e-07,5.24000,0,5.24000,0,5.24000,0,5.24000,8.98295e-08,5.24000,0,5.24000,0.000114286,5.24000,0,5.24000,0,5.24000,0.000114286,5.24000,0.4,5.24000,1,5.24000,0,5.24000,0.4,5.24000,0,5.24000,5.01232,5.24000,0,5.24000,511.178,5.24000,0,5.24000,0.4,5.24000,0,5.24000,1400,5.24000,2.24568e-07,5.24000,2.24568e-07,5.24000,2.21752e-07,5.24000,0.000114286,5.24000,0.000114286,5.24000,0.00011719
5.25000,2.24543e-07,5.25000,0,5.25000,0,5.25000,0,5.25000,8.98196e-08,5.25000,0,5.25000,0.000114286,5.25000,0,5.25000,0,5.25000,0.000114286,5.25000,0.4,5.25000,1,5.25000,0,5.25000,0.4,5.25000,0,5.25000,5.01232,5.25000,0,5.25000,511.178,5.25000,0,5.25000,0.4,5.25000,0,5.25000,1400,5.25000,2.24543e-07,5.25000,2.24543e-07,5.25000,2.21879e-07,5.25000,0.000114286,5.25000,0.000114286,5.25000,0.000117058
5.26000,2.24519e-07,5.26000,0,5.26000,0,5.26000,0,5.26000,8.98097e-08,5.26000,0,5.26000,0.000114286,5.26000,0,5.26000,0,5.26000,0.000114286,5.26000,0.4,5.26000,1,5.26000,0,5.26000,0.4,5.26000,0,5.26000,5.01232,5.26000,0,5.26000,511.178,5.26000,0,5.26000,0.4,5.26000,0,5.26000,1400,5.26000,2.24519e-07,5.26000,2.24519e-07,5.26000,2.22006e-07,5.26000,0.000114286,5.26000,0.000114286,5.26000,0.000116927
5.27000,2.24494e-07,5.27000,0,5.27000,0,5.27000,0,5.27000,8.97998e-08,5.27000,0,5.27000,0.000114286,5.27000,0,5.27000,0,5.27000,0.000114286,5.27000,0.4,5.27000,1,5.27000,0,5.27000,0.4,5.27000,0,5.27000,5.01232,5.27000,0,5.27000,511.178,5.27000,0,5.27000,0.4,5.27000,0,5.27000,1400,5.27000,2.24494e-07,5.27000,2.24494e-07,5.27000,2.22133e-07,5.27000,0.000114286,5.27000,0.000114286,5.27000,0.000116796
5.28000,2.24469e-07,5.28000,0,5.28000,0,5.28000,0,5.28000,8.97899e-08,5.28000,0,5.28000,0.000114286,5.28000,0,5.28000,0,5.28000,0.000114286,5.28000,0.4,5.28000,1,5.28000,0,5.28000,0.4,5.28000,0,5.28000,5.01232,5.28000,0,5.28000,511.178,5.28000,0,5.28000,0.4,5.28000,0,5.28000,1400,5.28000,2.24469e-07,5.28000,2.24469e-07,5.28000,2.2226e-07,5.28000,0.000114286,5.28000,0.000114286,5.28000,0.000116664
5.29000,2.24444e-07,5.29000,0,5.29000,0,5.29000,0,5.29000,8.978e-08,5.29000,0,5.29000,0.000114286,5.29000,0,5.29000,0,5.29000,0.000114286,5.29000,0.4,5.29000,1,5.29000,0,5.29000,0.4,5.29000,0,5.29000,5.01232,5.29000,0,5.29000,511.178,5.29000,0,5.29000,0.4,5.29000,0,5.29000,1400,5.29000,2.24444e-07,5.29000,2.24444e-07,5.29000,2.22387e-07,5.29000,0.000114286,5.29000,0.000114286,5.29000,0.000116533
5.30000,2.2442e-07,5.30000,0,5.30000,0,5.30000,0,5.30000,8.97701e-08,5.30000,0,5.30000,0.000114286,5.30000,0,5.30000,0,5.30000,0.000114286,5.30000,0.4,5.30000,1,5.30000,0,5.30000,0.4,5.30000,0,5.30000,5.01232,5.30000,0,5.30000,511.178,5.30000,0,5.30000,0.4,5.30000,0,5.30000,1400,5.30000,2.2442e-07,5.30000,2.2442e-07,5.30000,2.22514e-07,5.30000,0.000114286,5.30000,0.000114286,5.30000,0.000116402
5.31000,2.24395e-07,5.31000,0,5.31000,0,5.31000,0,5.31000,8.97603e-08,5.31000,0,5.31000,0.000114286,5.31000,0,5.31000,0,5.31000,0.000114286,5.31000,0.4,5.31000,1,5.31000,0,5.31000,0.4,5.31000,0,5.31000,5.01232,5.31000,0,5.31000,511.178,5.31000,0,5.31000,0.4,5.31000,0,5.31000,1400,5.31000,2.24395e-07,5.31000,2.24395e-07,5.31000,2.22641e-07,5.31000,0.000114286,5.31000,0.000114286,5.31000,0.00011627
5.32000,2.2437e-07,5.32000,0,5.32000,0,5.32000,0,5.32000,8.97504e-08,5.32000,0,5.32000,0.000114286,5.32000,0,5.32000,0,5.32000,0.000114286,5.32000,0.4,5.32000,1,5.32000,0,5.32000,0.4,5.32000,0,5.32000,5.01232,5.32000,0,5.32000,511.178,5.32000,0,5.32000,0.4,5.32000,0,5.32000,1400,5.32000,2.2437e-07,5.32000,2.2437e-07,5.32000,2.22768e-07,5.32000,0.000114286,5.32000,0.000114286,5.32000,0.000116139
5.33000,2.24346e-07,5.33000,0,5.33000,0,5.33000,0,5.33000,8.97405e-08,5.33000,0,5.33000,0.000114286,5.33000,0,5.33000,0,5.33000,0.000114286,5.33000,0.4,5.33000,1,5.33000,0,5.33000,0.4,5.33000,0,5.33000,5.01232,5.33000,0,5.33000,511.178,5.33000,0,5.33000,0.4,5.33000,0,5.33000,1400,5.33000,2.24346e-07,5.33000,2.24346e-07,5.33000,2.22895e-07,5.33000,0.000114286,5.33000,0.000114286,5.33000,0.000116008
5.34000,2.24321e-07,5.34000,0,5.34000,0,5.34000,0,5.34000,8.97306e-08,5.34000,0,5.34000,0.000114286,5.34000,0,5.34000,0,5.34000,0.000114286,5.34000,0.4,5.34000,1,5.34000,0,5.34000,0.4,5.34000,0,5.34000,5.01232,5.34000,0,5.34000,511.178,5.34000,0,5.34000,0.4,5.34000,0,5.34000,1400,5.34000,2.24321e-07,5.34000,2.24321e-07,5.34000,2.23022e-07,5.34000,0.000114286,5.34000,0.000114286,5.34000,0.000115876
5.35000,2.24296e-07,5.35000,0,5.35000,0,5.35000,0,5.35000,8.97207e-08,5.35000,0,5.35000,0.000114286,5.35000,0,5.35000,0,5.35000,0.000114286,5.35000,0.4,5.35000,1,5.35000,0,5.35000,0.4,5.35000,0,5.35000,5.01232,5.35000,0,5.35000,511.178,5.35000,0,5.35000,0.4,5.35000,0,5.35000,1400,5.35000,2.24296e-07,5.35000,2.24296e-07,5.35000,2.23149e-07,5.35000,0.000114286,5.35000,0.000114286,5.35000,0.000115745
5.36000,2.24271e-07,5.36000,0,5.36000,0,5.36000,0,5.36000,8.97108e-08,5.36000,0,5.36000,0.000114286,5.36000,0,5.36000,0,5.36000,0.000114286,5.36000,0.4,5.36000,1,5.36000,0,5.36000,0.4,5.36000,0,5.36000,5.01232,5.36000,0,5.36000,511.178,5.36000,0,5.36000,0.4,5.36000,0,5.36000,1400,5.36000,2.24271e-07,5.36000,2.24271e-07,5.36000,2.23276e-07,5.36000,0.000114286,5.36000,0.000114286,5.36000,0.000115613
5.37000,2.24247e-07,5.37000,0,5.37000,0,5.37000,0,5.37000,8.97009e-08,5.37000,0,5.37000,0.000114286,5.37000,0,5.37000,0,5.37000,0.000114286,5.37000,0.4,5.37000,1,5.37000,0,5.37000,0.4,5.37000,0,5.37000,5.01232,5.37000,0,5.37000,511.178,5.37000,0,5.37000,0.4,5.37000,0,5.37000,1400,5.37000,2.24247e-07,5.37000,2.24247e-07,5.37000,2.23403e-07,5.37000,0.000114286,5.37000,0.000114286,5.37000,0.000115482
5.38000,2.24222e-07,5.38000,0,5.38000,0,5.38000,0,5.38000,8.96911e-08,5.38000,0,5.38000,0.000114286,5.38000,0,5.38000,0,5.38000,0.000114286,5.38000,0.4,5.38000,1,5.38000,0,5.38000,0.4,5.38000,0,5.38000,5.01232,5.38000,0,5.38000,511.178,5.38000,0,5.38000,0.4,5.38000,0,5.38000,1400,5.38000,2.24222e-07,5.38000,2.24222e-07,5.38000,2.2353e-07,5.38000,0.000114286,5.38000,0.000114286,5.38000,0.000115351
5.39000,2.24197e-07,5.39000,0,5.39000,0,5.39000,0,5.39000,8.96812e-08,5.39000,0,5.39000,0.000114286,5.39000,0,5.39000,0,5.39000,0.000114286,5.39000,0.4,5.39000,1,5.39000,0,5.39000,0.4,5.39000,0,5.39000,5.01232,5.39000,0,5.39000,511.178,5.39000,0,5.39000,0.4,5.39000,0,5.39000,1400,5.39000,2.24197e-07,5.39000,2.24197e-07,5.39000,2.23657e-07,5.39000,0.000114286,5.39000,0.000114286,5.39000,0.000115219
5.40000,2.24173e-07,5.40000,0,5.40000,0,5.40000,0,5.40000,8.96713e-08,5.40000,0,5.40000,0.000114286,5.40000,0,5.40000,0,5.40000,0.000114286,5.40000,0.4,5.40000,1,5.40000,0,5.40000,0.4,5.40000,0,5.40000,5.01232,5.40000,0,5.40000,511.178,5.40000,0,5.40000,0.4,5.40000,0,5.40000,1400,5.40000,2.24173e-07,5.40000,2.24173e-07,5.40000,2.23784e-07,5.40000,0.000114286,5.40000,0.000114286,5.40000,0.000115088
5.41000,2.24148e-07,5.41000,0,5.41000,0,5.41000,0,5.41000,8.96614e-08,5.41000,0,5.41000,0.000114286,5.41000,0,5.41000,0,5.41000,0.000114286,5.41000,0.4,5.41000,1,5.41000,0,5.41000,0.4,5.41000,0,5.41000,5.01232,5.41000,0,5.41000,511.178,5.41000,0,5.41000,0.4,5.41000,0,5.41000,1400,5.41000,2.24148e-07,5.41000,2.24148e-07,5.41000,2.23911e-07,5.41000,0.000114286,5.41000,0.000114286,5.41000,0.000114957
5.42000,2.24123e-07,5.42000,0,5.42000,0,5.42000,0,5.42000,8.96515e-08,5.42000,0,5.42000,0.000114286,5.42000,0,5.42000,0,5.42000,0.000114286,5.42000,0.4,5.42000,1,5.42000,0,5.42000,0.4,5.42000,0,5.42000,5.01232,5.42000,0,5.42000,511.178,5.42000,0,5.42000,0.4,5.42000,0,5.42000,1400,5.42000,2.24123e-07,5.42000,2.24123e-07,5.42000,2.24038e-07,5.42000,0.000114286,5.42000,0.000114286,5.42000,0.000114825
5.43000,2.24098e-07,5.43000,0,5.43000,0,5.43000,0,5.43000,8.96416e-08,5.43000,0,5.43000,0.000114286,5.43000,0,5.43000,0,5.43000,0.000114286,5.43000,0.4,5.43000,1,5.43000,0,5.43000,0.4,5.43000,0,5.43000,5.01232,5.43000,0,5.43000,511.178,5.43000,0,5.43000,0.4,5.43000,0,5.43000,1400,5.43000,2.24098e-07,5.43000,2.24098e-07,5.43000,2.24165e-07,5.43000,0.000114286,5.43000,0.000114286,5.43000,0.000114694
5.44000,2.24074e-07,5.44000,0,5.44000,0,5.44000,0,5.44000,8.96317e-08,5.44000,0,5.44000,0.000114286,5.44000,0,5.44000,0,5.44000,0.000114286,5.44000,0.4,5.44000,1,5.44000,0,5.44000,0.4,5.44000,0,5.44000,5.01232,5.44000,0,5.44000,511.178,5.44000,0,5.44000,0.4,5.44000,0,5.44000,1400,5.44000,2.24074e-07,5.44000,2.24074e-07,5.44000,2.24292e-07,5.44000,0.000114286,5.44000,0.000114286,5.44000,0.000114563
5.45000,2.24061e-07,5.45000,0,5.45000,0,5.45000,0,5.45000,8.96268e-08,5.45000,0,5.45000,0.000114286,5.45000,0,5.45000,0,5.45000,0.000114286,5.45000,0.4,5.45000,1,5.45000,0,5.45000,0.4,5.45000,0,5.45000,5.01232,5.45000,0,5.45000,511.178,5.45000,0,5.45000,0.4,5.45000,0,5.45000,1400,5.45000,2.24061e-07,5.45000,2.24061e-07,5.45000,2.24505e-07,5.45000,0.000114286,5.45000,0.000114286,5.45000,0.00011447
5.46000,2.24054e-07,5.46000,0,5.46000,0,5.46000,0,5.46000,8.96239e-08,5.46000,0,5.46000,0.000114286,5.46000,0,5.46000,0,5.46000,0.000114286,5.46000,0.4,5.46000,1,5.46000,0,5.46000,0.4,5.46000,0,5.46000,5.01232,5.46000,0,5.46000,511.178,5.46000,0,5.46000,0.4,5.46000,0,5.46000,1400,5.46000,2.24054e-07,5.46000,2.24054e-07,5.46000,2.24756e-07,5.46000,0.000114286,5.46000,0.000114286,5.46000,0.000114394
5.47000,2.24047e-07,5.47000,0,5.47000,0,5.47000,0,5.47000,8.96211e-08,5.47000,0,5.47000,0.000114286,5.47000,0,5.47000,0,5.47000,0.000114286,5.47000,0.4,5.47000,1,5.47000,0,5.47000,0.4,5.47000,0,5.47000,5.01232,5.47000,0,5.47000,511.178,5.47000,0,5.47000,0.4,5.47000,0,5.47000,1400,5.47000,2.24047e-07,5.47000,2.24047e-07,5.47000,2.25007e-07,5.47000,0.000114286,5.47000,0.000114286,5.47000,0.000114319
5.48000,2.2404e-07,5.48000,0,5.48000,0,5.48000,0,5.48000,8.96183e-08,5.48000,0,5.48000,0.000114286,5.48000,0,5.48000,0,5.48000,0.000114286,5.48000,0.4,5.48000,1,5.48000,0,5.48000,0.4,5.48000,0,5.48000,5.01232,5.48000,0,5.48000,511.178,5.48000,0,5.48000,0.4,5.48000,0,5.48000,1400,5.48000,2.2404e-07,5.48000,2.2404e-07,5.48000,2.25258e-07,5.48000,0.000114286,5.48000,0.000114286,5.48000,0.000114243
5.49000,2.24033e-07,5.49000,0,5.49000,0,5.49000,0,5.49000,8.96155e-08,5.49000,0,5.49000,0.000114286,5.49000,0,5.49000,0,5.49000,0.000114286,5.49000,0.4,5.49000,1,5.49000,0,5.49000,0.4,5.49000,0,5.49000,5.01232,5.49000,0,5.49000,511.178,5.49000,0,5.49000,0.4,5.49000,0,5.49000,1400,5.49000,2.24033e-07,5.49000,2.24033e-07,5.49000,2.25509e-07,5.49000,0.000114286,5.49000,0.000114286,5.49000,0.000114168
5.50000,2.24026e-07,5.50000,0,5.50000,0,5.50000,0,5.50000,8.96127e-08,5.50000,0,5.50000,0.000114286,5.50000,0,5.50000,0,5.50000,0.000114286,5.50000,0.4,5.50000,1,5.50000,0,5.50000,0.4,5.50000,0,5.50000,5.01232,5.50000,0,5.50000,511.178,5.50000,0,5.50000,0.4,5.50000,0,5.50000,1400,5.50000,2.24026e-07,5.50000,2.24026e-07,5.50000,2.2576e-07,5.50000,0.000114286,5.50000,0.000114286,5.50000,0.000114092
5.51000,2.24019e-07,5.51000,0,5.51000,0,5.51000,0,5.51000,8.96099e-08,5.51000,0,5.51000,0.000114286,5.51000,0,5.51000,0,5.51000,0.000114286,5.51000,0.4,5.51000,1,5.51000,0,5.51000,0.4,5.51000,0,5.51000,5.01232,5.51000,0,5.51000,511.178,5.51000,0,5.51000,0.4,5.51000,0,5.51000,1400,5.51000,2.24019e-07,5.51000,2.24019e-07,5.51000,2.26011e-07,5.51000,0.000114286,5.51000,0.000114286,5.51000,0.000114016
5.52000,2.24012e-07,5.52000,0,5.52000,0,5.52000,0,5.52000,8.9607e-08,5.52000,0,5.52000,0.000114286,5.52000,0,5.52000,0,5.52000,0.000114286,5.52000,0.4,5.52000,1,5.52000,0,5.52000,0.4,5.52000,0,5.52000,5.01232,5.52000,0,5.52000,511.178,5.52000,0,5.52000,0.4,5.52000,0,5.52000,1400,5.52000,2.24012e-07,5.52000,2.24012e-07,5.52000,2.26263e-07,5.52000,0.000114286,5.52000,0.000114286,5.52000,0.000113941
5.53000,2.24005e-07,5.53000,0,5.53000,0,5.53000,0,5.53000,8.96042e-08,5.53000,0,5.53000,0.000114286,5.53000,0,5.53000,0,5.53000,0.000114286,5.53000,0.4,5.53000,1,5.53000,0,5.53000,0.4,5.53000,0,5.53000,5.01232,5.53000,0,5.53000,511.178,5.53000,0,5.53000,0.4,5.53000,0,5.53000,1400,5.53000,2.24005e-07,5.53000,2.24005e-07,5.53000,2.26514e-07,5.53000,0.000114286,5.53000,0.000114286,5.53000,0.000113865
5.54000,2.23998e-07,5.54000,0,5.54000,0,5.54000,0,5.54000,8.96014e-08,5.54000,0,5.54000,0.000114286,5.54000,0,5.54000,0,5.54000,0.000114286,5.54000,0.4,5.54000,1,5.54000,0,5.54000,0.4,5.54000,0,5.54000,5.01232,5.54000,0,5.54000,511.178,5.54000,0,5.54000,0.4,5.54000,0,5.54000,1400,5.54000,2.23998e-07,5.54000,2.23998e-07,5.54000,2.26765e-07,5.54000,0.000114286,5.54000,0.000114286,5.54000,0.00011379
5.55000,2.23991e-07,5.55000,0,5.55000,0,5.55000,0,5.55000,8.95986e-08,5.55000,0,5.55000,0.000114286,5.55000,0,5.55000,0,5.55000,0.000114286,5.55000,0.4,5.55000,1,5.55000,0,5.55000,0.4,5.55000,0,5.55000,5.01232,5.55000,0,5.55000,511.178,5.55000,0,5.55000,0.4,5.55000,0,5.55000,1400,5.55000,2.23991e-07,5.55000,2.23991e-07,5.55000,2.27016e-07,5.55000,0.000114286,5.55000,0.000114286,5.55000,0.000113714
5.56000,2.23984e-07,5.56000,0,5.56000,0,5.56000,0,5.56000,8.95958e-08,5.56000,0,5.56000,0.000114286,5.56000,0,5.56000,0,5.56000,0.000114286,5.56000,0.4,5.56000,1,5.56000,0,5.56000,0.4,5.56000,0,5.56000,5.01232,5.56000,0,5.56000,511.178,5.56000,0,5.56000,0.4,5.56000,0,5.56000,1400,5.56000,2.23984e-07,5.56000,2.23984e-07,5.56000,2.27267e-07,5.56000,0.000114286,5.56000,0.000114286,5.56000,0.000113639
5.57000,2.23977e-07,5.57000,0,5.57000,0,5.57000,0,5.57000,8.95929e-08,5.57000,0,5.57000,0.000114286,5.57000,0,5.57000,0,5.57000,0.000114286,5.57000,0.4,5.57000,1,5.57000,0,5.57000,0.4,5.57000,0,5.57000,5.01232,5.57000,0,5.57000,511.178,5.57000,0,5.57000,0.4,5.57000,0,5.57000,1400,5.57000,2.23977e-07,5.57000,2.23977e-07,5.57000,2.27518e-07,5.57000,0.000114286,5.57000,0.000114286,5.57000,0.000113563
5.58000,2.2397e-07,5.58000,0,5.58000,0,5.58000,0,5.58000,8.95901e-08,5.58000,0,5.58000,0.000114286,5.58000,0,5.58000,0,5.58000,0.000114286,5.58000,0.4,5.58000,1,5.58000,0,5.58000,0.4,5.58000,0,5.58000,5.01232,5.58000,0,5.58000,511.178,5.58000,0,5.58000,0.4,5.58000,0,5.58000,1400,5.58000,2.2397e-07,5.58000,2.2397e-07,5.58000,2.27769e-07,5.58000,0.000114286,5.58000,0.000114286,5.58000,0.000113487
5.59000,2.23963e-07,5.59000,0,5.59000,0,5.59000,0,5.59000,8.95873e-08,5.59000,0,5.59000,0.000114286,5.59000,0,5.59000,0,5.59000,0.000114286,5.59000,0.4,5.59000,1,5.59000,0,5.59000,0.4,5.59000,0,5.59000,5.01232,5.59000,0,5.59000,511.178,5.59000,0,5.59000,0.4,5.59000,0,5.59000,1400,5.59000,2.23963e-07,5.59000,2.23963e-07,5.59000,2.2802e-07,5.59000,0.000114286,5.59000,0.000114286,5.59000,0.000113412
5.60000,2.23956e-07,5.60000,0,5.60000,0,5.60000,0,5.60000,8.95845e-08,5.60000,0,5.60000,0.000114286,5.60000,0,5.60000,0,5.60000,0.000114286,5.60000,0.4,5.60000,1,5.60000,0,5.60000,0.4,5.60000,0,5.60000,5.01232,5.60000,0,5.60000,511.178,5.60000,0,5.60000,0.4,5.60000,0,5.60000,1400,5.60000,2.23956e-07,5.60000,2.23956e-07,5.60000,2.28271e-07,5.60000,0.000114286,5.60000,0.000114286,5.60000,0.000113336
5.61000,2.23949e-07,5.61000,0,5.61000,0,5.61000,0,5.61000,8.95817e-08,5.61000,0,5.61000,0.000114286,5.61000,0,5.61000,0,5.61000,0.000114286,5.61000,0.4,5.61000,1,5.61000,0,5.61000,0.4,5.61000,0,5.61000,5.01232,5.61000,0,5.61000,511.178,5.61000,0,5.61000,0.4,5.61000,0,5.61000,1400,5.61000,2.23949e-07,5.61000,2.23949e-07,5.61000,2.28522e-07,5.61000,0.000114286,5.61000,0.000114286,5.61000,0.000113261
5.62000,2.23942e-07,5.62000,0,5.62000,0,5.62000,0,5.62000,8.95789e-08,5.62000,0,5.62000,0.000114286,5.62000,0,5.62000,0,5.62000,0.000114286,5.62000,0.4,5.62000,1,5.62000,0,5.62000,0.4,5.62000,0,5.62000,5.01232,5.62000,0,5.62000,511.178,5.62000,0,5.62000,0.4,5.62000,0,5.62000,1400,5.62000,2.23942e-07,5.62000,2.23942e-07,5.62000,2.28773e-07,5.62000,0.000114286,5.62000,0.000114286,5.62000,0.000113185
5.63000,2.23935e-07,5.63000,0,5.63000,0,5.63000,0,5.63000,8.9576e-08,5.63000,0,5.63000,0.000114286,5.63000,0,5.63000,0,5.63000,0.000114286,5.63000,0.4,5.63000,1,5.63000,0,5.63000,0.4,5.63000,0,5.63000,5.01232,5.63000,0,5.63000,511.178,5.63000,0,5.63000,0.4,5.63000,0,5.63000,1400,5.63000,2.23935e-07,5.63000,2.23935e-07,5.63000,2.29024e-07,5.63000,0.000114286,5.63000,0.000114286,5.63000,0.00011311
5.64000,2.23927e-07,5.64000,0,5.64000,0,5.64000,0,5.64000,8.95732e-08,5.64000,0,5.64000,0.000114286,5.64000,0,5.64000,0,5.64000,0.000114286,5.64000,0.4,5.64000,1,5.64000,0,5.64000,0.4,5.64000,0,5.64000,5.01232,5.64000,0,5.64000,511.178,5.64000,0,5.64000,0.4,5.64000,0,5.64000,1400,5.64000,2.23927e-07,5.64000,2.23927e-07,5.64000,2.29275e-07,5.64000,0.000114286,5.64000,0.000114286,5.64000,0.000113034
5.65000,2.2392e-07,5.65000,0,5.65000,0,5.65000,0,5.65000,8.95704e-08,5.65000,0,5.65000,0.000114286,5.65000,0,5.65000,0,5.65000,0.000114286,5.65000,0.4,5.65000,1,5.65000,0,5.65000,0.4,5.65000,0,5.65000,5.01232,5.65000,0,5.65000,511.178,5.65000,0,5.65000,0.4,5.65000,0,5.65000,1400,5.65000,2.2392e-07,5.65000,2.2392e-07,5.65000,2.29526e-07,5.65000,0.000114286,5.65000,0.000114286,5.65000,0.000112958
5.66000,2.23913e-07,5.66000,0,5.66000,0,5.66000,0,5.66000,8.95676e-08,5.66000,0,5.66000,0.000114286,5.66000,0,5.66000,0,5.66000,0.000114286,5.66000,0.4,5.66000,1,5.66000,0,5.66000,0.4,5.66000,0,5.66000,5.01232,5.66000,0,5.66000,511.178,5.66000,0,5.66000,0.4,5.66000,0,5.66000,1400,5.66000,2.23913e-07,5.66000,2.23913e-07,5.66000,2.29778e-07,5.66000,0.000114286,5.66000,0.000114286,5.66000,0.000112883
5.67000,2.23906e-07,5.67000,0,5.67000,0,5.67000,0,5.67000,8.95648e-08,5.67000,0,5.67000,0.000114286,5.67000,0,5.67000,0,5.67000,0.000114286,5.67000,0.4,5.67000,1,5.67000,0,5.67000,0.4,5.67000,0,5.67000,5.01232,5.67000,0,5.67000,511.178,5.67000,0,5.67000,0.4,5.67000,0,5.67000,1400,5.67000,2.23906e-07,5.67000,2.23906e-07,5.67000,2.30029e-07,5.67000,0.000114286,5.67000,0.000114286,5.67000,0.000112807
5.68000,2.23899e-07,5.68000,0,5.68000,0,5.68000,0,5.68000,8.9562e-08,5.68000,0,5.68000,0.000114286,5.68000,0,5.68000,0,5.68000,0.000114286,5.68000,0.4,5.68000,1,5.68000,0,5.68000,0.4,5.68000,0,5.68000,5.01232,5.68000,0,5.68000,511.178,5.68000,0,5.68000,0.4,5.68000,0,5.68000,1400,5.68000,2.23899e-07,5.68000,2.23899e-07,5.68000,2.3028e-07,5.68000,0.000114286,5.68000,0.000114286,5.68000,0.000112732
5.69000,2.23892e-07,5.69000,0,5.69000,0,5.69000,0,5.69000,8.95591e-08,5.69000,0,5.69000,0.000114286,5.69000,0,5.69000,0,5.69000,0.000114286,5.69000,0.4,5.69000,1,5.69000,0,5.69000,0.4,5.69000,0,5.69000,5.01232,5.69000,0,5.69000,511.178,5.69000,0,5.69000,0.4,5.69000,0,5.69000,1400,5.69000,2.23892e-07,5.69000,2.23892e-07,5.69000,2.30531e-07,5.69000,0.000114286,5.69000,0.000114286,5.69000,0.000112656
5.70000,2.23885e-07,5.70000,0,5.70000,0,5.70000,0,5.70000,8.95563e-08,5.70000,0,5.70000,0.000114286,5.70000,0,5.70000,0,5.70000,0.000114286,5.70000,0.4,5.70000,1,5.70000,0,5.70000,0.4,5.70000,0,5.70000,5.01232,5.70000,0,5.70000,511.178,5.70000,0,5.70000,0.4,5.70000,0,5.70000,1400,5.70000,2.23885e-07,5.70000,2.23885e-07,5.70000,2.30782e-07,5.70000,0.000114286,5.70000,0.000114286,5.70000,0.000112581
5.71000,2.23878e-07,5.71000,0,5.71000,0,5.71000,0,5.71000,8.95535e-08,5.71000,0,5.71000,0.000114286,5.71000,0,5.71000,0,5.71000,0.000114286,5.71000,0.4,5.71000,1,5.71000,0,5.71000,0.4,5.71000,0,5.71000,5.01232,5.71000,0,5.71000,511.178,5.71000,0,5.71000,0.4,5.71000,0,5.71000,1400,5.71000,2.23878e-07,5.71000,2.23878e-07,5.71000,2.31033e-07,5.71000,0.000114286,5.71000,0.000114286,5.71000,0.000112505
5.72000,2.23871e-07,5.72000,0,5.72000,0,5.72000,0,5.72000,8.95507e-08,5.72000,0,5.72000,0.000114286,5.72000,0,5.72000,0,5.72000,0.000114286,5.72000,0.4,5.72000,1,5.72000,0,5.72000,0.4,5.72000,0,5.72000,5.01232,5.72000,0,5.72000,511.178,5.72000,0,5.72000,0.4,5.72000,0,5.72000,1400,5.72000,2.23871e-07,5.72000,2.23871e-07,5.72000,2.31284e-07,5.72000,0.000114286,5.72000,0.000114286,5.72000,0.00011243
5.73000,2.23864e-07,5.73000,0,5.73000,0,5.73000,0,5.73000,8.95479e-08,5.73000,0,5.73000,0.000114286,5.73000,0,5.73000,0,5.73000,0.000114286,5.73000,0.4,5.73000,1,5.73000,0,5.73000,0.4,5.73000,0,5.73000,5.01232,5.73000,0,5.73000,511.178,5.73000,0,5.73000,0.4,5.73000,0,5.73000,1400,5.73000,2.23864e-07,5.73000,2.23864e-07,5.73000,2.31535e-07,5.73000,0.000114286,5.73000,0.000114286,5.73000,0.000112354
5.74000,2.23857e-07,5.74000,0,5.74000,0,5.74000,0,5.74000,8.95451e-08,5.74000,0,5.74000,0.000114286,5.74000,0,5.74000,0,5.74000,0.000114286,5.74000,0.4,5.74000,1,5.74000,0,5.74000,0.4,5.74000,0,5.74000,5.01232,5.74000,0,5.74000,511.178,5.74000,0,5.74000,0.4,5.74000,0,5.74000,1400,5.74000,2.23857e-07,5.74000,2.23857e-07,5.74000,2.31786e-07,5.74000,0.000114286,5.74000,0.000114286,5.74000,0.000112278
5.75000,2.2385e-07,5.75000,0,5.75000,0,5.75000,0,5.75000,8.95422e-08,5.75000,0,5.75000,0.000114286,5.75000,0,5.75000,0,5.75000,0.000114286,5.75000,0.4,5.75000,1,5.75000,0,5.75000,0.4,5.75000,0,5.75000,5.01232,5.75000,0,5.75000,511.178,5.75000,0,5.75000,0.4,5.75000,0,5.75000,1400,5.75000,2.2385e-07,5.75000,2.2385e-07,5.75000,2.32037e-07,5.75000,0.000114286,5.75000,0.000114286,5.75000,0.000112203
5.76000,2.23843e-07,5.76000,0,5.76000,0,5.76000,0,5.76000,8.95394e-08,5.76000,0,5.76000,0.000114286,5.76000,0,5.76000,0,5.76000,0.000114286,5.76000,0.4,5.76000,1,5.76000,0,5.76000,0.4,5.76000,0,5.76000,5.01232,5.76000,0,5.76000,511.178,5.76000,0,5.76000,0.4,5.76000,0,5.76000,1400,5.76000,2.23843e-07,5.76000,2.23843e-07,5.76000,2.32288e-07,5.76000,0.000114286,5.76000,0.000114286,5.76000,0.000112127
5.77000,2.23836e-07,5.77000,0,5.77000,0,5.77000,0,5.77000,8.95366e-08,5.77000,0,5.77000,0.000114286,5.77000,0,5.77000,0,5.77000,0.000114286,5.77000,0.4,5.77000,1,5.77000,0,5.77000,0.4,5.77000,0,5.77000,5.01232,5.77000,0,5.77000,511.178,5.77000,0,5.77000,0.4,5.77000,0,5.77000,1400,5.77000,2.23836e-07,5.77000,2.23836e-07,5.77000,2.32539e-07,5.77000,0.000114286,5.77000,0.000114286,5.77000,0.000112052
5.78000,2.23829e-07,5.78000,0,5.78000,0,5.78000,0,5.78000,8.95338e-08,5.78000,0,5.78000,0.000114286,5.78000,0,5.78000,0,5.78000,0.000114286,5.78000,0.4,5.78000,1,5.78000,0,5.78000,0.4,5.78000,0,5.78000,5.01232,5.78000,0,5.78000,511.178,5.78000,0,5.78000,0.4,5.78000,0,5.78000,1400,5.78000,2.23829e-07,5.78000,2.23829e-07,5.78000,2.3279e-07,5.78000,0.000114286,5.78000,0.000114286,5.78000,0.000111976
5.79000,2.23822e-07,5.79000,0,5.79000,0,5.79000,0,5.79000,8.9531e-08,5.79000,0,5.79000,0.000114286,5.79000,0,5.79000,0,5.79000,0.000114286,5.79000,0.4,5.79000,1,5.79000,0,5.79000,0.4,5.79000,0,5.79000,5.01232,5.79000,0,5.79000,511.178,5.79000,0,5.79000,0.4,5.79000,0,5.79000,1400,5.79000,2.23822e-07,5.79000,2.23822e-07,5.79000,2.33041e-07,5.79000,0.000114286,5.79000,0.000114286,5.79000,0.000111901
5.80000,2.23815e-07,5.80000,0,5.80000,0,5.80000,0,5.80000,8.95282e-08,5.80000,0,5.80000,0.000114286,5.80000,0,5.80000,0,5.80000,0.000114286,5.80000,0.4,5.80000,1,5.80000,0,5.80000,0.4,5.80000,0,5.80000,5.01232,5.80000,0,5.80000,511.178,5.80000,0,5.80000,0.4,5.80000,0,5.80000,1400,5.80000,2.23815e-07,5.80000,2.23815e-07,5.80000,2.33292e-07,5.80000,0.000114286,5.80000,0.000114286,5.80000,0.000111825
5.81000,2.23808e-07,5.81000,0,5.81000,0,5.81000,0,5.81000,8.95253e-08,5.81000,0,5.81000,0.000114286,5.81000,0,5.81000,0,5.81000,0.000114286,5.81000,0.4,5.81000,1,5.81000,0,5.81000,0.4,5.81000,0,5.81000,5.01232,5.81000,0,5.81000,511.178,5.81000,0,5.81000,0.4,5.81000,0,5.81000,1400,5.81000,2.23808e-07,5.81000,2.23808e-07,5.81000,2.33544e-07,5.81000,0.000114286,5.81000,0.000114286,5.81000,0.000111749
5.82000,2.23801e-07,5.82000,0,5.82000,0,5.82000,0,5.82000,8.95225e-08,5.82000,0,5.82000,0.000114286,5.82000,0,5.82000,0,5.82000,0.000114286,5.82000,0.4,5.82000,1,5.82000,0,5.82000,0.4,5.82000,0,5.82000,5.01232,5.82000,0,5.82000,511.178,5.82000,0,5.82000,0.4,5.82000,0,5.82000,1400,5.82000,2.23801e-07,5.82000,2.23801e-07,5.82000,2.33795e-07,5.82000,0.000114286,5.82000,0.000114286,5.82000,0.000111674
5.83000,2.23794e-07,5.83000,0,5.83000,0,5.83000,0,5.83000,8.95197e-08,5.83000,0,5.83000,0.000114286,5.83000,0,5.83000,0,5.83000,0.000114286,5.83000,0.4,5.83000,1,5.83000,0,5.83000,0.4,5.83000,0,5.83000,5.01232,5.83000,0,5.83000,511.178,5.83000,0,5.83000,0.4,5.83000,0,5.83000,1400,5.83000,2.23794e-07,5.83000,2.23794e-07,5.83000,2.34046e-07,5.83000,0.000114286,5.83000,0.000114286,5.83000,0.000111598
5.84000,2.23787e-07,5.84000,0,5.84000,0,5.84000,0,5.84000,8.95169e-08,5.84000,0,5.84000,0.000114286,5.84000,0,5.84000,0,5.84000,0.000114286,5.84000,0.4,5.84000,1,5.84000,0,5.84000,0.4,5.84000,0,5.84000,5.01232,5.84000,0,5.84000,511.178,5.84000,0,5.84000,0.4,5.84000,0,5.84000,1400,5.84000,2.23787e-07,5.84000,2.23787e-07,5.84000,2.34297e-07,5.84000,0.000114286,5.84000,0.000114286,5.84000,0.000111523
5.85000,2.2378e-07,5.85000,0,5.85000,0,5.85000,0,5.85000,8.95141e-08,5.85000,0,5.85000,0.000114286,5.85000,0,5.85000,0,5.85000,0.000114286,5.85000,0.4,5.85000,1,5.85000,0,5.85000,0.4,5.85000,0,5.85000,5.01232,5.85000,0,5.85000,511.178,5.85000,0,5.85000,0.4,5.85000,0,5.85000,1400,5.85000,2.2378e-07,5.85000,2.2378e-07,5.85000,2.34548e-07,5.85000,0.000114286,5.85000,0.000114286,5.85000,0.000111447
5.86000,2.23773e-07,5.86000,0,5.86000,0,5.86000,0,5.86000,8.95113e-08,5.86000,0,5.86000,0.000114286,5.86000,0,5.86000,0,5.86000,0.000114286,5.86000,0.4,5.86000,1,5.86000,0,5.86000,0.4,5.86000,0,5.86000,5.01232,5.86000,0,5.86000,511.178,5.86000,0,5.86000,0.4,5.86000,0,5.86000,1400,5.86000,2.23773e-07,5.86000,2.23773e-07,5.86000,2.34799e-07,5.86000,0.000114286,5.86000,0.000114286,5.86000,0.000111372
5.87000,2.23765e-07,5.87000,0,5.87000,0,5.87000,0,5.87000,8.95084e-08,5.87000,0,5.87000,0.000114286,5.87000,0,5.87000,0,5.87000,0.000114286,5.87000,0.4,5.87000,1,5.87000,0,5.87000,0.4,5.87000,0,5.87000,5.01232,5.87000,0,5.87000,511.178,5.87000,0,5.87000,0.4,5.87000,0,5.87000,1400,5.87000,2.23765e-07,5.87000,2.23765e-07,5.87000,2.3505e-07,5.87000,0.000114286,5.87000,0.000114286,5.87000,0.000111296
5.88000,2.23758e-07,5.88000,0,5.88000,0,5.88000,0,5.88000,8.95056e-08,5.88000,0,5.88000,0.000114286,5.88000,0,5.88000,0,5.88000,0.000114286,5.88000,0.4,5.88000,1,5.88000,0,5.88000,0.4,5.88000,0,5.88000,5.01232,5.88000,0,5.88000,511.178,5.88000,0,5.88000,0.4,5.88000,0,5.88000,1400,5.88000,2.23758e-07,5.88000,2.23758e-07,5.88000,2.35301e-07,5.88000,0.000114286,5.88000,0.000114286,5.88000,0.00011122
5.89000,2.23751e-07,5.89000,0,5.89000,0,5.89000,0,5.89000,8.95028e-08,5.89000,0,5.89000,0.000114286,5.89000,0,5.89000,0,5.89000,0.000114286,5.89000,0.4,5.89000,1,5.89000,0,5.89000,0.4,5.89000,0,5.89000,5.01232,5.89000,0,5.89000,511.178,5.89000,0,5.89000,0.4,5.89000,0,5.89000,1400,5.89000,2.23751e-07,5.89000,2.23751e-07,5.89000,2.35552e-07,5.89000,0.000114286,5.89000,0.000114286,5.89000,0.000111145
5.90000,2.23744e-07,5.90000,0,5.90000,0,5.90000,0,5.90000,8.95e-08,5.90000,0,5.90000,0.000114286,5.90000,0,5.90000,0,5.90000,0.000114286,5.90000,0.4,5.90000,1,5.90000,0,5.90000,0.4,5.90000,0,5.90000,5.01232,5.90000,0,5.90000,511.178,5.90000,0,5.90000,0.4,5.90000,0,5.90000,1400,5.90000,2.23744e-07,5.90000,2.23744e-07,5.90000,2.35803e-07,5.90000,0.000114286,5.90000,0.000114286,5.90000,0.000111069
5.91000,2.23737e-07,5.91000,0,5.91000,0,5.91000,0,5.91000,8.94972e-08,5.91000,0,5.91000,0.000114286,5.91000,0,5.91000,0,5.91000,0.000114286,5.91000,0.4,5.91000,1,5.91000,0,5.91000,0.4,5.91000,0,5.91000,5.01232,5.91000,0,5.91000,511.178,5.91000,0,5.91000,0.4,5.91000,0,5.91000,1400,5.91000,2.23737e-07,5.91000,2.23737e-07,5.91000,2.36054e-07,5.91000,0.000114286,5.91000,0.000114286,5.91000,0.000110994
5.92000,2.2373e-07,5.92000,0,5.92000,0,5.92000,0,5.92000,8.94944e-08,5.92000,0,5.92000,0.000114286,5.92000,0,5.92000,0,5.92000,0.000114286,5.92000,0.4,5.92000,1,5.92000,0,5.92000,0.4,5.92000,0,5.92000,5.01232,5.92000,0,5.92000,511.178,5.92000,0,5.92000,0.4,5.92000,0,5.92000,1400,5.92000,2.2373e-07,5.92000,2.2373e-07,5.92000,2.36305e-07,5.92000,0.000114286,5.92000,0.000114286,5.92000,0.000110918
5.93000,2.23723e-07,5.93000,0,5.93000,0,5.93000,0,5.93000,8.94915e-08,5.93000,0,5.93000,0.000114286,5.93000,0,5.93000,0,5.93000,0.000114286,5.93000,0.4,5.93000,1,5.93000,0,5.93000,0.4,5.93000,0,5.93000,5.01232,5.93000,0,5.93000,511.178,5.93000,0,5.93000,0.4,5.93000,0,5.93000,1400,5.93000,2.23723e-07,5.93000,2.23723e-07,5.93000,2.36556e-07,5.93000,0.000114286,5.93000,0.000114286,5.93000,0.000110843
5.94000,2.23716e-07,5.94000,0,5.94000,0,5.94000,0,5.94000,8.94887e-08,5.94000,0,5.94000,0.000114286,5.94000,0,5.94000,0,5.94000,0.000114286,5.94000,0.4,5.94000,1,5.94000,0,5.94000,0.4,5.94000,0,5.94000,5.01232,5.94000,0,5.94000,511.178,5.94000,0,5.94000,0.4,5.94000,0,5.94000,1400,5.94000,2.23716e-07,5.94000,2.23716e-07,5.94000,2.36807e-07,5.94000,0.000114286,5.94000,0.000114286,5.94000,0.000110767
5.95000,2.23713e-07,5.95000,0,5.95000,0,5.95000,0,5.95000,8.94873e-08,5.95000,0,5.95000,0.000114286,5.95000,0,5.95000,0,5.95000,0.000114286,5.95000,0.4,5.95000,1,5.95000,0,5.95000,0.4,5.95000,0,5.95000,5.01232,5.95000,0,5.95000,511.178,5.95000,0,5.95000,0.4,5.95000,0,5.95000,1400,5.95000,2.23713e-07,5.95000,2.23713e-07,5.95000,2.36872e-07,5.95000,0.000114286,5.95000,0.000114286,5.95000,0.000110727
5.96000,2.23711e-07,5.96000,0,5.96000,0,5.96000,0,5.96000,8.94865e-08,5.96000,0,5.96000,0.000114286,5.96000,0,5.96000,0,5.96000,0.000114286,5.96000,0.4,5.96000,1,5.96000,0,5.96000,0.4,5.96000,0,5.96000,5.01232,5.96000,0,5.96000,511.178,5.96000,0,5.96000,0.4,5.96000,0,5.96000,1400,5.96000,2.23711e-07,5.96000,2.23711e-07,5.96000,2.36855e-07,5.96000,0.000114286,5.96000,0.000114286,5.96000,0.000110703
5.97000,2.23709e-07,5.97000,0,5.97000,0,5.97000,0,5.97000,8.94857e-08,5.97000,0,5.97000,0.000114286,5.97000,0,5.97000,0,5.97000,0.000114286,5.97000,0.4,5.97000,1,5.97000,0,5.97000,0.4,5.97000,0,5.97000,5.01232,5.97000,0,5.97000,511.178,5.97000,0,5.97000,0.4,5.97000,0,5.97000,1400,5.97000,2.23709e-07,5.97000,2.23709e-07,5.97000,2.36837e-07,5.97000,0.000114286,5.97000,0.000114286,5.97000,0.000110678
5.98000,2.23707e-07,5.98000,0,5.98000,0,5.98000,0,5.98000,8.94849e-08,5.98000,0,5.98000,0.000114286,5.98000,0,5.98000,0,5.98000,0.000114286,5.98000,0.4,5.98000,1,5.98000,0,5.98000,0.4,5.98000,0,5.98000,5.01232,5.98000,0,5.98000,511.178,5.98000,0,5.98000,0.4,5.98000,0,5.98000,1400,5.98000,2.23707e-07,5.98000,2.23707e-07,5.98000,2.36819e-07,5.98000,0.000114286,5.98000,0.000114286,5.98000,0.000110654
5.99000,2.23705e-07,5.99000,0,5.99000,0,5.99000,0,5.99000,8.94841e-08,5.99000,0,5.99000,0.000114286,5.99000,0,5.99000,0,5.99000,0.000114286,5.99000,0.4,5.99000,1,5.99000,0,5.99000,0.4,5.99000,0,5.99000,5.01232,5.99000,0,5.99000,511.178,5.99000,0,5.99000,0.4,5.99000,0,5.99000,1400,5.99000,2.23705e-07,5.99000,2.23705e-07,5.99000,2.36801e-07,5.99000,0.000114286,5.99000,0.000114286,5.99000,0.00011063
6.00000,2.23703e-07,6.00000,0,6.00000,0,6.00000,0,6.00000,8.94833e-08,6.00000,0,6.00000,0.000114286,6.00000,0,6.00000,0,6.00000,0.000114286,6.00000,0.4,6.00000,1,6.00000,0,6.00000,0.4,6.00000,0,6.00000,5.01232,6.00000,0,6.00000,511.178,6.00000,0,6.00000,0.4,6.00000,0,6.00000,1400,6.00000,2.23703e-07,6.00000,2.23703e-07,6.00000,2.36784e-07,6.00000,0.000114286,6.00000,0.000114286,6.00000,0.000110605
6.01000,2.23701e-07,6.01000,0,6.01000,0,6.01000,0,6.01000,8.94825e-08,6.01000,0,6.01000,0.000114286,6.01000,0,6.01000,0,6.01000,0.000114286,6.01000,0.4,6.01000,1,6.01000,0,6.01000,0.4,6.01000,0,6.01000,5.01232,6.01000,0,6.01000,511.178,6.01000,0,6.01000,0.4,6.01000,0,6.01000,1400,6.01000,2.23701e-07,6.01000,2.23701e-07,6.01000,2.36766e-07,6.01000,0.000114286,6.01000,0.000114286,6.01000,0.000110581
6.02000,2.23699e-07,6.02000,0,6.02000,0,6.02000,0,6.02000,8.94817e-08,6.02000,0,6.02000,0.000114286,6.02000,0,6.02000,0,6.02000,0.000114286,6.02000,0.4,6.02000,1,6.02000,0,6.02000,0.4,6.02000,0,6.02000,5.01232,6.02000,0,6.02000,511.178,6.02000,0,6.02000,0.4,6.02000,0,6.02000,1400,6.02000,2.23699e-07,6.02000,2.23699e-07,6.02000,2.36748e-07,6.02000,0.000114286,6.02000,0.000114286,6.02000,0.000110557
6.03000,2.23697e-07,6.03000,0,6.03000,0,6.03000,0,6.03000,8.94809e-08,6.03000,0,6.03000,0.000114286,6.03000,0,6.03000,0,6.03000,0.000114286,6.03000,0.4,6.03000,1,6.03000,0,6.03000,0.4,6.03000,0,6.03000,5.01232,6.03000,0,6.03000,511.178,6.03000,0,6.03000,0.4,6.03000,0,6.03000,1400,6.03000,2.23697e-07,6.03000,2.23697e-07,6.03000,2.3673e-07,6.03000,0.000114286,6.03000,0.000114286,6.03000,0.000110533
6.04000,2.23695e-07,6.04000,0,6.04000,0,6.04000,0,6.04000,8.948e-08,6.04000,0,6.04000,0.000114286,6.04000,0,6.04000,0,6.04000,0.000114286,6.04000,0.4,6.04000,1,6.04000,0,6.04000,0.4,6.04000,0,6.04000,5.01232,6.04000,0,6.04000,511.178,6.04000,0,6.04000,0.4,6.04000,0,6.04000,1400,6.04000,2.23695e-07,6.04000,2.23695e-07,6.04000,2.36713e-07,6.04000,0.000114286,6.04000,0.000114286,6.04000,0.000110508
6.05000,2.23693e-07,6.05000,0,6.05000,0,6.05000,0,6.05000,8.94792e-08,6.05000,0,6.05000,0.000114286,6.05000,0,6.05000,0,6.05000,0.000114286,6.05000,0.4,6.05000,1,6.05000,0,6.05000,0.4,6.05000,0,6.05000,5.01232,6.05000,0,6.05000,511.178,6.05000,0,6.05000,0.4,6.05000,0,6.05000,1400,6.05000,2.23693e-07,6.05000,2.23693e-07,6.05000,2.36695e-07,6.05000,0.000114286,6.05000,0.000114286,6.05000,0.000110484
6.06000,2.23691e-07,6.06000,0,6.06000,0,6.06000,0,6.06000,8.94784e-08,6.06000,0,6.06000,0.000114286,6.06000,0,6.06000,0,6.06000,0.000114286,6.06000,0.4,6.06000,1,6.06000,0,6.06000,0.4,6.06000,0,6.06000,5.01232,6.06000,0,6.06000,511.178,6.06000,0,6.06000,0.4,6.06000,0,6.06000,1400,6.06000,2.23691e-07,6.06000,2.23691e-07,6.06000,2.36677e-07,6.06000,0.000114286,6.06000,0.000114286,6.06000,0.00011046
6.07000,2.23688e-07,6.07000,0,6.07000,0,6.07000,0,6.07000,8.94776e-08,6.07000,0,6.07000,0.000114286,6.07000,0,6.07000,0,6.07000,0.000114286,6.07000,0.4,6.07000,1,6.07000,0,6.07000,0.4,6.07000,0,6.07000,5.01232,6.07000,0,6.07000,511.178,6.07000,0,6.07000,0.4,6.07000,0,6.07000,1400,6.07000,2.23688e-07,6.07000,2.23688e-07,6.07000,2.36659e-07,6.07000,0.000114286,6.07000,0.000114286,6.07000,0.000110435
6.08000,2.23686e-07,6.08000,0,6.08000,0,6.08000,0,6.08000,8.94768e-08,6.08000,0,6.08000,0.000114286,6.08000,0,6.08000,0,6.08000,0.000114286,6.08000,0.4,6.08000,1,6.08000,0,6.08000,0.4,6.08000,0,6.08000,5.01232,6.08000,0,6.08000,511.178,6.08000,0,6.08000,0.4,6.08000,0,6.08000,1400,6.08000,2.23686e-07,6.08000,2.23686e-07,6.08000,2.36642e-07,6.08000,0.000114286,6.08000,0.000114286,6.08000,0.000110411
6.09000,2.23684e-07,6.09000,0,6.09000,0,6.09000,0,6.09000,8.9476e-08,6.09000,0,6.09000,0.000114286,6.09000,0,6.09000,0,6.09000,0.000114286,6.09000,0.4,6.09000,1,6.09000,0,6.09000,0.4,6.09000,0,6.09000,5.01232,6.09000,0,6.09000,511.178,6.09000,0,6.09000,0.4,6.09000,0,6.09000,1400,6.09000,2.23684e-07,6.09000,2.23684e-07,6.09000,2.36624e-07,6.09000,0.000114286,6.09000,0.000114286,6.09000,0.000110387
6.10000,2.23682e-07,6.10000,0,6.10000,0,6.10000,0,6.10000,8.94752e-08,6.10000,0,6.10000,0.000114286,6.10000,0,6.10000,0,6.10000,0.000114286,6.10000,0.4,6.10000,1,6.10000,0,6.10000,0.4,6.10000,0,6.10000,5.01232,6.10000,0,6.10000,511.178,6.10000,0,6.10000,0.4,6.10000,0,6.10000,1400,6.10000,2.23682e-07,6.10000,2.23682e-07,6.10000,2.36606e-07,6.10000,0.000114286,6.10000,0.000114286,6.10000,0.000110362
6.11000,2.2368e-07,6.11000,0,6.11000,0,6.11000,0,6.11000,8.94744e-08,6.11000,0,6.11000,0.000114286,6.11000,0,6.11000,0,6.11000,0.000114286,6.11000,0.4,6.11000,1,6.11000,0,6.11000,0.4,6.11000,0,6.11000,5.01232,6.11000,0,6.11000,511.178,6.11000,0,6.11000,0.4,6.11000,0,6.11000,1400,6.11000,2.2368e-07,6.11000,2.2368e-07,6.11000,2.36588e-07,6.11000,0.000114286,6.11000,0.000114286,6.11000,0.000110338
6.12000,2.23678e-07,6.12000,0,6.12000,0,6.12000,0,6.12000,8.94736e-08,6.12000,0,6.12000,0.000114286,6.12000,0,6.12000,0,6.12000,0.000114286,6.12000,0.4,6.12000,1,6.12000,0,6.12000,0.4,6.12000,0,6.12000,5.01232,6.12000,0,6.12000,511.178,6.12000,0,6.12000,0.4,6.12000,0,6.12000,1400,6.12000,2.23678e-07,6.12000,2.23678e-07,6.12000,2.36571e-07,6.12000,0.000114286,6.12000,0.000114286,6.12000,0.000110314
6.13000,2.23676e-07,6.13000,0,6.13000,0,6.13000,0,6.13000,8.94728e-08,6.13000,0,6.13000,0.000114286,6.13000,0,6.13000,0,6.13000,0.000114286,6.13000,0.4,6.13000,1,6.13000,0,6.13000,0.4,6.13000,0,6.13000,5.01232,6.13000,0,6.13000,511.178,6.13000,0,6.13000,0.4,6.13000,0,6.13000,1400,6.13000,2.23676e-07,6.13000,2.23676e-07,6.13000,2.36553e-07,6.13000,0.000114286,6.13000,0.000114286,6.13000,0.000110289
6.14000,2.23674e-07,6.14000,0,6.14000,0,6.14000,0,6.14000,8.9472e-08,6.14000,0,6.14000,0.000114286,6.14000,0,6.14000,0,6.14000,0.000114286,6.14000,0.4,6.14000,1,6.14000,0,6.14000,0.4,6.14000,0,6.14000,5.01232,6.14000,0,6.14000,511.178,6.14000,0,6.14000,0.4,6.14000,0,6.14000,1400,6.14000,2.23674e-07,6.14000,2.23674e-07,6.14000,2.36535e-07,6.14000,0.000114286,6.14000,0.000114286,6.14000,0.000110265
6.15000,2.23672e-07,6.15000,0,6.15000,0,6.15000,0,6.15000,8.94712e-08,6.15000,0,6.15000,0.000114286,6.15000,0,6.15000,0,6.15000,0.000114286,6.15000,0.4,6.15000,1,6.15000,0,6.15000,0.4,6.15000,0,6.15000,5.01232,6.15000,0,6.15000,511.178,6.15000,0,6.15000,0.4,6.15000,0,6.15000,1400,6.15000,2.23672e-07,6.15000,2.23672e-07,6.15000,2.36518e-07,6.15000,0.000114286,6.15000,0.000114286,6.15000,0.000110241
6.16000,2.2367e-07,6.16000,0,6.16000,0,6.16000,0,6.16000,8.94704e-08,6.16000,0,6.16000,0.000114286,6.16000,0,6.16000,0,6.16000,0.000114286,6.16000,0.4,6.16000,1,6.16000,0,6.16000,0.4,6.16000,0,6.16000,5.01232,6.16000,0,6.16000,511.178,6.16000,0,6.16000,0.4,6.16000,0,6.16000,1400,6.16000,2.2367e-07,6.16000,2.2367e-07,6.16000,2.365e-07,6.16000,0.000114286,6.16000,0.000114286,6.16000,0.000110216
6.17000,2.23668e-07,6.17000,0,6.17000,0,6.17000,0,6.17000,8.94696e-08,6.17000,0,6.17000,0.000114286,6.17000,0,6.17000,0,6.17000,0.000114286,6.17000,0.4,6.17000,1,6.17000,0,6.17000,0.4,6.17000,0,6.17000,5.01232,6.17000,0,6.17000,511.178,6.17000,0,6.17000,0.4,6.17000,0,6.17000,1400,6.17000,2.23668e-07,6.17000,2.23668e-07,6.17000,2.36482e-07,6.17000,0.000114286,6.17000,0.000114286,6.17000,0.000110192
6.18000,2.23666e-07,6.18000,0,6.18000,0,6.18000,0,6.18000,8.94688e-08,6.18000,0,6.18000,0.000114286,6.18000,0,6.18000,0,6.18000,0.000114286,6.18000,0.4,6.18000,1,6.18000,0,6.18000,0.4,6.18000,0,6.18000,5.01232,6.18000,0,6.18000,511.178,6.18000,0,6.18000,0.4,6.18000,0,6.18000,1400,6.18000,2.23666e-07,6.18000,2.23666e-07,6.18000,2.36464e-07,6.18000,0.000114286,6.18000,0.000114286,6.18000,0.000110168
6.19000,2.23664e-07,6.19000,0,6.19000,0,6.19000,0,6.19000,8.9468e-08,6.19000,0,6.19000,0.000114286,6.19000,0,6.19000,0,6.19000,0.000114286,6.19000,0.4,6.19000,1,6.19000,0,6.19000,0.4,6.19000,0,6.19000,5.01232,6.19000,0,6.19000,511.178,6.19000,0,6.19000,0.4,6.19000,0,6.19000,1400,6.19000,2.23664e-07,6.19000,2.23664e-07,6.19000,2.36447e-07,6.19000,0.000114286,6.19000,0.000114286,6.19000,0.000110144
6.20000,2.23662e-07,6.20000,0,6.20000,0,6.20000,0,6.20000,8.94672e-08,6.20000,0,6.20000,0.000114286,6.20000,0,6.20000,0,6.20000,0.000114286,6.20000,0.4,6.20000,1,6.20000,0,6.20000,0.4,6.20000,0,6.20000,5.01232,6.20000,0,6.20000,511.178,6.20000,0,6.20000,0.4,6.20000,0,6.20000,1400,6.20000,2.23662e-07,6.20000,2.23662e-07,6.20000,2.36429e-07,6.20000,0.000114286,6.20000,0.000114286,6.20000,0.000110119
6.21000,2.2366e-07,6.21000,0,6.21000,0,6.21000,0,6.21000,8.94664e-08,6.21000,0,6.21000,0.000114286,6.21000,0,6.21000,0,6.21000,0.000114286,6.21000,0.4,6.21000,1,6.21000,0,6.21000,0.4,6.21000,0,6.21000,5.01232,6.21000,0,6.21000,511.178,6.21000,0,6.21000,0.4,6.21000,0,6.21000,1400,6.21000,2.2366e-07,6.21000,2.2366e-07,6.21000,2.36411e-07,6.21000,0.000114286,6.21000,0.000114286,6.21000,0.000110095
6.22000,2.23658e-07,6.22000,0,6.22000,0,6.22000,0,6.22000,8.94656e-08,6.22000,0,6.22000,0.000114286,6.22000,0,6.22000,0,6.22000,0.000114286,6.22000,0.4,6.22000,1,6.22000,0,6.22000,0.4,6.22000,0,6.22000,5.01232,6.22000,0,6.22000,511.178,6.22000,0,6.22000,0.4,6.22000,0,6.22000,1400,6.22000,2.23658e-07,6.22000,2.23658e-07,6.22000,2.36393e-07,6.22000,0.000114286,6.22000,0.000114286,6.22000,0.000110071
6.23000,2.23656e-07,6.23000,0,6.23000,0,6.23000,0,6.23000,8.94648e-08,6.23000,0,6.23000,0.000114286,6.23000,0,6.23000,0,6.23000,0.000114286,6.23000,0.4,6.23000,1,6.23000,0,6.23000,0.4,6.23000,0,6.23000,5.01232,6.23000,0,6.23000,511.178,6.23000,0,6.23000,0.4,6.23000,0,6.23000,1400,6.23000,2.23656e-07,6.23000,2.23656e-07,6.23000,2.36376e-07,6.23000,0.000114286,6.23000,0.000114286,6.23000,0.000110046
6.24000,2.23654e-07,6.24000,0,6.24000,0,6.24000,0,6.24000,8.9464e-08,6.24000,0,6.24000,0.000114286,6.24000,0,6.24000,0,6.24000,0.000114286,6.24000,0.4,6.24000,1,6.24000,0,6.24000,0.4,6.24000,0,6.24000,5.01232,6.24000,0,6.24000,511.178,6.24000,0,6.24000,0.4,6.24000,0,6.24000,1400,6.24000,2.23654e-07,6.24000,2.23654e-07,6.24000,2.36358e-07,6.24000,0.000114286,6.24000,0.000114286,6.24000,0.000110022
6.25000,2.23652e-07,6.25000,0,6.25000,0,6.25000,0,6.25000,8.94631e-08,6.25000,0,6.25000,0.000114286,6.25000,0,6.25000,0,6.25000,0.000114286,6.25000,0.4,6.25000,1,6.25000,0,6.25000,0.4,6.25000,0,6.25000,5.01232,6.25000,0,6.25000,511.178,6.25000,0,6.25000,0.4,6.25000,0,6.25000,1400,6.25000,2.23652e-07,6.25000,2.23652e-07,6.25000,2.3634e-07,6.25000,0.000114286,6.25000,0.000114286,6.25000,0.000109998
6.26000,2.2365e-07,6.26000,0,6.26000,0,6.26000,0,6.26000,8.94623e-08,6.26000,0,6.26000,0.000114286,6.26000,0,6.26000,0,6.26000,0.000114286,6.26000,0.4,6.26000,1,6.26000,0,6.26000,0.4,6.26000,0,6.26000,5.01232,6.26000,0,6.26000,511.178,6.26000,0,6.26000,0.4,6.26000,0,6.26000,1400,6.26000,2.2365e-07,6.26000,2.2365e-07,6.26000,2.36322e-07,6.26000,0.000114286,6.26000,0.000114286,6.26000,0.000109973
6.27000,2.23648e-07,6.27000,0,6.27000,0,6.27000,0,6.27000,8.94615e-08,6.27000,0,6.27000,0.000114286,6.27000,0,6.27000,0,6.27000,0.000114286,6.27000,0.4,6.27000,1,6.27000,0,6.27000,0.4,6.27000,0,6.27000,5.01232,6.27000,0,6.27000,511.178,6.27000,0,6.27000,0.4,6.27000,0,6.27000,1400,6.27000,2.23648e-07,6.27000,2.23648e-07,6.27000,2.36305e-07,6.27000,0.000114286,6.27000,0.000114286,6.27000,0.000109949
6.28000,2.23646e-07,6.28000,0,6.28000,0,6.28000,0,6.28000,8.94607e-08,6.28000,0,6.28000,0.000114286,6.28000,0,6.28000,0,6.28000,0.000114286,6.28000,0.4,6.28000,1,6.28000,0,6.28000,0.4,6.28000,0,6.28000,5.01232,6.28000,0,6.28000,511.178,6.28000,0,6.28000,0.4,6.28000,0,6.28000,1400,6.28000,2.23646e-07,6.28000,2.23646e-07,6.28000,2.36287e-07,6.28000,0.000114286,6.28000,0.000114286,6.28000,0.000109925
6.29000,2.23644e-07,6.29000,0,6.29000,0,6.29000,0,6.29000,8.94599e-08,6.29000,0,6.29000,0.000114286,6.29000,0,6.29000,0,6.29000,0.000114286,6.29000,0.4,6.29000,1,6.29000,0,6.29000,0.4,6.29000,0,6.29000,5.01232,6.29000,0,6.29000,511.178,6.29000,0,6.29000,0.4,6.29000,0,6.29000,1400,6.29000,2.23644e-07,6.29000,2.23644e-07,6.29000,2.36269e-07,6.29000,0.000114286,6.29000,0.000114286,6.29000,0.0001099
6.30000,2.23642e-07,6.30000,0,6.30000,0,6.30000,0,6.30000,8.94591e-08,6.30000,0,6.30000,0.000114286,6.30000,0,6.30000,0,6.30000,0.000114286,6.30000,0.4,6.30000,1,6.30000,0,6.30000,0.4,6.30000,0,6.30000,5.01232,6.30000,0,6.30000,511.178,6.30000,0,6.30000,0.4,6.30000,0,6.30000,1400,6.30000,2.23642e-07,6.30000,2.23642e-07,6.30000,2.36251e-07,6.30000,0.000114286,6.30000,0.000114286,6.30000,0.000109876
6.31000,2.2364e-07,6.31000,0,6.31000,0,6.31000,0,6.31000,8.94583e-08,6.31000,0,6.31000,0.000114286,6.31000,0,6.31000,0,6.31000,0.000114286,6.31000,0.4,6.31000,1,6.31000,0,6.31000,0.4,6.31000,0,6.31000,5.01232,6.31000,0,6.31000,511.178,6.31000,0,6.31000,0.4,6.31000,0,6.31000,1400,6.31000,2.2364e-07,6.31000,2.2364e-07,6.31000,2.36234e-07,6.31000,0.000114286,6.31000,0.000114286,6.31000,0.000109852
6.32000,2.23638e-07,6.32000,0,6.32000,0,6.32000,0,6.32000,8.94575e-08,6.32000,0,6.32000,0.000114286,6.32000,0,6.32000,0,6.32000,0.000114286,6.32000,0.4,6.32000,1,6.32000,0,6.32000,0.4,6.32000,0,6.32000,5.01232,6.32000,0,6.32000,511.178,6.32000,0,6.32000,0.4,6.32000,0,6.32000,1400,6.32000,2.23638e-07,6.32000,2.23638e-07,6.32000,2.36216e-07,6.32000,0.000114286,6.32000,0.000114286,6.32000,0.000109828
6.33000,2.23636e-07,6.33000,0,6.33000,0,6.33000,0,6.33000,8.94567e-08,6.33000,0,6.33000,0.000114286,6.33000,0,6.33000,0,6.33000,0.000114286,6.33000,0.4,6.33000,1,6.33000,0,6.33000,0.4,6.33000,0,6.33000,5.01232,6.33000,0,6.33000,511.178,6.33000,0,6.33000,0.4,6.33000,0,6.33000,1400,6.33000,2.23636e-07,6.33000,2.23636e-07,6.33000,2.36198e-07,6.33000,0.000114286,6.33000,0.000114286,6.33000,0.000109803
6.34000,2.23634e-07,6.34000,0,6.34000,0,6.34000,0,6.34000,8.94559e-08,6.34000,0,6.34000,0.000114286,6.34000,0,6.34000,0,6.34000,0.000114286,6.34000,0.4,6.34000,1,6.34000,0,6.34000,0.4,6.34000,0,6.34000,5.01232,6.34000,0,6.34000,511.178,6.34000,0,6.34000,0.4,6.34000,0,6.34000,1400,6.34000,2.23634e-07,6.34000,2.23634e-07,6.34000,2.3618e-07,6.34000,0.000114286,6.34000,0.000114286,6.34000,0.000109779
6.35000,2.23632e-07,6.35000,0,6.35000,0,6.35000,0,6.35000,8.94551e-08,6.35000,0,6.35000,0.000114286,6.35000,0,6.35000,0,6.35000,0.000114286,6.35000,0.4,6.35000,1,6.35000,0,6.35000,0.4,6.35000,0,6.35000,5.01232,6.35000,0,6.35000,511.178,6.35000,0,6.35000,0.4,6.35000,0,6.35000,1400,6.35000,2.23632e-07,6.35000,2.23632e-07,6.35000,2.36163e-07,6.35000,0.000114286,6.35000,0.000114286,6.35000,0.000109755
6.36000,2.2363e-07,6.36000,0,6.36000,0,6.36000,0,6.36000,8.94543e-08,6.36000,0,6.36000,0.000114286,6.36000,0,6.36000,0,6.36000,0.000114286,6.36000,0.4,6.36000,1,6.36000,0,6.36000,0.4,6.36000,0,6.36000,5.01232,6.36000,0,6.36000,511.178,6.36000,0,6.36000,0.4,6.36000,0,6.36000,1400,6.36000,2.2363e-07,6.36000,2.2363e-07,6.36000,2.36145e-07,6.36000,0.000114286,6.36000,0.000114286,6.36000,0.00010973
6.37000,2.23628e-07,6.37000,0,6.37000,0,6.37000,0,6.37000,8.94535e-08,6.37000,0,6.37000,0.000114286,6.37000,0,6.37000,0,6.37000,0.000114286,6.37000,0.4,6.37000,1,6.37000,0,6.37000,0.4,6.37000,0,6.37000,5.01232,6.37000,0,6.37000,511.178,6.37000,0,6.37000,0.4,6.37000,0,6.37000,1400,6.37000,2.23628e-07,6.37000,2.23628e-07,6.37000,2.36127e-07,6.37000,0.000114286,6.37000,0.000114286,6.37000,0.000109706
6.38000,2.23626e-07,6.38000,0,6.38000,0,6.38000,0,6.38000,8.94527e-08,6.38000,0,6.38000,0.000114286,6.38000,0,6.38000,0,6.38000,0.000114286,6.38000,0.4,6.38000,1,6.38000,0,6.38000,0.4,6.38000,0,6.38000,5.01232,6.38000,0,6.38000,511.178,6.38000,0,6.38000,0.4,6.38000,0,6.38000,1400,6.38000,2.23626e-07,6.38000,2.23626e-07,6.38000,2.36109e-07,6.38000,0.000114286,6.38000,0.000114286,6.38000,0.000109682
6.39000,2.23624e-07,6.39000,0,6.39000,0,6.39000,0,6.39000,8.94519e-08,6.39000,0,6.39000,0.000114286,6.39000,0,6.39000,0,6.39000,0.000114286,6.39000,0.4,6.39000,1,6.39000,0,6.39000,0.4,6.39000,0,6.39000,5.01232,6.39000,0,6.39000,511.178,6.39000,0,6.39000,0.4,6.39000,0,6.39000,1400,6.39000,2.23624e-07,6.39000,2.23624e-07,6.39000,2.36092e-07,6.39000,0.000114286,6.39000,0.000114286,6.39000,0.000109657
6.40000,2.23622e-07,6.40000,0,6.40000,0,6.40000,0,6.40000,8.94511e-08,6.40000,0,6.40000,0.000114286,6.40000,0,6.40000,0,6.40000,0.000114286,6.40000,0.4,6.40000,1,6.40000,0,6.40000,0.4,6.40000,0,6.40000,5.01232,6.40000,0,6.40000,511.178,6.40000,0,6.40000,0.4,6.40000,0,6.40000,1400,6.40000,2.23622e-07,6.40000,2.23622e-07,6.40000,2.36074e-07,6.40000,0.000114286,6.40000,0.000114286,6.40000,0.000109633
6.41000,2.2362e-07,6.41000,0,6.41000,0,6.41000,0,6.41000,8.94503e-08,6.41000,0,6.41000,0.000114286,6.41000,0,6.41000,0,6.41000,0.000114286,6.41000,0.4,6.41000,1,6.41000,0,6.41000,0.4,6.41000,0,6.41000,5.01232,6.41000,0,6.41000,511.178,6.41000,0,6.41000,0.4,6.41000,0,6.41000,1400,6.41000,2.2362e-07,6.41000,2.2362e-07,6.41000,2.36056e-07,6.41000,0.000114286,6.41000,0.000114286,6.41000,0.000109609
6.42000,2.23618e-07,6.42000,0,6.42000,0,6.42000,0,6.42000,8.94495e-08,6.42000,0,6.42000,0.000114286,6.42000,0,6.42000,0,6.42000,0.000114286,6.42000,0.4,6.42000,1,6.42000,0,6.42000,0.4,6.42000,0,6.42000,5.01232,6.42000,0,6.42000,511.178,6.42000,0,6.42000,0.4,6.42000,0,6.42000,1400,6.42000,2.23618e-07,6.42000,2.23618e-07,6.42000,2.36038e-07,6.42000,0.000114286,6.42000,0.000114286,6.42000,0.000109584
6.43000,2.23616e-07,6.43000,0,6.43000,0,6.43000,0,6.43000,8.94487e-08,6.43000,0,6.43000,0.000114286,6.43000,0,6.43000,0,6.43000,0.000114286,6.43000,0.4,6.43000,1,6.43000,0,6.43000,0.4,6.43000,0,6.43000,5.01232,6.43000,0,6.43000,511.178,6.43000,0,6.43000,0.4,6.43000,0,6.43000,1400,6.43000,2.23616e-07,6.43000,2.23616e-07,6.43000,2.36021e-07,6.43000,0.000114286,6.43000,0.000114286,6.43000,0.00010956
6.44000,2.23614e-07,6.44000,0,6.44000,0,6.44000,0,6.44000,8.94479e-08,6.44000,0,6.44000,0.000114286,6.44000,0,6.44000,0,6.44000,0.000114286,6.44000,0.4,6.44000,1,6.44000,0,6.44000,0.4,6.44000,0,6.44000,5.01232,6.44000,0,6.44000,511.178,6.44000,0,6.44000,0.4,6.44000,0,6.44000,1400,6.44000,2.23614e-07,6.44000,2.23614e-07,6.44000,2.36003e-07,6.44000,0.000114286,6.44000,0.000114286,6.44000,0.000109536
6.45000,2.23613e-07,6.45000,0,6.45000,0,6.45000,0,6.45000,8.94474e-08,6.45000,0,6.45000,0.000114286,6.45000,0,6.45000,0,6.45000,0.000114286,6.45000,0.4,6.45000,1,6.45000,0,6.45000,0.4,6.45000,0,6.45000,5.01232,6.45000,0,6.45000,511.178,6.45000,0,6.45000,0.4,6.45000,0,6.45000,1400,6.45000,2.23613e-07,6.45000,2.23613e-07,6.45000,2.35769e-07,6.45000,0.000114286,6.45000,0.000114286,6.45000,0.000109543
6.46000,2.23612e-07,6.46000,0,6.46000,0,6.46000,0,6.46000,8.94472e-08,6.46000,0,6.46000,0.000114286,6.46000,0,6.46000,0,6.46000,0.000114286,6.46000,0.4,6.46000,1,6.46000,0,6.46000,0.4,6.46000,0,6.46000,5.01232,6.46000,0,6.46000,511.178,6.46000,0,6.46000,0.4,6.46000,0,6.46000,1400,6.46000,2.23612e-07,6.46000,2.23612e-07,6.46000,2.35438e-07,6.46000,0.000114286,6.46000,0.000114286,6.46000,0.000109563
6.47000,2.23612e-07,6.47000,0,6.47000,0,6.47000,0,6.47000,8.9447e-08,6.47000,0,6.47000,0.000114286,6.47000,0,6.47000,0,6.47000,0.000114286,6.47000,0.4,6.47000,1,6.47000,0,6.47000,0.4,6.47000,0,6.47000,5.01232,6.47000,0,6.47000,511.178,6.47000,0,6.47000,0.4,6.47000,0,6.47000,1400,6.47000,2.23612e-07,6.47000,2.23612e-07,6.47000,2.35108e-07,6.47000,0.000114286,6.47000,0.000114286,6.47000,0.000109583
6.48000,2.23611e-07,6.48000,0,6.48000,0,6.48000,0,6.48000,8.94468e-08,6.48000,0,6.48000,0.000114286,6.48000,0,6.48000,0,6.48000,0.000114286,6.48000,0.4,6.48000,1,6.48000,0,6.48000,0.4,6.48000,0,6.48000,5.01232,6.48000,0,6.48000,511.178,6.48000,0,6.48000,0.4,6.48000,0,6.48000,1400,6.48000,2.23611e-07,6.48000,2.23611e-07,6.48000,2.34777e-07,6.48000,0.000114286,6.48000,0.000114286,6.48000,0.000109604
6.49000,2.23611e-07,6.49000,0,6.49000,0,6.49000,0,6.49000,8.94465e-08,6.49000,0,6.49000,0.000114286,6.49000,0,6.49000,0,6.49000,0.000114286,6.49000,0.4,6.49000,1,6.49000,0,6.49000,0.4,6.49000,0,6.49000,5.01232,6.49000,0,6.49000,511.178,6.49000,0,6.49000,0.4,6.49000,0,6.49000,1400,6.49000,2.23611e-07,6.49000,2.23611e-07,6.49000,2.34447e-07,6.49000,0.000114286,6.49000,0.000114286,6.49000,0.000109624
6.50000,2.2361e-07,6.50000,0,6.50000,0,6.50000,0,6.50000,8.94463e-08,6.50000,0,6.50000,0.000114286,6.50000,0,6.50000,0,6.50000,0.000114286,6.50000,0.4,6.50000,1,6.50000,0,6.50000,0.4,6.50000,0,6.50000,5.01232,6.50000,0,6.50000,511.178,6.50000,0,6.50000,0.4,6.50000,0,6.50000,1400,6.50000,2.2361e-07,6.50000,2.2361e-07,6.50000,2.34116e-07,6.50000,0.000114286,6.50000,0.000114286,6.50000,0.000109645
6.51000,2.2361e-07,6.51000,0,6.51000,0,6.51000,0,6.51000,8.94461e-08,6.51000,0,6.51000,0.000114286,6.51000,0,6.51000,0,6.51000,0.000114286,6.51000,0.4,6.51000,1,6.51000,0,6.51000,0.4,6.51000,0,6.51000,5.01232,6.51000,0,6.51000,511.178,6.51000,0,6.51000,0.4,6.51000,0,6.51000,1400,6.51000,2.2361e-07,6.51000,2.2361e-07,6.51000,2.33786e-07,6.51000,0.000114286,6.51000,0.000114286,6.51000,0.000109665
6.52000,2.23609e-07,6.52000,0,6.52000,0,6.52000,0,6.52000,8.94458e-08,6.52000,0,6.52000,0.000114286,6.52000,0,6.52000,0,6.52000,0.000114286,6.52000,0.4,6.52000,1,6.52000,0,6.52000,0.4,6.52000,0,6.52000,5.01232,6.52000,0,6.52000,511.178,6.52000,0,6.52000,0.4,6.52000,0,6.52000,1400,6.52000,2.23609e-07,6.52000,2.23609e-07,6.52000,2.33456e-07,6.52000,0.000114286,6.52000,0.000114286,6.52000,0.000109686
6.53000,2.23608e-07,6.53000,0,6.53000,0,6.53000,0,6.53000,8.94456e-08,6.53000,0,6.53000,0.000114286,6.53000,0,6.53000,0,6.53000,0.000114286,6.53000,0.4,6.53000,1,6.53000,0,6.53000,0.4,6.53000,0,6.53000,5.01232,6.53000,0,6.53000,511.178,6.53000,0,6.53000,0.4,6.53000,0,6.53000,1400,6.53000,2.23608e-07,6.53000,2.23608e-07,6.53000,2.33125e-07,6.53000,0.000114286,6.53000,0.000114286,6.53000,0.000109706
6.54000,2.23608e-07,6.54000,0,6.54000,0,6.54000,0,6.54000,8.94454e-08,6.54000,0,6.54000,0.000114286,6.54000,0,6.54000,0,6.54000,0.000114286,6.54000,0.4,6.54000,1,6.54000,0,6.54000,0.4,6.54000,0,6.54000,5.01232,6.54000,0,6.54000,511.178,6.54000,0,6.54000,0.4,6.54000,0,6.54000,1400,6.54000,2.23608e-07,6.54000,2.23608e-07,6.54000,2.32795e-07,6.54000,0.000114286,6.54000,0.000114286,6.54000,0.000109727
6.55000,2.23607e-07,6.55000,0,6.55000,0,6.55000,0,6.55000,8.94452e-08,6.55000,0,6.55000,0.000114286,6.55000,0,6.55000,0,6.55000,0.000114286,6.55000,0.4,6.55000,1,6.55000,0,6.55000,0.4,6.55000,0,6.55000,5.01232,6.55000,0,6.55000,511.178,6.55000,0,6.55000,0.4,6.55000,0,6.55000,1400,6.55000,2.23607e-07,6.55000,2.23607e-07,6.55000,2.32464e-07,6.55000,0.000114286,6.55000,0.000114286,6.55000,0.000109747
6.56000,2.23607e-07,6.56000,0,6.56000,0,6.56000,0,6.56000,8.94449e-08,6.56000,0,6.56000,0.000114286,6.56000,0,6.56000,0,6.56000,0.000114286,6.56000,0.4,6.56000,1,6.56000,0,6.56000,0.4,6.56000,0,6.56000,5.01232,6.56000,0,6.56000,511.178,6.56000,0,6.56000,0.4,6.56000,0,6.56000,1400,6.56000,2.23607e-07,6.56000,2.23607e-07,6.56000,2.32134e-07,6.56000,0.000114286,6.56000,0.000114286,6.56000,0.000109768
6.57000,2.23606e-07,6.57000,0,6.57000,0,6.57000,0,6.57000,8.94447e-08,6.57000,0,6.57000,0.000114286,6.57000,0,6.57000,0,6.57000,0.000114286,6.57000,0.4,6.57000,1,6.57000,0,6.57000,0.4,6.57000,0,6.57000,5.01232,6.57000,0,6.57000,511.178,6.57000,0,6.57000,0.4,6.57000,0,6.57000,1400,6.57000,2.23606e-07,6.57000,2.23606e-07,6.57000,2.31803e-07,6.57000,0.000114286,6.57000,0.000114286,6.57000,0.000109788
6.58000,2.23606e-07,6.58000,0,6.58000,0,6.58000,0,6.58000,8.94445e-08,6.58000,0,6.58000,0.000114286,6.58000,0,6.58000,0,6.58000,0.000114286,6.58000,0.4,6.58000,1,6.58000,0,6.58000,0.4,6.58000,0,6.58000,5.01232,6.58000,0,6.58000,511.178,6.58000,0,6.58000,0.4,6.58000,0,6.58000,1400,6.58000,2.23606e-07,6.58000,2.23606e-07,6.58000,2.31473e-07,6.58000,0.000114286,6.58000,0.000114286,6.58000,0.000109808
6.59000,2.23605e-07,6.59000,0,6.59000,0,6.59000,0,6.59000,8.94442e-08,6.59000,0,6.59000,0.000114286,6.59000,0,6.59000,0,6.59000,0.000114286,6.59000,0.4,6.59000,1,6.59000,0,6.59000,0.4,6.59000,0,6.59000,5.01232,6.59000,0,6.59000,511.178,6.59000,0,6.59000,0.4,6.59000,0,6.59000,1400,6.59000,2.23605e-07,6.59000,2.23605e-07,6.59000,2.31142e-07,6.59000,0.000114286,6.59000,0.000114286,6.59000,0.000109829
6.60000,2.23604e-07,6.60000,0,6.60000,0,6.60000,0,6.60000,8.9444e-08,6.60000,0,6.60000,0.000114286,6.60000,0,6.60000,0,6.60000,0.000114286,6.60000,0.4,6.60000,1,6.60000,0,6.60000,0.4,6.60000,0,6.60000,5.01232,6.60000,0,6.60000,511.178,6.60000,0,6.60000,0.4,6.60000,0,6.60000,1400,6.60000,2.23604e-07,6.60000,2.23604e-07,6.60000,2.30812e-07,6.60000,0.000114286,6.60000,0.000114286,6.60000,0.000109849
6.61000,2.23604e-07,6.61000,0,6.61000,0,6.61000,0,6.61000,8.94438e-08,6.61000,0,6.61000,0.000114286,6.61000,0,6.61000,0,6.61000,0.000114286,6.61000,0.4,6.61000,1,6.61000,0,6.61000,0.4,6.61000,0,6.61000,5.01232,6.61000,0,6.61000,511.178,6.61000,0,6.61000,0.4,6.61000,0,6.61000,1400,6.61000,2.23604e-07,6.61000,2.23604e-07,6.61000,2.30482e-07,6.61000,0.000114286,6.61000,0.000114286,6.61000,0.00010987
6.62000,2.23603e-07,6.62000,0,6.62000,0,6.62000,0,6.62000,8.94436e-08,6.62000,0,6.62000,0.000114286,6.62000,0,6.62000,0,6.62000,0.000114286,6.62000,0.4,6.62000,1,6.62000,0,6.62000,0.4,6.62000,0,6.62000,5.01232,6.62000,0,6.62000,511.178,6.62000,0,6.62000,0.4,6.62000,0,6.62000,1400,6.62000,2.23603e-07,6.62000,2.23603e-07,6.62000,2.30151e-07,6.62000,0.000114286,6.62000,0.000114286,6.62000,0.00010989
6.63000,2.23603e-07,6.63000,0,6.63000,0,6.63000,0,6.63000,8.94433e-08,6.63000,0,6.63000,0.000114286,6.63000,0,6.63000,0,6.63000,0.000114286,6.63000,0.4,6.63000,1,6.63000,0,6.63000,0.4,6.63000,0,6.63000,5.01232,6.63000,0,6.63000,511.178,6.63000,0,6.63000,0.4,6.63000,0,6.63000,1400,6.63000,2.23603e-07,6.63000,2.23603e-07,6.63000,2.29821e-07,6.63000,0.000114286,6.63000,0.000114286,6.63000,0.000109911
6.64000,2.23602e-07,6.64000,0,6.64000,0,6.64000,0,6.64000,8.94431e-08,6.64000,0,6.64000,0.000114286,6.64000,0,6.64000,0,6.64000,0.000114286,6.64000,0.4,6.64000,1,6.64000,0,6.64000,0.4,6.64000,0,6.64000,5.01232,6.64000,0,6.64000,511.178,6.64000,0,6.64000,0.4,6.64000,0,6.64000,1400,6.64000,2.23602e-07,6.64000,2.23602e-07,6.64000,2.2949e-07,6.64000,0.000114286,6.64000,0.000114286,6.64000,0.000109931
6.65000,2.23602e-07,6.65000,0,6.65000,0,6.65000,0,6.65000,8.94429e-08,6.65000,0,6.65000,0.000114286,6.65000,0,6.65000,0,6.65000,0.000114286,6.65000,0.4,6.65000,1,6.65000,0,6.65000,0.4,6.65000,0,6.65000,5.01232,6.65000,0,6.65000,511.178,6.65000,0,6.65000,0.4,6.65000,0,6.65000,1400,6.65000,2.23602e-07,6.65000,2.23602e-07,6.65000,2.2916e-07,6.65000,0.000114286,6.65000,0.000114286,6.65000,0.000109952
6.66000,2.23601e-07,6.66000,0,6.66000,0,6.66000,0,6.66000,8.94426e-08,6.66000,0,6.66000,0.000114286,6.66000,0,6.66000,0,6.66000,0.000114286,6.66000,0.4,6.66000,1,6.66000,0,6.66000,0.4,6.66000,0,6.66000,5.01232,6.66000,0,6.66000,511.178,6.66000,0,6.66000,0.4,6.66000,0,6.66000,1400,6.66000,2.23601e-07,6.66000,2.23601e-07,6.66000,2.28829e-07,6.66000,0.000114286,6.66000,0.000114286,6.66000,0.000109972
6.67000,2.236e-07,6.67000,0,6.67000,0,6.67000,0,6.67000,8.94424e-08,6.67000,0,6.67000,0.000114286,6.67000,0,6.67000,0,6.67000,0.000114286,6.67000,0.4,6.67000,1,6.67000,0,6.67000,0.4,6.67000,0,6.67000,5.01232,6.67000,0,6.67000,511.178,6.67000,0,6.67000,0.4,6.67000,0,6.67000,1400,6.67000,2.236e-07,6.67000,2.236e-07,6.67000,2.28499e-07,6.67000,0.000114286,6.67000,0.000114286,6.67000,0.000109993
6.68000,2.236e-07,6.68000,0,6.68000,0,6.68000,0,6.68000,8.94422e-08,6.68000,0,6.68000,0.000114286,6.68000,0,6.68000,0,6.68000,0.000114286,6.68000,0.4,6.68000,1,6.68000,0,6.68000,0.4,6.68000,0,6.68000,5.01232,6.68000,0,6.68000,511.178,6.68000,0,6.68000,0.4,6.68000,0,6.68000,1400,6.68000,2.236e-07,6.68000,2.236e-07,6.68000,2.28168e-07,6.68000,0.000114286,6.68000,0.000114286,6.68000,0.000110013
6.69000,2.23599e-07,6.69000,0,6.69000,0,6.69000,0,6.69000,8.94419e-08,6.69000,0,6.69000,0.000114286,6.69000,0,6.69000,0,6.69000,0.000114286,6.69000,0.4,6.69000,1,6.69000,0,6.69000,0.4,6.69000,0,6.69000,5.01232,6.69000,0,6.69000,511.178,6.69000,0,6.69000,0.4,6.69000,0,6.69000,1400,6.69000,2.23599e-07,6.69000,2.23599e-07,6.69000,2.27838e-07,6.69000,0.000114286,6.69000,0.000114286,6.69000,0.000110033
6.70000,2.23599e-07,6.70000,0,6.70000,0,6.70000,0,6.70000,8.94417e-08,6.70000,0,6.70000,0.000114286,6.70000,0,6.70000,0,6.70000,0.000114286,6.70000,0.4,6.70000,1,6.70000,0,6.70000,0.4,6.70000,0,6.70000,5.01232,6.70000,0,6.70000,511.178,6.70000,0,6.70000,0.4,6.70000,0,6.70000,1400,6.70000,2.23599e-07,6.70000,2.23599e-07,6.70000,2.27508e-07,6.70000,0.000114286,6.70000,0.000114286,6.70000,0.000110054
6.71000,2.23598e-07,6.71000,0,6.71000,0,6.71000,0,6.71000,8.94415e-08,6.71000,0,6.71000,0.000114286,6.71000,0,6.71000,0,6.71000,0.000114286,6.71000,0.4,6.71000,1,6.71000,0,6.71000,0.4,6.71000,0,6.71000,5.01232,6.71000,0,6.71000,511.178,6.71000,0,6.71000,0.4,6.71000,0,6.71000,1400,6.71000,2.23598e-07,6.71000,2.23598e-07,6.71000,2.27177e-07,6.71000,0.000114286,6.71000,0.000114286,6.71000,0.000110074
6.72000,2.23598e-07,6.72000,0,6.72000,0,6.72000,0,6.72000,8.94413e-08,6.72000,0,6.72000,0.000114286,6.72000,0,6.72000,0,6.72000,0.000114286,6.72000,0.4,6.72000,1,6.72000,0,6.72000,0.4,6.72000,0,6.72000,5.01232,6.72000,0,6.72000,511.178,6.72000,0,6.72000,0.4,6.72000,0,6.72000,1400,6.72000,2.23598e-07,6.72000,2.23598e-07,6.72000,2.26847e-07,6.72000,0.000114286,6.72000,0.000114286,6.72000,0.000110095
6.73000,2.23597e-07,6.73000,0,6.73000,0,6.73000,0,6.73000,8.9441e-08,6.73000,0,6.73000,0.000114286,6.73000,0,6.73000,0,6.73000,0.000114286,6.73000,0.4,6.73000,1,6.73000,0,6.73000,0.4,6.73000,0,6.73000,5.01232,6.73000,0,6.73000,511.178,6.73000,0,6.73000,0.4,6.73000,0,6.73000,1400,6.73000,2.23597e-07,6.73000,2.23597e-07,6.73000,2.26516e-07,6.73000,0.000114286,6.73000,0.000114286,6.73000,0.000110115
6.74000,2.23596e-07,6.74000,0,6.74000,0,6.74000,0,6.74000,8.94408e-08,6.74000,0,6.74000,0.000114286,6.74000,0,6.74000,0,6.74000,0.000114286,6.74000,0.4,6.74000,1,6.74000,0,6.74000,0.4,6.74000,0,6.74000,5.01232,6.74000,0,6.74000,511.178,6.74000,0,6.74000,0.4,6.74000,0,6.74000,1400,6.74000,2.23596e-07,6.74000,2.23596e-07,6.74000,2.26186e-07,6.74000,0.000114286,6.74000,0.000114286,6.74000,0.000110136
6.75000,2.23596e-07,6.75000,0,6.75000,0,6.75000,0,6.75000,8.94406e-08,6.75000,0,6.75000,0.000114286,6.75000,0,6.75000,0,6.75000,0.000114286,6.75000,0.4,6.75000,1,6.75000,0,6.75000,0.4,6.75000,0,6.75000,5.01232,6.75000,0,6.75000,511.178,6.75000,0,6.75000,0.4,6.75000,0,6.75000,1400,6.75000,2.23596e-07,6.75000,2.23596e-07,6.75000,2.25855e-07,6.75000,0.000114286,6.75000,0.000114286,6.75000,0.000110156
6.76000,2.23595e-07,6.76000,0,6.76000,0,6.76000,0,6.76000,8.94403e-08,6.76000,0,6.76000,0.000114286,6.76000,0,6.76000,0,6.76000,0.000114286,6.76000,0.4,6.76000,1,6.76000,0,6.76000,0.4,6.76000,0,6.76000,5.01232,6.76000,0,6.76000,511.178,6.76000,0,6.76000,0.4,6.76000,0,6.76000,1400,6.76000,2.23595e-07,6.76000,2.23595e-07,6.76000,2.25525e-07,6.76000,0.000114286,6.76000,0.000114286,6.76000,0.000110177
6.77000,2.23595e-07,6.77000,0,6.77000,0,6.77000,0,6.77000,8.94401e-08,6.77000,0,6.77000,0.000114286,6.77000,0,6.77000,0,6.77000,0.000114286,6.77000,0.4,6.77000,1,6.77000,0,6.77000,0.4,6.77000,0,6.77000,5.01232,6.77000,0,6.77000,511.178,6.77000,0,6.77000,0.4,6.77000,0,6.77000,1400,6.77000,2.23595e-07,6.77000,2.23595e-07,6.77000,2.25194e-07,6.77000,0.000114286,6.77000,0.000114286,6.77000,0.000110197
6.78000,2.23594e-07,6.78000,0,6.78000,0,6.78000,0,6.78000,8.94399e-08,6.78000,0,6.78000,0.000114286,6.78000,0,6.78000,0,6.78000,0.000114286,6.78000,0.4,6.78000,1,6.78000,0,6.78000,0.4,6.78000,0,6.78000,5.01232,6.78000,0,6.78000,511.178,6.78000,0,6.78000,0.4,6.78000,0,6.78000,1400,6.78000,2.23594e-07,6.78000,2.23594e-07,6.78000,2.24864e-07,6.78000,0.000114286,6.78000,0.000114286,6.78000,0.000110218
6.79000,2.23594e-07,6.79000,0,6.79000,0,6.79000,0,6.79000,8.94397e-08,6.79000,0,6.79000,0.000114286,6.79000,0,6.79000,0,6.79000,0.000114286,6.79000,0.4,6.79000,1,6.79000,0,6.79000,0.4,6.79000,0,6.79000,5.01232,6.79000,0,6.79000,511.178,6.79000,0,6.79000,0.4,6.79000,0,6.79000,1400,6.79000,2.23594e-07,6.79000,2.23594e-07,6.79000,2.24534e-07,6.79000,0.000114286,6.79000,0.000114286,6.79000,0.000110238
6.80000,2.23593e-07,6.80000,0,6.80000,0,6.80000,0,6.80000,8.94394e-08,6.80000,0,6.80000,0.000114286,6.80000,0,6.80000,0,6.80000,0.000114286,6.80000,0.4,6.80000,1,6.80000,0,6.80000,0.4,6.80000,0,6.80000,5.01232,6.80000,0,6.80000,511.178,6.80000,0,6.80000,0.4,6.80000,0,6.80000,1400,6.80000,2.23593e-07,6.80000,2.23593e-07,6.80000,2.24203e-07,6.80000,0.000114286,6.80000,0.000114286,6.80000,0.000110259
6.81000,2.23592e-07,6.81000,0,6.81000,0,6.81000,0,6.81000,8.94392e-08,6.81000,0,6.81000,0.000114286,6.81000,0,6.81000,0,6.81000,0.000114286,6.81000,0.4,6.81000,1,6.81000,0,6.81000,0.4,6.81000,0,6.81000,5.01232,6.81000,0,6.81000,511.178,6.81000,0,6.81000,0.4,6.81000,0,6.81000,1400,6.81000,2.23592e-07,6.81000,2.23592e-07,6.81000,2.23873e-07,6.81000,0.000114286,6.81000,0.000114286,6.81000,0.000110279
6.82000,2.23592e-07,6.82000,0,6.82000,0,6.82000,0,6.82000,8.9439e-08,6.82000,0,6.82000,0.000114286,6.82000,0,6.82000,0,6.82000,0.000114286,6.82000,0.4,6.82000,1,6.82000,0,6.82000,0.4,6.82000,0,6.82000,5.01232,6.82000,0,6.82000,511.178,6.82000,0,6.82000,0.4,6.82000,0,6.82000,1400,6.82000,2.23592e-07,6.82000,2.23592e-07,6.82000,2.23542e-07,6.82000,0.000114286,6.82000,0.000114286,6.82000,0.000110299
6.83000,2.23591e-07,6.83000,0,6.83000,0,6.83000,0,6.83000,8.94387e-08,6.83000,0,6.83000,0.000114286,6.83000,0,6.83000,0,6.83000,0.000114286,6.83000,0.4,6.83000,1,6.83000,0,6.83000,0.4,6.83000,0,6.83000,5.01232,6.83000,0,6.83000,511.178,6.83000,0,6.83000,0.4,6.83000,0,6.83000,1400,6.83000,2.23591e-07,6.83000,2.23591e-07,6.83000,2.23212e-07,6.83000,0.000114286,6.83000,0.000114286,6.83000,0.00011032
6.84000,2.23591e-07,6.84000,0,6.84000,0,6.84000,0,6.84000,8.94385e-08,6.84000,0,6.84000,0.000114286,6.84000,0,6.84000,0,6.84000,0.000114286,6.84000,0.4,6.84000,1,6.84000,0,6.84000,0.4,6.84000,0,6.84000,5.01232,6.84000,0,6.84000,511.178,6.84000,0,6.84000,0.4,6.84000,0,6.84000,1400,6.84000,2.23591e-07,6.84000,2.23591e-07,6.84000,2.22881e-07,6.84000,0.000114286,6.84000,0.000114286,6.84000,0.00011034
6.85000,2.2359e-07,6.85000,0,6.85000,0,6.85000,0,6.85000,8.94383e-08,6.85000,0,6.85000,0.000114286,6.85000,0,6.85000,0,6.85000,0.000114286,6.85000,0.4,6.85000,1,6.85000,0,6.85000,0.4,6.85000,0,6.85000,5.01232,6.85000,0,6.85000,511.178,6.85000,0,6.85000,0.4,6.85000,0,6.85000,1400,6.85000,2.2359e-07,6.85000,2.2359e-07,6.85000,2.22551e-07,6.85000,0.000114286,6.85000,0.000114286,6.85000,0.000110361
6.86000,2.2359e-07,6.86000,0,6.86000,0,6.86000,0,6.86000,8.94381e-08,6.86000,0,6.86000,0.000114286,6.86000,0,6.86000,0,6.86000,0.000114286,6.86000,0.4,6.86000,1,6.86000,0,6.86000,0.4,6.86000,0,6.86000,5.01232,6.86000,0,6.86000,511.178,6.86000,0,6.86000,0.4,6.86000,0,6.86000,1400,6.86000,2.2359e-07,6.86000,2.2359e-07,6.86000,2.2222e-07,6.86000,0.000114286,6.86000,0.000114286,6.86000,0.000110381
6.87000,2.23589e-07,6.87000,0,6.87000,0,6.87000,0,6.87000,8.94378e-08,6.87000,0,6.87000,0.000114286,6.87000,0,6.87000,0,6.87000,0.000114286,6.87000,0.4,6.87000,1,6.87000,0,6.87000,0.4,6.87000,0,6.87000,5.01232,6.87000,0,6.87000,511.178,6.87000,0,6.87000,0.4,6.87000,0,6.87000,1400,6.87000,2.23589e-07,6.87000,2.23589e-07,6.87000,2.2189e-07,6.87000,0.000114286,6.87000,0.000114286,6.87000,0.000110402
6.88000,2.23588e-07,6.88000,0,6.88000,0,6.88000,0,6.88000,8.94376e-08,6.88000,0,6.88000,0.000114286,6.88000,0,6.88000,0,6.88000,0.000114286,6.88000,0.4,6.88000,1,6.88000,0,6.88000,0.4,6.88000,0,6.88000,5.01232,6.88000,0,6.88000,511.178,6.88000,0,6.88000,0.4,6.88000,0,6.88000,1400,6.88000,2.23588e-07,6.88000,2.23588e-07,6.88000,2.21559e-07,6.88000,0.000114286,6.88000,0.000114286,6.88000,0.000110422
6.89000,2.23588e-07,6.89000,0,6.89000,0,6.89000,0,6.89000,8.94374e-08,6.89000,0,6.89000,0.000114286,6.89000,0,6.89000,0,6.89000,0.000114286,6.89000,0.4,6.89000,1,6.89000,0,6.89000,0.4,6.89000,0,6.89000,5.01232,6.89000,0,6.89000,511.178,6.89000,0,6.89000,0.4,6.89000,0,6.89000,1400,6.89000,2.23588e-07,6.89000,2.23588e-07,6.89000,2.21229e-07,6.89000,0.000114286,6.89000,0.000114286,6.89000,0.000110443
6.90000,2.23587e-07,6.90000,0,6.90000,0,6.90000,0,6.90000,8.94371e-08,6.90000,0,6.90000,0.000114286,6.90000,0,6.90000,0,6.90000,0.000114286,6.90000,0.4,6.90000,1,6.90000,0,6.90000,0.4,6.90000,0,6.90000,5.01232,6.90000,0,6.90000,511.178,6.90000,0,6.90000,0.4,6.90000,0,6.90000,1400,6.90000,2.23587e-07,6.90000,2.23587e-07,6.90000,2.20899e-07,6.90000,0.000114286,6.90000,0.000114286,6.90000,0.000110463
6.91000,2.23587e-07,6.91000,0,6.91000,0,6.91000,0,6.91000,8.94369e-08,6.91000,0,6.91000,0.000114286,6.91000,0,6.91000,0,6.91000,0.000114286,6.91000,0.4,6.91000,1,6.91000,0,6.91000,0.4,6.91000,0,6.91000,5.01232,6.91000,0,6.91000,511.178,6.91000,0,6.91000,0.4,6.91000,0,6.91000,1400,6.91000,2.23587e-07,6.91000,2.23587e-07,6.91000,2.20568e-07,6.91000,0.000114286,6.91000,0.000114286,6.91000,0.000110484
6.92000,2.23586e-07,6.92000,0,6.92000,0,6.92000,0,6.92000,8.94367e-08,6.92000,0,6.92000,0.000114286,6.92000,0,6.92000,0,6.92000,0.000114286,6.92000,0.4,6.92000,1,6.92000,0,6.92000,0.4,6.92000,0,6.92000,5.01232,6.92000,0,6.92000,511.178,6.92000,0,6.92000,0.4,6.92000,0,6.92000,1400,6.92000,2.23586e-07,6.92000,2.23586e-07,6.92000,2.20238e-07,6.92000,0.000114286,6.92000,0.000114286,6.92000,0.000110504
6.93000,2.23586e-07,6.93000,0,6.93000,0,6.93000,0,6.93000,8.94365e-08,6.93000,0,6.93000,0.000114286,6.93000,0,6.93000,0,6.93000,0.000114286,6.93000,0.4,6.93000,1,6.93000,0,6.93000,0.4,6.93000,0,6.93000,5.01232,6.93000,0,6.93000,511.178,6.93000,0,6.93000,0.4,6.93000,0,6.93000,1400,6.93000,2.23586e-07,6.93000,2.23586e-07,6.93000,2.19907e-07,6.93000,0.000114286,6.93000,0.000114286,6.93000,0.000110524
6.94000,2.23585e-07,6.94000,0,6.94000,0,6.94000,0,6.94000,8.94362e-08,6.94000,0,6.94000,0.000114286,6.94000,0,6.94000,0,6.94000,0.000114286,6.94000,0.4,6.94000,1,6.94000,0,6.94000,0.4,6.94000,0,6.94000,5.01232,6.94000,0,6.94000,511.178,6.94000,0,6.94000,0.4,6.94000,0,6.94000,1400,6.94000,2.23585e-07,6.94000,2.23585e-07,6.94000,2.19577e-07,6.94000,0.000114286,6.94000,0.000114286,6.94000,0.000110545
6.95000,2.23585e-07,6.95000,0,6.95000,0,6.95000,0,6.95000,8.94361e-08,6.95000,0,6.95000,0.000114286,6.95000,0,6.95000,0,6.95000,0.000114286,6.95000,0.4,6.95000,1,6.95000,0,6.95000,0.4,6.95000,0,6.95000,5.01232,6.95000,0,6.95000,511.178,6.95000,0,6.95000,0.4,6.95000,0,6.95000,1400,6.95000,2.23585e-07,6.95000,2.23585e-07,6.95000,2.19523e-07,6.95000,0.000114286,6.95000,0.000114286,6.95000,0.000110541
6.96000,2.23585e-07,6.96000,0,6.96000,0,6.96000,0,6.96000,8.9436e-08,6.96000,0,6.96000,0.000114286,6.96000,0,6.96000,0,6.96000,0.000114286,6.96000,0.4,6.96000,1,6.96000,0,6.96000,0.4,6.96000,0,6.96000,5.01232,6.96000,0,6.96000,511.178,6.96000,0,6.96000,0.4,6.96000,0,6.96000,1400,6.96000,2.23585e-07,6.96000,2.23585e-07,6.96000,2.19593e-07,6.96000,0.000114286,6.96000,0.000114286,6.96000,0.000110526
6.97000,2.23584e-07,6.97000,0,6.97000,0,6.97000,0,6.97000,8.9436e-08,6.97000,0,6.97000,0.000114286,6.97000,0,6.97000,0,6.97000,0.000114286,6.97000,0.4,6.97000,1,6.97000,0,6.97000,0.4,6.97000,0,6.97000,5.01232,6.97000,0,6.97000,511.178,6.97000,0,6.97000,0.4,6.97000,0,6.97000,1400,6.97000,2.23584e-07,6.97000,2.23584e-07,6.97000,2.19663e-07,6.97000,0.000114286,6.97000,0.000114286,6.97000,0.00011051
6.98000,2.23584e-07,6.98000,0,6.98000,0,6.98000,0,6.98000,8.94359e-08,6.98000,0,6.98000,0.000114286,6.98000,0,6.98000,0,6.98000,0.000114286,6.98000,0.4,6.98000,1,6.98000,0,6.98000,0.4,6.98000,0,6.98000,5.01232,6.98000,0,6.98000,511.178,6.98000,0,6.98000,0.4,6.98000,0,6.98000,1400,6.98000,2.23584e-07,6.98000,2.23584e-07,6.98000,2.19733e-07,6.98000,0.000114286,6.98000,0.000114286,6.98000,0.000110495
6.99000,2.23584e-07,6.99000,0,6.99000,0,6.99000,0,6.99000,8.94359e-08,6.99000,0,6.99000,0.000114286,6.99000,0,6.99000,0,6.99000,0.000114286,6.99000,0.4,6.99000,1,6.99000,0,6.99000,0.4,6.99000,0,6.99000,5.01232,6.99000,0,6.99000,511.178,6.99000,0,6.99000,0.4,6.99000,0,6.99000,1400,6.99000,2.23584e-07,6.99000,2.23584e-07,6.99000,2.19803e-07,6.99000,0.000114286,6.99000,0.000114286,6.99000,0.00011048
7.00000,2.23584e-07,7.00000,0,7.00000,0,7.00000,0,7.00000,8.94358e-08,7.00000,0,7.00000,0.000114286,7.00000,0,7.00000,0,7.00000,0.000114286,7.00000,0.4,7.00000,1,7.00000,0,7.00000,0.4,7.00000,0,7.00000,5.01232,7.00000,0,7.00000,511.178,7.00000,0,7.00000,0.4,7.00000,0,7.00000,1400,7.00000,2.23584e-07,7.00000,2.23584e-07,7.00000,2.19873e-07,7.00000,0.000114286,7.00000,0.000114286,7.00000,0.000110465
7.01000,2.23584e-07,7.01000,0,7.01000,0,7.01000,0,7.01000,8.94357e-08,7.01000,0,7.01000,0.000114286,7.01000,0,7.01000,0,7.01000,0.000114286,7.01000,0.4,7.01000,1,7.01000,0,7.01000,0.4,7.01000,0,7.01000,5.01232,7.01000,0,7.01000,511.178,7.01000,0,7.01000,0.4,7.01000,0,7.01000,1400,7.01000,2.23584e-07,7.01000,2.23584e-07,7.01000,2.19943e-07,7.01000,0.000114286,7.01000,0.000114286,7.01000,0.00011045
7.02000,2.23584e-07,7.02000,0,7.02000,0,7.02000,0,7.02000,8.94357e-08,7.02000,0,7.02000,0.000114286,7.02000,0,7.02000,0,7.02000,0.000114286,7.02000,0.4,7.02000,1,7.02000,0,7.02000,0.4,7.02000,0,7.02000,5.01232,7.02000,0,7.02000,511.178,7.02000,0,7.02000,0.4,7.02000,0,7.02000,1400,7.02000,2.23584e-07,7.02000,2.23584e-07,7.02000,2.20013e-07,7.02000,0.000114286,7.02000,0.000114286,7.02000,0.000110434
7.03000,2.23583e-07,7.03000,0,7.03000,0,7.03000,0,7.03000,8.94356e-08,7.03000,0,7.03000,0.000114286,7.03000,0,7.03000,0,7.03000,0.000114286,7.03000,0.4,7.03000,1,7.03000,0,7.03000,0.4,7.03000,0,7.03000,5.01232,7.03000,0,7.03000,511.178,7.03000,0,7.03000,0.4,7.03000,0,7.03000,1400,7.03000,2.23583e-07,7.03000,2.23583e-07,7.03000,2.20083e-07,7.03000,0.000114286,7.03000,0.000114286,7.03000,0.000110419
7.04000,2.23583e-07,7.04000,0,7.04000,0,7.04000,0,7.04000,8.94355e-08,7.04000,0,7.04000,0.000114286,7.04000,0,7.04000,0,7.04000,0.000114286,7.04000,0.4,7.04000,1,7.04000,0,7.04000,0.4,7.04000,0,7.04000,5.01232,7.04000,0,7.04000,511.178,7.04000,0,7.04000,0.4,7.04000,0,7.04000,1400,7.04000,2.23583e-07,7.04000,2.23583e-07,7.04000,2.20153e-07,7.04000,0.000114286,7.04000,0.000114286,7.04000,0.000110404
7.05000,2.23583e-07,7.05000,0,7.05000,0,7.05000,0,7.05000,8.94355e-08,7.05000,0,7.05000,0.000114286,7.05000,0,7.05000,0,7.05000,0.000114286,7.05000,0.4,7.05000,1,7.05000,0,7.05000,0.4,7.05000,0,7.05000,5.01232,7.05000,0,7.05000,511.178,7.05000,0,7.05000,0.4,7.05000,0,7.05000,1400,7.05000,2.23583e-07,7.05000,2.23583e-07,7.05000,2.20222e-07,7.05000,0.000114286,7.05000,0.000114286,7.05000,0.000110389
7.06000,2.23583e-07,7.06000,0,7.06000,0,7.06000,0,7.06000,8.94354e-08,7.06000,0,7.06000,0.000114286,7.06000,0,7.06000,0,7.06000,0.000114286,7.06000,0.4,7.06000,1,7.06000,0,7.06000,0.4,7.06000,0,7.06000,5.01232,7.06000,0,7.06000,511.178,7.06000,0,7.06000,0.4,7.06000,0,7.06000,1400,7.06000,2.23583e-07,7.06000,2.23583e-07,7.06000,2.20292e-07,7.06000,0.000114286,7.06000,0.000114286,7.06000,0.000110374
7.07000,2.23583e-07,7.07000,0,7.07000,0,7.07000,0,7.07000,8.94353e-08,7.07000,0,7.07000,0.000114286,7.07000,0,7.07000,0,7.07000,0.000114286,7.07000,0.4,7.07000,1,7.07000,0,7.07000,0.4,7.07000,0,7.07000,5.01232,7.07000,0,7.07000,511.178,7.07000,0,7.07000,0.4,7.07000,0,7.07000,1400,7.07000,2.23583e-07,7.07000,2.23583e-07,7.07000,2.20362e-07,7.07000,0.000114286,7.07000,0.000114286,7.07000,0.000110358
7.08000,2.23583e-07,7.08000,0,7.08000,0,7.08000,0,7.08000,8.94353e-08,7.08000,0,7.08000,0.000114286,7.08000,0,7.08000,0,7.08000,0.000114286,7.08000,0.4,7.08000,1,7.08000,0,7.08000,0.4,7.08000,0,7.08000,5.01232,7.08000,0,7.08000,511.178,7.08000,0,7.08000,0.4,7.08000,0,7.08000,1400,7.08000,2.23583e-07,7.08000,2.23583e-07,7.08000,2.20432e-07,7.08000,0.000114286,7.08000,0.000114286,7.08000,0.000110343
7.09000,2.23582e-07,7.09000,0,7.09000,0,7.09000,0,7.09000,8.94352e-08,7.09000,0,7.09000,0.000114286,7.09000,0,7.09000,0,7.09000,0.000114286,7.09000,0.4,7.09000,1,7.09000,0,7.09000,0.4,7.09000,0,7.09000,5.01232,7.09000,0,7.09000,511.178,7.09000,0,7.09000,0.4,7.09000,0,7.09000,1400,7.09000,2.23582e-07,7.09000,2.23582e-07,7.09000,2.20502e-07,7.09000,0.000114286,7.09000,0.000114286,7.09000,0.000110328
7.10000,2.23582e-07,7.10000,0,7.10000,0,7.10000,0,7.10000,8.94351e-08,7.10000,0,7.10000,0.000114286,7.10000,0,7.10000,0,7.10000,0.000114286,7.10000,0.4,7.10000,1,7.10000,0,7.10000,0.4,7.10000,0,7.10000,5.01232,7.10000,0,7.10000,511.178,7.10000,0,7.10000,0.4,7.10000,0,7.10000,1400,7.10000,2.23582e-07,7.10000,2.23582e-07,7.10000,2.20572e-07,7.10000,0.000114286,7.10000,0.000114286,7.10000,0.000110313
7.11000,2.23582e-07,7.11000,0,7.11000,0,7.11000,0,7.11000,8.94351e-08,7.11000,0,7.11000,0.000114286,7.11000,0,7.11000,0,7.11000,0.000114286,7.11000,0.4,7.11000,1,7.11000,0,7.11000,0.4,7.11000,0,7.11000,5.01232,7.11000,0,7.11000,511.178,7.11000,0,7.11000,0.4,7.11000,0,7.11000,1400,7.11000,2.23582e-07,7.11000,2.23582e-07,7.11000,2.20642e-07,7.11000,0.000114286,7.11000,0.000114286,7.11000,0.000110298
7.12000,2.23582e-07,7.12000,0,7.12000,0,7.12000,0,7.12000,8.9435e-08,7.12000,0,7.12000,0.000114286,7.12000,0,7.12000,0,7.12000,0.000114286,7.12000,0.4,7.12000,1,7.12000,0,7.12000,0.4,7.12000,0,7.12000,5.01232,7.12000,0,7.12000,511.178,7.12000,0,7.12000,0.4,7.12000,0,7.12000,1400,7.12000,2.23582e-07,7.12000,2.23582e-07,7.12000,2.20712e-07,7.12000,0.000114286,7.12000,0.000114286,7.12000,0.000110282
7.13000,2.23582e-07,7.13000,0,7.13000,0,7.13000,0,7.13000,8.9435e-08,7.13000,0,7.13000,0.000114286,7.13000,0,7.13000,0,7.13000,0.000114286,7.13000,0.4,7.13000,1,7.13000,0,7.13000,0.4,7.13000,0,7.13000,5.01232,7.13000,0,7.13000,511.178,7.13000,0,7.13000,0.4,7.13000,0,7.13000,1400,7.13000,2.23582e-07,7.13000,2.23582e-07,7.13000,2.20782e-07,7.13000,0.000114286,7.13000,0.000114286,7.13000,0.000110267
7.14000,2.23582e-07,7.14000,0,7.14000,0,7.14000,0,7.14000,8.94349e-08,7.14000,0,7.14000,0.000114286,7.14000,0,7.14000,0,7.14000,0.000114286,7.14000,0.4,7.14000,1,7.14000,0,7.14000,0.4,7.14000,0,7.14000,5.01232,7.14000,0,7.14000,511.178,7.14000,0,7.14000,0.4,7.14000,0,7.14000,1400,7.14000,2.23582e-07,7.14000,2.23582e-07,7.14000,2.20851e-07,7.14000,0.000114286,7.14000,0.000114286,7.14000,0.000110252
7.15000,2.23581e-07,7.15000,0,7.15000,0,7.15000,0,7.15000,8.94348e-08,7.15000,0,7.15000,0.000114286,7.15000,0,7.15000,0,7.15000,0.000114286,7.15000,0.4,7.15000,1,7.15000,0,7.15000,0.4,7.15000,0,7.15000,5.01232,7.15000,0,7.15000,511.178,7.15000,0,7.15000,0.4,7.15000,0,7.15000,1400,7.15000,2.23581e-07,7.15000,2.23581e-07,7.15000,2.20921e-07,7.15000,0.000114286,7.15000,0.000114286,7.15000,0.000110237
7.16000,2.23581e-07,7.16000,0,7.16000,0,7.16000,0,7.16000,8.94348e-08,7.16000,0,7.16000,0.000114286,7.16000,0,7.16000,0,7.16000,0.000114286,7.16000,0.4,7.16000,1,7.16000,0,7.16000,0.4,7.16000,0,7.16000,5.01232,7.16000,0,7.16000,511.178,7.16000,0,7.16000,0.4,7.16000,0,7.16000,1400,7.16000,2.23581e-07,7.16000,2.23581e-07,7.16000,2.20991e-07,7.16000,0.000114286,7.16000,0.000114286,7.16000,0.000110222
7.17000,2.23581e-07,7.17000,0,7.17000,0,7.17000,0,7.17000,8.94347e-08,7.17000,0,7.17000,0.000114286,7.17000,0,7.17000,0,7.17000,0.000114286,7.17000,0.4,7.17000,1,7.17000,0,7.17000,0.4,7.17000,0,7.17000,5.01232,7.17000,0,7.17000,511.178,7.17000,0,7.17000,0.4,7.17000,0,7.17000,1400,7.17000,2.23581e-07,7.17000,2.23581e-07,7.17000,2.21061e-07,7.17000,0.000114286,7.17000,0.000114286,7.17000,0.000110206
7.18000,2.23581e-07,7.18000,0,7.18000,0,7.18000,0,7.18000,8.94346e-08,7.18000,0,7.18000,0.000114286,7.18000,0,7.18000,0,7.18000,0.000114286,7.18000,0.4,7.18000,1,7.18000,0,7.18000,0.4,7.18000,0,7.18000,5.01232,7.18000,0,7.18000,511.178,7.18000,0,7.18000,0.4,7.18000,0,7.18000,1400,7.18000,2.23581e-07,7.18000,2.23581e-07,7.18000,2.21131e-07,7.18000,0.000114286,7.18000,0.000114286,7.18000,0.000110191
7.19000,2.23581e-07,7.19000,0,7.19000,0,7.19000,0,7.19000,8.94346e-08,7.19000,0,7.19000,0.000114286,7.19000,0,7.19000,0,7.19000,0.000114286,7.19000,0.4,7.19000,1,7.19000,0,7.19000,0.4,7.19000,0,7.19000,5.01232,7.19000,0,7.19000,511.178,7.19000,0,7.19000,0.4,7.19000,0,7.19000,1400,7.19000,2.23581e-07,7.19000,2.23581e-07,7.19000,2.21201e-07,7.19000,0.000114286,7.19000,0.000114286,7.19000,0.000110176
7.20000,2.23581e-07,7.20000,0,7.20000,0,7.20000,0,7.20000,8.94345e-08,7.20000,0,7.20000,0.000114286,7.20000,0,7.20000,0,7.20000,0.000114286,7.20000,0.4,7.20000,1,7.20000,0,7.20000,0.4,7.20000,0,7.20000,5.01232,7.20000,0,7.20000,511.178,7.20000,0,7.20000,0.4,7.20000,0,7.20000,1400,7.20000,2.23581e-07,7.20000,2.23581e-07,7.20000,2.21271e-07,7.20000,0.000114286,7.20000,0.000114286,7.20000,0.000110161
7.21000,2.23581e-07,7.21000,0,7.21000,0,7.21000,0,7.21000,8.94344e-08,7.21000,0,7.21000,0.000114286,7.21000,0,7.21000,0,7.21000,0.000114286,7.21000,0.4,7.21000,1,7.21000,0,7.21000,0.4,7.21000,0,7.21000,5.01232,7.21000,0,7.21000,511.178,7.21000,0,7.21000,0.4,7.21000,0,7.21000,1400,7.21000,2.23581e-07,7.21000,2.23581e-07,7.21000,2.21341e-07,7.21000,0.000114286,7.21000,0.000114286,7.21000,0.000110146
7.22000,2.2358e-07,7.22000,0,7.22000,0,7.22000,0,7.22000,8.94344e-08,7.22000,0,7.22000,0.000114286,7.22000,0,7.22000,0,7.22000,0.000114286,7.22000,0.4,7.22000,1,7.22000,0,7.22000,0.4,7.22000,0,7.22000,5.01232,7.22000,0,7.22000,511.178,7.22000,0,7.22000,0.4,7.22000,0,7.22000,1400,7.22000,2.2358e-07,7.22000,2.2358e-07,7.22000,2.21411e-07,7.22000,0.000114286,7.22000,0.000114286,7.22000,0.000110131
7.23000,2.2358e-07,7.23000,0,7.23000,0,7.23000,0,7.23000,8.94343e-08,7.23000,0,7.23000,0.000114286,7.23000,0,7.23000,0,7.23000,0.000114286,7.23000,0.4,7.23000,1,7.23000,0,7.23000,0.4,7.23000,0,7.23000,5.01232,7.23000,0,7.23000,511.178,7.23000,0,7.23000,0.4,7.23000,0,7.23000,1400,7.23000,2.2358e-07,7.23000,2.2358e-07,7.23000,2.2148e-07,7.23000,0.000114286,7.23000,0.000114286,7.23000,0.000110115
7.24000,2.2358e-07,7.24000,0,7.24000,0,7.24000,0,7.24000,8.94342e-08,7.24000,0,7.24000,0.000114286,7.24000,0,7.24000,0,7.24000,0.000114286,7.24000,0.4,7.24000,1,7.24000,0,7.24000,0.4,7.24000,0,7.24000,5.01232,7.24000,0,7.24000,511.178,7.24000,0,7.24000,0.4,7.24000,0,7.24000,1400,7.24000,2.2358e-07,7.24000,2.2358e-07,7.24000,2.2155e-07,7.24000,0.000114286,7.24000,0.000114286,7.24000,0.0001101
7.25000,2.2358e-07,7.25000,0,7.25000,0,7.25000,0,7.25000,8.94342e-08,7.25000,0,7.25000,0.000114286,7.25000,0,7.25000,0,7.25000,0.000114286,7.25000,0.4,7.25000,1,7.25000,0,7.25000,0.4,7.25000,0,7.25000,5.01232,7.25000,0,7.25000,511.178,7.25000,0,7.25000,0.4,7.25000,0,7.25000,1400,7.25000,2.2358e-07,7.25000,2.2358e-07,7.25000,2.2162e-07,7.25000,0.000114286,7.25000,0.000114286,7.25000,0.000110085
7.26000,2.2358e-07,7.26000,0,7.26000,0,7.26000,0,7.26000,8.94341e-08,7.26000,0,7.26000,0.000114286,7.26000,0,7.26000,0,7.26000,0.000114286,7.26000,0.4,7.26000,1,7.26000,0,7.26000,0.4,7.26000,0,7.26000,5.01232,7.26000,0,7.26000,511.178,7.26000,0,7.26000,0.4,7.26000,0,7.26000,1400,7.26000,2.2358e-07,7.26000,2.2358e-07,7.26000,2.2169e-07,7.26000,0.000114286,7.26000,0.000114286,7.26000,0.00011007
7.27000,2.2358e-07,7.27000,0,7.27000,0,7.27000,0,7.27000,8.94341e-08,7.27000,0,7.27000,0.000114286,7.27000,0,7.27000,0,7.27000,0.000114286,7.27000,0.4,7.27000,1,7.27000,0,7.27000,0.4,7.27000,0,7.27000,5.01232,7.27000,0,7.27000,511.178,7.27000,0,7.27000,0.4,7.27000,0,7.27000,1400,7.27000,2.2358e-07,7.27000,2.2358e-07,7.27000,2.2176e-07,7.27000,0.000114286,7.27000,0.000114286,7.27000,0.000110055
7.28000,2.23579e-07,7.28000,0,7.28000,0,7.28000,0,7.28000,8.9434e-08,7.28000,0,7.28000,0.000114286,7.28000,0,7.28000,0,7.28000,0.000114286,7.28000,0.4,7.28000,1,7.28000,0,7.28000,0.4,7.28000,0,7.28000,5.01232,7.28000,0,7.28000,511.178,7.28000,0,7.28000,0.4,7.28000,0,7.28000,1400,7.28000,2.23579e-07,7.28000,2.23579e-07,7.28000,2.2183e-07,7.28000,0.000114286,7.28000,0.000114286,7.28000,0.000110039
7.29000,2.23579e-07,7.29000,0,7.29000,0,7.29000,0,7.29000,8.94339e-08,7.29000,0,7.29000,0.000114286,7.29000,0,7.29000,0,7.29000,0.000114286,7.29000,0.4,7.29000,1,7.29000,0,7.29000,0.4,7.29000,0,7.29000,5.01232,7.29000,0,7.29000,511.178,7.29000,0,7.29000,0.4,7.29000,0,7.29000,1400,7.29000,2.23579e-07,7.29000,2.23579e-07,7.29000,2.219e-07,7.29000,0.000114286,7.29000,0.000114286,7.29000,0.000110024
7.30000,2.23579e-07,7.30000,0,7.30000,0,7.30000,0,7.30000,8.94339e-08,7.30000,0,7.30000,0.000114286,7.30000,0,7.30000,0,7.30000,0.000114286,7.30000,0.4,7.30000,1,7.30000,0,7.30000,0.4,7.30000,0,7.30000,5.01232,7.30000,0,7.30000,511.178,7.30000,0,7.30000,0.4,7.30000,0,7.30000,1400,7.30000,2.23579e-07,7.30000,2.23579e-07,7.30000,2.2197e-07,7.30000,0.000114286,7.30000,0.000114286,7.30000,0.000110009
7.31000,2.23579e-07,7.31000,0,7.31000,0,7.31000,0,7.31000,8.94338e-08,7.31000,0,7.31000,0.000114286,7.31000,0,7.31000,0,7.31000,0.000114286,7.31000,0.4,7.31000,1,7.31000,0,7.31000,0.4,7.31000,0,7.31000,5.01232,7.31000,0,7.31000,511.178,7.31000,0,7.31000,0.4,7.31000,0,7.31000,1400,7.31000,2.23579e-07,7.31000,2.23579e-07,7.31000,2.2204e-07,7.31000,0.000114286,7.31000,0.000114286,7.31000,0.000109994
7.32000,2.23579e-07,7.32000,0,7.32000,0,7.32000,0,7.32000,8.94337e-08,7.32000,0,7.32000,0.000114286,7.32000,0,7.32000,0,7.32000,0.000114286,7.32000,0.4,7.32000,1,7.32000,0,7.32000,0.4,7.32000,0,7.32000,5.01232,7.32000,0,7.32000,511.178,7.32000,0,7.32000,0.4,7.32000,0,7.32000,1400,7.32000,2.23579e-07,7.32000,2.23579e-07,7.32000,2.2211e-07,7.32000,0.000114286,7.32000,0.000114286,7.32000,0.000109979
7.33000,2.23579e-07,7.33000,0,7.33000,0,7.33000,0,7.33000,8.94337e-08,7.33000,0,7.33000,0.000114286,7.33000,0,7.33000,0,7.33000,0.000114286,7.33000,0.4,7.33000,1,7.33000,0,7.33000,0.4,7.33000,0,7.33000,5.01232,7.33000,0,7.33000,511.178,7.33000,0,7.33000,0.4,7.33000,0,7.33000,1400,7.33000,2.23579e-07,7.33000,2.23579e-07,7.33000,2.22179e-07,7.33000,0.000114286,7.33000,0.000114286,7.33000,0.000109963
7.34000,2.23578e-07,7.34000,0,7.34000,0,7.34000,0,7.34000,8.94336e-08,7.34000,0,7.34000,0.000114286,7.34000,0,7.34000,0,7.34000,0.000114286,7.34000,0.4,7.34000,1,7.34000,0,7.34000,0.4,7.34000,0,7.34000,5.01232,7.34000,0,7.34000,511.178,7.34000,0,7.34000,0.4,7.34000,0,7.34000,1400,7.34000,2.23578e-07,7.34000,2.23578e-07,7.34000,2.22249e-07,7.34000,0.000114286,7.34000,0.000114286,7.34000,0.000109948
7.35000,2.23578e-07,7.35000,0,7.35000,0,7.35000,0,7.35000,8.94335e-08,7.35000,0,7.35000,0.000114286,7.35000,0,7.35000,0,7.35000,0.000114286,7.35000,0.4,7.35000,1,7.35000,0,7.35000,0.4,7.35000,0,7.35000,5.01232,7.35000,0,7.35000,511.178,7.35000,0,7.35000,0.4,7.35000,0,7.35000,1400,7.35000,2.23578e-07,7.35000,2.23578e-07,7.35000,2.22319e-07,7.35000,0.000114286,7.35000,0.000114286,7.35000,0.000109933
7.36000,2.23578e-07,7.36000,0,7.36000,0,7.36000,0,7.36000,8.94335e-08,7.36000,0,7.36000,0.000114286,7.36000,0,7.36000,0,7.36000,0.000114286,7.36000,0.4,7.36000,1,7.36000,0,7.36000,0.4,7.36000,0,7.36000,5.01232,7.36000,0,7.36000,511.178,7.36000,0,7.36000,0.4,7.36000,0,7.36000,1400,7.36000,2.23578e-07,7.36000,2.23578e-07,7.36000,2.22389e-07,7.36000,0.000114286,7.36000,0.000114286,7.36000,0.000109918
7.37000,2.23578e-07,7.37000,0,7.37000,0,7.37000,0,7.37000,8.94334e-08,7.37000,0,7.37000,0.000114286,7.37000,0,7.37000,0,7.37000,0.000114286,7.37000,0.4,7.37000,1,7.37000,0,7.37000,0.4,7.37000,0,7.37000,5.01232,7.37000,0,7.37000,511.178,7.37000,0,7.37000,0.4,7.37000,0,7.37000,1400,7.37000,2.23578e-07,7.37000,2.23578e-07,7.37000,2.22459e-07,7.37000,0.000114286,7.37000,0.000114286,7.37000,0.000109903
7.38000,2.23578e-07,7.38000,0,7.38000,0,7.38000,0,7.38000,8.94333e-08,7.38000,0,7.38000,0.000114286,7.38000,0,7.38000,0,7.38000,0.000114286,7.38000,0.4,7.38000,1,7.38000,0,7.38000,0.4,7.38000,0,7.38000,5.01232,7.38000,0,7.38000,511.178,7.38000,0,7.38000,0.4,7.38000,0,7.38000,1400,7.38000,2.23578e-07,7.38000,2.23578e-07,7.38000,2.22529e-07,7.38000,0.000114286,7.38000,0.000114286,7.38000,0.000109887
7.39000,2.23578e-07,7.39000,0,7.39000,0,7.39000,0,7.39000,8.94333e-08,7.39000,0,7.39000,0.000114286,7.39000,0,7.39000,0,7.39000,0.000114286,7.39000,0.4,7.39000,1,7.39000,0,7.39000,0.4,7.39000,0,7.39000,5.01232,7.39000,0,7.39000,511.178,7.39000,0,7.39000,0.4,7.39000,0,7.39000,1400,7.39000,2.23578e-07,7.39000,2.23578e-07,7.39000,2.22599e-07,7.39000,0.000114286,7.39000,0.000114286,7.39000,0.000109872
7.40000,2.23577e-07,7.40000,0,7.40000,0,7.40000,0,7.40000,8.94332e-08,7.40000,0,7.40000,0.000114286,7.40000,0,7.40000,0,7.40000,0.000114286,7.40000,0.4,7.40000,1,7.40000,0,7.40000,0.4,7.40000,0,7.40000,5.01232,7.40000,0,7.40000,511.178,7.40000,0,7.40000,0.4,7.40000,0,7.40000,1400,7.40000,2.23577e-07,7.40000,2.23577e-07,7.40000,2.22669e-07,7.40000,0.000114286,7.40000,0.000114286,7.40000,0.000109857
7.41000,2.23577e-07,7.41000,0,7.41000,0,7.41000,0,7.41000,8.94332e-08,7.41000,0,7.41000,0.000114286,7.41000,0,7.41000,0,7.41000,0.000114286,7.41000,0.4,7.41000,1,7.41000,0,7.41000,0.4,7.41000,0,7.41000,5.01232,7.41000,0,7.41000,511.178,7.41000,0,7.41000,0.4,7.41000,0,7.41000,1400,7.41000,2.23577e-07,7.41000,2.23577e-07,7.41000,2.22739e-07,7.41000,0.000114286,7.41000,0.000114286,7.41000,0.000109842
7.42000,2.23577e-07,7.42000,0,7.42000,0,7.42000,0,7.42000,8.94331e-08,7.42000,0,7.42000,0.000114286,7.42000,0,7.42000,0,7.42000,0.000114286,7.42000,0.4,7.42000,1,7.42000,0,7.42000,0.4,7.42000,0,7.42000,5.01232,7.42000,0,7.42000,511.178,7.42000,0,7.42000,0.4,7.42000,0,7.42000,1400,7.42000,2.23577e-07,7.42000,2.23577e-07,7.42000,2.22808e-07,7.42000,0.000114286,7.42000,0.000114286,7.42000,0.000109827
7.43000,2.23577e-07,7.43000,0,7.43000,0,7.43000,0,7.43000,8.9433e-08,7.43000,0,7.43000,0.000114286,7.43000,0,7.43000,0,7.43000,0.000114286,7.43000,0.4,7.43000,1,7.43000,0,7.43000,0.4,7.43000,0,7.43000,5.01232,7.43000,0,7.43000,511.178,7.43000,0,7.43000,0.4,7.43000,0,7.43000,1400,7.43000,2.23577e-07,7.43000,2.23577e-07,7.43000,2.22878e-07,7.43000,0.000114286,7.43000,0.000114286,7.43000,0.000109812
7.44000,2.23577e-07,7.44000,0,7.44000,0,7.44000,0,7.44000,8.9433e-08,7.44000,0,7.44000,0.000114286,7.44000,0,7.44000,0,7.44000,0.000114286,7.44000,0.4,7.44000,1,7.44000,0,7.44000,0.4,7.44000,0,7.44000,5.01232,7.44000,0,7.44000,511.178,7.44000,0,7.44000,0.4,7.44000,0,7.44000,1400,7.44000,2.23577e-07,7.44000,2.23577e-07,7.44000,2.22948e-07,7.44000,0.000114286,7.44000,0.000114286,7.44000,0.000109796
7.45000,2.23577e-07,7.45000,0,7.45000,0,7.45000,0,7.45000,8.94329e-08,7.45000,0,7.45000,0.000114286,7.45000,0,7.45000,0,7.45000,0.000114286,7.45000,0.4,7.45000,1,7.45000,0,7.45000,0.4,7.45000,0,7.45000,5.01232,7.45000,0,7.45000,511.178,7.45000,0,7.45000,0.4,7.45000,0,7.45000,1400,7.45000,2.23577e-07,7.45000,2.23577e-07,7.45000,2.23035e-07,7.45000,0.000114286,7.45000,0.000114286,7.45000,0.000109773
7.46000,2.23577e-07,7.46000,0,7.46000,0,7.46000,0,7.46000,8.94329e-08,7.46000,0,7.46000,0.000114286,7.46000,0,7.46000,0,7.46000,0.000114286,7.46000,0.4,7.46000,1,7.46000,0,7.46000,0.4,7.46000,0,7.46000,5.01232,7.46000,0,7.46000,511.178,7.46000,0,7.46000,0.4,7.46000,0,7.46000,1400,7.46000,2.23577e-07,7.46000,2.23577e-07,7.46000,2.23128e-07,7.46000,0.000114286,7.46000,0.000114286,7.46000,0.000109747
7.47000,2.23577e-07,7.47000,0,7.47000,0,7.47000,0,7.47000,8.94329e-08,7.47000,0,7.47000,0.000114286,7.47000,0,7.47000,0,7.47000,0.000114286,7.47000,0.4,7.47000,1,7.47000,0,7.47000,0.4,7.47000,0,7.47000,5.01232,7.47000,0,7.47000,511.178,7.47000,0,7.47000,0.4,7.47000,0,7.47000,1400,7.47000,2.23577e-07,7.47000,2.23577e-07,7.47000,2.23222e-07,7.47000,0.000114286,7.47000,0.000114286,7.47000,0.00010972
7.48000,2.23577e-07,7.48000,0,7.48000,0,7.48000,0,7.48000,8.94329e-08,7.48000,0,7.48000,0.000114286,7.48000,0,7.48000,0,7.48000,0.000114286,7.48000,0.4,7.48000,1,7.48000,0,7.48000,0.4,7.48000,0,7.48000,5.01232,7.48000,0,7.48000,511.178,7.48000,0,7.48000,0.4,7.48000,0,7.48000,1400,7.48000,2.23577e-07,7.48000,2.23577e-07,7.48000,2.23315e-07,7.48000,0.000114286,7.48000,0.000114286,7.48000,0.000109694
7.49000,2.23577e-07,7.49000,0,7.49000,0,7.49000,0,7.49000,8.94329e-08,7.49000,0,7.49000,0.000114286,7.49000,0,7.49000,0,7.49000,0.000114286,7.49000,0.4,7.49000,1,7.49000,0,7.49000,0.4,7.49000,0,7.49000,5.01232,7.49000,0,7.49000,511.178,7.49000,0,7.49000,0.4,7.49000,0,7.49000,1400,7.49000,2.23577e-07,7.49000,2.23577e-07,7.49000,2.23409e-07,7.49000,0.000114286,7.49000,0.000114286,7.49000,0.000109667
7.50000,2.23577e-07,7.50000,0,7.50000,0,7.50000,0,7.50000,8.94328e-08,7.50000,0,7.50000,0.000114286,7.50000,0,7.50000,0,7.50000,0.000114286,7.50000,0.4,7.50000,1,7.50000,0,7.50000,0.4,7.50000,0,7.50000,5.01232,7.50000,0,7.50000,511.178,7.50000,0,7.50000,0.4,7.50000,0,7.50000,1400,7.50000,2.23577e-07,7.50000,2.23577e-07,7.50000,2.23503e-07,7.50000,0.000114286,7.50000,0.000114286,7.50000,0.000109641
7.51000,2.23576e-07,7.51000,0,7.51000,0,7.51000,0,7.51000,8.94328e-08,7.51000,0,7.51000,0.000114286,7.51000,0,7.51000,0,7.51000,0.000114286,7.51000,0.4,7.51000,1,7.51000,0,7.51000,0.4,7.51000,0,7.51000,5.01232,7.51000,0,7.51000,511.178,7.51000,0,7.51000,0.4,7.51000,0,7.51000,1400,7.51000,2.23576e-07,7.51000,2.23576e-07,7.51000,2.23596e-07,7.51000,0.000114286,7.51000,0.000114286,7.51000,0.000109615
7.52000,2.23576e-07,7.52000,0,7.52000,0,7.52000,0,7.52000,8.94328e-08,7.52000,0,7.52000,0.000114286,7.52000,0,7.52000,0,7.52000,0.000114286,7.52000,0.4,7.52000,1,7.52000,0,7.52000,0.4,7.52000,0,7.52000,5.01232,7.52000,0,7.52000,511.178,7.52000,0,7.52000,0.4,7.52000,0,7.52000,1400,7.52000,2.23576e-07,7.52000,2.23576e-07,7.52000,2.2369e-07,7.52000,0.000114286,7.52000,0.000114286,7.52000,0.000109588
7.53000,2.23576e-07,7.53000,0,7.53000,0,7.53000,0,7.53000,8.94328e-08,7.53000,0,7.53000,0.000114286,7.53000,0,7.53000,0,7.53000,0.000114286,7.53000,0.4,7.53000,1,7.53000,0,7.53000,0.4,7.53000,0,7.53000,5.01232,7.53000,0,7.53000,511.178,7.53000,0,7.53000,0.4,7.53000,0,7.53000,1400,7.53000,2.23576e-07,7.53000,2.23576e-07,7.53000,2.23783e-07,7.53000,0.000114286,7.53000,0.000114286,7.53000,0.000109562
7.54000,2.23576e-07,7.54000,0,7.54000,0,7.54000,0,7.54000,8.94328e-08,7.54000,0,7.54000,0.000114286,7.54000,0,7.54000,0,7.54000,0.000114286,7.54000,0.4,7.54000,1,7.54000,0,7.54000,0.4,7.54000,0,7.54000,5.01232,7.54000,0,7.54000,511.178,7.54000,0,7.54000,0.4,7.54000,0,7.54000,1400,7.54000,2.23576e-07,7.54000,2.23576e-07,7.54000,2.23877e-07,7.54000,0.000114286,7.54000,0.000114286,7.54000,0.000109535
7.55000,2.23576e-07,7.55000,0,7.55000,0,7.55000,0,7.55000,8.94328e-08,7.55000,0,7.55000,0.000114286,7.55000,0,7.55000,0,7.55000,0.000114286,7.55000,0.4,7.55000,1,7.55000,0,7.55000,0.4,7.55000,0,7.55000,5.01232,7.55000,0,7.55000,511.178,7.55000,0,7.55000,0.4,7.55000,0,7.55000,1400,7.55000,2.23576e-07,7.55000,2.23576e-07,7.55000,2.2397e-07,7.55000,0.000114286,7.55000,0.000114286,7.55000,0.000109509
7.56000,2.23576e-07,7.56000,0,7.56000,0,7.56000,0,7.56000,8.94327e-08,7.56000,0,7.56000,0.000114286,7.56000,0,7.56000,0,7.56000,0.000114286,7.56000,0.4,7.56000,1,7.56000,0,7.56000,0.4,7.56000,0,7.56000,5.01232,7.56000,0,7.56000,511.178,7.56000,0,7.56000,0.4,7.56000,0,7.56000,1400,7.56000,2.23576e-07,7.56000,2.23576e-07,7.56000,2.24064e-07,7.56000,0.000114286,7.56000,0.000114286,7.56000,0.000109482
7.57000,2.23576e-07,7.57000,0,7.57000,0,7.57000,0,7.57000,8.94327e-08,7.57000,0,7.57000,0.000114286,7.57000,0,7.57000,0,7.57000,0.000114286,7.57000,0.4,7.57000,1,7.57000,0,7.57000,0.4,7.57000,0,7.57000,5.01232,7.57000,0,7.57000,511.178,7.57000,0,7.57000,0.4,7.57000,0,7.57000,1400,7.57000,2.23576e-07,7.57000,2.23576e-07,7.57000,2.24158e-07,7.57000,0.000114286,7.57000,0.000114286,7.57000,0.000109456
7.58000,2.23576e-07,7.58000,0,7.58000,0,7.58000,0,7.58000,8.94327e-08,7.58000,0,7.58000,0.000114286,7.58000,0,7.58000,0,7.58000,0.000114286,7.58000,0.4,7.58000,1,7.58000,0,7.58000,0.4,7.58000,0,7.58000,5.01232,7.58000,0,7.58000,511.178,7.58000,0,7.58000,0.4,7.58000,0,7.58000,1400,7.58000,2.23576e-07,7.58000,2.23576e-07,7.58000,2.24251e-07,7.58000,0.000114286,7.58000,0.000114286,7.58000,0.000109429
7.59000,2.23576e-07,7.59000,0,7.59000,0,7.59000,0,7.59000,8.94327e-08,7.59000,0,7.59000,0.000114286,7.59000,0,7.59000,0,7.59000,0.000114286,7.59000,0.4,7.59000,1,7.59000,0,7.59000,0.4,7.59000,0,7.59000,5.01232,7.59000,0,7.59000,511.178,7.59000,0,7.59000,0.4,7.59000,0,7.59000,1400,7.59000,2.23576e-07,7.59000,2.23576e-07,7.59000,2.24345e-07,7.59000,0.000114286,7.59000,0.000114286,7.59000,0.000109403
7.60000,2.23576e-07,7.60000,0,7.60000,0,7.60000,0,7.60000,8.94327e-08,7.60000,0,7.60000,0.000114286,7.60000,0,7.60000,0,7.60000,0.000114286,7.60000,0.4,7.60000,1,7.60000,0,7.60000,0.4,7.60000,0,7.60000,5.01232,7.60000,0,7.60000,511.178,7.60000,0,7.60000,0.4,7.60000,0,7.60000,1400,7.60000,2.23576e-07,7.60000,2.23576e-07,7.60000,2.24438e-07,7.60000,0.000114286,7.60000,0.000114286,7.60000,0.000109376
7.61000,2.23576e-07,7.61000,0,7.61000,0,7.61000,0,7.61000,8.94326e-08,7.61000,0,7.61000,0.000114286,7.61000,0,7.61000,0,7.61000,0.000114286,7.61000,0.4,7.61000,1,7.61000,0,7.61000,0.4,7.61000,0,7.61000,5.01232,7.61000,0,7.61000,511.178,7.61000,0,7.61000,0.4,7.61000,0,7.61000,1400,7.61000,2.23576e-07,7.61000,2.23576e-07,7.61000,2.24532e-07,7.61000,0.000114286,7.61000,0.000114286,7.61000,0.00010935
7.62000,2.23576e-07,7.62000,0,7.62000,0,7.62000,0,7.62000,8.94326e-08,7.62000,0,7.62000,0.000114286,7.62000,0,7.62000,0,7.62000,0.000114286,7.62000,0.4,7.62000,1,7.62000,0,7.62000,0.4,7.62000,0,7.62000,5.01232,7.62000,0,7.62000,511.178,7.62000,0,7.62000,0.4,7.62000,0,7.62000,1400,7.62000,2.23576e-07,7.62000,2.23576e-07,7.62000,2.24626e-07,7.62000,0.000114286,7.62000,0.000114286,7.62000,0.000109323
7.63000,2.23576e-07,7.63000,0,7.63000,0,7.63000,0,7.63000,8.94326e-08,7.63000,0,7.63000,0.000114286,7.63000,0,7.63000,0,7.63000,0.000114286,7.63000,0.4,7.63000,1,7.63000,0,7.63000,0.4,7.63000,0,7.63000,5.01232,7.63000,0,7.63000,511.178,7.63000,0,7.63000,0.4,7.63000,0,7.63000,1400,7.63000,2.23576e-07,7.63000,2.23576e-07,7.63000,2.24719e-07,7.63000,0.000114286,7.63000,0.000114286,7.63000,0.000109297
7.64000,2.23576e-07,7.64000,0,7.64000,0,7.64000,0,7.64000,8.94326e-08,7.64000,0,7.64000,0.000114286,7.64000,0,7.64000,0,7.64000,0.000114286,7.64000,0.4,7.64000,1,7.64000,0,7.64000,0.4,7.64000,0,7.64000,5.01232,7.64000,0,7.64000,511.178,7.64000,0,7.64000,0.4,7.64000,0,7.64000,1400,7.64000,2.23576e-07,7.64000,2.23576e-07,7.64000,2.24813e-07,7.64000,0.000114286,7.64000,0.000114286,7.64000,0.00010927
7.65000,2.23576e-07,7.65000,0,7.65000,0,7.65000,0,7.65000,8.94326e-08,7.65000,0,7.65000,0.000114286,7.65000,0,7.65000,0,7.65000,0.000114286,7.65000,0.4,7.65000,1,7.65000,0,7.65000,0.4,7.65000,0,7.65000,5.01232,7.65000,0,7.65000,511.178,7.65000,0,7.65000,0.4,7.65000,0,7.65000,1400,7.65000,2.23576e-07,7.65000,2.23576e-07,7.65000,2.24906e-07,7.65000,0.000114286,7.65000,0.000114286,7.65000,0.000109244
7.66000,2.23576e-07,7.66000,0,7.66000,0,7.66000,0,7.66000,8.94326e-08,7.66000,0,7.66000,0.000114286,7.66000,0,7.66000,0,7.66000,0.000114286,7.66000,0.4,7.66000,1,7.66000,0,7.66000,0.4,7.66000,0,7.66000,5.01232,7.66000,0,7.66000,511.178,7.66000,0,7.66000,0.4,7.66000,0,7.66000,1400,7.66000,2.23576e-07,7.66000,2.23576e-07,7.66000,2.25e-07,7.66000,0.000114286,7.66000,0.000114286,7.66000,0.000109218
7.67000,2.23576e-07,7.67000,0,7.67000,0,7.67000,0,7.67000,8.94325e-08,7.67000,0,7.67000,0.000114286,7.67000,0,7.67000,0,7.67000,0.000114286,7.67000,0.4,7.67000,1,7.67000,0,7.67000,0.4,7.67000,0,7.67000,5.01232,7.67000,0,7.67000,511.178,7.67000,0,7.67000,0.4,7.67000,0,7.67000,1400,7.67000,2.23576e-07,7.67000,2.23576e-07,7.67000,2.25094e-07,7.67000,0.000114286,7.67000,0.000114286,7.67000,0.000109191
7.68000,2.23576e-07,7.68000,0,7.68000,0,7.68000,0,7.68000,8.94325e-08,7.68000,0,7.68000,0.000114286,7.68000,0,7.68000,0,7.68000,0.000114286,7.68000,0.4,7.68000,1,7.68000,0,7.68000,0.4,7.68000,0,7.68000,5.01232,7.68000,0,7.68000,511.178,7.68000,0,7.68000,0.4,7.68000,0,7.68000,1400,7.68000,2.23576e-07,7.68000,2.23576e-07,7.68000,2.25187e-07,7.68000,0.000114286,7.68000,0.000114286,7.68000,0.000109165
7.69000,2.23576e-07,7.69000,0,7.69000,0,7.69000,0,7.69000,8.94325e-08,7.69000,0,7.69000,0.000114286,7.69000,0,7.69000,0,7.69000,0.000114286,7.69000,0.4,7.69000,1,7.69000,0,7.69000,0.4,7.69000,0,7.69000,5.01232,7.69000,0,7.69000,511.178,7.69000,0,7.69000,0.4,7.69000,0,7.69000,1400,7.69000,2.23576e-07,7.69000,2.23576e-07,7.69000,2.25281e-07,7.69000,0.000114286,7.69000,0.000114286,7.69000,0.000109138
7.70000,2.23576e-07,7.70000,0,7.70000,0,7.70000,0,7.70000,8.94325e-08,7.70000,0,7.70000,0.000114286,7.70000,0,7.70000,0,7.70000,0.000114286,7.70000,0.4,7.70000,1,7.70000,0,7.70000,0.4,7.70000,0,7.70000,5.01232,7.70000,0,7.70000,511.178,7.70000,0,7.70000,0.4,7.70000,0,7.70000,1400,7.70000,2.23576e-07,7.70000,2.23576e-07,7.70000,2.25374e-07,7.70000,0.000114286,7.70000,0.000114286,7.70000,0.000109112
7.71000,2.23576e-07,7.71000,0,7.71000,0,7.71000,0,7.71000,8.94325e-08,7.71000,0,7.71000,0.000114286,7.71000,0,7.71000,0,7.71000,0.000114286,7.71000,0.4,7.71000,1,7.71000,0,7.71000,0.4,7.71000,0,7.71000,5.01232,7.71000,0,7.71000,511.178,7.71000,0,7.71000,0.4,7.71000,0,7.71000,1400,7.71000,2.23576e-07,7.71000,2.23576e-07,7.71000,2.25468e-07,7.71000,0.000114286,7.71000,0.000114286,7.71000,0.000109085
7.72000,2.23576e-07,7.72000,0,7.72000,0,7.72000,0,7.72000,8.94324e-08,7.72000,0,7.72000,0.000114286,7.72000,0,7.72000,0,7.72000,0.000114286,7.72000,0.4,7.72000,1,7.72000,0,7.72000,0.4,7.72000,0,7.72000,5.01232,7.72000,0,7.72000,511.178,7.72000,0,7.72000,0.4,7.72000,0,7.72000,1400,7.72000,2.23576e-07,7.72000,2.23576e-07,7.72000,2.25561e-07,7.72000,0.000114286,7.72000,0.000114286,7.72000,0.000109059
7.73000,2.23575e-07,7.73000,0,7.73000,0,7.73000,0,7.73000,8.94324e-08,7.73000,0,7.73000,0.000114286,7.73000,0,7.73000,0,7.73000,0.000114286,7.73000,0.4,7.73000,1,7.73000,0,7.73000,0.4,7.73000,0,7.73000,5.01232,7.73000,0,7.73000,511.178,7.73000,0,7.73000,0.4,7.73000,0,7.73000,1400,7.73000,2.23575e-07,7.73000,2.23575e-07,7.73000,2.25655e-07,7.73000,0.000114286,7.73000,0.000114286,7.73000,0.000109032
7.74000,2.23575e-07,7.74000,0,7.74000,0,7.74000,0,7.74000,8.94324e-08,7.74000,0,7.74000,0.000114286,7.74000,0,7.74000,0,7.74000,0.000114286,7.74000,0.4,7.74000,1,7.74000,0,7.74000,0.4,7.74000,0,7.74000,5.01232,7.74000,0,7.74000,511.178,7.74000,0,7.74000,0.4,7.74000,0,7.74000,1400,7.74000,2.23575e-07,7.74000,2.23575e-07,7.74000,2.25749e-07,7.74000,0.000114286,7.74000,0.000114286,7.74000,0.000109006
7.75000,2.23575e-07,7.75000,0,7.75000,0,7.75000,0,7.75000,8.94324e-08,7.75000,0,7.75000,0.000114286,7.75000,0,7.75000,0,7.75000,0.000114286,7.75000,0.4,7.75000,1,7.75000,0,7.75000,0.4,7.75000,0,7.75000,5.01232,7.75000,0,7.75000,511.178,7.75000,0,7.75000,0.4,7.75000,0,7.75000,1400,7.75000,2.23575e-07,7.75000,2.23575e-07,7.75000,2.25842e-07,7.75000,0.000114286,7.75000,0.000114286,7.75000,0.000108979
7.76000,2.23575e-07,7.76000,0,7.76000,0,7.76000,0,7.76000,8.94324e-08,7.76000,0,7.76000,0.000114286,7.76000,0,7.76000,0,7.76000,0.000114286,7.76000,0.4,7.76000,1,7.76000,0,7.76000,0.4,7.76000,0,7.76000,5.01232,7.76000,0,7.76000,511.178,7.76000,0,7.76000,0.4,7.76000,0,7.76000,1400,7.76000,2.23575e-07,7.76000,2.23575e-07,7.76000,2.25936e-07,7.76000,0.000114286,7.76000,0.000114286,7.76000,0.000108953
7.77000,2.23575e-07,7.77000,0,7.77000,0,7.77000,0,7.77000,8.94324e-08,7.77000,0,7.77000,0.000114286,7.77000,0,7.77000,0,7.77000,0.000114286,7.77000,0.4,7.77000,1,7.77000,0,7.77000,0.4,7.77000,0,7.77000,5.01232,7.77000,0,7.77000,511.178,7.77000,0,7.77000,0.4,7.77000,0,7.77000,1400,7.77000,2.23575e-07,7.77000,2.23575e-07,7.77000,2.26029e-07,7.77000,0.000114286,7.77000,0.000114286,7.77000,0.000108926
7.78000,2.23575e-07,7.78000,0,7.78000,0,7.78000,0,7.78000,8.94323e-08,7.78000,0,7.78000,0.000114286,7.78000,0,7.78000,0,7.78000,0.000114286,7.78000,0.4,7.78000,1,7.78000,0,7.78000,0.4,7.78000,0,7.78000,5.01232,7.78000,0,7.78000,511.178,7.78000,0,7.78000,0.4,7.78000,0,7.78000,1400,7.78000,2.23575e-07,7.78000,2.23575e-07,7.78000,2.26123e-07,7.78000,0.000114286,7.78000,0.000114286,7.78000,0.0001089
7.79000,2.23575e-07,7.79000,0,7.79000,0,7.79000,0,7.79000,8.94323e-08,7.79000,0,7.79000,0.000114286,7.79000,0,7.79000,0,7.79000,0.000114286,7.79000,0.4,7.79000,1,7.79000,0,7.79000,0.4,7.79000,0,7.79000,5.01232,7.79000,0,7.79000,511.178,7.79000,0,7.79000,0.4,7.79000,0,7.79000,1400,7.79000,2.23575e-07,7.79000,2.23575e-07,7.79000,2.26217e-07,7.79000,0.000114286,7.79000,0.000114286,7.79000,0.000108874
7.80000,2.23575e-07,7.80000,0,7.80000,0,7.80000,0,7.80000,8.94323e-08,7.80000,0,7.80000,0.000114286,7.80000,0,7.80000,0,7.80000,0.000114286,7.80000,0.4,7.80000,1,7.80000,0,7.80000,0.4,7.80000,0,7.80000,5.01232,7.80000,0,7.80000,511.178,7.80000,0,7.80000,0.4,7.80000,0,7.80000,1400,7.80000,2.23575e-07,7.80000,2.23575e-07,7.80000,2.2631e-07,7.80000,0.000114286,7.80000,0.000114286,7.80000,0.000108847
7.81000,2.23575e-07,7.81000,0,7.81000,0,7.81000,0,7.81000,8.94323e-08,7.81000,0,7.81000,0.000114286,7.81000,0,7.81000,0,7.81000,0.000114286,7.81000,0.4,7.81000,1,7.81000,0,7.81000,0.4,7.81000,0,7.81000,5.01232,7.81000,0,7.81000,511.178,7.81000,0,7.81000,0.4,7.81000,0,7.81000,1400,7.81000,2.23575e-07,7.81000,2.23575e-07,7.81000,2.26404e-07,7.81000,0.000114286,7.81000,0.000114286,7.81000,0.000108821
7.82000,2.23575e-07,7.82000,0,7.82000,0,7.82000,0,7.82000,8.94323e-08,7.82000,0,7.82000,0.000114286,7.82000,0,7.82000,0,7.82000,0.000114286,7.82000,0.4,7.82000,1,7.82000,0,7.82000,0.4,7.82000,0,7.82000,5.01232,7.82000,0,7.82000,511.178,7.82000,0,7.82000,0.4,7.82000,0,7.82000,1400,7.82000,2.23575e-07,7.82000,2.23575e-07,7.82000,2.26497e-07,7.82000,0.000114286,7.82000,0.000114286,7.82000,0.000108794
7.83000,2.23575e-07,7.83000,0,7.83000,0,7.83000,0,7.83000,8.94322e-08,7.83000,0,7.83000,0.000114286,7.83000,0,7.83000,0,7.83000,0.000114286,7.83000,0.4,7.83000,1,7.83000,0,7.83000,0.4,7.83000,0,7.83000,5.01232,7.83000,0,7.83000,511.178,7.83000,0,7.83000,0.4,7.83000,0,7.83000,1400,7.83000,2.23575e-07,7.83000,2.23575e-07,7.83000,2.26591e-07,7.83000,0.000114286,7.83000,0.000114286,7.83000,0.000108768
7.84000,2.23575e-07,7.84000,0,7.84000,0,7.84000,0,7.84000,8.94322e-08,7.84000,0,7.84000,0.000114286,7.84000,0,7.84000,0,7.84000,0.000114286,7.84000,0.4,7.84000,1,7.84000,0,7.84000,0.4,7.84000,0,7.84000,5.01232,7.84000,0,7.84000,511.178,7.84000,0,7.84000,0.4,7.84000,0,7.84000,1400,7.84000,2.23575e-07,7.84000,2.23575e-07,7.84000,2.26685e-07,7.84000,0.000114286,7.84000,0.000114286,7.84000,0.000108741
7.85000,2.23575e-07,7.85000,0,7.85000,0,7.85000,0,7.85000,8.94322e-08,7.85000,0,7.85000,0.000114286,7.85000,0,7.85000,0,7.85000,0.000114286,7.85000,0.4,7.85000,1,7.85000,0,7.85000,0.4,7.85000,0,7.85000,5.01232,7.85000,0,7.85000,511.178,7.85000,0,7.85000,0.4,7.85000,0,7.85000,1400,7.85000,2.23575e-07,7.85000,2.23575e-07,7.85000,2.26778e-07,7.85000,0.000114286,7.85000,0.000114286,7.85000,0.000108715
7.86000,2.23575e-07,7.86000,0,7.86000,0,7.86000,0,7.86000,8.94322e-08,7.86000,0,7.86000,0.000114286,7.86000,0,7.86000,0,7.86000,0.000114286,7.86000,0.4,7.86000,1,7.86000,0,7.86000,0.4,7.86000,0,7.86000,5.01232,7.86000,0,7.86000,511.178,7.86000,0,7.86000,0.4,7.86000,0,7.86000,1400,7.86000,2.23575e-07,7.86000,2.23575e-07,7.86000,2.26872e-07,7.86000,0.000114286,7.86000,0.000114286,7.86000,0.000108688
7.87000,2.23575e-07,7.87000,0,7.87000,0,7.87000,0,7.87000,8.94322e-08,7.87000,0,7.87000,0.000114286,7.87000,0,7.87000,0,7.87000,0.000114286,7.87000,0.4,7.87000,1,7.87000,0,7.87000,0.4,7.87000,0,7.87000,5.01232,7.87000,0,7.87000,511.178,7.87000,0,7.87000,0.4,7.87000,0,7.87000,1400,7.87000,2.23575e-07,7.87000,2.23575e-07,7.87000,2.26965e-07,7.87000,0.000114286,7.87000,0.000114286,7.87000,0.000108662
7.88000,2.23575e-07,7.88000,0,7.88000,0,7.88000,0,7.88000,8.94322e-08,7.88000,0,7.88000,0.000114286,7.88000,0,7.88000,0,7.88000,0.000114286,7.88000,0.4,7.88000,1,7.88000,0,7.88000,0.4,7.88000,0,7.88000,5.01232,7.88000,0,7.88000,511.178,7.88000,0,7.88000,0.4,7.88000,0,7.88000,1400,7.88000,2.23575e-07,7.88000,2.23575e-07,7.88000,2.27059e-07,7.88000,0.000114286,7.88000,0.000114286,7.88000,0.000108635
7.89000,2.23575e-07,7.89000,0,7.89000,0,7.89000,0,7.89000,8.94321e-08,7.89000,0,7.89000,0.000114286,7.89000,0,7.89000,0,7.89000,0.000114286,7.89000,0.4,7.89000,1,7.89000,0,7.89000,0.4,7.89000,0,7.89000,5.01232,7.89000,0,7.89000,511.178,7.89000,0,7.89000,0.4,7.89000,0,7.89000,1400,7.89000,2.23575e-07,7.89000,2.23575e-07,7.89000,2.27152e-07,7.89000,0.000114286,7.89000,0.000114286,7.89000,0.000108609
7.90000,2.23575e-07,7.90000,0,7.90000,0,7.90000,0,7.90000,8.94321e-08,7.90000,0,7.90000,0.000114286,7.90000,0,7.90000,0,7.90000,0.000114286,7.90000,0.4,7.90000,1,7.90000,0,7.90000,0.4,7.90000,0,7.90000,5.01232,7.90000,0,7.90000,511.178,7.90000,0,7.90000,0.4,7.90000,0,7.90000,1400,7.90000,2.23575e-07,7.90000,2.23575e-07,7.90000,2.27246e-07,7.90000,0.000114286,7.90000,0.000114286,7.90000,0.000108582
7.91000,2.23575e-07,7.91000,0,7.91000,0,7.91000,0,7.91000,8.94321e-08,7.91000,0,7.91000,0.000114286,7.91000,0,7.91000,0,7.91000,0.000114286,7.91000,0.4,7.91000,1,7.91000,0,7.91000,0.4,7.91000,0,7.91000,5.01232,7.91000,0,7.91000,511.178,7.91000,0,7.91000,0.4,7.91000,0,7.91000,1400,7.91000,2.23575e-07,7.91000,2.23575e-07,7.91000,2.2734e-07,7.91000,0.000114286,7.91000,0.000114286,7.91000,0.000108556
7.92000,2.23575e-07,7.92000,0,7.92000,0,7.92000,0,7.92000,8.94321e-08,7.92000,0,7.92000,0.000114286,7.92000,0,7.92000,0,7.92000,0.000114286,7.92000,0.4,7.92000,1,7.92000,0,7.92000,0.4,7.92000,0,7.92000,5.01232,7.92000,0,7.92000,511.178,7.92000,0,7.92000,0.4,7.92000,0,7.92000,1400,7.92000,2.23575e-07,7.92000,2.23575e-07,7.92000,2.27433e-07,7.92000,0.000114286,7.92000,0.000114286,7.92000,0.000108529
7.93000,2.23575e-07,7.93000,0,7.93000,0,7.93000,0,7.93000,8.94321e-08,7.93000,0,7.93000,0.000114286,7.93000,0,7.93000,0,7.93000,0.000114286,7.93000,0.4,7.93000,1,7.93000,0,7.93000,0.4,7.93000,0,7.93000,5.01232,7.93000,0,7.93000,511.178,7.93000,0,7.93000,0.4,7.93000,0,7.93000,1400,7.93000,2.23575e-07,7.93000,2.23575e-07,7.93000,2.27527e-07,7.93000,0.000114286,7.93000,0.000114286,7.93000,0.000108503
7.94000,2.23575e-07,7.94000,0,7.94000,0,7.94000,0,7.94000,8.94321e-08,7.94000,0,7.94000,0.000114286,7.94000,0,7.94000,0,7.94000,0.000114286,7.94000,0.4,7.94000,1,7.94000,0,7.94000,0.4,7.94000,0,7.94000,5.01232,7.94000,0,7.94000,511.178,7.94000,0,7.94000,0.4,7.94000,0,7.94000,1400,7.94000,2.23575e-07,7.94000,2.23575e-07,7.94000,2.2762e-07,7.94000,0.000114286,7.94000,0.000114286,7.94000,0.000108477
7.95000,2.23575e-07,7.95000,0,7.95000,0,7.95000,0,7.95000,8.9432e-08,7.95000,0,7.95000,0.000114286,7.95000,0,7.95000,0,7.95000,0.000114286,7.95000,0.4,7.95000,1,7.95000,0,7.95000,0.4,7.95000,0,7.95000,5.01232,7.95000,0,7.95000,511.178,7.95000,0,7.95000,0.4,7.95000,0,7.95000,1400,7.95000,2.23575e-07,7.95000,2.23575e-07,7.95000,2.2771e-07,7.95000,0.000114286,7.95000,0.000114286,7.95000,0.000108426
7.96000,2.23575e-07,7.96000,0,7.96000,0,7.96000,0,7.96000,8.9432e-08,7.96000,0,7.96000,0.000114286,7.96000,0,7.96000,0,7.96000,0.000114286,7.96000,0.4,7.96000,1,7.96000,0,7.96000,0.4,7.96000,0,7.96000,5.01232,7.96000,0,7.96000,511.178,7.96000,0,7.96000,0.4,7.96000,0,7.96000,1400,7.96000,2.23575e-07,7.96000,2.23575e-07,7.96000,2.27798e-07,7.96000,0.000114286,7.96000,0.000114286,7.96000,0.000108366
7.97000,2.23574e-07,7.97000,0,7.97000,0,7.97000,0,7.97000,8.9432e-08,7.97000,0,7.97000,0.000114286,7.97000,0,7.97000,0,7.97000,0.000114286,7.97000,0.4,7.97000,1,7.97000,0,7.97000,0.4,7.97000,0,7.97000,5.01232,7.97000,0,7.97000,511.178,7.97000,0,7.97000,0.4,7.97000,0,7.97000,1400,7.97000,2.23574e-07,7.97000,2.23574e-07,7.97000,2.27885e-07,7.97000,0.000114286,7.97000,0.000114286,7.97000,0.000108305
7.98000,2.23574e-07,7.98000,0,7.98000,0,7.98000,0,7.98000,8.9432e-08,7.98000,0,7.98000,0.000114286,7.98000,0,7.98000,0,7.98000,0.000114286,7.98000,0.4,7.98000,1,7.98000,0,7.98000,0.4,7.98000,0,7.98000,5.01232,7.98000,0,7.98000,511.178,7.98000,0,7.98000,0.4,7.98000,0,7.98000,1400,7.98000,2.23574e-07,7.98000,2.23574e-07,7.98000,2.27973e-07,7.98000,0.000114286,7.98000,0.000114286,7.98000,0.000108244
7.99000,2.23574e-07,7.99000,0,7.99000,0,7.99000,0,7.99000,8.9432e-08,7.99000,0,7.99000,0.000114286,7.99000,0,7.99000,0,7.99000,0.000114286,7.99000,0.4,7.99000,1,7.99000,0,7.99000,0.4,7.99000,0,7.99000,5.01232,7.99000,0,7.99000,511.178,7.99000,0,7.99000,0.4,7.99000,0,7.99000,1400,7.99000,2.23574e-07,7.99000,2.23574e-07,7.99000,2.28061e-07,7.99000,0.000114286,7.99000,0.000114286,7.99000,0.000108183
8.00000,2.23574e-07,8.00000,0,8.00000,0,8.00000,0,8.00000,8.9432e-08,8.00000,0,8.00000,0.000114286,8.00000,0,8.00000,0,8.00000,0.000114286,8.00000,0.4,8.00000,1,8.00000,0,8.00000,0.4,8.00000,0,8.00000,5.01232,8.00000,0,8.00000,511.178,8.00000,0,8.00000,0.4,8.00000,0,8.00000,1400,8.00000,2.23574e-07,8.00000,2.23574e-07,8.00000,2.28149e-07,8.00000,0.000114286,8.00000,0.000114286,8.00000,0.000108123
8.01000,2.23574e-07,8.01000,0,8.01000,0,8.01000,0,8.01000,8.9432e-08,8.01000,0,8.01000,0.000114286,8.01000,0,8.01000,0,8.01000,0.000114286,8.01000,0.4,8.01000,1,8.01000,0,8.01000,0.4,8.01000,0,8.01000,5.01232,8.01000,0,8.01000,511.178,8.01000,0,8.01000,0.4,8.01000,0,8.01000,1400,8.01000,2.23574e-07,8.01000,2.23574e-07,8.01000,2.28236e-07,8.01000,0.000114286,8.01000,0.000114286,8.01000,0.000108062
8.02000,2.23574e-07,8.02000,0,8.02000,0,8.02000,0,8.02000,8.9432e-08,8.02000,0,8.02000,0.000114286,8.02000,0,8.02000,0,8.02000,0.000114286,8.02000,0.4,8.02000,1,8.02000,0,8.02000,0.4,8.02000,0,8.02000,5.01232,8.02000,0,8.02000,511.178,8.02000,0,8.02000,0.4,8.02000,0,8.02000,1400,8.02000,2.23574e-07,8.02000,2.23574e-07,8.02000,2.28324e-07,8.02000,0.000114286,8.02000,0.000114286,8.02000,0.000108001
8.03000,2.23574e-07,8.03000,0,8.03000,0,8.03000,0,8.03000,8.9432e-08,8.03000,0,8.03000,0.000114286,8.03000,0,8.03000,0,8.03000,0.000114286,8.03000,0.4,8.03000,1,8.03000,0,8.03000,0.4,8.03000,0,8.03000,5.01232,8.03000,0,8.03000,511.178,8.03000,0,8.03000,0.4,8.03000,0,8.03000,1400,8.03000,2.23574e-07,8.03000,2.23574e-07,8.03000,2.28412e-07,8.03000,0.000114286,8.03000,0.000114286,8.03000,0.000107941
8.04000,2.23574e-07,8.04000,0,8.04000,0,8.04000,0,8.04000,8.9432e-08,8.04000,0,8.04000,0.000114286,8.04000,0,8.04000,0,8.04000,0.000114286,8.04000,0.4,8.04000,1,8.04000,0,8.04000,0.4,8.04000,0,8.04000,5.01232,8.04000,0,8.04000,511.178,8.04000,0,8.04000,0.4,8.04000,0,8.04000,1400,8.04000,2.23574e-07,8.04000,2.23574e-07,8.04000,2.28499e-07,8.04000,0.000114286,8.04000,0.000114286,8.04000,0.00010788
8.05000,2.23574e-07,8.05000,0,8.05000,0,8.05000,0,8.05000,8.9432e-08,8.05000,0,8.05000,0.000114286,8.05000,0,8.05000,0,8.05000,0.000114286,8.05000,0.4,8.05000,1,8.05000,0,8.05000,0.4,8.05000,0,8.05000,5.01232,8.05000,0,8.05000,511.178,8.05000,0,8.05000,0.4,8.05000,0,8.05000,1400,8.05000,2.23574e-07,8.05000,2.23574e-07,8.05000,2.28587e-07,8.05000,0.000114286,8.05000,0.000114286,8.05000,0.000107819
8.06000,2.23574e-07,8.06000,0,8.06000,0,8.06000,0,8.06000,8.9432e-08,8.06000,0,8.06000,0.000114286,8.06000,0,8.06000,0,8.06000,0.000114286,8.06000,0.4,8.06000,1,8.06000,0,8.06000,0.4,8.06000,0,8.06000,5.01232,8.06000,0,8.06000,511.178,8.06000,0,8.06000,0.4,8.06000,0,8.06000,1400,8.06000,2.23574e-07,8.06000,2.23574e-07,8.06000,2.28675e-07,8.06000,0.000114286,8.06000,0.000114286,8.06000,0.000107758
8.07000,2.23574e-07,8.07000,0,8.07000,0,8.07000,0,8.07000,8.9432e-08,8.07000,0,8.07000,0.000114286,8.07000,0,8.07000,0,8.07000,0.000114286,8.07000,0.4,8.07000,1,8.07000,0,8.07000,0.4,8.07000,0,8.07000,5.01232,8.07000,0,8.07000,511.178,8.07000,0,8.07000,0.4,8.07000,0,8.07000,1400,8.07000,2.23574e-07,8.07000,2.23574e-07,8.07000,2.28763e-07,8.07000,0.000114286,8.07000,0.000114286,8.07000,0.000107698
8.08000,2.23574e-07,8.08000,0,8.08000,0,8.08000,0,8.08000,8.9432e-08,8.08000,0,8.08000,0.000114286,8.08000,0,8.08000,0,8.08000,0.000114286,8.08000,0.4,8.08000,1,8.08000,0,8.08000,0.4,8.08000,0,8.08000,5.01232,8.08000,0,8.08000,511.178,8.08000,0,8.08000,0.4,8.08000,0,8.08000,1400,8.08000,2.23574e-07,8.08000,2.23574e-07,8.08000,2.2885e-07,8.08000,0.000114286,8.08000,0.000114286,8.08000,0.000107637
8.09000,2.23574e-07,8.09000,0,8.09000,0,8.09000,0,8.09000,8.9432e-08,8.09000,0,8.09000,0.000114286,8.09000,0,8.09000,0,8.09000,0.000114286,8.09000,0.4,8.09000,1,8.09000,0,8.09000,0.4,8.09000,0,8.09000,5.01232,8.09000,0,8.09000,511.178,8.09000,0,8.09000,0.4,8.09000,0,8.09000,1400,8.09000,2.23574e-07,8.09000,2.23574e-07,8.09000,2.28938e-07,8.09000,0.000114286,8.09000,0.000114286,8.09000,0.000107576
8.10000,2.23574e-07,8.10000,0,8.10000,0,8.10000,0,8.10000,8.9432e-08,8.10000,0,8.10000,0.000114286,8.10000,0,8.10000,0,8.10000,0.000114286,8.10000,0.4,8.10000,1,8.10000,0,8.10000,0.4,8.10000,0,8.10000,5.01232,8.10000,0,8.10000,511.178,8.10000,0,8.10000,0.4,8.10000,0,8.10000,1400,8.10000,2.23574e-07,8.10000,2.23574e-07,8.10000,2.29026e-07,8.10000,0.000114286,8.10000,0.000114286,8.10000,0.000107516
8.11000,2.23574e-07,8.11000,0,8.11000,0,8.11000,0,8.11000,8.9432e-08,8.11000,0,8.11000,0.000114286,8.11000,0,8.11000,0,8.11000,0.000114286,8.11000,0.4,8.11000,1,8.11000,0,8.11000,0.4,8.11000,0,8.11000,5.01232,8.11000,0,8.11000,511.178,8.11000,0,8.11000,0.4,8.11000,0,8.11000,1400,8.11000,2.23574e-07,8.11000,2.23574e-07,8.11000,2.29114e-07,8.11000,0.000114286,8.11000,0.000114286,8.11000,0.000107455
8.12000,2.23574e-07,8.12000,0,8.12000,0,8.12000,0,8.12000,8.9432e-08,8.12000,0,8.12000,0.000114286,8.12000,0,8.12000,0,8.12000,0.000114286,8.12000,0.4,8.12000,1,8.12000,0,8.12000,0.4,8.12000,0,8.12000,5.01232,8.12000,0,8.12000,511.178,8.12000,0,8.12000,0.4,8.12000,0,8.12000,1400,8.12000,2.23574e-07,8.12000,2.23574e-07,8.12000,2.29201e-07,8.12000,0.000114286,8.12000,0.000114286,8.12000,0.000107394
8.13000,2.23574e-07,8.13000,0,8.13000,0,8.13000,0,8.13000,8.9432e-08,8.13000,0,8.13000,0.000114286,8.13000,0,8.13000,0,8.13000,0.000114286,8.13000,0.4,8.13000,1,8.13000,0,8.13000,0.4,8.13000,0,8.13000,5.01232,8.13000,0,8.13000,511.178,8.13000,0,8.13000,0.4,8.13000,0,8.13000,1400,8.13000,2.23574e-07,8.13000,2.23574e-07,8.13000,2.29289e-07,8.13000,0.000114286,8.13000,0.000114286,8.13000,0.000107333
8.14000,2.23574e-07,8.14000,0,8.14000,0,8.14000,0,8.14000,8.94319e-08,8.14000,0,8.14000,0.000114286,8.14000,0,8.14000,0,8.14000,0.000114286,8.14000,0.4,8.14000,1,8.14000,0,8.14000,0.4,8.14000,0,8.14000,5.01232,8.14000,0,8.14000,511.178,8.14000,0,8.14000,0.4,8.14000,0,8.14000,1400,8.14000,2.23574e-07,8.14000,2.23574e-07,8.14000,2.29377e-07,8.14000,0.000114286,8.14000,0.000114286,8.14000,0.000107273
8.15000,2.23574e-07,8.15000,0,8.15000,0,8.15000,0,8.15000,8.94319e-08,8.15000,0,8.15000,0.000114286,8.15000,0,8.15000,0,8.15000,0.000114286,8.15000,0.4,8.15000,1,8.15000,0,8.15000,0.4,8.15000,0,8.15000,5.01232,8.15000,0,8.15000,511.178,8.15000,0,8.15000,0.4,8.15000,0,8.15000,1400,8.15000,2.23574e-07,8.15000,2.23574e-07,8.15000,2.29464e-07,8.15000,0.000114286,8.15000,0.000114286,8.15000,0.000107212
8.16000,2.23574e-07,8.16000,0,8.16000,0,8.16000,0,8.16000,8.94319e-08,8.16000,0,8.16000,0.000114286,8.16000,0,8.16000,0,8.16000,0.000114286,8.16000,0.4,8.16000,1,8.16000,0,8.16000,0.4,8.16000,0,8.16000,5.01232,8.16000,0,8.16000,511.178,8.16000,0,8.16000,0.4,8.16000,0,8.16000,1400,8.16000,2.23574e-07,8.16000,2.23574e-07,8.16000,2.29552e-07,8.16000,0.000114286,8.16000,0.000114286,8.16000,0.000107151
8.17000,2.23574e-07,8.17000,0,8.17000,0,8.17000,0,8.17000,8.94319e-08,8.17000,0,8.17000,0.000114286,8.17000,0,8.17000,0,8.17000,0.000114286,8.17000,0.4,8.17000,1,8.17000,0,8.17000,0.4,8.17000,0,8.17000,5.01232,8.17000,0,8.17000,511.178,8.17000,0,8.17000,0.4,8.17000,0,8.17000,1400,8.17000,2.23574e-07,8.17000,2.23574e-07,8.17000,2.2964e-07,8.17000,0.000114286,8.17000,0.000114286,8.17000,0.00010709
8.18000,2.23574e-07,8.18000,0,8.18000,0,8.18000,0,8.18000,8.94319e-08,8.18000,0,8.18000,0.000114286,8.18000,0,8.18000,0,8.18000,0.000114286,8.18000,0.4,8.18000,1,8.18000,0,8.18000,0.4,8.18000,0,8.18000,5.01232,8.18000,0,8.18000,511.178,8.18000,0,8.18000,0.4,8.18000,0,8.18000,1400,8.18000,2.23574e-07,8.18000,2.23574e-07,8.18000,2.29728e-07,8.18000,0.000114286,8.18000,0.000114286,8.18000,0.00010703
8.19000,2.23574e-07,8.19000,0,8.19000,0,8.19000,0,8.19000,8.94319e-08,8.19000,0,8.19000,0.000114286,8.19000,0,8.19000,0,8.19000,0.000114286,8.19000,0.4,8.19000,1,8.19000,0,8.19000,0.4,8.19000,0,8.19000,5.01232,8.19000,0,8.19000,511.178,8.19000,0,8.19000,0.4,8.19000,0,8.19000,1400,8.19000,2.23574e-07,8.19000,2.23574e-07,8.19000,2.29815e-07,8.19000,0.000114286,8.19000,0.000114286,8.19000,0.000106969
8.20000,2.23574e-07,8.20000,0,8.20000,0,8.20000,0,8.20000,8.94319e-08,8.20000,0,8.20000,0.000114286,8.20000,0,8.20000,0,8.20000,0.000114286,8.20000,0.4,8.20000,1,8.20000,0,8.20000,0.4,8.20000,0,8.20000,5.01232,8.20000,0,8.20000,511.178,8.20000,0,8.20000,0.4,8.20000,0,8.20000,1400,8.20000,2.23574e-07,8.20000,2.23574e-07,8.20000,2.29903e-07,8.20000,0.000114286,8.20000,0.000114286,8.20000,0.000106908
8.21000,2.23574e-07,8.21000,0,8.21000,0,8.21000,0,8.21000,8.94319e-08,8.21000,0,8.21000,0.000114286,8.21000,0,8.21000,0,8.21000,0.000114286,8.21000,0.4,8.21000,1,8.21000,0,8.21000,0.4,8.21000,0,8.21000,5.01232,8.21000,0,8.21000,511.178,8.21000,0,8.21000,0.4,8.21000,0,8.21000,1400,8.21000,2.23574e-07,8.21000,2.23574e-07,8.21000,2.29991e-07,8.21000,0.000114286,8.21000,0.000114286,8.21000,0.000106848
8.22000,2.23574e-07,8.22000,0,8.22000,0,8.22000,0,8.22000,8.94319e-08,8.22000,0,8.22000,0.000114286,8.22000,0,8.22000,0,8.22000,0.000114286,8.22000,0.4,8.22000,1,8.22000,0,8.22000,0.4,8.22000,0,8.22000,5.01232,8.22000,0,8.22000,511.178,8.22000,0,8.22000,0.4,8.22000,0,8.22000,1400,8.22000,2.23574e-07,8.22000,2.23574e-07,8.22000,2.30079e-07,8.22000,0.000114286,8.22000,0.000114286,8.22000,0.000106787
8.23000,2.23574e-07,8.23000,0,8.23000,0,8.23000,0,8.23000,8.94319e-08,8.23000,0,8.23000,0.000114286,8.23000,0,8.23000,0,8.23000,0.000114286,8.23000,0.4,8.23000,1,8.23000,0,8.23000,0.4,8.23000,0,8.23000,5.01232,8.23000,0,8.23000,511.178,8.23000,0,8.23000,0.4,8.23000,0,8.23000,1400,8.23000,2.23574e-07,8.23000,2.23574e-07,8.23000,2.30166e-07,8.23000,0.000114286,8.23000,0.000114286,8.23000,0.000106726
8.24000,2.23574e-07,8.24000,0,8.24000,0,8.24000,0,8.24000,8.94319e-08,8.24000,0,8.24000,0.000114286,8.24000,0,8.24000,0,8.24000,0.000114286,8.24000,0.4,8.24000,1,8.24000,0,8.24000,0.4,8.24000,0,8.24000,5.01232,8.24000,0,8.24000,511.178,8.24000,0,8.24000,0.4,8.24000,0,8.24000,1400,8.24000,2.23574e-07,8.24000,2.23574e-07,8.24000,2.30254e-07,8.24000,0.000114286,8.24000,0.000114286,8.24000,0.000106665
8.25000,2.23574e-07,8.25000,0,8.25000,0,8.25000,0,8.25000,8.94319e-08,8.25000,0,8.25000,0.000114286,8.25000,0,8.25000,0,8.25000,0.000114286,8.25000,0.4,8.25000,1,8.25000,0,8.25000,0.4,8.25000,0,8.25000,5.01232,8.25000,0,8.25000,511.178,8.25000,0,8.25000,0.4,8.25000,0,8.25000,1400,8.25000,2.23574e-07,8.25000,2.23574e-07,8.25000,2.30342e-07,8.25000,0.000114286,8.25000,0.000114286,8.25000,0.000106605
8.26000,2.23574e-07,8.26000,0,8.26000,0,8.26000,0,8.26000,8.94319e-08,8.26000,0,8.26000,0.000114286,8.26000,0,8.26000,0,8.26000,0.000114286,8.26000,0.4,8.26000,1,8.26000,0,8.26000,0.4,8.26000,0,8.26000,5.01232,8.26000,0,8.26000,511.178,8.26000,0,8.26000,0.4,8.26000,0,8.26000,1400,8.26000,2.23574e-07,8.26000,2.23574e-07,8.26000,2.30429e-07,8.26000,0.000114286,8.26000,0.000114286,8.26000,0.000106544
8.27000,2.23574e-07,8.27000,0,8.27000,0,8.27000,0,8.27000,8.94319e-08,8.27000,0,8.27000,0.000114286,8.27000,0,8.27000,0,8.27000,0.000114286,8.27000,0.4,8.27000,1,8.27000,0,8.27000,0.4,8.27000,0,8.27000,5.01232,8.27000,0,8.27000,511.178,8.27000,0,8.27000,0.4,8.27000,0,8.27000,1400,8.27000,2.23574e-07,8.27000,2.23574e-07,8.27000,2.30517e-07,8.27000,0.000114286,8.27000,0.000114286,8.27000,0.000106483
8.28000,2.23574e-07,8.28000,0,8.28000,0,8.28000,0,8.28000,8.94319e-08,8.28000,0,8.28000,0.000114286,8.28000,0,8.28000,0,8.28000,0.000114286,8.28000,0.4,8.28000,1,8.28000,0,8.28000,0.4,8.28000,0,8.28000,5.01232,8.28000,0,8.28000,511.178,8.28000,0,8.28000,0.4,8.28000,0,8.28000,1400,8.28000,2.23574e-07,8.28000,2.23574e-07,8.28000,2.30605e-07,8.28000,0.000114286,8.28000,0.000114286,8.28000,0.000106423
8.29000,2.23574e-07,8.29000,0,8.29000,0,8.29000,0,8.29000,8.94319e-08,8.29000,0,8.29000,0.000114286,8.29000,0,8.29000,0,8.29000,0.000114286,8.29000,0.4,8.29000,1,8.29000,0,8.29000,0.4,8.29000,0,8.29000,5.01232,8.29000,0,8.29000,511.178,8.29000,0,8.29000,0.4,8.29000,0,8.29000,1400,8.29000,2.23574e-07,8.29000,2.23574e-07,8.29000,2.30693e-07,8.29000,0.000114286,8.29000,0.000114286,8.29000,0.000106362
8.30000,2.23574e-07,8.30000,0,8.30000,0,8.30000,0,8.30000,8.94319e-08,8.30000,0,8.30000,0.000114286,8.30000,0,8.30000,0,8.30000,0.000114286,8.30000,0.4,8.30000,1,8.30000,0,8.30000,0.4,8.30000,0,8.30000,5.01232,8.30000,0,8.30000,511.178,8.30000,0,8.30000,0.4,8.30000,0,8.30000,1400,8.30000,2.23574e-07,8.30000,2.23574e-07,8.30000,2.3078e-07,8.30000,0.000114286,8.30000,0.000114286,8.30000,0.000106301
8.31000,2.23574e-07,8.31000,0,8.31000,0,8.31000,0,8.31000,8.94319e-08,8.31000,0,8.31000,0.000114286,8.31000,0,8.31000,0,8.31000,0.000114286,8.31000,0.4,8.31000,1,8.31000,0,8.31000,0.4,8.31000,0,8.31000,5.01232,8.31000,0,8.31000,511.178,8.31000,0,8.31000,0.4,8.31000,0,8.31000,1400,8.31000,2.23574e-07,8.31000,2.23574e-07,8.31000,2.30868e-07,8.31000,0.000114286,8.31000,0.000114286,8.31000,0.00010624
8.32000,2.23574e-07,8.32000,0,8.32000,0,8.32000,0,8.32000,8.94319e-08,8.32000,0,8.32000,0.000114286,8.32000,0,8.32000,0,8.32000,0.000114286,8.32000,0.4,8.32000,1,8.32000,0,8.32000,0.4,8.32000,0,8.32000,5.01232,8.32000,0,8.32000,511.178,8.32000,0,8.32000,0.4,8.32000,0,8.32000,1400,8.32000,2.23574e-07,8.32000,2.23574e-07,8.32000,2.30956e-07,8.32000,0.000114286,8.32000,0.000114286,8.32000,0.00010618
8.33000,2.23574e-07,8.33000,0,8.33000,0,8.33000,0,8.33000,8.94319e-08,8.33000,0,8.33000,0.000114286,8.33000,0,8.33000,0,8.33000,0.000114286,8.33000,0.4,8.33000,1,8.33000,0,8.33000,0.4,8.33000,0,8.33000,5.01232,8.33000,0,8.33000,511.178,8.33000,0,8.33000,0.4,8.33000,0,8.33000,1400,8.33000,2.23574e-07,8.33000,2.23574e-07,8.33000,2.31044e-07,8.33000,0.000114286,8.33000,0.000114286,8.33000,0.000106119
8.34000,2.23574e-07,8.34000,0,8.34000,0,8.34000,0,8.34000,8.94318e-08,8.34000,0,8.34000,0.000114286,8.34000,0,8.34000,0,8.34000,0.000114286,8.34000,0.4,8.34000,1,8.34000,0,8.34000,0.4,8.34000,0,8.34000,5.01232,8.34000,0,8.34000,511.178,8.34000,0,8.34000,0.4,8.34000,0,8.34000,1400,8.34000,2.23574e-07,8.34000,2.23574e-07,8.34000,2.31131e-07,8.34000,0.000114286,8.34000,0.000114286,8.34000,0.000106058
8.35000,2.23574e-07,8.35000,0,8.35000,0,8.35000,0,8.35000,8.94318e-08,8.35000,0,8.35000,0.000114286,8.35000,0,8.35000,0,8.35000,0.000114286,8.35000,0.4,8.35000,1,8.35000,0,8.35000,0.4,8.35000,0,8.35000,5.01232,8.35000,0,8.35000,511.178,8.35000,0,8.35000,0.4,8.35000,0,8.35000,1400,8.35000,2.23574e-07,8.35000,2.23574e-07,8.35000,2.31219e-07,8.35000,0.000114286,8.35000,0.000114286,8.35000,0.000105997
8.36000,2.23574e-07,8.36000,0,8.36000,0,8.36000,0,8.36000,8.94318e-08,8.36000,0,8.36000,0.000114286,8.36000,0,8.36000,0,8.36000,0.000114286,8.36000,0.4,8.36000,1,8.36000,0,8.36000,0.4,8.36000,0,8.36000,5.01232,8.36000,0,8.36000,511.178,8.36000,0,8.36000,0.4,8.36000,0,8.36000,1400,8.36000,2.23574e-07,8.36000,2.23574e-07,8.36000,2.31307e-07,8.36000,0.000114286,8.36000,0.000114286,8.36000,0.000105937
8.37000,2.23574e-07,8.37000,0,8.37000,0,8.37000,0,8.37000,8.94318e-08,8.37000,0,8.37000,0.000114286,8.37000,0,8.37000,0,8.37000,0.000114286,8.37000,0.4,8.37000,1,8.37000,0,8.37000,0.4,8.37000,0,8.37000,5.01232,8.37000,0,8.37000,511.178,8.37000,0,8.37000,0.4,8.37000,0,8.37000,1400,8.37000,2.23574e-07,8.37000,2.23574e-07,8.37000,2.31394e-07,8.37000,0.000114286,8.37000,0.000114286,8.37000,0.000105876
8.38000,2.23574e-07,8.38000,0,8.38000,0,8.38000,0,8.38000,8.94318e-08,8.38000,0,8.38000,0.000114286,8.38000,0,8.38000,0,8.38000,0.000114286,8.38000,0.4,8.38000,1,8.38000,0,8.38000,0.4,8.38000,0,8.38000,5.01232,8.38000,0,8.38000,511.178,8.38000,0,8.38000,0.4,8.38000,0,8.38000,1400,8.38000,2.23574e-07,8.38000,2.23574e-07,8.38000,2.31482e-07,8.38000,0.000114286,8.38000,0.000114286,8.38000,0.000105815
8.39000,2.23574e-07,8.39000,0,8.39000,0,8.39000,0,8.39000,8.94318e-08,8.39000,0,8.39000,0.000114286,8.39000,0,8.39000,0,8.39000,0.000114286,8.39000,0.4,8.39000,1,8.39000,0,8.39000,0.4,8.39000,0,8.39000,5.01232,8.39000,0,8.39000,511.178,8.39000,0,8.39000,0.4,8.39000,0,8.39000,1400,8.39000,2.23574e-07,8.39000,2.23574e-07,8.39000,2.3157e-07,8.39000,0.000114286,8.39000,0.000114286,8.39000,0.000105755
8.40000,2.23574e-07,8.40000,0,8.40000,0,8.40000,0,8.40000,8.94318e-08,8.40000,0,8.40000,0.000114286,8.40000,0,8.40000,0,8.40000,0.000114286,8.40000,0.4,8.40000,1,8.40000,0,8.40000,0.4,8.40000,0,8.40000,5.01232,8.40000,0,8.40000,511.178,8.40000,0,8.40000,0.4,8.40000,0,8.40000,1400,8.40000,2.23574e-07,8.40000,2.23574e-07,8.40000,2.31658e-07,8.40000,0.000114286,8.40000,0.000114286,8.40000,0.000105694
8.41000,2.23574e-07,8.41000,0,8.41000,0,8.41000,0,8.41000,8.94318e-08,8.41000,0,8.41000,0.000114286,8.41000,0,8.41000,0,8.41000,0.000114286,8.41000,0.4,8.41000,1,8.41000,0,8.41000,0.4,8.41000,0,8.41000,5.01232,8.41000,0,8.41000,511.178,8.41000,0,8.41000,0.4,8.41000,0,8.41000,1400,8.41000,2.23574e-07,8.41000,2.23574e-07,8.41000,2.31745e-07,8.41000,0.000114286,8.41000,0.000114286,8.41000,0.000105633
8.42000,2.23574e-07,8.42000,0,8.42000,0,8.42000,0,8.42000,8.94318e-08,8.42000,0,8.42000,0.000114286,8.42000,0,8.42000,0,8.42000,0.000114286,8.42000,0.4,8.42000,1,8.42000,0,8.42000,0.4,8.42000,0,8.42000,5.01232,8.42000,0,8.42000,511.178,8.42000,0,8.42000,0.4,8.42000,0,8.42000,1400,8.42000,2.23574e-07,8.42000,2.23574e-07,8.42000,2.31833e-07,8.42000,0.000114286,8.42000,0.000114286,8.42000,0.000105572
8.43000,2.23574e-07,8.43000,0,8.43000,0,8.43000,0,8.43000,8.94318e-08,8.43000,0,8.43000,0.000114286,8.43000,0,8.43000,0,8.43000,0.000114286,8.43000,0.4,8.43000,1,8.43000,0,8.43000,0.4,8.43000,0,8.43000,5.01232,8.43000,0,8.43000,511.178,8.43000,0,8.43000,0.4,8.43000,0,8.43000,1400,8.43000,2.23574e-07,8.43000,2.23574e-07,8.43000,2.31921e-07,8.43000,0.000114286,8.43000,0.000114286,8.43000,0.000105512
8.44000,2.23574e-07,8.44000,0,8.44000,0,8.44000,0,8.44000,8.94318e-08,8.44000,0,8.44000,0.000114286,8.44000,0,8.44000,0,8.44000,0.000114286,8.44000,0.4,8.44000,1,8.44000,0,8.44000,0.4,8.44000,0,8.44000,5.01232,8.44000,0,8.44000,511.178,8.44000,0,8.44000,0.4,8.44000,0,8.44000,1400,8.44000,2.23574e-07,8.44000,2.23574e-07,8.44000,2.32009e-07,8.44000,0.000114286,8.44000,0.000114286,8.44000,0.000105451
8.45000,2.23574e-07,8.45000,0,8.45000,0,8.45000,0,8.45000,8.94318e-08,8.45000,0,8.45000,0.000114286,8.45000,0,8.45000,0,8.45000,0.000114286,8.45000,0.4,8.45000,1,8.45000,0,8.45000,0.4,8.45000,0,8.45000,5.01232,8.45000,0,8.45000,511.178,8.45000,0,8.45000,0.4,8.45000,0,8.45000,1400,8.45000,2.23574e-07,8.45000,2.23574e-07,8.45000,2.32055e-07,8.45000,0.000114286,8.45000,0.000114286,8.45000,0.00010542
8.46000,2.23574e-07,8.46000,0,8.46000,0,8.46000,0,8.46000,8.94318e-08,8.46000,0,8.46000,0.000114286,8.46000,0,8.46000,0,8.46000,0.000114286,8.46000,0.4,8.46000,1,8.46000,0,8.46000,0.4,8.46000,0,8.46000,5.01232,8.46000,0,8.46000,511.178,8.46000,0,8.46000,0.4,8.46000,0,8.46000,1400,8.46000,2.23574e-07,8.46000,2.23574e-07,8.46000,2.32084e-07,8.46000,0.000114286,8.46000,0.000114286,8.46000,0.000105402
8.47000,2.23574e-07,8.47000,0,8.47000,0,8.47000,0,8.47000,8.94318e-08,8.47000,0,8.47000,0.000114286,8.47000,0,8.47000,0,8.47000,0.000114286,8.47000,0.4,8.47000,1,8.47000,0,8.47000,0.4,8.47000,0,8.47000,5.01232,8.47000,0,8.47000,511.178,8.47000,0,8.47000,0.4,8.47000,0,8.47000,1400,8.47000,2.23574e-07,8.47000,2.23574e-07,8.47000,2.32113e-07,8.47000,0.000114286,8.47000,0.000114286,8.47000,0.000105384
8.48000,2.23574e-07,8.48000,0,8.48000,0,8.48000,0,8.48000,8.94318e-08,8.48000,0,8.48000,0.000114286,8.48000,0,8.48000,0,8.48000,0.000114286,8.48000,0.4,8.48000,1,8.48000,0,8.48000,0.4,8.48000,0,8.48000,5.01232,8.48000,0,8.48000,511.178,8.48000,0,8.48000,0.4,8.48000,0,8.48000,1400,8.48000,2.23574e-07,8.48000,2.23574e-07,8.48000,2.32141e-07,8.48000,0.000114286,8.48000,0.000114286,8.48000,0.000105365
8.49000,2.23574e-07,8.49000,0,8.49000,0,8.49000,0,8.49000,8.94318e-08,8.49000,0,8.49000,0.000114286,8.49000,0,8.49000,0,8.49000,0.000114286,8.49000,0.4,8.49000,1,8.49000,0,8.49000,0.4,8.49000,0,8.49000,5.01232,8.49000,0,8.49000,511.178,8.49000,0,8.49000,0.4,8.49000,0,8.49000,1400,8.49000,2.23574e-07,8.49000,2.23574e-07,8.49000,2.3217e-07,8.49000,0.000114286,8.49000,0.000114286,8.49000,0.000105347
8.50000,2.23574e-07,8.50000,0,8.50000,0,8.50000,0,8.50000,8.94318e-08,8.50000,0,8.50000,0.000114286,8.50000,0,8.50000,0,8.50000,0.000114286,8.50000,0.4,8.50000,1,8.50000,0,8.50000,0.4,8.50000,0,8.50000,5.01232,8.50000,0,8.50000,511.178,8.50000,0,8.50000,0.4,8.50000,0,8.50000,1400,8.50000,2.23574e-07,8.50000,2.23574e-07,8.50000,2.32199e-07,8.50000,0.000114286,8.50000,0.000114286,8.50000,0.000105329
8.51000,2.23574e-07,8.51000,0,8.51000,0,8.51000,0,8.51000,8.94318e-08,8.51000,0,8.51000,0.000114286,8.51000,0,8.51000,0,8.51000,0.000114286,8.51000,0.4,8.51000,1,8.51000,0,8.51000,0.4,8.51000,0,8.51000,5.01232,8.51000,0,8.51000,511.178,8.51000,0,8.51000,0.4,8.51000,0,8.51000,1400,8.51000,2.23574e-07,8.51000,2.23574e-07,8.51000,2.32227e-07,8.51000,0.000114286,8.51000,0.000114286,8.51000,0.000105311
8.52000,2.23574e-07,8.52000,0,8.52000,0,8.52000,0,8.52000,8.94318e-08,8.52000,0,8.52000,0.000114286,8.52000,0,8.52000,0,8.52000,0.000114286,8.52000,0.4,8.52000,1,8.52000,0,8.52000,0.4,8.52000,0,8.52000,5.01232,8.52000,0,8.52000,511.178,8.52000,0,8.52000,0.4,8.52000,0,8.52000,1400,8.52000,2.23574e-07,8.52000,2.23574e-07,8.52000,2.32256e-07,8.52000,0.000114286,8.52000,0.000114286,8.52000,0.000105293
8.53000,2.23574e-07,8.53000,0,8.53000,0,8.53000,0,8.53000,8.94318e-08,8.53000,0,8.53000,0.000114286,8.53000,0,8.53000,0,8.53000,0.000114286,8.53000,0.4,8.53000,1,8.53000,0,8.53000,0.4,8.53000,0,8.53000,5.01232,8.53000,0,8.53000,511.178,8.53000,0,8.53000,0.4,8.53000,0,8.53000,1400,8.53000,2.23574e-07,8.53000,2.23574e-07,8.53000,2.32285e-07,8.53000,0.000114286,8.53000,0.000114286,8.53000,0.000105275
8.54000,2.23574e-07,8.54000,0,8.54000,0,8.54000,0,8.54000,8.94318e-08,8.54000,0,8.54000,0.000114286,8.54000,0,8.54000,0,8.54000,0.000114286,8.54000,0.4,8.54000,1,8.54000,0,8.54000,0.4,8.54000,0,8.54000,5.01232,8.54000,0,8.54000,511.178,8.54000,0,8.54000,0.4,8.54000,0,8.54000,1400,8.54000,2.23574e-07,8.54000,2.23574e-07,8.54000,2.32313e-07,8.54000,0.000114286,8.54000,0.000114286,8.54000,0.000105257
8.55000,2.23574e-07,8.55000,0,8.55000,0,8.55000,0,8.55000,8.94318e-08,8.55000,0,8.55000,0.000114286,8.55000,0,8.55000,0,8.55000,0.000114286,8.55000,0.4,8.55000,1,8.55000,0,8.55000,0.4,8.55000,0,8.55000,5.01232,8.55000,0,8.55000,511.178,8.55000,0,8.55000,0.4,8.55000,0,8.55000,1400,8.55000,2.23574e-07,8.55000,2.23574e-07,8.55000,2.32342e-07,8.55000,0.000114286,8.55000,0.000114286,8.55000,0.000105239
8.56000,2.23574e-07,8.56000,0,8.56000,0,8.56000,0,8.56000,8.94318e-08,8.56000,0,8.56000,0.000114286,8.56000,0,8.56000,0,8.56000,0.000114286,8.56000,0.4,8.56000,1,8.56000,0,8.56000,0.4,8.56000,0,8.56000,5.01232,8.56000,0,8.56000,511.178,8.56000,0,8.56000,0.4,8.56000,0,8.56000,1400,8.56000,2.23574e-07,8.56000,2.23574e-07,8.56000,2.32371e-07,8.56000,0.000114286,8.56000,0.000114286,8.56000,0.000105221
8.57000,2.23574e-07,8.57000,0,8.57000,0,8.57000,0,8.57000,8.94318e-08,8.57000,0,8.57000,0.000114286,8.57000,0,8.57000,0,8.57000,0.000114286,8.57000,0.4,8.57000,1,8.57000,0,8.57000,0.4,8.57000,0,8.57000,5.01232,8.57000,0,8.57000,511.178,8.57000,0,8.57000,0.4,8.57000,0,8.57000,1400,8.57000,2.23574e-07,8.57000,2.23574e-07,8.57000,2.32399e-07,8.57000,0.000114286,8.57000,0.000114286,8.57000,0.000105202
8.58000,2.23574e-07,8.58000,0,8.58000,0,8.58000,0,8.58000,8.94318e-08,8.58000,0,8.58000,0.000114286,8.58000,0,8.58000,0,8.58000,0.000114286,8.58000,0.4,8.58000,1,8.58000,0,8.58000,0.4,8.58000,0,8.58000,5.01232,8.58000,0,8.58000,511.178,8.58000,0,8.58000,0.4,8.58000,0,8.58000,1400,8.58000,2.23574e-07,8.58000,2.23574e-07,8.58000,2.32428e-07,8.58000,0.000114286,8.58000,0.000114286,8.58000,0.000105184
8.59000,2.23574e-07,8.59000,0,8.59000,0,8.59000,0,8.59000,8.94318e-08,8.59000,0,8.59000,0.000114286,8.59000,0,8.59000,0,8.59000,0.000114286,8.59000,0.4,8.59000,1,8.59000,0,8.59000,0.4,8.59000,0,8.59000,5.01232,8.59000,0,8.59000,511.178,8.59000,0,8.59000,0.4,8.59000,0,8.59000,1400,8.59000,2.23574e-07,8.59000,2.23574e-07,8.59000,2.32456e-07,8.59000,0.000114286,8.59000,0.000114286,8.59000,0.000105166
8.60000,2.23574e-07,8.60000,0,8.60000,0,8.60000,0,8.60000,8.94318e-08,8.60000,0,8.60000,0.000114286,8.60000,0,8.60000,0,8.60000,0.000114286,8.60000,0.4,8.60000,1,8.60000,0,8.60000,0.4,8.60000,0,8.60000,5.01232,8.60000,0,8.60000,511.178,8.60000,0,8.60000,0.4,8.60000,0,8.60000,1400,8.60000,2.23574e-07,8.60000,2.23574e-07,8.60000,2.32485e-07,8.60000,0.000114286,8.60000,0.000114286,8.60000,0.000105148
8.61000,2.23574e-07,8.61000,0,8.61000,0,8.61000,0,8.61000,8.94318e-08,8.61000,0,8.61000,0.000114286,8.61000,0,8.61000,0,8.61000,0.000114286,8.61000,0.4,8.61000,1,8.61000,0,8.61000,0.4,8.61000,0,8.61000,5.01232,8.61000,0,8.61000,511.178,8.61000,0,8.61000,0.4,8.61000,0,8.61000,1400,8.61000,2.23574e-07,8.61000,2.23574e-07,8.61000,2.32514e-07,8.61000,0.000114286,8.61000,0.000114286,8.61000,0.00010513
8.62000,2.23574e-07,8.62000,0,8.62000,0,8.62000,0,8.62000,8.94317e-08,8.62000,0,8.62000,0.000114286,8.62000,0,8.62000,0,8.62000,0.000114286,8.62000,0.4,8.62000,1,8.62000,0,8.62000,0.4,8.62000,0,8.62000,5.01232,8.62000,0,8.62000,511.178,8.62000,0,8.62000,0.4,8.62000,0,8.62000,1400,8.62000,2.23574e-07,8.62000,2.23574e-07,8.62000,2.32542e-07,8.62000,0.000114286,8.62000,0.000114286,8.62000,0.000105112
8.63000,2.23574e-07,8.63000,0,8.63000,0,8.63000,0,8.63000,8.94317e-08,8.63000,0,8.63000,0.000114286,8.63000,0,8.63000,0,8.63000,0.000114286,8.63000,0.4,8.63000,1,8.63000,0,8.63000,0.4,8.63000,0,8.63000,5.01232,8.63000,0,8.63000,511.178,8.63000,0,8.63000,0.4,8.63000,0,8.63000,1400,8.63000,2.23574e-07,8.63000,2.23574e-07,8.63000,2.32571e-07,8.63000,0.000114286,8.63000,0.000114286,8.63000,0.000105094
8.64000,2.23574e-07,8.64000,0,8.64000,0,8.64000,0,8.64000,8.94317e-08,8.64000,0,8.64000,0.000114286,8.64000,0,8.64000,0,8.64000,0.000114286,8.64000,0.4,8.64000,1,8.64000,0,8.64000,0.4,8.64000,0,8.64000,5.01232,8.64000,0,8.64000,511.178,8.64000,0,8.64000,0.4,8.64000,0,8.64000,1400,8.64000,2.23574e-07,8.64000,2.23574e-07,8.64000,2.326e-07,8.64000,0.000114286,8.64000,0.000114286,8.64000,0.000105076
8.65000,2.23574e-07,8.65000,0,8.65000,0,8.65000,0,8.65000,8.94317e-08,8.65000,0,8.65000,0.000114286,8.65000,0,8.65000,0,8.65000,0.000114286,8.65000,0.4,8.65000,1,8.65000,0,8.65000,0.4,8.65000,0,8.65000,5.01232,8.65000,0,8.65000,511.178,8.65000,0,8.65000,0.4,8.65000,0,8.65000,1400,8.65000,2.23574e-07,8.65000,2.23574e-07,8.65000,2.32628e-07,8.65000,0.000114286,8.65000,0.000114286,8.65000,0.000105058
8.66000,2.23574e-07,8.66000,0,8.66000,0,8.66000,0,8.66000,8.94317e-08,8.66000,0,8.66000,0.000114286,8.66000,0,8.66000,0,8.66000,0.000114286,8.66000,0.4,8.66000,1,8.66000,0,8.66000,0.4,8.66000,0,8.66000,5.01232,8.66000,0,8.66000,511.178,8.66000,0,8.66000,0.4,8.66000,0,8.66000,1400,8.66000,2.23574e-07,8.66000,2.23574e-07,8.66000,2.32657e-07,8.66000,0.000114286,8.66000,0.000114286,8.66000,0.00010504
8.67000,2.23574e-07,8.67000,0,8.67000,0,8.67000,0,8.67000,8.94317e-08,8.67000,0,8.67000,0.000114286,8.67000,0,8.67000,0,8.67000,0.000114286,8.67000,0.4,8.67000,1,8.67000,0,8.67000,0.4,8.67000,0,8.67000,5.01232,8.67000,0,8.67000,511.178,8.67000,0,8.67000,0.4,8.67000,0,8.67000,1400,8.67000,2.23574e-07,8.67000,2.23574e-07,8.67000,2.32686e-07,8.67000,0.000114286,8.67000,0.000114286,8.67000,0.000105021
8.68000,2.23574e-07,8.68000,0,8.68000,0,8.68000,0,8.68000,8.94317e-08,8.68000,0,8.68000,0.000114286,8.68000,0,8.68000,0,8.68000,0.000114286,8.68000,0.4,8.68000,1,8.68000,0,8.68000,0.4,8.68000,0,8.68000,5.01232,8.68000,0,8.68000,511.178,8.68000,0,8.68000,0.4,8.68000,0,8.68000,1400,8.68000,2.23574e-07,8.68000,2.23574e-07,8.68000,2.32714e-07,8.68000,0.000114286,8.68000,0.000114286,8.68000,0.000105003
8.69000,2.23574e-07,8.69000,0,8.69000,0,8.69000,0,8.69000,8.94317e-08,8.69000,0,8.69000,0.000114286,8.69000,0,8.69000,0,8.69000,0.000114286,8.69000,0.4,8.69000,1,8.69000,0,8.69000,0.4,8.69000,0,8.69000,5.01232,8.69000,0,8.69000,511.178,8.69000,0,8.69000,0.4,8.69000,0,8.69000,1400,8.69000,2.23574e-07,8.69000,2.23574e-07,8.69000,2.32743e-07,8.69000,0.000114286,8.69000,0.000114286,8.69000,0.000104985
8.70000,2.23574e-07,8.70000,0,8.70000,0,8.70000,0,8.70000,8.94317e-08,8.70000,0,8.70000,0.000114286,8.70000,0,8.70000,0,8.70000,0.000114286,8.70000,0.4,8.70000,1,8.70000,0,8.70000,0.4,8.70000,0,8.70000,5.01232,8.70000,0,8.70000,511.178,8.70000,0,8.70000,0.4,8.70000,0,8.70000,1400,8.70000,2.23574e-07,8.70000,2.23574e-07,8.70000,2.32772e-07,8.70000,0.000114286,8.70000,0.000114286,8.70000,0.000104967
8.71000,2.23574e-07,8.71000,0,8.71000,0,8.71000,0,8.71000,8.94317e-08,8.71000,0,8.71000,0.000114286,8.71000,0,8.71000,0,8.71000,0.000114286,8.71000,0.4,8.71000,1,8.71000,0,8.71000,0.4,8.71000,0,8.71000,5.01232,8.71000,0,8.71000,511.178,8.71000,0,8.71000,0.4,8.71000,0,8.71000,1400,8.71000,2.23574e-07,8.71000,2.23574e-07,8.71000,2.328e-07,8.71000,0.000114286,8.71000,0.000114286,8.71000,0.000104949
8.72000,2.23574e-07,8.72000,0,8.72000,0,8.72000,0,8.72000,8.94317e-08,8.72000,0,8.72000,0.000114286,8.72000,0,8.72000,0,8.72000,0.000114286,8.72000,0.4,8.72000,1,8.72000,0,8.72000,0.4,8.72000,0,8.72000,5.01232,8.72000,0,8.72000,511.178,8.72000,0,8.72000,0.4,8.72000,0,8.72000,1400,8.72000,2.23574e-07,8.72000,2.23574e-07,8.72000,2.32829e-07,8.72000,0.000114286,8.72000,0.000114286,8.72000,0.000104931
8.73000,2.23574e-07,8.73000,0,8.73000,0,8.73000,0,8.73000,8.94317e-08,8.73000,0,8.73000,0.000114286,8.73000,0,8.73000,0,8.73000,0.000114286,8.73000,0.4,8.73000,1,8.73000,0,8.73000,0.4,8.73000,0,8.73000,5.01232,8.73000,0,8.73000,511.178,8.73000,0,8.73000,0.4,8.73000,0,8.73000,1400,8.73000,2.23574e-07,8.73000,2.23574e-07,8.73000,2.32858e-07,8.73000,0.000114286,8.73000,0.000114286,8.73000,0.000104913
8.74000,2.23574e-07,8.74000,0,8.74000,0,8.74000,0,8.74000,8.94317e-08,8.74000,0,8.74000,0.000114286,8.74000,0,8.74000,0,8.74000,0.000114286,8.74000,0.4,8.74000,1,8.74000,0,8.74000,0.4,8.74000,0,8.74000,5.01232,8.74000,0,8.74000,511.178,8.74000,0,8.74000,0.4,8.74000,0,8.74000,1400,8.74000,2.23574e-07,8.74000,2.23574e-07,8.74000,2.32886e-07,8.74000,0.000114286,8.74000,0.000114286,8.74000,0.000104895
8.75000,2.23574e-07,8.75000,0,8.75000,0,8.75000,0,8.75000,8.94317e-08,8.75000,0,8.75000,0.000114286,8.75000,0,8.75000,0,8.75000,0.000114286,8.75000,0.4,8.75000,1,8.75000,0,8.75000,0.4,8.75000,0,8.75000,5.01232,8.75000,0,8.75000,511.178,8.75000,0,8.75000,0.4,8.75000,0,8.75000,1400,8.75000,2.23574e-07,8.75000,2.23574e-07,8.75000,2.32915e-07,8.75000,0.000114286,8.75000,0.000114286,8.75000,0.000104877
8.76000,2.23574e-07,8.76000,0,8.76000,0,8.76000,0,8.76000,8.94317e-08,8.76000,0,8.76000,0.000114286,8.76000,0,8.76000,0,8.76000,0.000114286,8.76000,0.4,8.76000,1,8.76000,0,8.76000,0.4,8.76000,0,8.76000,5.01232,8.76000,0,8.76000,511.178,8.76000,0,8.76000,0.4,8.76000,0,8.76000,1400,8.76000,2.23574e-07,8.76000,2.23574e-07,8.76000,2.32943e-07,8.76000,0.000114286,8.76000,0.000114286,8.76000,0.000104858
8.77000,2.23574e-07,8.77000,0,8.77000,0,8.77000,0,8.77000,8.94317e-08,8.77000,0,8.77000,0.000114286,8.77000,0,8.77000,0,8.77000,0.000114286,8.77000,0.4,8.77000,1,8.77000,0,8.77000,0.4,8.77000,0,8.77000,5.01232,8.77000,0,8.77000,511.178,8.77000,0,8.77000,0.4,8.77000,0,8.77000,1400,8.77000,2.23574e-07,8.77000,2.23574e-07,8.77000,2.32972e-07,8.77000,0.000114286,8.77000,0.000114286,8.77000,0.00010484
8.78000,2.23574e-07,8.78000,0,8.78000,0,8.78000,0,8.78000,8.94317e-08,8.78000,0,8.78000,0.000114286,8.78000,0,8.78000,0,8.78000,0.000114286,8.78000,0.4,8.78000,1,8.78000,0,8.78000,0.4,8.78000,0,8.78000,5.01232,8.78000,0,8.78000,511.178,8.78000,0,8.78000,0.4,8.78000,0,8.78000,1400,8.78000,2.23574e-07,8.78000,2.23574e-07,8.78000,2.33001e-07,8.78000,0.000114286,8.78000,0.000114286,8.78000,0.000104822
8.79000,2.23574e-07,8.79000,0,8.79000,0,8.79000,0,8.79000,8.94317e-08,8.79000,0,8.79000,0.000114286,8.79000,0,8.79000,0,8.79000,0.000114286,8.79000,0.4,8.79000,1,8.79000,0,8.79000,0.4,8.79000,0,8.79000,5.01232,8.79000,0,8.79000,511.178,8.79000,0,8.79000,0.4,8.79000,0,8.79000,1400,8.79000,2.23574e-07,8.79000,2.23574e-07,8.79000,2.33029e-07,8.79000,0.000114286,8.79000,0.000114286,8.79000,0.000104804
8.80000,2.23574e-07,8.80000,0,8.80000,0,8.80000,0,8.80000,8.94317e-08,8.80000,0,8.80000,0.000114286,8.80000,0,8.80000,0,8.80000,0.000114286,8.80000,0.4,8.80000,1,8.80000,0,8.80000,0.4,8.80000,0,8.80000,5.01232,8.80000,0,8.80000,511.178,8.80000,0,8.80000,0.4,8.80000,0,8.80000,1400,8.80000,2.23574e-07,8.80000,2.23574e-07,8.80000,2.33058e-07,8.80000,0.000114286,8.80000,0.000114286,8.80000,0.000104786
8.81000,2.23574e-07,8.81000,0,8.81000,0,8.81000,0,8.81000,8.94317e-08,8.81000,0,8.81000,0.000114286,8.81000,0,8.81000,0,8.81000,0.000114286,8.81000,0.4,8.81000,1,8.81000,0,8.81000,0.4,8.81000,0,8.81000,5.01232,8.81000,0,8.81000,511.178,8.81000,0,8.81000,0.4,8.81000,0,8.81000,1400,8.81000,2.23574e-07,8.81000,2.23574e-07,8.81000,2.33087e-07,8.81000,0.000114286,8.81000,0.000114286,8.81000,0.000104768
8.82000,2.23574e-07,8.82000,0,8.82000,0,8.82000,0,8.82000,8.94317e-08,8.82000,0,8.82000,0.000114286,8.82000,0,8.82000,0,8.82000,0.000114286,8.82000,0.4,8.82000,1,8.82000,0,8.82000,0.4,8.82000,0,8.82000,5.01232,8.82000,0,8.82000,511.178,8.82000,0,8.82000,0.4,8.82000,0,8.82000,1400,8.82000,2.23574e-07,8.82000,2.23574e-07,8.82000,2.33115e-07,8.82000,0.000114286,8.82000,0.000114286,8.82000,0.00010475
8.83000,2.23574e-07,8.83000,0,8.83000,0,8.83000,0,8.83000,8.94317e-08,8.83000,0,8.83000,0.000114286,8.83000,0,8.83000,0,8.83000,0.000114286,8.83000,0.4,8.83000,1,8.83000,0,8.83000,0.4,8.83000,0,8.83000,5.01232,8.83000,0,8.83000,511.178,8.83000,0,8.83000,0.4,8.83000,0,8.83000,1400,8.83000,2.23574e-07,8.83000,2.23574e-07,8.83000,2.33144e-07,8.83000,0.000114286,8.83000,0.000114286,8.83000,0.000104732
8.84000,2.23574e-07,8.84000,0,8.84000,0,8.84000,0,8.84000,8.94317e-08,8.84000,0,8.84000,0.000114286,8.84000,0,8.84000,0,8.84000,0.000114286,8.84000,0.4,8.84000,1,8.84000,0,8.84000,0.4,8.84000,0,8.84000,5.01232,8.84000,0,8.84000,511.178,8.84000,0,8.84000,0.4,8.84000,0,8.84000,1400,8.84000,2.23574e-07,8.84000,2.23574e-07,8.84000,2.33173e-07,8.84000,0.000114286,8.84000,0.000114286,8.84000,0.000104714
8.85000,2.23574e-07,8.85000,0,8.85000,0,8.85000,0,8.85000,8.94317e-08,8.85000,0,8.85000,0.000114286,8.85000,0,8.85000,0,8.85000,0.000114286,8.85000,0.4,8.85000,1,8.85000,0,8.85000,0.4,8.85000,0,8.85000,5.01232,8.85000,0,8.85000,511.178,8.85000,0,8.85000,0.4,8.85000,0,8.85000,1400,8.85000,2.23574e-07,8.85000,2.23574e-07,8.85000,2.33201e-07,8.85000,0.000114286,8.85000,0.000114286,8.85000,0.000104695
8.86000,2.23574e-07,8.86000,0,8.86000,0,8.86000,0,8.86000,8.94317e-08,8.86000,0,8.86000,0.000114286,8.86000,0,8.86000,0,8.86000,0.000114286,8.86000,0.4,8.86000,1,8.86000,0,8.86000,0.4,8.86000,0,8.86000,5.01232,8.86000,0,8.86000,511.178,8.86000,0,8.86000,0.4,8.86000,0,8.86000,1400,8.86000,2.23574e-07,8.86000,2.23574e-07,8.86000,2.3323e-07,8.86000,0.000114286,8.86000,0.000114286,8.86000,0.000104677
8.87000,2.23574e-07,8.87000,0,8.87000,0,8.87000,0,8.87000,8.94317e-08,8.87000,0,8.87000,0.000114286,8.87000,0,8.87000,0,8.87000,0.000114286,8.87000,0.4,8.87000,1,8.87000,0,8.87000,0.4,8.87000,0,8.87000,5.01232,8.87000,0,8.87000,511.178,8.87000,0,8.87000,0.4,8.87000,0,8.87000,1400,8.87000,2.23574e-07,8.87000,2.23574e-07,8.87000,2.33259e-07,8.87000,0.000114286,8.87000,0.000114286,8.87000,0.000104659
8.88000,2.23574e-07,8.88000,0,8.88000,0,8.88000,0,8.88000,8.94317e-08,8.88000,0,8.88000,0.000114286,8.88000,0,8.88000,0,8.88000,0.000114286,8.88000,0.4,8.88000,1,8.88000,0,8.88000,0.4,8.88000,0,8.88000,5.01232,8.88000,0,8.88000,511.178,8.88000,0,8.88000,0.4,8.88000,0,8.88000,1400,8.88000,2.23574e-07,8.88000,2.23574e-07,8.88000,2.33287e-07,8.88000,0.000114286,8.88000,0.000114286,8.88000,0.000104641
8.89000,2.23574e-07,8.89000,0,8.89000,0,8.89000,0,8.89000,8.94317e-08,8.89000,0,8.89000,0.000114286,8.89000,0,8.89000,0,8.89000,0.000114286,8.89000,0.4,8.89000,1,8.89000,0,8.89000,0.4,8.89000,0,8.89000,5.01232,8.89000,0,8.89000,511.178,8.89000,0,8.89000,0.4,8.89000,0,8.89000,1400,8.89000,2.23574e-07,8.89000,2.23574e-07,8.89000,2.33316e-07,8.89000,0.000114286,8.89000,0.000114286,8.89000,0.000104623
8.90000,2.23574e-07,8.90000,0,8.90000,0,8.90000,0,8.90000,8.94317e-08,8.90000,0,8.90000,0.000114286,8.90000,0,8.90000,0,8.90000,0.000114286,8.90000,0.4,8.90000,1,8.90000,0,8.90000,0.4,8.90000,0,8.90000,5.01232,8.90000,0,8.90000,511.178,8.90000,0,8.90000,0.4,8.90000,0,8.90000,1400,8.90000,2.23574e-07,8.90000,2.23574e-07,8.90000,2.33344e-07,8.90000,0.000114286,8.90000,0.000114286,8.90000,0.000104605
8.91000,2.23574e-07,8.91000,0,8.91000,0,8.91000,0,8.91000,8.94317e-08,8.91000,0,8.91000,0.000114286,8.91000,0,8.91000,0,8.91000,0.000114286,8.91000,0.4,8.91000,1,8.91000,0,8.91000,0.4,8.91000,0,8.91000,5.01232,8.91000,0,8.91000,511.178,8.91000,0,8.91000,0.4,8.91000,0,8.91000,1400,8.91000,2.23574e-07,8.91000,2.23574e-07,8.91000,2.33373e-07,8.91000,0.000114286,8.91000,0.000114286,8.91000,0.000104587
8.92000,2.23574e-07,8.92000,0,8.92000,0,8.92000,0,8.92000,8.94317e-08,8.92000,0,8.92000,0.000114286,8.92000,0,8.92000,0,8.92000,0.000114286,8.92000,0.4,8.92000,1,8.92000,0,8.92000,0.4,8.92000,0,8.92000,5.01232,8.92000,0,8.92000,511.178,8.92000,0,8.92000,0.4,8.92000,0,8.92000,1400,8.92000,2.23574e-07,8.92000,2.23574e-07,8.92000,2.33402e-07,8.92000,0.000114286,8.92000,0.000114286,8.92000,0.000104569
8.93000,2.23574e-07,8.93000,0,8.93000,0,8.93000,0,8.93000,8.94317e-08,8.93000,0,8.93000,0.000114286,8.93000,0,8.93000,0,8.93000,0.000114286,8.93000,0.4,8.93000,1,8.93000,0,8.93000,0.4,8.93000,0,8.93000,5.01232,8.93000,0,8.93000,511.178,8.93000,0,8.93000,0.4,8.93000,0,8.93000,1400,8.93000,2.23574e-07,8.93000,2.23574e-07,8.93000,2.3343e-07,8.93000,0.000114286,8.93000,0.000114286,8.93000,0.000104551
8.94000,2.23574e-07,8.94000,0,8.94000,0,8.94000,0,8.94000,8.94317e-08,8.94000,0,8.94000,0.000114286,8.94000,0,8.94000,0,8.94000,0.000114286,8.94000,0.4,8.94000,1,8.94000,0,8.94000,0.4,8.94000,0,8.94000,5.01232,8.94000,0,8.94000,511.178,8.94000,0,8.94000,0.4,8.94000,0,8.94000,1400,8.94000,2.23574e-07,8.94000,2.23574e-07,8.94000,2.33459e-07,8.94000,0.000114286,8.94000,0.000114286,8.94000,0.000104532
8.95000,2.23574e-07,8.95000,0,8.95000,0,8.95000,0,8.95000,8.94317e-08,8.95000,0,8.95000,0.000114286,8.95000,0,8.95000,0,8.95000,0.000114286,8.95000,0.4,8.95000,1,8.95000,0,8.95000,0.4,8.95000,0,8.95000,5.01232,8.95000,0,8.95000,511.178,8.95000,0,8.95000,0.4,8.95000,0,8.95000,1400,8.95000,2.23574e-07,8.95000,2.23574e-07,8.95000,2.33372e-07,8.95000,0.000114286,8.95000,0.000114286,8.95000,0.000104598
8.96000,2.23574e-07,8.96000,0,8.96000,0,8.96000,0,8.96000,8.94317e-08,8.96000,0,8.96000,0.000114286,8.96000,0,8.96000,0,8.96000,0.000114286,8.96000,0.4,8.96000,1,8.96000,0,8.96000,0.4,8.96000,0,8.96000,5.01232,8.96000,0,8.96000,511.178,8.96000,0,8.96000,0.4,8.96000,0,8.96000,1400,8.96000,2.23574e-07,8.96000,2.23574e-07,8.96000,2.33234e-07,8.96000,0.000114286,8.96000,0.000114286,8.96000,0.0001047
8.97000,2.23574e-07,8.97000,0,8.97000,0,8.97000,0,8.97000,8.94317e-08,8.97000,0,8.97000,0.000114286,8.97000,0,8.97000,0,8.97000,0.000114286,8.97000,0.4,8.97000,1,8.97000,0,8.97000,0.4,8.97000,0,8.97000,5.01232,8.97000,0,8.97000,511.178,8.97000,0,8.97000,0.4,8.97000,0,8.97000,1400,8.97000,2.23574e-07,8.97000,2.23574e-07,8.97000,2.33095e-07,8.97000,0.000114286,8.97000,0.000114286,8.97000,0.000104803
8.98000,2.23574e-07,8.98000,0,8.98000,0,8.98000,0,8.98000,8.94317e-08,8.98000,0,8.98000,0.000114286,8.98000,0,8.98000,0,8.98000,0.000114286,8.98000,0.4,8.98000,1,8.98000,0,8.98000,0.4,8.98000,0,8.98000,5.01232,8.98000,0,8.98000,511.178,8.98000,0,8.98000,0.4,8.98000,0,8.98000,1400,8.98000,2.23574e-07,8.98000,2.23574e-07,8.98000,2.32957e-07,8.98000,0.000114286,8.98000,0.000114286,8.98000,0.000104905
8.99000,2.23574e-07,8.99000,0,8.99000,0,8.99000,0,8.99000,8.94317e-08,8.99000,0,8.99000,0.000114286,8.99000,0,8.99000,0,8.99000,0.000114286,8.99000,0.4,8.99000,1,8.99000,0,8.99000,0.4,8.99000,0,8.99000,5.01232,8.99000,0,8.99000,511.178,8.99000,0,8.99000,0.4,8.99000,0,8.99000,1400,8.99000,2.23574e-07,8.99000,2.23574e-07,8.99000,2.32818e-07,8.99000,0.000114286,8.99000,0.000114286,8.99000,0.000105007
9.00000,2.23574e-07,9.00000,0,9.00000,0,9.00000,0,9.00000,8.94317e-08,9.00000,0,9.00000,0.000114286,9.00000,0,9.00000,0,9.00000,0.000114286,9.00000,0.4,9.00000,1,9.00000,0,9.00000,0.4,9.00000,0,9.00000,5.01232,9.00000,0,9.00000,511.178,9.00000,0,9.00000,0.4,9.00000,0,9.00000,1400,9.00000,2.23574e-07,9.00000,2.23574e-07,9.00000,2.3268e-07,9.00000,0.000114286,9.00000,0.000114286,9.00000,0.00010511
9.01000,2.23574e-07,9.01000,0,9.01000,0,9.01000,0,9.01000,8.94317e-08,9.01000,0,9.01000,0.000114286,9.01000,0,9.01000,0,9.01000,0.000114286,9.01000,0.4,9.01000,1,9.01000,0,9.01000,0.4,9.01000,0,9.01000,5.01232,9.01000,0,9.01000,511.178,9.01000,0,9.01000,0.4,9.01000,0,9.01000,1400,9.01000,2.23574e-07,9.01000,2.23574e-07,9.01000,2.32541e-07,9.01000,0.000114286,9.01000,0.000114286,9.01000,0.000105212
9.02000,2.23574e-07,9.02000,0,9.02000,0,9.02000,0,9.02000,8.94317e-08,9.02000,0,9.02000,0.000114286,9.02000,0,9.02000,0,9.02000,0.000114286,9.02000,0.4,9.02000,1,9.02000,0,9.02000,0.4,9.02000,0,9.02000,5.01232,9.02000,0,9.02000,511.178,9.02000,0,9.02000,0.4,9.02000,0,9.02000,1400,9.02000,2.23574e-07,9.02000,2.23574e-07,9.02000,2.32403e-07,9.02000,0.000114286,9.02000,0.000114286,9.02000,0.000105315
9.03000,2.23574e-07,9.03000,0,9.03000,0,9.03000,0,9.03000,8.94317e-08,9.03000,0,9.03000,0.000114286,9.03000,0,9.03000,0,9.03000,0.000114286,9.03000,0.4,9.03000,1,9.03000,0,9.03000,0.4,9.03000,0,9.03000,5.01232,9.03000,0,9.03000,511.178,9.03000,0,9.03000,0.4,9.03000,0,9.03000,1400,9.03000,2.23574e-07,9.03000,2.23574e-07,9.03000,2.32264e-07,9.03000,0.000114286,9.03000,0.000114286,9.03000,0.000105417
9.04000,2.23574e-07,9.04000,0,9.04000,0,9.04000,0,9.04000,8.94317e-08,9.04000,0,9.04000,0.000114286,9.04000,0,9.04000,0,9.04000,0.000114286,9.04000,0.4,9.04000,1,9.04000,0,9.04000,0.4,9.04000,0,9.04000,5.01232,9.04000,0,9.04000,511.178,9.04000,0,9.04000,0.4,9.04000,0,9.04000,1400,9.04000,2.23574e-07,9.04000,2.23574e-07,9.04000,2.32126e-07,9.04000,0.000114286,9.04000,0.000114286,9.04000,0.00010552
9.05000,2.23574e-07,9.05000,0,9.05000,0,9.05000,0,9.05000,8.94317e-08,9.05000,0,9.05000,0.000114286,9.05000,0,9.05000,0,9.05000,0.000114286,9.05000,0.4,9.05000,1,9.05000,0,9.05000,0.4,9.05000,0,9.05000,5.01232,9.05000,0,9.05000,511.178,9.05000,0,9.05000,0.4,9.05000,0,9.05000,1400,9.05000,2.23574e-07,9.05000,2.23574e-07,9.05000,2.31988e-07,9.05000,0.000114286,9.05000,0.000114286,9.05000,0.000105622
9.06000,2.23574e-07,9.06000,0,9.06000,0,9.06000,0,9.06000,8.94317e-08,9.06000,0,9.06000,0.000114286,9.06000,0,9.06000,0,9.06000,0.000114286,9.06000,0.4,9.06000,1,9.06000,0,9.06000,0.4,9.06000,0,9.06000,5.01232,9.06000,0,9.06000,511.178,9.06000,0,9.06000,0.4,9.06000,0,9.06000,1400,9.06000,2.23574e-07,9.06000,2.23574e-07,9.06000,2.31849e-07,9.06000,0.000114286,9.06000,0.000114286,9.06000,0.000105724
9.07000,2.23574e-07,9.07000,0,9.07000,0,9.07000,0,9.07000,8.94317e-08,9.07000,0,9.07000,0.000114286,9.07000,0,9.07000,0,9.07000,0.000114286,9.07000,0.4,9.07000,1,9.07000,0,9.07000,0.4,9.07000,0,9.07000,5.01232,9.07000,0,9.07000,511.178,9.07000,0,9.07000,0.4,9.07000,0,9.07000,1400,9.07000,2.23574e-07,9.07000,2.23574e-07,9.07000,2.31711e-07,9.07000,0.000114286,9.07000,0.000114286,9.07000,0.000105827
9.08000,2.23574e-07,9.08000,0,9.08000,0,9.08000,0,9.08000,8.94317e-08,9.08000,0,9.08000,0.000114286,9.08000,0,9.08000,0,9.08000,0.000114286,9.08000,0.4,9.08000,1,9.08000,0,9.08000,0.4,9.08000,0,9.08000,5.01232,9.08000,0,9.08000,511.178,9.08000,0,9.08000,0.4,9.08000,0,9.08000,1400,9.08000,2.23574e-07,9.08000,2.23574e-07,9.08000,2.31572e-07,9.08000,0.000114286,9.08000,0.000114286,9.08000,0.000105929
9.09000,2.23574e-07,9.09000,0,9.09000,0,9.09000,0,9.09000,8.94317e-08,9.09000,0,9.09000,0.000114286,9.09000,0,9.09000,0,9.09000,0.000114286,9.09000,0.4,9.09000,1,9.09000,0,9.09000,0.4,9.09000,0,9.09000,5.01232,9.09000,0,9.09000,511.178,9.09000,0,9.09000,0.4,9.09000,0,9.09000,1400,9.09000,2.23574e-07,9.09000,2.23574e-07,9.09000,2.31434e-07,9.09000,0.000114286,9.09000,0.000114286,9.09000,0.000106032
9.10000,2.23574e-07,9.10000,0,9.10000,0,9.10000,0,9.10000,8.94317e-08,9.10000,0,9.10000,0.000114286,9.10000,0,9.10000,0,9.10000,0.000114286,9.10000,0.4,9.10000,1,9.10000,0,9.10000,0.4,9.10000,0,9.10000,5.01232,9.10000,0,9.10000,511.178,9.10000,0,9.10000,0.4,9.10000,0,9.10000,1400,9.10000,2.23574e-07,9.10000,2.23574e-07,9.10000,2.31295e-07,9.10000,0.000114286,9.10000,0.000114286,9.10000,0.000106134
9.11000,2.23574e-07,9.11000,0,9.11000,0,9.11000,0,9.11000,8.94317e-08,9.11000,0,9.11000,0.000114286,9.11000,0,9.11000,0,9.11000,0.000114286,9.11000,0.4,9.11000,1,9.11000,0,9.11000,0.4,9.11000,0,9.11000,5.01232,9.11000,0,9.11000,511.178,9.11000,0,9.11000,0.4,9.11000,0,9.11000,1400,9.11000,2.23574e-07,9.11000,2.23574e-07,9.11000,2.31157e-07,9.11000,0.000114286,9.11000,0.000114286,9.11000,0.000106236
9.12000,2.23574e-07,9.12000,0,9.12000,0,9.12000,0,9.12000,8.94317e-08,9.12000,0,9.12000,0.000114286,9.12000,0,9.12000,0,9.12000,0.000114286,9.12000,0.4,9.12000,1,9.12000,0,9.12000,0.4,9.12000,0,9.12000,5.01232,9.12000,0,9.12000,511.178,9.12000,0,9.12000,0.4,9.12000,0,9.12000,1400,9.12000,2.23574e-07,9.12000,2.23574e-07,9.12000,2.31018e-07,9.12000,0.000114286,9.12000,0.000114286,9.12000,0.000106339
9.13000,2.23574e-07,9.13000,0,9.13000,0,9.13000,0,9.13000,8.94317e-08,9.13000,0,9.13000,0.000114286,9.13000,0,9.13000,0,9.13000,0.000114286,9.13000,0.4,9.13000,1,9.13000,0,9.13000,0.4,9.13000,0,9.13000,5.01232,9.13000,0,9.13000,511.178,9.13000,0,9.13000,0.4,9.13000,0,9.13000,1400,9.13000,2.23574e-07,9.13000,2.23574e-07,9.13000,2.3088e-07,9.13000,0.000114286,9.13000,0.000114286,9.13000,0.000106441
9.14000,2.23574e-07,9.14000,0,9.14000,0,9.14000,0,9.14000,8.94317e-08,9.14000,0,9.14000,0.000114286,9.14000,0,9.14000,0,9.14000,0.000114286,9.14000,0.4,9.14000,1,9.14000,0,9.14000,0.4,9.14000,0,9.14000,5.01232,9.14000,0,9.14000,511.178,9.14000,0,9.14000,0.4,9.14000,0,9.14000,1400,9.14000,2.23574e-07,9.14000,2.23574e-07,9.14000,2.30741e-07,9.14000,0.000114286,9.14000,0.000114286,9.14000,0.000106544
9.15000,2.23574e-07,9.15000,0,9.15000,0,9.15000,0,9.15000,8.94317e-08,9.15000,0,9.15000,0.000114286,9.15000,0,9.15000,0,9.15000,0.000114286,9.15000,0.4,9.15000,1,9.15000,0,9.15000,0.4,9.15000,0,9.15000,5.01232,9.15000,0,9.15000,511.178,9.15000,0,9.15000,0.4,9.15000,0,9.15000,1400,9.15000,2.23574e-07,9.15000,2.23574e-07,9.15000,2.30603e-07,9.15000,0.000114286,9.15000,0.000114286,9.15000,0.000106646
9.16000,2.23574e-07,9.16000,0,9.16000,0,9.16000,0,9.16000,8.94317e-08,9.16000,0,9.16000,0.000114286,9.16000,0,9.16000,0,9.16000,0.000114286,9.16000,0.4,9.16000,1,9.16000,0,9.16000,0.4,9.16000,0,9.16000,5.01232,9.16000,0,9.16000,511.178,9.16000,0,9.16000,0.4,9.16000,0,9.16000,1400,9.16000,2.23574e-07,9.16000,2.23574e-07,9.16000,2.30465e-07,9.16000,0.000114286,9.16000,0.000114286,9.16000,0.000106749
9.17000,2.23574e-07,9.17000,0,9.17000,0,9.17000,0,9.17000,8.94317e-08,9.17000,0,9.17000,0.000114286,9.17000,0,9.17000,0,9.17000,0.000114286,9.17000,0.4,9.17000,1,9.17000,0,9.17000,0.4,9.17000,0,9.17000,5.01232,9.17000,0,9.17000,511.178,9.17000,0,9.17000,0.4,9.17000,0,9.17000,1400,9.17000,2.23574e-07,9.17000,2.23574e-07,9.17000,2.30326e-07,9.17000,0.000114286,9.17000,0.000114286,9.17000,0.000106851
9.18000,2.23574e-07,9.18000,0,9.18000,0,9.18000,0,9.18000,8.94317e-08,9.18000,0,9.18000,0.000114286,9.18000,0,9.18000,0,9.18000,0.000114286,9.18000,0.4,9.18000,1,9.18000,0,9.18000,0.4,9.18000,0,9.18000,5.01232,9.18000,0,9.18000,511.178,9.18000,0,9.18000,0.4,9.18000,0,9.18000,1400,9.18000,2.23574e-07,9.18000,2.23574e-07,9.18000,2.30188e-07,9.18000,0.000114286,9.18000,0.000114286,9.18000,0.000106953
9.19000,2.23574e-07,9.19000,0,9.19000,0,9.19000,0,9.19000,8.94317e-08,9.19000,0,9.19000,0.000114286,9.19000,0,9.19000,0,9.19000,0.000114286,9.19000,0.4,9.19000,1,9.19000,0,9.19000,0.4,9.19000,0,9.19000,5.01232,9.19000,0,9.19000,511.178,9.19000,0,9.19000,0.4,9.19000,0,9.19000,1400,9.19000,2.23574e-07,9.19000,2.23574e-07,9.19000,2.30049e-07,9.19000,0.000114286,9.19000,0.000114286,9.19000,0.000107056
9.20000,2.23574e-07,9.20000,0,9.20000,0,9.20000,0,9.20000,8.94317e-08,9.20000,0,9.20000,0.000114286,9.20000,0,9.20000,0,9.20000,0.000114286,9.20000,0.4,9.20000,1,9.20000,0,9.20000,0.4,9.20000,0,9.20000,5.01232,9.20000,0,9.20000,511.178,9.20000,0,9.20000,0.4,9.20000,0,9.20000,1400,9.20000,2.23574e-07,9.20000,2.23574e-07,9.20000,2.29911e-07,9.20000,0.000114286,9.20000,0.000114286,9.20000,0.000107158
9.21000,2.23574e-07,9.21000,0,9.21000,0,9.21000,0,9.21000,8.94317e-08,9.21000,0,9.21000,0.000114286,9.21000,0,9.21000,0,9.21000,0.000114286,9.21000,0.4,9.21000,1,9.21000,0,9.21000,0.4,9.21000,0,9.21000,5.01232,9.21000,0,9.21000,511.178,9.21000,0,9.21000,0.4,9.21000,0,9.21000,1400,9.21000,2.23574e-07,9.21000,2.23574e-07,9.21000,2.29772e-07,9.21000,0.000114286,9.21000,0.000114286,9.21000,0.000107261
9.22000,2.23574e-07,9.22000,0,9.22000,0,9.22000,0,9.22000,8.94317e-08,9.22000,0,9.22000,0.000114286,9.22000,0,9.22000,0,9.22000,0.000114286,9.22000,0.4,9.22000,1,9.22000,0,9.22000,0.4,9.22000,0,9.22000,5.01232,9.22000,0,9.22000,511.178,9.22000,0,9.22000,0.4,9.22000,0,9.22000,1400,9.22000,2.23574e-07,9.22000,2.23574e-07,9.22000,2.29634e-07,9.22000,0.000114286,9.22000,0.000114286,9.22000,0.000107363
9.23000,2.23574e-07,9.23000,0,9.23000,0,9.23000,0,9.23000,8.94317e-08,9.23000,0,9.23000,0.000114286,9.23000,0,9.23000,0,9.23000,0.000114286,9.23000,0.4,9.23000,1,9.23000,0,9.23000,0.4,9.23000,0,9.23000,5.01232,9.23000,0,9.23000,511.178,9.23000,0,9.23000,0.4,9.23000,0,9.23000,1400,9.23000,2.23574e-07,9.23000,2.23574e-07,9.23000,2.29495e-07,9.23000,0.000114286,9.23000,0.000114286,9.23000,0.000107465
9.24000,2.23574e-07,9.24000,0,9.24000,0,9.24000,0,9.24000,8.94317e-08,9.24000,0,9.24000,0.000114286,9.24000,0,9.24000,0,9.24000,0.000114286,9.24000,0.4,9.24000,1,9.24000,0,9.24000,0.4,9.24000,0,9.24000,5.01232,9.24000,0,9.24000,511.178,9.24000,0,9.24000,0.4,9.24000,0,9.24000,1400,9.24000,2.23574e-07,9.24000,2.23574e-07,9.24000,2.29357e-07,9.24000,0.000114286,9.24000,0.000114286,9.24000,0.000107568
9.25000,2.23574e-07,9.25000,0,9.25000,0,9.25000,0,9.25000,8.94317e-08,9.25000,0,9.25000,0.000114286,9.25000,0,9.25000,0,9.25000,0.000114286,9.25000,0.4,9.25000,1,9.25000,0,9.25000,0.4,9.25000,0,9.25000,5.01232,9.25000,0,9.25000,511.178,9.25000,0,9.25000,0.4,9.25000,0,9.25000,1400,9.25000,2.23574e-07,9.25000,2.23574e-07,9.25000,2.29219e-07,9.25000,0.000114286,9.25000,0.000114286,9.25000,0.00010767
9.26000,2.23574e-07,9.26000,0,9.26000,0,9.26000,0,9.26000,8.94317e-08,9.26000,0,9.26000,0.000114286,9.26000,0,9.26000,0,9.26000,0.000114286,9.26000,0.4,9.26000,1,9.26000,0,9.26000,0.4,9.26000,0,9.26000,5.01232,9.26000,0,9.26000,511.178,9.26000,0,9.26000,0.4,9.26000,0,9.26000,1400,9.26000,2.23574e-07,9.26000,2.23574e-07,9.26000,2.2908e-07,9.26000,0.000114286,9.26000,0.000114286,9.26000,0.000107773
9.27000,2.23574e-07,9.27000,0,9.27000,0,9.27000,0,9.27000,8.94317e-08,9.27000,0,9.27000,0.000114286,9.27000,0,9.27000,0,9.27000,0.000114286,9.27000,0.4,9.27000,1,9.27000,0,9.27000,0.4,9.27000,0,9.27000,5.01232,9.27000,0,9.27000,511.178,9.27000,0,9.27000,0.4,9.27000,0,9.27000,1400,9.27000,2.23574e-07,9.27000,2.23574e-07,9.27000,2.28942e-07,9.27000,0.000114286,9.27000,0.000114286,9.27000,0.000107875
9.28000,2.23574e-07,9.28000,0,9.28000,0,9.28000,0,9.28000,8.94317e-08,9.28000,0,9.28000,0.000114286,9.28000,0,9.28000,0,9.28000,0.000114286,9.28000,0.4,9.28000,1,9.28000,0,9.28000,0.4,9.28000,0,9.28000,5.01232,9.28000,0,9.28000,511.178,9.28000,0,9.28000,0.4,9.28000,0,9.28000,1400,9.28000,2.23574e-07,9.28000,2.23574e-07,9.28000,2.28803e-07,9.28000,0.000114286,9.28000,0.000114286,9.28000,0.000107977
9.29000,2.23574e-07,9.29000,0,9.29000,0,9.29000,0,9.29000,8.94317e-08,9.29000,0,9.29000,0.000114286,9.29000,0,9.29000,0,9.29000,0.000114286,9.29000,0.4,9.29000,1,9.29000,0,9.29000,0.4,9.29000,0,9.29000,5.01232,9.29000,0,9.29000,511.178,9.29000,0,9.29000,0.4,9.29000,0,9.29000,1400,9.29000,2.23574e-07,9.29000,2.23574e-07,9.29000,2.28665e-07,9.29000,0.000114286,9.29000,0.000114286,9.29000,0.00010808
9.30000,2.23574e-07,9.30000,0,9.30000,0,9.30000,0,9.30000,8.94317e-08,9.30000,0,9.30000,0.000114286,9.30000,0,9.30000,0,9.30000,0.000114286,9.30000,0.4,9.30000,1,9.30000,0,9.30000,0.4,9.30000,0,9.30000,5.01232,9.30000,0,9.30000,511.178,9.30000,0,9.30000,0.4,9.30000,0,9.30000,1400,9.30000,2.23574e-07,9.30000,2.23574e-07,9.30000,2.28526e-07,9.30000,0.000114286,9.30000,0.000114286,9.30000,0.000108182
9.31000,2.23574e-07,9.31000,0,9.31000,0,9.31000,0,9.31000,8.94317e-08,9.31000,0,9.31000,0.000114286,9.31000,0,9.31000,0,9.31000,0.000114286,9.31000,0.4,9.31000,1,9.31000,0,9.31000,0.4,9.31000,0,9.31000,5.01232,9.31000,0,9.31000,511.178,9.31000,0,9.31000,0.4,9.31000,0,9.31000,1400,9.31000,2.23574e-07,9.31000,2.23574e-07,9.31000,2.28388e-07,9.31000,0.000114286,9.31000,0.000114286,9.31000,0.000108285
9.32000,2.23574e-07,9.32000,0,9.32000,0,9.32000,0,9.32000,8.94317e-08,9.32000,0,9.32000,0.000114286,9.32000,0,9.32000,0,9.32000,0.000114286,9.32000,0.4,9.32000,1,9.32000,0,9.32000,0.4,9.32000,0,9.32000,5.01232,9.32000,0,9.32000,511.178,9.32000,0,9.32000,0.4,9.32000,0,9.32000,1400,9.32000,2.23574e-07,9.32000,2.23574e-07,9.32000,2.28249e-07,9.32000,0.000114286,9.32000,0.000114286,9.32000,0.000108387
9.33000,2.23574e-07,9.33000,0,9.33000,0,9.33000,0,9.33000,8.94317e-08,9.33000,0,9.33000,0.000114286,9.33000,0,9.33000,0,9.33000,0.000114286,9.33000,0.4,9.33000,1,9.33000,0,9.33000,0.4,9.33000,0,9.33000,5.01232,9.33000,0,9.33000,511.178,9.33000,0,9.33000,0.4,9.33000,0,9.33000,1400,9.33000,2.23574e-07,9.33000,2.23574e-07,9.33000,2.28111e-07,9.33000,0.000114286,9.33000,0.000114286,9.33000,0.00010849
9.34000,2.23574e-07,9.34000,0,9.34000,0,9.34000,0,9.34000,8.94317e-08,9.34000,0,9.34000,0.000114286,9.34000,0,9.34000,0,9.34000,0.000114286,9.34000,0.4,9.34000,1,9.34000,0,9.34000,0.4,9.34000,0,9.34000,5.01232,9.34000,0,9.34000,511.178,9.34000,0,9.34000,0.4,9.34000,0,9.34000,1400,9.34000,2.23574e-07,9.34000,2.23574e-07,9.34000,2.27972e-07,9.34000,0.000114286,9.34000,0.000114286,9.34000,0.000108592
9.35000,2.23574e-07,9.35000,0,9.35000,0,9.35000,0,9.35000,8.94317e-08,9.35000,0,9.35000,0.000114286,9.35000,0,9.35000,0,9.35000,0.000114286,9.35000,0.4,9.35000,1,9.35000,0,9.35000,0.4,9.35000,0,9.35000,5.01232,9.35000,0,9.35000,511.178,9.35000,0,9.35000,0.4,9.35000,0,9.35000,1400,9.35000,2.23574e-07,9.35000,2.23574e-07,9.35000,2.27834e-07,9.35000,0.000114286,9.35000,0.000114286,9.35000,0.000108694
9.36000,2.23574e-07,9.36000,0,9.36000,0,9.36000,0,9.36000,8.94317e-08,9.36000,0,9.36000,0.000114286,9.36000,0,9.36000,0,9.36000,0.000114286,9.36000,0.4,9.36000,1,9.36000,0,9.36000,0.4,9.36000,0,9.36000,5.01232,9.36000,0,9.36000,511.178,9.36000,0,9.36000,0.4,9.36000,0,9.36000,1400,9.36000,2.23574e-07,9.36000,2.23574e-07,9.36000,2.27696e-07,9.36000,0.000114286,9.36000,0.000114286,9.36000,0.000108797
9.37000,2.23574e-07,9.37000,0,9.37000,0,9.37000,0,9.37000,8.94317e-08,9.37000,0,9.37000,0.000114286,9.37000,0,9.37000,0,9.37000,0.000114286,9.37000,0.4,9.37000,1,9.37000,0,9.37000,0.4,9.37000,0,9.37000,5.01232,9.37000,0,9.37000,511.178,9.37000,0,9.37000,0.4,9.37000,0,9.37000,1400,9.37000,2.23574e-07,9.37000,2.23574e-07,9.37000,2.27557e-07,9.37000,0.000114286,9.37000,0.000114286,9.37000,0.000108899
9.38000,2.23574e-07,9.38000,0,9.38000,0,9.38000,0,9.38000,8.94317e-08,9.38000,0,9.38000,0.000114286,9.38000,0,9.38000,0,9.38000,0.000114286,9.38000,0.4,9.38000,1,9.38000,0,9.38000,0.4,9.38000,0,9.38000,5.01232,9.38000,0,9.38000,511.178,9.38000,0,9.38000,0.4,9.38000,0,9.38000,1400,9.38000,2.23574e-07,9.38000,2.23574e-07,9.38000,2.27419e-07,9.38000,0.000114286,9.38000,0.000114286,9.38000,0.000109002
9.39000,2.23574e-07,9.39000,0,9.39000,0,9.39000,0,9.39000,8.94317e-08,9.39000,0,9.39000,0.000114286,9.39000,0,9.39000,0,9.39000,0.000114286,9.39000,0.4,9.39000,1,9.39000,0,9.39000,0.4,9.39000,0,9.39000,5.01232,9.39000,0,9.39000,511.178,9.39000,0,9.39000,0.4,9.39000,0,9.39000,1400,9.39000,2.23574e-07,9.39000,2.23574e-07,9.39000,2.2728e-07,9.39000,0.000114286,9.39000,0.000114286,9.39000,0.000109104
9.40000,2.23574e-07,9.40000,0,9.40000,0,9.40000,0,9.40000,8.94317e-08,9.40000,0,9.40000,0.000114286,9.40000,0,9.40000,0,9.40000,0.000114286,9.40000,0.4,9.40000,1,9.40000,0,9.40000,0.4,9.40000,0,9.40000,5.01232,9.40000,0,9.40000,511.178,9.40000,0,9.40000,0.4,9.40000,0,9.40000,1400,9.40000,2.23574e-07,9.40000,2.23574e-07,9.40000,2.27142e-07,9.40000,0.000114286,9.40000,0.000114286,9.40000,0.000109206
9.41000,2.23574e-07,9.41000,0,9.41000,0,9.41000,0,9.41000,8.94317e-08,9.41000,0,9.41000,0.000114286,9.41000,0,9.41000,0,9.41000,0.000114286,9.41000,0.4,9.41000,1,9.41000,0,9.41000,0.4,9.41000,0,9.41000,5.01232,9.41000,0,9.41000,511.178,9.41000,0,9.41000,0.4,9.41000,0,9.41000,1400,9.41000,2.23574e-07,9.41000,2.23574e-07,9.41000,2.27003e-07,9.41000,0.000114286,9.41000,0.000114286,9.41000,0.000109309
9.42000,2.23574e-07,9.42000,0,9.42000,0,9.42000,0,9.42000,8.94317e-08,9.42000,0,9.42000,0.000114286,9.42000,0,9.42000,0,9.42000,0.000114286,9.42000,0.4,9.42000,1,9.42000,0,9.42000,0.4,9.42000,0,9.42000,5.01232,9.42000,0,9.42000,511.178,9.42000,0,9.42000,0.4,9.42000,0,9.42000,1400,9.42000,2.23574e-07,9.42000,2.23574e-07,9.42000,2.26865e-07,9.42000,0.000114286,9.42000,0.000114286,9.42000,0.000109411
9.43000,2.23574e-07,9.43000,0,9.43000,0,9.43000,0,9.43000,8.94317e-08,9.43000,0,9.43000,0.000114286,9.43000,0,9.43000,0,9.43000,0.000114286,9.43000,0.4,9.43000,1,9.43000,0,9.43000,0.4,9.43000,0,9.43000,5.01232,9.43000,0,9.43000,511.178,9.43000,0,9.43000,0.4,9.43000,0,9.43000,1400,9.43000,2.23574e-07,9.43000,2.23574e-07,9.43000,2.26726e-07,9.43000,0.000114286,9.43000,0.000114286,9.43000,0.000109514
9.44000,2.23574e-07,9.44000,0,9.44000,0,9.44000,0,9.44000,8.94317e-08,9.44000,0,9.44000,0.000114286,9.44000,0,9.44000,0,9.44000,0.000114286,9.44000,0.4,9.44000,1,9.44000,0,9.44000,0.4,9.44000,0,9.44000,5.01232,9.44000,0,9.44000,511.178,9.44000,0,9.44000,0.4,9.44000,0,9.44000,1400,9.44000,2.23574e-07,9.44000,2.23574e-07,9.44000,2.26588e-07,9.44000,0.000114286,9.44000,0.000114286,9.44000,0.000109616
9.45000,2.23574e-07,9.45000,0,9.45000,0,9.45000,0,9.45000,8.94317e-08,9.45000,0,9.45000,0.000114286,9.45000,0,9.45000,0,9.45000,0.000114286,9.45000,0.4,9.45000,1,9.45000,0,9.45000,0.4,9.45000,0,9.45000,5.01232,9.45000,0,9.45000,511.178,9.45000,0,9.45000,0.4,9.45000,0,9.45000,1400,9.45000,2.23574e-07,9.45000,2.23574e-07,9.45000,2.26452e-07,9.45000,0.000114286,9.45000,0.000114286,9.45000,0.000109712
9.46000,2.23574e-07,9.46000,0,9.46000,0,9.46000,0,9.46000,8.94317e-08,9.46000,0,9.46000,0.000114286,9.46000,0,9.46000,0,9.46000,0.000114286,9.46000,0.4,9.46000,1,9.46000,0,9.46000,0.4,9.46000,0,9.46000,5.01232,9.46000,0,9.46000,511.178,9.46000,0,9.46000,0.4,9.46000,0,9.46000,1400,9.46000,2.23574e-07,9.46000,2.23574e-07,9.46000,2.26318e-07,9.46000,0.000114286,9.46000,0.000114286,9.46000,0.000109804
9.47000,2.23574e-07,9.47000,0,9.47000,0,9.47000,0,9.47000,8.94317e-08,9.47000,0,9.47000,0.000114286,9.47000,0,9.47000,0,9.47000,0.000114286,9.47000,0.4,9.47000,1,9.47000,0,9.47000,0.4,9.47000,0,9.47000,5.01232,9.47000,0,9.47000,511.178,9.47000,0,9.47000,0.4,9.47000,0,9.47000,1400,9.47000,2.23574e-07,9.47000,2.23574e-07,9.47000,2.26184e-07,9.47000,0.000114286,9.47000,0.000114286,9.47000,0.000109897
9.48000,2.23574e-07,9.48000,0,9.48000,0,9.48000,0,9.48000,8.94317e-08,9.48000,0,9.48000,0.000114286,9.48000,0,9.48000,0,9.48000,0.000114286,9.48000,0.4,9.48000,1,9.48000,0,9.48000,0.4,9.48000,0,9.48000,5.01232,9.48000,0,9.48000,511.178,9.48000,0,9.48000,0.4,9.48000,0,9.48000,1400,9.48000,2.23574e-07,9.48000,2.23574e-07,9.48000,2.26049e-07,9.48000,0.000114286,9.48000,0.000114286,9.48000,0.000109989
9.49000,2.23574e-07,9.49000,0,9.49000,0,9.49000,0,9.49000,8.94317e-08,9.49000,0,9.49000,0.000114286,9.49000,0,9.49000,0,9.49000,0.000114286,9.49000,0.4,9.49000,1,9.49000,0,9.49000,0.4,9.49000,0,9.49000,5.01232,9.49000,0,9.49000,511.178,9.49000,0,9.49000,0.4,9.49000,0,9.49000,1400,9.49000,2.23574e-07,9.49000,2.23574e-07,9.49000,2.25915e-07,9.49000,0.000114286,9.49000,0.000114286,9.49000,0.000110082
9.50000,2.23574e-07,9.50000,0,9.50000,0,9.50000,0,9.50000,8.94317e-08,9.50000,0,9.50000,0.000114286,9.50000,0,9.50000,0,9.50000,0.000114286,9.50000,0.4,9.50000,1,9.50000,0,9.50000,0.4,9.50000,0,9.50000,5.01232,9.50000,0,9.50000,511.178,9.50000,0,9.50000,0.4,9.50000,0,9.50000,1400,9.50000,2.23574e-07,9.50000,2.23574e-07,9.50000,2.25781e-07,9.50000,0.000114286,9.50000,0.000114286,9.50000,0.000110174
9.51000,2.23574e-07,9.51000,0,9.51000,0,9.51000,0,9.51000,8.94317e-08,9.51000,0,9.51000,0.000114286,9.51000,0,9.51000,0,9.51000,0.000114286,9.51000,0.4,9.51000,1,9.51000,0,9.51000,0.4,9.51000,0,9.51000,5.01232,9.51000,0,9.51000,511.178,9.51000,0,9.51000,0.4,9.51000,0,9.51000,1400,9.51000,2.23574e-07,9.51000,2.23574e-07,9.51000,2.25646e-07,9.51000,0.000114286,9.51000,0.000114286,9.51000,0.000110267
9.52000,2.23574e-07,9.52000,0,9.52000,0,9.52000,0,9.52000,8.94317e-08,9.52000,0,9.52000,0.000114286,9.52000,0,9.52000,0,9.52000,0.000114286,9.52000,0.4,9.52000,1,9.52000,0,9.52000,0.4,9.52000,0,9.52000,5.01232,9.52000,0,9.52000,511.178,9.52000,0,9.52000,0.4,9.52000,0,9.52000,1400,9.52000,2.23574e-07,9.52000,2.23574e-07,9.52000,2.25512e-07,9.52000,0.000114286,9.52000,0.000114286,9.52000,0.000110359
9.53000,2.23574e-07,9.53000,0,9.53000,0,9.53000,0,9.53000,8.94317e-08,9.53000,0,9.53000,0.000114286,9.53000,0,9.53000,0,9.53000,0.000114286,9.53000,0.4,9.53000,1,9.53000,0,9.53000,0.4,9.53000,0,9.53000,5.01232,9.53000,0,9.53000,511.178,9.53000,0,9.53000,0.4,9.53000,0,9.53000,1400,9.53000,2.23574e-07,9.53000,2.23574e-07,9.53000,2.25378e-07,9.53000,0.000114286,9.53000,0.000114286,9.53000,0.000110452
9.54000,2.23574e-07,9.54000,0,9.54000,0,9.54000,0,9.54000,8.94317e-08,9.54000,0,9.54000,0.000114286,9.54000,0,9.54000,0,9.54000,0.000114286,9.54000,0.4,9.54000,1,9.54000,0,9.54000,0.4,9.54000,0,9.54000,5.01232,9.54000,0,9.54000,511.178,9.54000,0,9.54000,0.4,9.54000,0,9.54000,1400,9.54000,2.23574e-07,9.54000,2.23574e-07,9.54000,2.25243e-07,9.54000,0.000114286,9.54000,0.000114286,9.54000,0.000110544
9.55000,2.23574e-07,9.55000,0,9.55000,0,9.55000,0,9.55000,8.94317e-08,9.55000,0,9.55000,0.000114286,9.55000,0,9.55000,0,9.55000,0.000114286,9.55000,0.4,9.55000,1,9.55000,0,9.55000,0.4,9.55000,0,9.55000,5.01232,9.55000,0,9.55000,511.178,9.55000,0,9.55000,0.4,9.55000,0,9.55000,1400,9.55000,2.23574e-07,9.55000,2.23574e-07,9.55000,2.25109e-07,9.55000,0.000114286,9.55000,0.000114286,9.55000,0.000110636
9.56000,2.23574e-07,9.56000,0,9.56000,0,9.56000,0,9.56000,8.94317e-08,9.56000,0,9.56000,0.000114286,9.56000,0,9.56000,0,9.56000,0.000114286,9.56000,0.4,9.56000,1,9.56000,0,9.56000,0.4,9.56000,0,9.56000,5.01232,9.56000,0,9.56000,511.178,9.56000,0,9.56000,0.4,9.56000,0,9.56000,1400,9.56000,2.23574e-07,9.56000,2.23574e-07,9.56000,2.24975e-07,9.56000,0.000114286,9.56000,0.000114286,9.56000,0.000110729
9.57000,2.23574e-07,9.57000,0,9.57000,0,9.57000,0,9.57000,8.94317e-08,9.57000,0,9.57000,0.000114286,9.57000,0,9.57000,0,9.57000,0.000114286,9.57000,0.4,9.57000,1,9.57000,0,9.57000,0.4,9.57000,0,9.57000,5.01232,9.57000,0,9.57000,511.178,9.57000,0,9.57000,0.4,9.57000,0,9.57000,1400,9.57000,2.23574e-07,9.57000,2.23574e-07,9.57000,2.2484e-07,9.57000,0.000114286,9.57000,0.000114286,9.57000,0.000110821
9.58000,2.23574e-07,9.58000,0,9.58000,0,9.58000,0,9.58000,8.94317e-08,9.58000,0,9.58000,0.000114286,9.58000,0,9.58000,0,9.58000,0.000114286,9.58000,0.4,9.58000,1,9.58000,0,9.58000,0.4,9.58000,0,9.58000,5.01232,9.58000,0,9.58000,511.178,9.58000,0,9.58000,0.4,9.58000,0,9.58000,1400,9.58000,2.23574e-07,9.58000,2.23574e-07,9.58000,2.24706e-07,9.58000,0.000114286,9.58000,0.000114286,9.58000,0.000110914
9.59000,2.23574e-07,9.59000,0,9.59000,0,9.59000,0,9.59000,8.94317e-08,9.59000,0,9.59000,0.000114286,9.59000,0,9.59000,0,9.59000,0.000114286,9.59000,0.4,9.59000,1,9.59000,0,9.59000,0.4,9.59000,0,9.59000,5.01232,9.59000,0,9.59000,511.178,9.59000,0,9.59000,0.4,9.59000,0,9.59000,1400,9.59000,2.23574e-07,9.59000,2.23574e-07,9.59000,2.24572e-07,9.59000,0.000114286,9.59000,0.000114286,9.59000,0.000111006
9.60000,2.23574e-07,9.60000,0,9.60000,0,9.60000,0,9.60000,8.94317e-08,9.60000,0,9.60000,0.000114286,9.60000,0,9.60000,0,9.60000,0.000114286,9.60000,0.4,9.60000,1,9.60000,0,9.60000,0.4,9.60000,0,9.60000,5.01232,9.60000,0,9.60000,511.178,9.60000,0,9.60000,0.4,9.60000,0,9.60000,1400,9.60000,2.23574e-07,9.60000,2.23574e-07,9.60000,2.24437e-07,9.60000,0.000114286,9.60000,0.000114286,9.60000,0.000111099
9.61000,2.23574e-07,9.61000,0,9.61000,0,9.61000,0,9.61000,8.94317e-08,9.61000,0,9.61000,0.000114286,9.61000,0,9.61000,0,9.61000,0.000114286,9.61000,0.4,9.61000,1,9.61000,0,9.61000,0.4,9.61000,0,9.61000,5.01232,9.61000,0,9.61000,511.178,9.61000,0,9.61000,0.4,9.61000,0,9.61000,1400,9.61000,2.23574e-07,9.61000,2.23574e-07,9.61000,2.24303e-07,9.61000,0.000114286,9.61000,0.000114286,9.61000,0.000111191
9.62000,2.23574e-07,9.62000,0,9.62000,0,9.62000,0,9.62000,8.94317e-08,9.62000,0,9.62000,0.000114286,9.62000,0,9.62000,0,9.62000,0.000114286,9.62000,0.4,9.62000,1,9.62000,0,9.62000,0.4,9.62000,0,9.62000,5.01232,9.62000,0,9.62000,511.178,9.62000,0,9.62000,0.4,9.62000,0,9.62000,1400,9.62000,2.23574e-07,9.62000,2.23574e-07,9.62000,2.24169e-07,9.62000,0.000114286,9.62000,0.000114286,9.62000,0.000111284
9.63000,2.23574e-07,9.63000,0,9.63000,0,9.63000,0,9.63000,8.94317e-08,9.63000,0,9.63000,0.000114286,9.63000,0,9.63000,0,9.63000,0.000114286,9.63000,0.4,9.63000,1,9.63000,0,9.63000,0.4,9.63000,0,9.63000,5.01232,9.63000,0,9.63000,511.178,9.63000,0,9.63000,0.4,9.63000,0,9.63000,1400,9.63000,2.23574e-07,9.63000,2.23574e-07,9.63000,2.24034e-07,9.63000,0.000114286,9.63000,0.000114286,9.63000,0.000111376
9.64000,2.23574e-07,9.64000,0,9.64000,0,9.64000,0,9.64000,8.94317e-08,9.64000,0,9.64000,0.000114286,9.64000,0,9.64000,0,9.64000,0.000114286,9.64000,0.4,9.64000,1,9.64000,0,9.64000,0.4,9.64000,0,9.64000,5.01232,9.64000,0,9.64000,511.178,9.64000,0,9.64000,0.4,9.64000,0,9.64000,1400,9.64000,2.23574e-07,9.64000,2.23574e-07,9.64000,2.239e-07,9.64000,0.000114286,9.64000,0.000114286,9.64000,0.000111469
9.65000,2.23574e-07,9.65000,0,9.65000,0,9.65000,0,9.65000,8.94317e-08,9.65000,0,9.65000,0.000114286,9.65000,0,9.65000,0,9.65000,0.000114286,9.65000,0.4,9.65000,1,9.65000,0,9.65000,0.4,9.65000,0,9.65000,5.01232,9.65000,0,9.65000,511.178,9.65000,0,9.65000,0.4,9.65000,0,9.65000,1400,9.65000,2.23574e-07,9.65000,2.23574e-07,9.65000,2.23766e-07,9.65000,0.000114286,9.65000,0.000114286,9.65000,0.000111561
9.66000,2.23574e-07,9.66000,0,9.66000,0,9.66000,0,9.66000,8.94317e-08,9.66000,0,9.66000,0.000114286,9.66000,0,9.66000,0,9.66000,0.000114286,9.66000,0.4,9.66000,1,9.66000,0,9.66000,0.4,9.66000,0,9.66000,5.01232,9.66000,0,9.66000,511.178,9.66000,0,9.66000,0.4,9.66000,0,9.66000,1400,9.66000,2.23574e-07,9.66000,2.23574e-07,9.66000,2.23631e-07,9.66000,0.000114286,9.66000,0.000114286,9.66000,0.000111654
9.67000,2.23574e-07,9.67000,0,9.67000,0,9.67000,0,9.67000,8.94317e-08,9.67000,0,9.67000,0.000114286,9.67000,0,9.67000,0,9.67000,0.000114286,9.67000,0.4,9.67000,1,9.67000,0,9.67000,0.4,9.67000,0,9.67000,5.01232,9.67000,0,9.67000,511.178,9.67000,0,9.67000,0.4,9.67000,0,9.67000,1400,9.67000,2.23574e-07,9.67000,2.23574e-07,9.67000,2.23497e-07,9.67000,0.000114286,9.67000,0.000114286,9.67000,0.000111746
9.68000,2.23574e-07,9.68000,0,9.68000,0,9.68000,0,9.68000,8.94317e-08,9.68000,0,9.68000,0.000114286,9.68000,0,9.68000,0,9.68000,0.000114286,9.68000,0.4,9.68000,1,9.68000,0,9.68000,0.4,9.68000,0,9.68000,5.01232,9.68000,0,9.68000,511.178,9.68000,0,9.68000,0.4,9.68000,0,9.68000,1400,9.68000,2.23574e-07,9.68000,2.23574e-07,9.68000,2.23363e-07,9.68000,0.000114286,9.68000,0.000114286,9.68000,0.000111839
9.69000,2.23574e-07,9.69000,0,9.69000,0,9.69000,0,9.69000,8.94317e-08,9.69000,0,9.69000,0.000114286,9.69000,0,9.69000,0,9.69000,0.000114286,9.69000,0.4,9.69000,1,9.69000,0,9.69000,0.4,9.69000,0,9.69000,5.01232,9.69000,0,9.69000,511.178,9.69000,0,9.69000,0.4,9.69000,0,9.69000,1400,9.69000,2.23574e-07,9.69000,2.23574e-07,9.69000,2.23228e-07,9.69000,0.000114286,9.69000,0.000114286,9.69000,0.000111931
9.70000,2.23574e-07,9.70000,0,9.70000,0,9.70000,0,9.70000,8.94317e-08,9.70000,0,9.70000,0.000114286,9.70000,0,9.70000,0,9.70000,0.000114286,9.70000,0.4,9.70000,1,9.70000,0,9.70000,0.4,9.70000,0,9.70000,5.01232,9.70000,0,9.70000,511.178,9.70000,0,9.70000,0.4,9.70000,0,9.70000,1400,9.70000,2.23574e-07,9.70000,2.23574e-07,9.70000,2.23094e-07,9.70000,0.000114286,9.70000,0.000114286,9.70000,0.000112024
9.71000,2.23574e-07,9.71000,0,9.71000,0,9.71000,0,9.71000,8.94317e-08,9.71000,0,9.71000,0.000114286,9.71000,0,9.71000,0,9.71000,0.000114286,9.71000,0.4,9.71000,1,9.71000,0,9.71000,0.4,9.71000,0,9.71000,5.01232,9.71000,0,9.71000,511.178,9.71000,0,9.71000,0.4,9.71000,0,9.71000,1400,9.71000,2.23574e-07,9.71000,2.23574e-07,9.71000,2.2296e-07,9.71000,0.000114286,9.71000,0.000114286,9.71000,0.000112116
9.72000,2.23574e-07,9.72000,0,9.72000,0,9.72000,0,9.72000,8.94317e-08,9.72000,0,9.72000,0.000114286,9.72000,0,9.72000,0,9.72000,0.000114286,9.72000,0.4,9.72000,1,9.72000,0,9.72000,0.4,9.72000,0,9.72000,5.01232,9.72000,0,9.72000,511.178,9.72000,0,9.72000,0.4,9.72000,0,9.72000,1400,9.72000,2.23574e-07,9.72000,2.23574e-07,9.72000,2.22825e-07,9.72000,0.000114286,9.72000,0.000114286,9.72000,0.000112209
9.73000,2.23574e-07,9.73000,0,9.73000,0,9.73000,0,9.73000,8.94317e-08,9.73000,0,9.73000,0.000114286,9.73000,0,9.73000,0,9.73000,0.000114286,9.73000,0.4,9.73000,1,9.73000,0,9.73000,0.4,9.73000,0,9.73000,5.01232,9.73000,0,9.73000,511.178,9.73000,0,9.73000,0.4,9.73000,0,9.73000,1400,9.73000,2.23574e-07,9.73000,2.23574e-07,9.73000,2.22691e-07,9.73000,0.000114286,9.73000,0.000114286,9.73000,0.000112301
9.74000,2.23574e-07,9.74000,0,9.74000,0,9.74000,0,9.74000,8.94317e-08,9.74000,0,9.74000,0.000114286,9.74000,0,9.74000,0,9.74000,0.000114286,9.74000,0.4,9.74000,1,9.74000,0,9.74000,0.4,9.74000,0,9.74000,5.01232,9.74000,0,9.74000,511.178,9.74000,0,9.74000,0.4,9.74000,0,9.74000,1400,9.74000,2.23574e-07,9.74000,2.23574e-07,9.74000,2.22557e-07,9.74000,0.000114286,9.74000,0.000114286,9.74000,0.000112394
9.75000,2.23574e-07,9.75000,0,9.75000,0,9.75000,0,9.75000,8.94317e-08,9.75000,0,9.75000,0.000114286,9.75000,0,9.75000,0,9.75000,0.000114286,9.75000,0.4,9.75000,1,9.75000,0,9.75000,0.4,9.75000,0,9.75000,5.01232,9.75000,0,9.75000,511.178,9.75000,0,9.75000,0.4,9.75000,0,9.75000,1400,9.75000,2.23574e-07,9.75000,2.23574e-07,9.75000,2.22422e-07,9.75000,0.000114286,9.75000,0.000114286,9.75000,0.000112486
9.76000,2.23574e-07,9.76000,0,9.76000,0,9.76000,0,9.76000,8.94317e-08,9.76000,0,9.76000,0.000114286,9.76000,0,9.76000,0,9.76000,0.000114286,9.76000,0.4,9.76000,1,9.76000,0,9.76000,0.4,9.76000,0,9.76000,5.01232,9.76000,0,9.76000,511.178,9.76000,0,9.76000,0.4,9.76000,0,9.76000,1400,9.76000,2.23574e-07,9.76000,2.23574e-07,9.76000,2.22288e-07,9.76000,0.000114286,9.76000,0.000114286,9.76000,0.000112579
9.77000,2.23574e-07,9.77000,0,9.77000,0,9.77000,0,9.77000,8.94317e-08,9.77000,0,9.77000,0.000114286,9.77000,0,9.77000,0,9.77000,0.000114286,9.77000,0.4,9.77000,1,9.77000,0,9.77000,0.4,9.77000,0,9.77000,5.01232,9.77000,0,9.77000,511.178,9.77000,0,9.77000,0.4,9.77000,0,9.77000,1400,9.77000,2.23574e-07,9.77000,2.23574e-07,9.77000,2.22154e-07,9.77000,0.000114286,9.77000,0.000114286,9.77000,0.000112671
9.78000,2.23574e-07,9.78000,0,9.78000,0,9.78000,0,9.78000,8.94317e-08,9.78000,0,9.78000,0.000114286,9.78000,0,9.78000,0,9.78000,0.000114286,9.78000,0.4,9.78000,1,9.78000,0,9.78000,0.4,9.78000,0,9.78000,5.01232,9.78000,0,9.78000,511.178,9.78000,0,9.78000,0.4,9.78000,0,9.78000,1400,9.78000,2.23574e-07,9.78000,2.23574e-07,9.78000,2.22019e-07,9.78000,0.000114286,9.78000,0.000114286,9.78000,0.000112764
9.79000,2.23574e-07,9.79000,0,9.79000,0,9.79000,0,9.79000,8.94317e-08,9.79000,0,9.79000,0.000114286,9.79000,0,9.79000,0,9.79000,0.000114286,9.79000,0.4,9.79000,1,9.79000,0,9.79000,0.4,9.79000,0,9.79000,5.01232,9.79000,0,9.79000,511.178,9.79000,0,9.79000,0.4,9.79000,0,9.79000,1400,9.79000,2.23574e-07,9.79000,2.23574e-07,9.79000,2.21885e-07,9.79000,0.000114286,9.79000,0.000114286,9.79000,0.000112856
9.80000,2.23574e-07,9.80000,0,9.80000,0,9.80000,0,9.80000,8.94317e-08,9.80000,0,9.80000,0.000114286,9.80000,0,9.80000,0,9.80000,0.000114286,9.80000,0.4,9.80000,1,9.80000,0,9.80000,0.4,9.80000,0,9.80000,5.01232,9.80000,0,9.80000,511.178,9.80000,0,9.80000,0.4,9.80000,0,9.80000,1400,9.80000,2.23574e-07,9.80000,2.23574e-07,9.80000,2.21751e-07,9.80000,0.000114286,9.80000,0.000114286,9.80000,0.000112949
9.81000,2.23574e-07,9.81000,0,9.81000,0,9.81000,0,9.81000,8.94317e-08,9.81000,0,9.81000,0.000114286,9.81000,0,9.81000,0,9.81000,0.000114286,9.81000,0.4,9.81000,1,9.81000,0,9.81000,0.4,9.81000,0,9.81000,5.01232,9.81000,0,9.81000,511.178,9.81000,0,9.81000,0.4,9.81000,0,9.81000,1400,9.81000,2.23574e-07,9.81000,2.23574e-07,9.81000,2.21616e-07,9.81000,0.000114286,9.81000,0.000114286,9.81000,0.000113041
9.82000,2.23574e-07,9.82000,0,9.82000,0,9.82000,0,9.82000,8.94317e-08,9.82000,0,9.82000,0.000114286,9.82000,0,9.82000,0,9.82000,0.000114286,9.82000,0.4,9.82000,1,9.82000,0,9.82000,0.4,9.82000,0,9.82000,5.01232,9.82000,0,9.82000,511.178,9.82000,0,9.82000,0.4,9.82000,0,9.82000,1400,9.82000,2.23574e-07,9.82000,2.23574e-07,9.82000,2.21482e-07,9.82000,0.000114286,9.82000,0.000114286,9.82000,0.000113134
9.83000,2.23574e-07,9.83000,0,9.83000,0,9.83000,0,9.83000,8.94317e-08,9.83000,0,9.83000,0.000114286,9.83000,0,9.83000,0,9.83000,0.000114286,9.83000,0.4,9.83000,1,9.83000,0,9.83000,0.4,9.83000,0,9.83000,5.01232,9.83000,0,9.83000,511.178,9.83000,0,9.83000,0.4,9.83000,0,9.83000,1400,9.83000,2.23574e-07,9.83000,2.23574e-07,9.83000,2.21348e-07,9.83000,0.000114286,9.83000,0.000114286,9.83000,0.000113226
9.84000,2.23574e-07,9.84000,0,9.84000,0,9.84000,0,9.84000,8.94317e-08,9.84000,0,9.84000,0.000114286,9.84000,0,9.84000,0,9.84000,0.000114286,9.84000,0.4,9.84000,1,9.84000,0,9.84000,0.4,9.84000,0,9.84000,5.01232,9.84000,0,9.84000,511.178,9.84000,0,9.84000,0.4,9.84000,0,9.84000,1400,9.84000,2.23574e-07,9.84000,2.23574e-07,9.84000,2.21213e-07,9.84000,0.000114286,9.84000,0.000114286,9.84000,0.000113318
9.85000,2.23574e-07,9.85000,0,9.85000,0,9.85000,0,9.85000,8.94317e-08,9.85000,0,9.85000,0.000114286,9.85000,0,9.85000,0,9.85000,0.000114286,9.85000,0.4,9.85000,1,9.85000,0,9.85000,0.4,9.85000,0,9.85000,5.01232,9.85000,0,9.85000,511.178,9.85000,0,9.85000,0.4,9.85000,0,9.85000,1400,9.85000,2.23574e-07,9.85000,2.23574e-07,9.85000,2.21079e-07,9.85000,0.000114286,9.85000,0.000114286,9.85000,0.000113411
9.86000,2.23574e-07,9.86000,0,9.86000,0,9.86000,0,9.86000,8.94317e-08,9.86000,0,9.86000,0.000114286,9.86000,0,9.86000,0,9.86000,0.000114286,9.86000,0.4,9.86000,1,9.86000,0,9.86000,0.4,9.86000,0,9.86000,5.01232,9.86000,0,9.86000,511.178,9.86000,0,9.86000,0.4,9.86000,0,9.86000,1400,9.86000,2.23574e-07,9.86000,2.23574e-07,9.86000,2.20945e-07,9.86000,0.000114286,9.86000,0.000114286,9.86000,0.000113503
9.87000,2.23574e-07,9.87000,0,9.87000,0,9.87000,0,9.87000,8.94317e-08,9.87000,0,9.87000,0.000114286,9.87000,0,9.87000,0,9.87000,0.000114286,9.87000,0.4,9.87000,1,9.87000,0,9.87000,0.4,9.87000,0,9.87000,5.01232,9.87000,0,9.87000,511.178,9.87000,0,9.87000,0.4,9.87000,0,9.87000,1400,9.87000,2.23574e-07,9.87000,2.23574e-07,9.87000,2.2081e-07,9.87000,0.000114286,9.87000,0.000114286,9.87000,0.000113596
9.88000,2.23574e-07,9.88000,0,9.88000,0,9.88000,0,9.88000,8.94317e-08,9.88000,0,9.88000,0.000114286,9.88000,0,9.88000,0,9.88000,0.000114286,9.88000,0.4,9.88000,1,9.88000,0,9.88000,0.4,9.88000,0,9.88000,5.01232,9.88000,0,9.88000,511.178,9.88000,0,9.88000,0.4,9.88000,0,9.88000,1400,9.88000,2.23574e-07,9.88000,2.23574e-07,9.88000,2.20676e-07,9.88000,0.000114286,9.88000,0.000114286,9.88000,0.000113688
9.89000,2.23574e-07,9.89000,0,9.89000,0,9.89000,0,9.89000,8.94317e-08,9.89000,0,9.89000,0.000114286,9.89000,0,9.89000,0,9.89000,0.000114286,9.89000,0.4,9.89000,1,9.89000,0,9.89000,0.4,9.89000,0,9.89000,5.01232,9.89000,0,9.89000,511.178,9.89000,0,9.89000,0.4,9.89000,0,9.89000,1400,9.89000,2.23574e-07,9.89000,2.23574e-07,9.89000,2.20542e-07,9.89000,0.000114286,9.89000,0.000114286,9.89000,0.000113781
9.90000,2.23574e-07,9.90000,0,9.90000,0,9.90000,0,9.90000,8.94317e-08,9.90000,0,9.90000,0.000114286,9.90000,0,9.90000,0,9.90000,0.000114286,9.90000,0.4,9.90000,1,9.90000,0,9.90000,0.4,9.90000,0,9.90000,5.01232,9.90000,0,9.90000,511.178,9.90000,0,9.90000,0.4,9.90000,0,9.90000,1400,9.90000,2.23574e-07,9.90000,2.23574e-07,9.90000,2.20407e-07,9.90000,0.000114286,9.90000,0.000114286,9.90000,0.000113873
9.91000,2.23574e-07,9.91000,0,9.91000,0,9.91000,0,9.91000,8.94317e-08,9.91000,0,9.91000,0.000114286,9.91000,0,9.91000,0,9.91000,0.000114286,9.91000,0.4,9.91000,1,9.91000,0,9.91000,0.4,9.91000,0,9.91000,5.01232,9.91000,0,9.91000,511.178,9.91000,0,9.91000,0.4,9.91000,0,9.91000,1400,9.91000,2.23574e-07,9.91000,2.23574e-07,9.91000,2.20273e-07,9.91000,0.000114286,9.91000,0.000114286,9.91000,0.000113966
9.92000,2.23574e-07,9.92000,0,9.92000,0,9.92000,0,9.92000,8.94317e-08,9.92000,0,9.92000,0.000114286,9.92000,0,9.92000,0,9.92000,0.000114286,9.92000,0.4,9.92000,1,9.92000,0,9.92000,0.4,9.92000,0,9.92000,5.01232,9.92000,0,9.92000,511.178,9.92000,0,9.92000,0.4,9.92000,0,9.92000,1400,9.92000,2.23574e-07,9.92000,2.23574e-07,9.92000,2.20139e-07,9.92000,0.000114286,9.92000,0.000114286,9.92000,0.000114058
9.93000,2.23574e-07,9.93000,0,9.93000,0,9.93000,0,9.93000,8.94317e-08,9.93000,0,9.93000,0.000114286,9.93000,0,9.93000,0,9.93000,0.000114286,9.93000,0.4,9.93000,1,9.93000,0,9.93000,0.4,9.93000,0,9.93000,5.01232,9.93000,0,9.93000,511.178,9.93000,0,9.93000,0.4,9.93000,0,9.93000,1400,9.93000,2.23574e-07,9.93000,2.23574e-07,9.93000,2.20004e-07,9.93000,0.000114286,9.93000,0.000114286,9.93000,0.000114151
9.94000,2.23574e-07,9.94000,0,9.94000,0,9.94000,0,9.94000,8.94317e-08,9.94000,0,9.94000,0.000114286,9.94000,0,9.94000,0,9.94000,0.000114286,9.94000,0.4,9.94000,1,9.94000,0,9.94000,0.4,9.94000,0,9.94000,5.01232,9.94000,0,9.94000,511.178,9.94000,0,9.94000,0.4,9.94000,0,9.94000,1400,9.94000,2.23574e-07,9.94000,2.23574e-07,9.94000,2.1987e-07,9.94000,0.000114286,9.94000,0.000114286,9.94000,0.000114243
9.95000,2.23574e-07,9.95000,0,9.95000,0,9.95000,0,9.95000,8.94317e-08,9.95000,0,9.95000,0.000114286,9.95000,0,9.95000,0,9.95000,0.000114286,9.95000,0.4,9.95000,1,9.95000,0,9.95000,0.4,9.95000,0,9.95000,5.01232,9.95000,0,9.95000,511.178,9.95000,0,9.95000,0.4,9.95000,0,9.95000,1400,9.95000,2.23574e-07,9.95000,2.23574e-07,9.95000,2.19772e-07,9.95000,0.000114286,9.95000,0.000114286,9.95000,0.000114247
9.96000,2.23574e-07,9.96000,0,9.96000,0,9.96000,0,9.96000,8.94317e-08,9.96000,0,9.96000,0.000114286,9.96000,0,9.96000,0,9.96000,0.000114286,9.96000,0.4,9.96000,1,9.96000,0,9.96000,0.4,9.96000,0,9.96000,5.01232,9.96000,0,9.96000,511.178,9.96000,0,9.96000,0.4,9.96000,0,9.96000,1400,9.96000,2.23574e-07,9.96000,2.23574e-07,9.96000,2.19691e-07,9.96000,0.000114286,9.96000,0.000114286,9.96000,0.000114212
9.97000,2.23574e-07,9.97000,0,9.97000,0,9.97000,0,9.97000,8.94317e-08,9.97000,0,9.97000,0.000114286,9.97000,0,9.97000,0,9.97000,0.000114286,9.97000,0.4,9.97000,1,9.97000,0,9.97000,0.4,9.97000,0,9.97000,5.01232,9.97000,0,9.97000,511.178,9.97000,0,9.97000,0.4,9.97000,0,9.97000,1400,9.97000,2.23574e-07,9.97000,2.23574e-07,9.97000,2.1961e-07,9.97000,0.000114286,9.97000,0.000114286,9.97000,0.000114176
9.98000,2.23574e-07,9.98000,0,9.98000,0,9.98000,0,9.98000,8.94317e-08,9.98000,0,9.98000,0.000114286,9.98000,0,9.98000,0,9.98000,0.000114286,9.98000,0.4,9.98000,1,9.98000,0,9.98000,0.4,9.98000,0,9.98000,5.01232,9.98000,0,9.98000,511.178,9.98000,0,9.98000,0.4,9.98000,0,9.98000,1400,9.98000,2.23574e-07,9.98000,2.23574e-07,9.98000,2.19528e-07,9.98000,0.000114286,9.98000,0.000114286,9.98000,0.000114141
9.99000,2.23574e-07,9.99000,0,9.99000,0,9.99000,0,9.99000,8.94317e-08,9.99000,0,9.99000,0.000114286,9.99000,0,9.99000,0,9.99000,0.000114286,9.99000,0.4,9.99000,1,9.99000,0,9.99000,0.4,9.99000,0,9.99000,5.01232,9.99000,0,9.99000,511.178,9.99000,0,9.99000,0.4,9.99000,0,9.99000,1400,9.99000,2.23574e-07,9.99000,2.23574e-07,9.99000,2.19447e-07,9.99000,0.000114286,9.99000,0.000114286,9.99000,0.000114105
10.00000,2.23574e-07,10.00000,0,10.00000,0,10.00000,0,10.00000,8.94317e-08,10.00000,0,10.00000,0.000114286,10.00000,0,10.00000,0,10.00000,0.000114286,10.00000,0.4,10.00000,1,10.00000,0,10.00000,0.4,10.00000,0,10.00000,5.01232,10.00000,0,10.00000,511.178,10.00000,0,10.00000,0.4,10.00000,0,10.00000,1400,10.00000,2.23574e-07,10.00000,2.23574e-07,10.00000,2.19365e-07,10.00000,0.000114286,10.00000,0.000114286,10.00000,0.00011407
10.01000,2.23574e-07,10.01000,0,10.01000,0,10.01000,0,10.01000,8.94317e-08,10.01000,0,10.01000,0.000114286,10.01000,0,10.01000,0,10.01000,0.000114286,10.01000,0.4,10.01000,1,10.01000,0,10.01000,0.4,10.01000,0,10.01000,5.01232,10.01000,0,10.01000,511.178,10.01000,0,10.01000,0.4,10.01000,0,10.01000,1400,10.01000,2.23574e-07,10.01000,2.23574e-07,10.01000,2.19284e-07,10.01000,0.000114286,10.01000,0.000114286,10.01000,0.000114034
10.02000,2.23574e-07,10.02000,0,10.02000,0,10.02000,0,10.02000,8.94317e-08,10.02000,0,10.02000,0.000114286,10.02000,0,10.02000,0,10.02000,0.000114286,10.02000,0.4,10.02000,1,10.02000,0,10.02000,0.4,10.02000,0,10.02000,5.01232,10.02000,0,10.02000,511.178,10.02000,0,10.02000,0.4,10.02000,0,10.02000,1400,10.02000,2.23574e-07,10.02000,2.23574e-07,10.02000,2.19203e-07,10.02000,0.000114286,10.02000,0.000114286,10.02000,0.000113999
10.03000,2.23574e-07,10.03000,0,10.03000,0,10.03000,0,10.03000,8.94317e-08,10.03000,0,10.03000,0.000114286,10.03000,0,10.03000,0,10.03000,0.000114286,10.03000,0.4,10.03000,1,10.03000,0,10.03000,0.4,10.03000,0,10.03000,5.01232,10.03000,0,10.03000,511.178,10.03000,0,10.03000,0.4,10.03000,0,10.03000,1400,10.03000,2.23574e-07,10.03000,2.23574e-07,10.03000,2.19121e-07,10.03000,0.000114286,10.03000,0.000114286,10.03000,0.000113963
10.04000,2.23574e-07,10.04000,0,10.04000,0,10.04000,0,10.04000,8.94317e-08,10.04000,0,10.04000,0.000114286,10.04000,0,10.04000,0,10.04000,0.000114286,10.04000,0.4,10.04000,1,10.04000,0,10.04000,0.4,10.04000,0,10.04000,5.01232,10.04000,0,10.04000,511.178,10.04000,0,10.04000,0.4,10.04000,0,10.04000,1400,10.04000,2.23574e-07,10.04000,2.23574e-07,10.04000,2.1904e-07,10.04000,0.000114286,10.04000,0.000114286,10.04000,0.000113928
10.05000,2.23574e-07,10.05000,0,10.05000,0,10.05000,0,10.05000,8.94317e-08,10.05000,0,10.05000,0.000114286,10.05000,0,10.05000,0,10.05000,0.000114286,10.05000,0.4,10.05000,1,10.05000,0,10.05000,0.4,10.05000,0,10.05000,5.01232,10.05000,0,10.05000,511.178,10.05000,0,10.05000,0.4,10.05000,0,10.05000,1400,10.05000,2.23574e-07,10.05000,2.23574e-07,10.05000,2.18959e-07,10.05000,0.000114286,10.05000,0.000114286,10.05000,0.000113892
10.06000,2.23574e-07,10.06000,0,10.06000,0,10.06000,0,10.06000,8.94317e-08,10.06000,0,10.06000,0.000114286,10.06000,0,10.06000,0,10.06000,0.000114286,10.06000,0.4,10.06000,1,10.06000,0,10.06000,0.4,10.06000,0,10.06000,5.01232,10.06000,0,10.06000,511.178,10.06000,0,10.06000,0.4,10.06000,0,10.06000,1400,10.06000,2.23574e-07,10.06000,2.23574e-07,10.06000,2.18877e-07,10.06000,0.000114286,10.06000,0.000114286,10.06000,0.000113857
10.07000,2.23574e-07,10.07000,0,10.07000,0,10.07000,0,10.07000,8.94317e-08,10.07000,0,10.07000,0.000114286,10.07000,0,10.07000,0,10.07000,0.000114286,10.07000,0.4,10.07000,1,10.07000,0,10.07000,0.4,10.07000,0,10.07000,5.01232,10.07000,0,10.07000,511.178,10.07000,0,10.07000,0.4,10.07000,0,10.07000,1400,10.07000,2.23574e-07,10.07000,2.23574e-07,10.07000,2.18796e-07,10.07000,0.000114286,10.07000,0.000114286,10.07000,0.000113821
10.08000,2.23574e-07,10.08000,0,10.08000,0,10.08000,0,10.08000,8.94317e-08,10.08000,0,10.08000,0.000114286,10.08000,0,10.08000,0,10.08000,0.000114286,10.08000,0.4,10.08000,1,10.08000,0,10.08000,0.4,10.08000,0,10.08000,5.01232,10.08000,0,10.08000,511.178,10.08000,0,10.08000,0.4,10.08000,0,10.08000,1400,10.08000,2.23574e-07,10.08000,2.23574e-07,10.08000,2.18715e-07,10.08000,0.000114286,10.08000,0.000114286,10.08000,0.000113786
10.09000,2.23574e-07,10.09000,0,10.09000,0,10.09000,0,10.09000,8.94317e-08,10.09000,0,10.09000,0.000114286,10.09000,0,10.09000,0,10.09000,0.000114286,10.09000,0.4,10.09000,1,10.09000,0,10.09000,0.4,10.09000,0,10.09000,5.01232,10.09000,0,10.09000,511.178,10.09000,0,10.09000,0.4,10.09000,0,10.09000,1400,10.09000,2.23574e-07,10.09000,2.23574e-07,10.09000,2.18633e-07,10.09000,0.000114286,10.09000,0.000114286,10.09000,0.00011375
10.10000,2.23574e-07,10.10000,0,10.10000,0,10.10000,0,10.10000,8.94317e-08,10.10000,0,10.10000,0.000114286,10.10000,0,10.10000,0,10.10000,0.000114286,10.10000,0.4,10.10000,1,10.10000,0,10.10000,0.4,10.10000,0,10.10000,5.01232,10.10000,0,10.10000,511.178,10.10000,0,10.10000,0.4,10.10000,0,10.10000,1400,10.10000,2.23574e-07,10.10000,2.23574e-07,10.10000,2.18552e-07,10.10000,0.000114286,10.10000,0.000114286,10.10000,0.000113715
10.11000,2.23574e-07,10.11000,0,10.11000,0,10.11000,0,10.11000,8.94317e-08,10.11000,0,10.11000,0.000114286,10.11000,0,10.11000,0,10.11000,0.000114286,10.11000,0.4,10.11000,1,10.11000,0,10.11000,0.4,10.11000,0,10.11000,5.01232,10.11000,0,10.11000,511.178,10.11000,0,10.11000,0.4,10.11000,0,10.11000,1400,10.11000,2.23574e-07,10.11000,2.23574e-07,10.11000,2.18471e-07,10.11000,0.000114286,10.11000,0.000114286,10.11000,0.000113679
10.12000,2.23574e-07,10.12000,0,10.12000,0,10.12000,0,10.12000,8.94317e-08,10.12000,0,10.12000,0.000114286,10.12000,0,10.12000,0,10.12000,0.000114286,10.12000,0.4,10.12000,1,10.12000,0,10.12000,0.4,10.12000,0,10.12000,5.01232,10.12000,0,10.12000,511.178,10.12000,0,10.12000,0.4,10.12000,0,10.12000,1400,10.12000,2.23574e-07,10.12000,2.23574e-07,10.12000,2.18389e-07,10.12000,0.000114286,10.12000,0.000114286,10.12000,0.000113644
10.13000,2.23574e-07,10.13000,0,10.13000,0,10.13000,0,10.13000,8.94317e-08,10.13000,0,10.13000,0.000114286,10.13000,0,10.13000,0,10.13000,0.000114286,10.13000,0.4,10.13000,1,10.13000,0,10.13000,0.4,10.13000,0,10.13000,5.01232,10.13000,0,10.13000,511.178,10.13000,0,10.13000,0.4,10.13000,0,10.13000,1400,10.13000,2.23574e-07,10.13000,2.23574e-07,10.13000,2.18308e-07,10.13000,0.000114286,10.13000,0.000114286,10.13000,0.000113608
10.14000,2.23574e-07,10.14000,0,10.14000,0,10.14000,0,10.14000,8.94317e-08,10.14000,0,10.14000,0.000114286,10.14000,0,10.14000,0,10.14000,0.000114286,10.14000,0.4,10.14000,1,10.14000,0,10.14000,0.4,10.14000,0,10.14000,5.01232,10.14000,0,10.14000,511.178,10.14000,0,10.14000,0.4,10.14000,0,10.14000,1400,10.14000,2.23574e-07,10.14000,2.23574e-07,10.14000,2.18227e-07,10.14000,0.000114286,10.14000,0.000114286,10.14000,0.000113573
10.15000,2.23574e-07,10.15000,0,10.15000,0,10.15000,0,10.15000,8.94317e-08,10.15000,0,10.15000,0.000114286,10.15000,0,10.15000,0,10.15000,0.000114286,10.15000,0.4,10.15000,1,10.15000,0,10.15000,0.4,10.15000,0,10.15000,5.01232,10.15000,0,10.15000,511.178,10.15000,0,10.15000,0.4,10.15000,0,10.15000,1400,10.15000,2.23574e-07,10.15000,2.23574e-07,10.15000,2.18145e-07,10.15000,0.000114286,10.15000,0.000114286,10.15000,0.000113537
10.16000,2.23574e-07,10.16000,0,10.16000,0,10.16000,0,10.16000,8.94317e-08,10.16000,0,10.16000,0.000114286,10.16000,0,10.16000,0,10.16000,0.000114286,10.16000,0.4,10.16000,1,10.16000,0,10.16000,0.4,10.16000,0,10.16000,5.01232,10.16000,0,10.16000,511.178,10.16000,0,10.16000,0.4,10.16000,0,10.16000,1400,10.16000,2.23574e-07,10.16000,2.23574e-07,10.16000,2.18064e-07,10.16000,0.000114286,10.16000,0.000114286,10.16000,0.000113502
10.17000,2.23574e-07,10.17000,0,10.17000,0,10.17000,0,10.17000,8.94317e-08,10.17000,0,10.17000,0.000114286,10.17000,0,10.17000,0,10.17000,0.000114286,10.17000,0.4,10.17000,1,10.17000,0,10.17000,0.4,10.17000,0,10.17000,5.01232,10.17000,0,10.17000,511.178,10.17000,0,10.17000,0.4,10.17000,0,10.17000,1400,10.17000,2.23574e-07,10.17000,2.23574e-07,10.17000,2.17983e-07,10.17000,0.000114286,10.17000,0.000114286,10.17000,0.000113466
10.18000,2.23574e-07,10.18000,0,10.18000,0,10.18000,0,10.18000,8.94317e-08,10.18000,0,10.18000,0.000114286,10.18000,0,10.18000,0,10.18000,0.000114286,10.18000,0.4,10.18000,1,10.18000,0,10.18000,0.4,10.18000,0,10.18000,5.01232,10.18000,0,10.18000,511.178,10.18000,0,10.18000,0.4,10.18000,0,10.18000,1400,10.18000,2.23574e-07,10.18000,2.23574e-07,10.18000,2.17901e-07,10.18000,0.000114286,10.18000,0.000114286,10.18000,0.000113431
10.19000,2.23574e-07,10.19000,0,10.19000,0,10.19000,0,10.19000,8.94317e-08,10.19000,0,10.19000,0.000114286,10.19000,0,10.19000,0,10.19000,0.000114286,10.19000,0.4,10.19000,1,10.19000,0,10.19000,0.4,10.19000,0,10.19000,5.01232,10.19000,0,10.19000,511.178,10.19000,0,10.19000,0.4,10.19000,0,10.19000,1400,10.19000,2.23574e-07,10.19000,2.23574e-07,10.19000,2.1782e-07,10.19000,0.000114286,10.19000,0.000114286,10.19000,0.000113395
10.20000,2.23574e-07,10.20000,0,10.20000,0,10.20000,0,10.20000,8.94317e-08,10.20000,0,10.20000,0.000114286,10.20000,0,10.20000,0,10.20000,0.000114286,10.20000,0.4,10.20000,1,10.20000,0,10.20000,0.4,10.20000,0,10.20000,5.01232,10.20000,0,10.20000,511.178,10.20000,0,10.20000,0.4,10.20000,0,10.20000,1400,10.20000,2.23574e-07,10.20000,2.23574e-07,10.20000,2.17739e-07,10.20000,0.000114286,10.20000,0.000114286,10.20000,0.00011336
10.21000,2.23574e-07,10.21000,0,10.21000,0,10.21000,0,10.21000,8.94317e-08,10.21000,0,10.21000,0.000114286,10.21000,0,10.21000,0,10.21000,0.000114286,10.21000,0.4,10.21000,1,10.21000,0,10.21000,0.4,10.21000,0,10.21000,5.01232,10.21000,0,10.21000,511.178,10.21000,0,10.21000,0.4,10.21000,0,10.21000,1400,10.21000,2.23574e-07,10.21000,2.23574e-07,10.21000,2.17657e-07,10.21000,0.000114286,10.21000,0.000114286,10.21000,0.000113324
10.22000,2.23574e-07,10.22000,0,10.22000,0,10.22000,0,10.22000,8.94317e-08,10.22000,0,10.22000,0.000114286,10.22000,0,10.22000,0,10.22000,0.000114286,10.22000,0.4,10.22000,1,10.22000,0,10.22000,0.4,10.22000,0,10.22000,5.01232,10.22000,0,10.22000,511.178,10.22000,0,10.22000,0.4,10.22000,0,10.22000,1400,10.22000,2.23574e-07,10.22000,2.23574e-07,10.22000,2.17576e-07,10.22000,0.000114286,10.22000,0.000114286,10.22000,0.000113289
10.23000,2.23574e-07,10.23000,0,10.23000,0,10.23000,0,10.23000,8.94317e-08,10.23000,0,10.23000,0.000114286,10.23000,0,10.23000,0,10.23000,0.000114286,10.23000,0.4,10.23000,1,10.23000,0,10.23000,0.4,10.23000,0,10.23000,5.01232,10.23000,0,10.23000,511.178,10.23000,0,10.23000,0.4,10.23000,0,10.23000,1400,10.23000,2.23574e-07,10.23000,2.23574e-07,10.23000,2.17495e-07,10.23000,0.000114286,10.23000,0.000114286,10.23000,0.000113253
10.24000,2.23574e-07,10.24000,0,10.24000,0,10.24000,0,10.24000,8.94317e-08,10.24000,0,10.24000,0.000114286,10.24000,0,10.24000,0,10.24000,0.000114286,10.24000,0.4,10.24000,1,10.24000,0,10.24000,0.4,10.24000,0,10.24000,5.01232,10.24000,0,10.24000,511.178,10.24000,0,10.24000,0.4,10.24000,0,10.24000,1400,10.24000,2.23574e-07,10.24000,2.23574e-07,10.24000,2.17413e-07,10.24000,0.000114286,10.24000,0.000114286,10.24000,0.000113218
10.25000,2.23574e-07,10.25000,0,10.25000,0,10.25000,0,10.25000,8.94317e-08,10.25000,0,10.25000,0.000114286,10.25000,0,10.25000,0,10.25000,0.000114286,10.25000,0.4,10.25000,1,10.25000,0,10.25000,0.4,10.25000,0,10.25000,5.01232,10.25000,0,10.25000,511.178,10.25000,0,10.25000,0.4,10.25000,0,10.25000,1400,10.25000,2.23574e-07,10.25000,2.23574e-07,10.25000,2.17332e-07,10.25000,0.000114286,10.25000,0.000114286,10.25000,0.000113182
10.26000,2.23574e-07,10.26000,0,10.26000,0,10.26000,0,10.26000,8.94317e-08,10.26000,0,10.26000,0.000114286,10.26000,0,10.26000,0,10.26000,0.000114286,10.26000,0.4,10.26000,1,10.26000,0,10.26000,0.4,10.26000,0,10.26000,5.01232,10.26000,0,10.26000,511.178,10.26000,0,10.26000,0.4,10.26000,0,10.26000,1400,10.26000,2.23574e-07,10.26000,2.23574e-07,10.26000,2.17251e-07,10.26000,0.000114286,10.26000,0.000114286,10.26000,0.000113147
10.27000,2.23574e-07,10.27000,0,10.27000,0,10.27000,0,10.27000,8.94317e-08,10.27000,0,10.27000,0.000114286,10.27000,0,10.27000,0,10.27000,0.000114286,10.27000,0.4,10.27000,1,10.27000,0,10.27000,0.4,10.27000,0,10.27000,5.01232,10.27000,0,10.27000,511.178,10.27000,0,10.27000,0.4,10.27000,0,10.27000,1400,10.27000,2.23574e-07,10.27000,2.23574e-07,10.27000,2.17169e-07,10.27000,0.000114286,10.27000,0.000114286,10.27000,0.000113111
10.28000,2.23574e-07,10.28000,0,10.28000,0,10.28000,0,10.28000,8.94317e-08,10.28000,0,10.28000,0.000114286,10.28000,0,10.28000,0,10.28000,0.000114286,10.28000,0.4,10.28000,1,10.28000,0,10.28000,0.4,10.28000,0,10.28000,5.01232,10.28000,0,10.28000,511.178,10.28000,0,10.28000,0.4,10.28000,0,10.28000,1400,10.28000,2.23574e-07,10.28000,2.23574e-07,10.28000,2.17088e-07,10.28000,0.000114286,10.28000,0.000114286,10.28000,0.000113076
10.29000,2.23574e-07,10.29000,0,10.29000,0,10.29000,0,10.29000,8.94317e-08,10.29000,0,10.29000,0.000114286,10.29000,0,10.29000,0,10.29000,0.000114286,10.29000,0.4,10.29000,1,10.29000,0,10.29000,0.4,10.29000,0,10.29000,5.01232,10.29000,0,10.29000,511.178,10.29000,0,10.29000,0.4,10.29000,0,10.29000,1400,10.29000,2.23574e-07,10.29000,2.23574e-07,10.29000,2.17007e-07,10.29000,0.000114286,10.29000,0.000114286,10.29000,0.00011304
10.30000,2.23574e-07,10.30000,0,10.30000,0,10.30000,0,10.30000,8.94317e-08,10.30000,0,10.30000,0.000114286,10.30000,0,10.30000,0,10.30000,0.000114286,10.30000,0.4,10.30000,1,10.30000,0,10.30000,0.4,10.30000,0,10.30000,5.01232,10.30000,0,10.30000,511.178,10.30000,0,10.30000,0.4,10.30000,0,10.30000,1400,10.30000,2.23574e-07,10.30000,2.23574e-07,10.30000,2.16925e-07,10.30000,0.000114286,10.30000,0.000114286,10.30000,0.000113005
10.31000,2.23574e-07,10.31000,0,10.31000,0,10.31000,0,10.31000,8.94317e-08,10.31000,0,10.31000,0.000114286,10.31000,0,10.31000,0,10.31000,0.000114286,10.31000,0.4,10.31000,1,10.31000,0,10.31000,0.4,10.31000,0,10.31000,5.01232,10.31000,0,10.31000,511.178,10.31000,0,10.31000,0.4,10.31000,0,10.31000,1400,10.31000,2.23574e-07,10.31000,2.23574e-07,10.31000,2.16844e-07,10.31000,0.000114286,10.31000,0.000114286,10.31000,0.000112969
10.32000,2.23574e-07,10.32000,0,10.32000,0,10.32000,0,10.32000,8.94317e-08,10.32000,0,10.32000,0.000114286,10.32000,0,10.32000,0,10.32000,0.000114286,10.32000,0.4,10.32000,1,10.32000,0,10.32000,0.4,10.32000,0,10.32000,5.01232,10.32000,0,10.32000,511.178,10.32000,0,10.32000,0.4,10.32000,0,10.32000,1400,10.32000,2.23574e-07,10.32000,2.23574e-07,10.32000,2.16763e-07,10.32000,0.000114286,10.32000,0.000114286,10.32000,0.000112934
10.33000,2.23574e-07,10.33000,0,10.33000,0,10.33000,0,10.33000,8.94317e-08,10.33000,0,10.33000,0.000114286,10.33000,0,10.33000,0,10.33000,0.000114286,10.33000,0.4,10.33000,1,10.33000,0,10.33000,0.4,10.33000,0,10.33000,5.01232,10.33000,0,10.33000,511.178,10.33000,0,10.33000,0.4,10.33000,0,10.33000,1400,10.33000,2.23574e-07,10.33000,2.23574e-07,10.33000,2.16681e-07,10.33000,0.000114286,10.33000,0.000114286,10.33000,0.000112898
10.34000,2.23574e-07,10.34000,0,10.34000,0,10.34000,0,10.34000,8.94317e-08,10.34000,0,10.34000,0.000114286,10.34000,0,10.34000,0,10.34000,0.000114286,10.34000,0.4,10.34000,1,10.34000,0,10.34000,0.4,10.34000,0,10.34000,5.01232,10.34000,0,10.34000,511.178,10.34000,0,10.34000,0.4,10.34000,0,10.34000,1400,10.34000,2.23574e-07,10.34000,2.23574e-07,10.34000,2.166e-07,10.34000,0.000114286,10.34000,0.000114286,10.34000,0.000112863
10.35000,2.23574e-07,10.35000,0,10.35000,0,10.35000,0,10.35000,8.94317e-08,10.35000,0,10.35000,0.000114286,10.35000,0,10.35000,0,10.35000,0.000114286,10.35000,0.4,10.35000,1,10.35000,0,10.35000,0.4,10.35000,0,10.35000,5.01232,10.35000,0,10.35000,511.178,10.35000,0,10.35000,0.4,10.35000,0,10.35000,1400,10.35000,2.23574e-07,10.35000,2.23574e-07,10.35000,2.16519e-07,10.35000,0.000114286,10.35000,0.000114286,10.35000,0.000112827
10.36000,2.23574e-07,10.36000,0,10.36000,0,10.36000,0,10.36000,8.94317e-08,10.36000,0,10.36000,0.000114286,10.36000,0,10.36000,0,10.36000,0.000114286,10.36000,0.4,10.36000,1,10.36000,0,10.36000,0.4,10.36000,0,10.36000,5.01232,10.36000,0,10.36000,511.178,10.36000,0,10.36000,0.4,10.36000,0,10.36000,1400,10.36000,2.23574e-07,10.36000,2.23574e-07,10.36000,2.16437e-07,10.36000,0.000114286,10.36000,0.000114286,10.36000,0.000112792
10.37000,2.23574e-07,10.37000,0,10.37000,0,10.37000,0,10.37000,8.94317e-08,10.37000,0,10.37000,0.000114286,10.37000,0,10.37000,0,10.37000,0.000114286,10.37000,0.4,10.37000,1,10.37000,0,10.37000,0.4,10.37000,0,10.37000,5.01232,10.37000,0,10.37000,511.178,10.37000,0,10.37000,0.4,10.37000,0,10.37000,1400,10.37000,2.23574e-07,10.37000,2.23574e-07,10.37000,2.16356e-07,10.37000,0.000114286,10.37000,0.000114286,10.37000,0.000112756
10.38000,2.23574e-07,10.38000,0,10.38000,0,10.38000,0,10.38000,8.94317e-08,10.38000,0,10.38000,0.000114286,10.38000,0,10.38000,0,10.38000,0.000114286,10.38000,0.4,10.38000,1,10.38000,0,10.38000,0.4,10.38000,0,10.38000,5.01232,10.38000,0,10.38000,511.178,10.38000,0,10.38000,0.4,10.38000,0,10.38000,1400,10.38000,2.23574e-07,10.38000,2.23574e-07,10.38000,2.16275e-07,10.38000,0.000114286,10.38000,0.000114286,10.38000,0.000112721
10.39000,2.23574e-07,10.39000,0,10.39000,0,10.39000,0,10.39000,8.94317e-08,10.39000,0,10.39000,0.000114286,10.39000,0,10.39000,0,10.39000,0.000114286,10.39000,0.4,10.39000,1,10.39000,0,10.39000,0.4,10.39000,0,10.39000,5.01232,10.39000,0,10.39000,511.178,10.39000,0,10.39000,0.4,10.39000,0,10.39000,1400,10.39000,2.23574e-07,10.39000,2.23574e-07,10.39000,2.16193e-07,10.39000,0.000114286,10.39000,0.000114286,10.39000,0.000112685
10.40000,2.23574e-07,10.40000,0,10.40000,0,10.40000,0,10.40000,8.94317e-08,10.40000,0,10.40000,0.000114286,10.40000,0,10.40000,0,10.40000,0.000114286,10.40000,0.4,10.40000,1,10.40000,0,10.40000,0.4,10.40000,0,10.40000,5.01232,10.40000,0,10.40000,511.178,10.40000,0,10.40000,0.4,10.40000,0,10.40000,1400,10.40000,2.23574e-07,10.40000,2.23574e-07,10.40000,2.16112e-07,10.40000,0.000114286,10.40000,0.000114286,10.40000,0.00011265
10.41000,2.23574e-07,10.41000,0,10.41000,0,10.41000,0,10.41000,8.94317e-08,10.41000,0,10.41000,0.000114286,10.41000,0,10.41000,0,10.41000,0.000114286,10.41000,0.4,10.41000,1,10.41000,0,10.41000,0.4,10.41000,0,10.41000,5.01232,10.41000,0,10.41000,511.178,10.41000,0,10.41000,0.4,10.41000,0,10.41000,1400,10.41000,2.23574e-07,10.41000,2.23574e-07,10.41000,2.16031e-07,10.41000,0.000114286,10.41000,0.000114286,10.41000,0.000112614
10.42000,2.23574e-07,10.42000,0,10.42000,0,10.42000,0,10.42000,8.94317e-08,10.42000,0,10.42000,0.000114286,10.42000,0,10.42000,0,10.42000,0.000114286,10.42000,0.4,10.42000,1,10.42000,0,10.42000,0.4,10.42000,0,10.42000,5.01232,10.42000,0,10.42000,511.178,10.42000,0,10.42000,0.4,10.42000,0,10.42000,1400,10.42000,2.23574e-07,10.42000,2.23574e-07,10.42000,2.15949e-07,10.42000,0.000114286,10.42000,0.000114286,10.42000,0.000112579
10.43000,2.23574e-07,10.43000,0,10.43000,0,10.43000,0,10.43000,8.94317e-08,10.43000,0,10.43000,0.000114286,10.43000,0,10.43000,0,10.43000,0.000114286,10.43000,0.4,10.43000,1,10.43000,0,10.43000,0.4,10.43000,0,10.43000,5.01232,10.43000,0,10.43000,511.178,10.43000,0,10.43000,0.4,10.43000,0,10.43000,1400,10.43000,2.23574e-07,10.43000,2.23574e-07,10.43000,2.15868e-07,10.43000,0.000114286,10.43000,0.000114286,10.43000,0.000112543
10.44000,2.23574e-07,10.44000,0,10.44000,0,10.44000,0,10.44000,8.94317e-08,10.44000,0,10.44000,0.000114286,10.44000,0,10.44000,0,10.44000,0.000114286,10.44000,0.4,10.44000,1,10.44000,0,10.44000,0.4,10.44000,0,10.44000,5.01232,10.44000,0,10.44000,511.178,10.44000,0,10.44000,0.4,10.44000,0,10.44000,1400,10.44000,2.23574e-07,10.44000,2.23574e-07,10.44000,2.15787e-07,10.44000,0.000114286,10.44000,0.000114286,10.44000,0.000112508
10.45000,2.23574e-07,10.45000,0,10.45000,0,10.45000,0,10.45000,8.94317e-08,10.45000,0,10.45000,0.000114286,10.45000,0,10.45000,0,10.45000,0.000114286,10.45000,0.4,10.45000,1,10.45000,0,10.45000,0.4,10.45000,0,10.45000,5.01232,10.45000,0,10.45000,511.178,10.45000,0,10.45000,0.4,10.45000,0,10.45000,1400,10.45000,2.23574e-07,10.45000,2.23574e-07,10.45000,2.15705e-07,10.45000,0.000114286,10.45000,0.000114286,10.45000,0.000112472
10.46000,2.23574e-07,10.46000,0,10.46000,0,10.46000,0,10.46000,8.94317e-08,10.46000,0,10.46000,0.000114286,10.46000,0,10.46000,0,10.46000,0.000114286,10.46000,0.4,10.46000,1,10.46000,0,10.46000,0.4,10.46000,0,10.46000,5.01232,10.46000,0,10.46000,511.178,10.46000,0,10.46000,0.4,10.46000,0,10.46000,1400,10.46000,2.23574e-07,10.46000,2.23574e-07,10.46000,2.15624e-07,10.46000,0.000114286,10.46000,0.000114286,10.46000,0.000112437
10.47000,2.23574e-07,10.47000,0,10.47000,0,10.47000,0,10.47000,8.94317e-08,10.47000,0,10.47000,0.000114286,10.47000,0,10.47000,0,10.47000,0.000114286,10.47000,0.4,10.47000,1,10.47000,0,10.47000,0.4,10.47000,0,10.47000,5.01232,10.47000,0,10.47000,511.178,10.47000,0,10.47000,0.4,10.47000,0,10.47000,1400,10.47000,2.23574e-07,10.47000,2.23574e-07,10.47000,2.15543e-07,10.47000,0.000114286,10.47000,0.000114286,10.47000,0.000112401
10.48000,2.23574e-07,10.48000,0,10.48000,0,10.48000,0,10.48000,8.94317e-08,10.48000,0,10.48000,0.000114286,10.48000,0,10.48000,0,10.48000,0.000114286,10.48000,0.4,10.48000,1,10.48000,0,10.48000,0.4,10.48000,0,10.48000,5.01232,10.48000,0,10.48000,511.178,10.48000,0,10.48000,0.4,10.48000,0,10.48000,1400,10.48000,2.23574e-07,10.48000,2.23574e-07,10.48000,2.15461e-07,10.48000,0.000114286,10.48000,0.000114286,10.48000,0.000112366
10.49000,2.23574e-07,10.49000,0,10.49000,0,10.49000,0,10.49000,8.94317e-08,10.49000,0,10.49000,0.000114286,10.49000,0,10.49000,0,10.49000,0.000114286,10.49000,0.4,10.49000,1,10.49000,0,10.49000,0.4,10.49000,0,10.49000,5.01232,10.49000,0,10.49000,511.178,10.49000,0,10.49000,0.4,10.49000,0,10.49000,1400,10.49000,2.23574e-07,10.49000,2.23574e-07,10.49000,2.1538e-07,10.49000,0.000114286,10.49000,0.000114286,10.49000,0.00011233
10.50000,2.23574e-07,10.50000,0,10.50000,0,10.50000,0,10.50000,8.94317e-08,10.50000,0,10.50000,0.000114286,10.50000,0,10.50000,0,10.50000,0.000114286,10.50000,0.4,10.50000,1,10.50000,0,10.50000,0.4,10.50000,0,10.50000,5.01232,10.50000,0,10.50000,511.178,10.50000,0,10.50000,0.4,10.50000,0,10.50000,1400,10.50000,2.23574e-07,10.50000,2.23574e-07,10.50000,2.15299e-07,10.50000,0.000114286,10.50000,0.000114286,10.50000,0.000112295
10.51000,2.23574e-07,10.51000,0,10.51000,0,10.51000,0,10.51000,8.94317e-08,10.51000,0,10.51000,0.000114286,10.51000,0,10.51000,0,10.51000,0.000114286,10.51000,0.4,10.51000,1,10.51000,0,10.51000,0.4,10.51000,0,10.51000,5.01232,10.51000,0,10.51000,511.178,10.51000,0,10.51000,0.4,10.51000,0,10.51000,1400,10.51000,2.23574e-07,10.51000,2.23574e-07,10.51000,2.15217e-07,10.51000,0.000114286,10.51000,0.000114286,10.51000,0.000112259
10.52000,2.23574e-07,10.52000,0,10.52000,0,10.52000,0,10.52000,8.94317e-08,10.52000,0,10.52000,0.000114286,10.52000,0,10.52000,0,10.52000,0.000114286,10.52000,0.4,10.52000,1,10.52000,0,10.52000,0.4,10.52000,0,10.52000,5.01232,10.52000,0,10.52000,511.178,10.52000,0,10.52000,0.4,10.52000,0,10.52000,1400,10.52000,2.23574e-07,10.52000,2.23574e-07,10.52000,2.15136e-07,10.52000,0.000114286,10.52000,0.000114286,10.52000,0.000112224
10.53000,2.23574e-07,10.53000,0,10.53000,0,10.53000,0,10.53000,8.94317e-08,10.53000,0,10.53000,0.000114286,10.53000,0,10.53000,0,10.53000,0.000114286,10.53000,0.4,10.53000,1,10.53000,0,10.53000,0.4,10.53000,0,10.53000,5.01232,10.53000,0,10.53000,511.178,10.53000,0,10.53000,0.4,10.53000,0,10.53000,1400,10.53000,2.23574e-07,10.53000,2.23574e-07,10.53000,2.15055e-07,10.53000,0.000114286,10.53000,0.000114286,10.53000,0.000112188
10.54000,2.23574e-07,10.54000,0,10.54000,0,10.54000,0,10.54000,8.94317e-08,10.54000,0,10.54000,0.000114286,10.54000,0,10.54000,0,10.54000,0.000114286,10.54000,0.4,10.54000,1,10.54000,0,10.54000,0.4,10.54000,0,10.54000,5.01232,10.54000,0,10.54000,511.178,10.54000,0,10.54000,0.4,10.54000,0,10.54000,1400,10.54000,2.23574e-07,10.54000,2.23574e-07,10.54000,2.14973e-07,10.54000,0.000114286,10.54000,0.000114286,10.54000,0.000112153
10.55000,2.23574e-07,10.55000,0,10.55000,0,10.55000,0,10.55000,8.94317e-08,10.55000,0,10.55000,0.000114286,10.55000,0,10.55000,0,10.55000,0.000114286,10.55000,0.4,10.55000,1,10.55000,0,10.55000,0.4,10.55000,0,10.55000,5.01232,10.55000,0,10.55000,511.178,10.55000,0,10.55000,0.4,10.55000,0,10.55000,1400,10.55000,2.23574e-07,10.55000,2.23574e-07,10.55000,2.14892e-07,10.55000,0.000114286,10.55000,0.000114286,10.55000,0.000112117
10.56000,2.23574e-07,10.56000,0,10.56000,0,10.56000,0,10.56000,8.94317e-08,10.56000,0,10.56000,0.000114286,10.56000,0,10.56000,0,10.56000,0.000114286,10.56000,0.4,10.56000,1,10.56000,0,10.56000,0.4,10.56000,0,10.56000,5.01232,10.56000,0,10.56000,511.178,10.56000,0,10.56000,0.4,10.56000,0,10.56000,1400,10.56000,2.23574e-07,10.56000,2.23574e-07,10.56000,2.14811e-07,10.56000,0.000114286,10.56000,0.000114286,10.56000,0.000112082
10.57000,2.23574e-07,10.57000,0,10.57000,0,10.57000,0,10.57000,8.94317e-08,10.57000,0,10.57000,0.000114286,10.57000,0,10.57000,0,10.57000,0.000114286,10.57000,0.4,10.57000,1,10.57000,0,10.57000,0.4,10.57000,0,10.57000,5.01232,10.57000,0,10.57000,511.178,10.57000,0,10.57000,0.4,10.57000,0,10.57000,1400,10.57000,2.23574e-07,10.57000,2.23574e-07,10.57000,2.14729e-07,10.57000,0.000114286,10.57000,0.000114286,10.57000,0.000112046
10.58000,2.23574e-07,10.58000,0,10.58000,0,10.58000,0,10.58000,8.94317e-08,10.58000,0,10.58000,0.000114286,10.58000,0,10.58000,0,10.58000,0.000114286,10.58000,0.4,10.58000,1,10.58000,0,10.58000,0.4,10.58000,0,10.58000,5.01232,10.58000,0,10.58000,511.178,10.58000,0,10.58000,0.4,10.58000,0,10.58000,1400,10.58000,2.23574e-07,10.58000,2.23574e-07,10.58000,2.14648e-07,10.58000,0.000114286,10.58000,0.000114286,10.58000,0.000112011
10.59000,2.23574e-07,10.59000,0,10.59000,0,10.59000,0,10.59000,8.94317e-08,10.59000,0,10.59000,0.000114286,10.59000,0,10.59000,0,10.59000,0.000114286,10.59000,0.4,10.59000,1,10.59000,0,10.59000,0.4,10.59000,0,10.59000,5.01232,10.59000,0,10.59000,511.178,10.59000,0,10.59000,0.4,10.59000,0,10.59000,1400,10.59000,2.23574e-07,10.59000,2.23574e-07,10.59000,2.14567e-07,10.59000,0.000114286,10.59000,0.000114286,10.59000,0.000111975
10.60000,2.23574e-07,10.60000,0,10.60000,0,10.60000,0,10.60000,8.94317e-08,10.60000,0,10.60000,0.000114286,10.60000,0,10.60000,0,10.60000,0.000114286,10.60000,0.4,10.60000,1,10.60000,0,10.60000,0.4,10.60000,0,10.60000,5.01232,10.60000,0,10.60000,511.178,10.60000,0,10.60000,0.4,10.60000,0,10.60000,1400,10.60000,2.23574e-07,10.60000,2.23574e-07,10.60000,2.14485e-07,10.60000,0.000114286,10.60000,0.000114286,10.60000,0.00011194
10.61000,2.23574e-07,10.61000,0,10.61000,0,10.61000,0,10.61000,8.94317e-08,10.61000,0,10.61000,0.000114286,10.61000,0,10.61000,0,10.61000,0.000114286,10.61000,0.4,10.61000,1,10.61000,0,10.61000,0.4,10.61000,0,10.61000,5.01232,10.61000,0,10.61000,511.178,10.61000,0,10.61000,0.4,10.61000,0,10.61000,1400,10.61000,2.23574e-07,10.61000,2.23574e-07,10.61000,2.14404e-07,10.61000,0.000114286,10.61000,0.000114286,10.61000,0.000111904
10.62000,2.23574e-07,10.62000,0,10.62000,0,10.62000,0,10.62000,8.94317e-08,10.62000,0,10.62000,0.000114286,10.62000,0,10.62000,0,10.62000,0.000114286,10.62000,0.4,10.62000,1,10.62000,0,10.62000,0.4,10.62000,0,10.62000,5.01232,10.62000,0,10.62000,511.178,10.62000,0,10.62000,0.4,10.62000,0,10.62000,1400,10.62000,2.23574e-07,10.62000,2.23574e-07,10.62000,2.14323e-07,10.62000,0.000114286,10.62000,0.000114286,10.62000,0.000111869
10.63000,2.23574e-07,10.63000,0,10.63000,0,10.63000,0,10.63000,8.94317e-08,10.63000,0,10.63000,0.000114286,10.63000,0,10.63000,0,10.63000,0.000114286,10.63000,0.4,10.63000,1,10.63000,0,10.63000,0.4,10.63000,0,10.63000,5.01232,10.63000,0,10.63000,511.178,10.63000,0,10.63000,0.4,10.63000,0,10.63000,1400,10.63000,2.23574e-07,10.63000,2.23574e-07,10.63000,2.14241e-07,10.63000,0.000114286,10.63000,0.000114286,10.63000,0.000111833
10.64000,2.23574e-07,10.64000,0,10.64000,0,10.64000,0,10.64000,8.94317e-08,10.64000,0,10.64000,0.000114286,10.64000,0,10.64000,0,10.64000,0.000114286,10.64000,0.4,10.64000,1,10.64000,0,10.64000,0.4,10.64000,0,10.64000,5.01232,10.64000,0,10.64000,511.178,10.64000,0,10.64000,0.4,10.64000,0,10.64000,1400,10.64000,2.23574e-07,10.64000,2.23574e-07,10.64000,2.1416e-07,10.64000,0.000114286,10.64000,0.000114286,10.64000,0.000111798
10.65000,2.23574e-07,10.65000,0,10.65000,0,10.65000,0,10.65000,8.94317e-08,10.65000,0,10.65000,0.000114286,10.65000,0,10.65000,0,10.65000,0.000114286,10.65000,0.4,10.65000,1,10.65000,0,10.65000,0.4,10.65000,0,10.65000,5.01232,10.65000,0,10.65000,511.178,10.65000,0,10.65000,0.4,10.65000,0,10.65000,1400,10.65000,2.23574e-07,10.65000,2.23574e-07,10.65000,2.14079e-07,10.65000,0.000114286,10.65000,0.000114286,10.65000,0.000111762
10.66000,2.23574e-07,10.66000,0,10.66000,0,10.66000,0,10.66000,8.94317e-08,10.66000,0,10.66000,0.000114286,10.66000,0,10.66000,0,10.66000,0.000114286,10.66000,0.4,10.66000,1,10.66000,0,10.66000,0.4,10.66000,0,10.66000,5.01232,10.66000,0,10.66000,511.178,10.66000,0,10.66000,0.4,10.66000,0,10.66000,1400,10.66000,2.23574e-07,10.66000,2.23574e-07,10.66000,2.13997e-07,10.66000,0.000114286,10.66000,0.000114286,10.66000,0.000111727
10.67000,2.23574e-07,10.67000,0,10.67000,0,10.67000,0,10.67000,8.94317e-08,10.67000,0,10.67000,0.000114286,10.67000,0,10.67000,0,10.67000,0.000114286,10.67000,0.4,10.67000,1,10.67000,0,10.67000,0.4,10.67000,0,10.67000,5.01232,10.67000,0,10.67000,511.178,10.67000,0,10.67000,0.4,10.67000,0,10.67000,1400,10.67000,2.23574e-07,10.67000,2.23574e-07,10.67000,2.13916e-07,10.67000,0.000114286,10.67000,0.000114286,10.67000,0.000111691
10.68000,2.23574e-07,10.68000,0,10.68000,0,10.68000,0,10.68000,8.94317e-08,10.68000,0,10.68000,0.000114286,10.68000,0,10.68000,0,10.68000,0.000114286,10.68000,0.4,10.68000,1,10.68000,0,10.68000,0.4,10.68000,0,10.68000,5.01232,10.68000,0,10.68000,511.178,10.68000,0,10.68000,0.4,10.68000,0,10.68000,1400,10.68000,2.23574e-07,10.68000,2.23574e-07,10.68000,2.13835e-07,10.68000,0.000114286,10.68000,0.000114286,10.68000,0.000111656
10.69000,2.23574e-07,10.69000,0,10.69000,0,10.69000,0,10.69000,8.94317e-08,10.69000,0,10.69000,0.000114286,10.69000,0,10.69000,0,10.69000,0.000114286,10.69000,0.4,10.69000,1,10.69000,0,10.69000,0.4,10.69000,0,10.69000,5.01232,10.69000,0,10.69000,511.178,10.69000,0,10.69000,0.4,10.69000,0,10.69000,1400,10.69000,2.23574e-07,10.69000,2.23574e-07,10.69000,2.13753e-07,10.69000,0.000114286,10.69000,0.000114286,10.69000,0.00011162
10.70000,2.23574e-07,10.70000,0,10.70000,0,10.70000,0,10.70000,8.94317e-08,10.70000,0,10.70000,0.000114286,10.70000,0,10.70000,0,10.70000,0.000114286,10.70000,0.4,10.70000,1,10.70000,0,10.70000,0.4,10.70000,0,10.70000,5.01232,10.70000,0,10.70000,511.178,10.70000,0,10.70000,0.4,10.70000,0,10.70000,1400,10.70000,2.23574e-07,10.70000,2.23574e-07,10.70000,2.13672e-07,10.70000,0.000114286,10.70000,0.000114286,10.70000,0.000111585
10.71000,2.23574e-07,10.71000,0,10.71000,0,10.71000,0,10.71000,8.94317e-08,10.71000,0,10.71000,0.000114286,10.71000,0,10.71000,0,10.71000,0.000114286,10.71000,0.4,10.71000,1,10.71000,0,10.71000,0.4,10.71000,0,10.71000,5.01232,10.71000,0,10.71000,511.178,10.71000,0,10.71000,0.4,10.71000,0,10.71000,1400,10.71000,2.23574e-07,10.71000,2.23574e-07,10.71000,2.13591e-07,10.71000,0.000114286,10.71000,0.000114286,10.71000,0.000111549
10.72000,2.23574e-07,10.72000,0,10.72000,0,10.72000,0,10.72000,8.94317e-08,10.72000,0,10.72000,0.000114286,10.72000,0,10.72000,0,10.72000,0.000114286,10.72000,0.4,10.72000,1,10.72000,0,10.72000,0.4,10.72000,0,10.72000,5.01232,10.72000,0,10.72000,511.178,10.72000,0,10.72000,0.4,10.72000,0,10.72000,1400,10.72000,2.23574e-07,10.72000,2.23574e-07,10.72000,2.13509e-07,10.72000,0.000114286,10.72000,0.000114286,10.72000,0.000111514
10.73000,2.23574e-07,10.73000,0,10.73000,0,10.73000,0,10.73000,8.94317e-08,10.73000,0,10.73000,0.000114286,10.73000,0,10.73000,0,10.73000,0.000114286,10.73000,0.4,10.73000,1,10.73000,0,10.73000,0.4,10.73000,0,10.73000,5.01232,10.73000,0,10.73000,511.178,10.73000,0,10.73000,0.4,10.73000,0,10.73000,1400,10.73000,2.23574e-07,10.73000,2.23574e-07,10.73000,2.13428e-07,10.73000,0.000114286,10.73000,0.000114286,10.73000,0.000111478
10.74000,2.23574e-07,10.74000,0,10.74000,0,10.74000,0,10.74000,8.94317e-08,10.74000,0,10.74000,0.000114286,10.74000,0,10.74000,0,10.74000,0.000114286,10.74000,0.4,10.74000,1,10.74000,0,10.74000,0.4,10.74000,0,10.74000,5.01232,10.74000,0,10.74000,511.178,10.74000,0,10.74000,0.4,10.74000,0,10.74000,1400,10.74000,2.23574e-07,10.74000,2.23574e-07,10.74000,2.13347e-07,10.74000,0.000114286,10.74000,0.000114286,10.74000,0.000111443
10.75000,2.23574e-07,10.75000,0,10.75000,0,10.75000,0,10.75000,8.94317e-08,10.75000,0,10.75000,0.000114286,10.75000,0,10.75000,0,10.75000,0.000114286,10.75000,0.4,10.75000,1,10.75000,0,10.75000,0.4,10.75000,0,10.75000,5.01232,10.75000,0,10.75000,511.178,10.75000,0,10.75000,0.4,10.75000,0,10.75000,1400,10.75000,2.23574e-07,10.75000,2.23574e-07,10.75000,2.13265e-07,10.75000,0.000114286,10.75000,0.000114286,10.75000,0.000111407
10.76000,2.23574e-07,10.76000,0,10.76000,0,10.76000,0,10.76000,8.94317e-08,10.76000,0,10.76000,0.000114286,10.76000,0,10.76000,0,10.76000,0.000114286,10.76000,0.4,10.76000,1,10.76000,0,10.76000,0.4,10.76000,0,10.76000,5.01232,10.76000,0,10.76000,511.178,10.76000,0,10.76000,0.4,10.76000,0,10.76000,1400,10.76000,2.23574e-07,10.76000,2.23574e-07,10.76000,2.13184e-07,10.76000,0.000114286,10.76000,0.000114286,10.76000,0.000111372
10.77000,2.23574e-07,10.77000,0,10.77000,0,10.77000,0,10.77000,8.94317e-08,10.77000,0,10.77000,0.000114286,10.77000,0,10.77000,0,10.77000,0.000114286,10.77000,0.4,10.77000,1,10.77000,0,10.77000,0.4,10.77000,0,10.77000,5.01232,10.77000,0,10.77000,511.178,10.77000,0,10.77000,0.4,10.77000,0,10.77000,1400,10.77000,2.23574e-07,10.77000,2.23574e-07,10.77000,2.13103e-07,10.77000,0.000114286,10.77000,0.000114286,10.77000,0.000111336
10.78000,2.23574e-07,10.78000,0,10.78000,0,10.78000,0,10.78000,8.94317e-08,10.78000,0,10.78000,0.000114286,10.78000,0,10.78000,0,10.78000,0.000114286,10.78000,0.4,10.78000,1,10.78000,0,10.78000,0.4,10.78000,0,10.78000,5.01232,10.78000,0,10.78000,511.178,10.78000,0,10.78000,0.4,10.78000,0,10.78000,1400,10.78000,2.23574e-07,10.78000,2.23574e-07,10.78000,2.13021e-07,10.78000,0.000114286,10.78000,0.000114286,10.78000,0.000111301
10.79000,2.23574e-07,10.79000,0,10.79000,0,10.79000,0,10.79000,8.94317e-08,10.79000,0,10.79000,0.000114286,10.79000,0,10.79000,0,10.79000,0.000114286,10.79000,0.4,10.79000,1,10.79000,0,10.79000,0.4,10.79000,0,10.79000,5.01232,10.79000,0,10.79000,511.178,10.79000,0,10.79000,0.4,10.79000,0,10.79000,1400,10.79000,2.23574e-07,10.79000,2.23574e-07,10.79000,2.1294e-07,10.79000,0.000114286,10.79000,0.000114286,10.79000,0.000111265
10.80000,2.23574e-07,10.80000,0,10.80000,0,10.80000,0,10.80000,8.94317e-08,10.80000,0,10.80000,0.000114286,10.80000,0,10.80000,0,10.80000,0.000114286,10.80000,0.4,10.80000,1,10.80000,0,10.80000,0.4,10.80000,0,10.80000,5.01232,10.80000,0,10.80000,511.178,10.80000,0,10.80000,0.4,10.80000,0,10.80000,1400,10.80000,2.23574e-07,10.80000,2.23574e-07,10.80000,2.12859e-07,10.80000,0.000114286,10.80000,0.000114286,10.80000,0.00011123
10.81000,2.23574e-07,10.81000,0,10.81000,0,10.81000,0,10.81000,8.94317e-08,10.81000,0,10.81000,0.000114286,10.81000,0,10.81000,0,10.81000,0.000114286,10.81000,0.4,10.81000,1,10.81000,0,10.81000,0.4,10.81000,0,10.81000,5.01232,10.81000,0,10.81000,511.178,10.81000,0,10.81000,0.4,10.81000,0,10.81000,1400,10.81000,2.23574e-07,10.81000,2.23574e-07,10.81000,2.12777e-07,10.81000,0.000114286,10.81000,0.000114286,10.81000,0.000111194
10.82000,2.23574e-07,10.82000,0,10.82000,0,10.82000,0,10.82000,8.94317e-08,10.82000,0,10.82000,0.000114286,10.82000,0,10.82000,0,10.82000,0.000114286,10.82000,0.4,10.82000,1,10.82000,0,10.82000,0.4,10.82000,0,10.82000,5.01232,10.82000,0,10.82000,511.178,10.82000,0,10.82000,0.4,10.82000,0,10.82000,1400,10.82000,2.23574e-07,10.82000,2.23574e-07,10.82000,2.12696e-07,10.82000,0.000114286,10.82000,0.000114286,10.82000,0.000111158
10.83000,2.23574e-07,10.83000,0,10.83000,0,10.83000,0,10.83000,8.94317e-08,10.83000,0,10.83000,0.000114286,10.83000,0,10.83000,0,10.83000,0.000114286,10.83000,0.4,10.83000,1,10.83000,0,10.83000,0.4,10.83000,0,10.83000,5.01232,10.83000,0,10.83000,511.178,10.83000,0,10.83000,0.4,10.83000,0,10.83000,1400,10.83000,2.23574e-07,10.83000,2.23574e-07,10.83000,2.12615e-07,10.83000,0.000114286,10.83000,0.000114286,10.83000,0.000111123
10.84000,2.23574e-07,10.84000,0,10.84000,0,10.84000,0,10.84000,8.94317e-08,10.84000,0,10.84000,0.000114286,10.84000,0,10.84000,0,10.84000,0.000114286,10.84000,0.4,10.84000,1,10.84000,0,10.84000,0.4,10.84000,0,10.84000,5.01232,10.84000,0,10.84000,511.178,10.84000,0,10.84000,0.4,10.84000,0,10.84000,1400,10.84000,2.23574e-07,10.84000,2.23574e-07,10.84000,2.12533e-07,10.84000,0.000114286,10.84000,0.000114286,10.84000,0.000111087
10.85000,2.23574e-07,10.85000,0,10.85000,0,10.85000,0,10.85000,8.94317e-08,10.85000,0,10.85000,0.000114286,10.85000,0,10.85000,0,10.85000,0.000114286,10.85000,0.4,10.85000,1,10.85000,0,10.85000,0.4,10.85000,0,10.85000,5.01232,10.85000,0,10.85000,511.178,10.85000,0,10.85000,0.4,10.85000,0,10.85000,1400,10.85000,2.23574e-07,10.85000,2.23574e-07,10.85000,2.12452e-07,10.85000,0.000114286,10.85000,0.000114286,10.85000,0.000111052
10.86000,2.23574e-07,10.86000,0,10.86000,0,10.86000,0,10.86000,8.94317e-08,10.86000,0,10.86000,0.000114286,10.86000,0,10.86000,0,10.86000,0.000114286,10.86000,0.4,10.86000,1,10.86000,0,10.86000,0.4,10.86000,0,10.86000,5.01232,10.86000,0,10.86000,511.178,10.86000,0,10.86000,0.4,10.86000,0,10.86000,1400,10.86000,2.23574e-07,10.86000,2.23574e-07,10.86000,2.12371e-07,10.86000,0.000114286,10.86000,0.000114286,10.86000,0.000111016
10.87000,2.23574e-07,10.87000,0,10.87000,0,10.87000,0,10.87000,8.94317e-08,10.87000,0,10.87000,0.000114286,10.87000,0,10.87000,0,10.87000,0.000114286,10.87000,0.4,10.87000,1,10.87000,0,10.87000,0.4,10.87000,0,10.87000,5.01232,10.87000,0,10.87000,511.178,10.87000,0,10.87000,0.4,10.87000,0,10.87000,1400,10.87000,2.23574e-07,10.87000,2.23574e-07,10.87000,2.12289e-07,10.87000,0.000114286,10.87000,0.000114286,10.87000,0.000110981
10.88000,2.23574e-07,10.88000,0,10.88000,0,10.88000,0,10.88000,8.94317e-08,10.88000,0,10.88000,0.000114286,10.88000,0,10.88000,0,10.88000,0.000114286,10.88000,0.4,10.88000,1,10.88000,0,10.88000,0.4,10.88000,0,10.88000,5.01232,10.88000,0,10.88000,511.178,10.88000,0,10.88000,0.4,10.88000,0,10.88000,1400,10.88000,2.23574e-07,10.88000,2.23574e-07,10.88000,2.12208e-07,10.88000,0.000114286,10.88000,0.000114286,10.88000,0.000110945
10.89000,2.23574e-07,10.89000,0,10.89000,0,10.89000,0,10.89000,8.94317e-08,10.89000,0,10.89000,0.000114286,10.89000,0,10.89000,0,10.89000,0.000114286,10.89000,0.4,10.89000,1,10.89000,0,10.89000,0.4,10.89000,0,10.89000,5.01232,10.89000,0,10.89000,511.178,10.89000,0,10.89000,0.4,10.89000,0,10.89000,1400,10.89000,2.23574e-07,10.89000,2.23574e-07,10.89000,2.12127e-07,10.89000,0.000114286,10.89000,0.000114286,10.89000,0.00011091
10.90000,2.23574e-07,10.90000,0,10.90000,0,10.90000,0,10.90000,8.94317e-08,10.90000,0,10.90000,0.000114286,10.90000,0,10.90000,0,10.90000,0.000114286,10.90000,0.4,10.90000,1,10.90000,0,10.90000,0.4,10.90000,0,10.90000,5.01232,10.90000,0,10.90000,511.178,10.90000,0,10.90000,0.4,10.90000,0,10.90000,1400,10.90000,2.23574e-07,10.90000,2.23574e-07,10.90000,2.12045e-07,10.90000,0.000114286,10.90000,0.000114286,10.90000,0.000110874
10.91000,2.23574e-07,10.91000,0,10.91000,0,10.91000,0,10.91000,8.94317e-08,10.91000,0,10.91000,0.000114286,10.91000,0,10.91000,0,10.91000,0.000114286,10.91000,0.4,10.91000,1,10.91000,0,10.91000,0.4,10.91000,0,10.91000,5.01232,10.91000,0,10.91000,511.178,10.91000,0,10.91000,0.4,10.91000,0,10.91000,1400,10.91000,2.23574e-07,10.91000,2.23574e-07,10.91000,2.11964e-07,10.91000,0.000114286,10.91000,0.000114286,10.91000,0.000110839
10.92000,2.23574e-07,10.92000,0,10.92000,0,10.92000,0,10.92000,8.94317e-08,10.92000,0,10.92000,0.000114286,10.92000,0,10.92000,0,10.92000,0.000114286,10.92000,0.4,10.92000,1,10.92000,0,10.92000,0.4,10.92000,0,10.92000,5.01232,10.92000,0,10.92000,511.178,10.92000,0,10.92000,0.4,10.92000,0,10.92000,1400,10.92000,2.23574e-07,10.92000,2.23574e-07,10.92000,2.11883e-07,10.92000,0.000114286,10.92000,0.000114286,10.92000,0.000110803
10.93000,2.23574e-07,10.93000,0,10.93000,0,10.93000,0,10.93000,8.94317e-08,10.93000,0,10.93000,0.000114286,10.93000,0,10.93000,0,10.93000,0.000114286,10.93000,0.4,10.93000,1,10.93000,0,10.93000,0.4,10.93000,0,10.93000,5.01232,10.93000,0,10.93000,511.178,10.93000,0,10.93000,0.4,10.93000,0,10.93000,1400,10.93000,2.23574e-07,10.93000,2.23574e-07,10.93000,2.11801e-07,10.93000,0.000114286,10.93000,0.000114286,10.93000,0.000110768
10.94000,2.23574e-07,10.94000,0,10.94000,0,10.94000,0,10.94000,8.94317e-08,10.94000,0,10.94000,0.000114286,10.94000,0,10.94000,0,10.94000,0.000114286,10.94000,0.4,10.94000,1,10.94000,0,10.94000,0.4,10.94000,0,10.94000,5.01232,10.94000,0,10.94000,511.178,10.94000,0,10.94000,0.4,10.94000,0,10.94000,1400,10.94000,2.23574e-07,10.94000,2.23574e-07,10.94000,2.1172e-07,10.94000,0.000114286,10.94000,0.000114286,10.94000,0.000110732
10.95000,2.23574e-07,10.95000,0,10.95000,0,10.95000,0,10.95000,8.94317e-08,10.95000,0,10.95000,0.000114286,10.95000,0,10.95000,0,10.95000,0.000114286,10.95000,0.4,10.95000,1,10.95000,0,10.95000,0.4,10.95000,0,10.95000,5.01232,10.95000,0,10.95000,511.178,10.95000,0,10.95000,0.4,10.95000,0,10.95000,1400,10.95000,2.23574e-07,10.95000,2.23574e-07,10.95000,2.11736e-07,10.95000,0.000114286,10.95000,0.000114286,10.95000,0.000110759
10.96000,2.23574e-07,10.96000,0,10.96000,0,10.96000,0,10.96000,8.94317e-08,10.96000,0,10.96000,0.000114286,10.96000,0,10.96000,0,10.96000,0.000114286,10.96000,0.4,10.96000,1,10.96000,0,10.96000,0.4,10.96000,0,10.96000,5.01232,10.96000,0,10.96000,511.178,10.96000,0,10.96000,0.4,10.96000,0,10.96000,1400,10.96000,2.23574e-07,10.96000,2.23574e-07,10.96000,2.11794e-07,10.96000,0.000114286,10.96000,0.000114286,10.96000,0.000110814
10.97000,2.23574e-07,10.97000,0,10.97000,0,10.97000,0,10.97000,8.94317e-08,10.97000,0,10.97000,0.000114286,10.97000,0,10.97000,0,10.97000,0.000114286,10.97000,0.4,10.97000,1,10.97000,0,10.97000,0.4,10.97000,0,10.97000,5.01232,10.97000,0,10.97000,511.178,10.97000,0,10.97000,0.4,10.97000,0,10.97000,1400,10.97000,2.23574e-07,10.97000,2.23574e-07,10.97000,2.11853e-07,10.97000,0.000114286,10.97000,0.000114286,10.97000,0.000110868
10.98000,2.23574e-07,10.98000,0,10.98000,0,10.98000,0,10.98000,8.94317e-08,10.98000,0,10.98000,0.000114286,10.98000,0,10.98000,0,10.98000,0.000114286,10.98000,0.4,10.98000,1,10.98000,0,10.98000,0.4,10.98000,0,10.98000,5.01232,10.98000,0,10.98000,511.178,10.98000,0,10.98000,0.4,10.98000,0,10.98000,1400,10.98000,2.23574e-07,10.98000,2.23574e-07,10.98000,2.11912e-07,10.98000,0.000114286,10.98000,0.000114286,10.98000,0.000110923
10.99000,2.23574e-07,10.99000,0,10.99000,0,10.99000,0,10.99000,8.94317e-08,10.99000,0,10.99000,0.000114286,10.99000,0,10.99000,0,10.99000,0.000114286,10.99000,0.4,10.99000,1,10.99000,0,10.99000,0.4,10.99000,0,10.99000,5.01232,10.99000,0,10.99000,511.178,10.99000,0,10.99000,0.4,10.99000,0,10.99000,1400,10.99000,2.23574e-07,10.99000,2.23574e-07,10.99000,2.1197e-07,10.99000,0.000114286,10.99000,0.000114286,10.99000,0.000110977
11.00000,2.23574e-07,11.00000,0,11.00000,0,11.00000,0,11.00000,8.94317e-08,11.00000,0,11.00000,0.000114286,11.00000,0,11.00000,0,11.00000,0.000114286,11.00000,0.4,11.00000,1,11.00000,0,11.00000,0.4,11.00000,0,11.00000,5.01232,11.00000,0,11.00000,511.178,11.00000,0,11.00000,0.4,11.00000,0,11.00000,1400,11.00000,2.23574e-07,11.00000,2.23574e-07,11.00000,2.12029e-07,11.00000,0.000114286,11.00000,0.000114286,11.00000,0.000111032
11.01000,2.23574e-07,11.01000,0,11.01000,0,11.01000,0,11.01000,8.94317e-08,11.01000,0,11.01000,0.000114286,11.01000,0,11.01000,0,11.01000,0.000114286,11.01000,0.4,11.01000,1,11.01000,0,11.01000,0.4,11.01000,0,11.01000,5.01232,11.01000,0,11.01000,511.178,11.01000,0,11.01000,0.4,11.01000,0,11.01000,1400,11.01000,2.23574e-07,11.01000,2.23574e-07,11.01000,2.12088e-07,11.01000,0.000114286,11.01000,0.000114286,11.01000,0.000111086
11.02000,2.23574e-07,11.02000,0,11.02000,0,11.02000,0,11.02000,8.94317e-08,11.02000,0,11.02000,0.000114286,11.02000,0,11.02000,0,11.02000,0.000114286,11.02000,0.4,11.02000,1,11.02000,0,11.02000,0.4,11.02000,0,11.02000,5.01232,11.02000,0,11.02000,511.178,11.02000,0,11.02000,0.4,11.02000,0,11.02000,1400,11.02000,2.23574e-07,11.02000,2.23574e-07,11.02000,2.12147e-07,11.02000,0.000114286,11.02000,0.000114286,11.02000,0.000111141
11.03000,2.23574e-07,11.03000,0,11.03000,0,11.03000,0,11.03000,8.94317e-08,11.03000,0,11.03000,0.000114286,11.03000,0,11.03000,0,11.03000,0.000114286,11.03000,0.4,11.03000,1,11.03000,0,11.03000,0.4,11.03000,0,11.03000,5.01232,11.03000,0,11.03000,511.178,11.03000,0,11.03000,0.4,11.03000,0,11.03000,1400,11.03000,2.23574e-07,11.03000,2.23574e-07,11.03000,2.12205e-07,11.03000,0.000114286,11.03000,0.000114286,11.03000,0.000111195
11.04000,2.23574e-07,11.04000,0,11.04000,0,11.04000,0,11.04000,8.94317e-08,11.04000,0,11.04000,0.000114286,11.04000,0,11.04000,0,11.04000,0.000114286,11.04000,0.4,11.04000,1,11.04000,0,11.04000,0.4,11.04000,0,11.04000,5.01232,11.04000,0,11.04000,511.178,11.04000,0,11.04000,0.4,11.04000,0,11.04000,1400,11.04000,2.23574e-07,11.04000,2.23574e-07,11.04000,2.12264e-07,11.04000,0.000114286,11.04000,0.000114286,11.04000,0.00011125
11.05000,2.23574e-07,11.05000,0,11.05000,0,11.05000,0,11.05000,8.94317e-08,11.05000,0,11.05000,0.000114286,11.05000,0,11.05000,0,11.05000,0.000114286,11.05000,0.4,11.05000,1,11.05000,0,11.05000,0.4,11.05000,0,11.05000,5.01232,11.05000,0,11.05000,511.178,11.05000,0,11.05000,0.4,11.05000,0,11.05000,1400,11.05000,2.23574e-07,11.05000,2.23574e-07,11.05000,2.12323e-07,11.05000,0.000114286,11.05000,0.000114286,11.05000,0.000111304
11.06000,2.23574e-07,11.06000,0,11.06000,0,11.06000,0,11.06000,8.94317e-08,11.06000,0,11.06000,0.000114286,11.06000,0,11.06000,0,11.06000,0.000114286,11.06000,0.4,11.06000,1,11.06000,0,11.06000,0.4,11.06000,0,11.06000,5.01232,11.06000,0,11.06000,511.178,11.06000,0,11.06000,0.4,11.06000,0,11.06000,1400,11.06000,2.23574e-07,11.06000,2.23574e-07,11.06000,2.12382e-07,11.06000,0.000114286,11.06000,0.000114286,11.06000,0.000111359
11.07000,2.23574e-07,11.07000,0,11.07000,0,11.07000,0,11.07000,8.94317e-08,11.07000,0,11.07000,0.000114286,11.07000,0,11.07000,0,11.07000,0.000114286,11.07000,0.4,11.07000,1,11.07000,0,11.07000,0.4,11.07000,0,11.07000,5.01232,11.07000,0,11.07000,511.178,11.07000,0,11.07000,0.4,11.07000,0,11.07000,1400,11.07000,2.23574e-07,11.07000,2.23574e-07,11.07000,2.1244e-07,11.07000,0.000114286,11.07000,0.000114286,11.07000,0.000111413
11.08000,2.23574e-07,11.08000,0,11.08000,0,11.08000,0,11.08000,8.94317e-08,11.08000,0,11.08000,0.000114286,11.08000,0,11.08000,0,11.08000,0.000114286,11.08000,0.4,11.08000,1,11.08000,0,11.08000,0.4,11.08000,0,11.08000,5.01232,11.08000,0,11.08000,511.178,11.08000,0,11.08000,0.4,11.08000,0,11.08000,1400,11.08000,2.23574e-07,11.08000,2.23574e-07,11.08000,2.12499e-07,11.08000,0.000114286,11.08000,0.000114286,11.08000,0.000111468
11.09000,2.23574e-07,11.09000,0,11.09000,0,11.09000,0,11.09000,8.94317e-08,11.09000,0,11.09000,0.000114286,11.09000,0,11.09000,0,11.09000,0.000114286,11.09000,0.4,11.09000,1,11.09000,0,11.09000,0.4,11.09000,0,11.09000,5.01232,11.09000,0,11.09000,511.178,11.09000,0,11.09000,0.4,11.09000,0,11.09000,1400,11.09000,2.23574e-07,11.09000,2.23574e-07,11.09000,2.12558e-07,11.09000,0.000114286,11.09000,0.000114286,11.09000,0.000111522
11.10000,2.23574e-07,11.10000,0,11.10000,0,11.10000,0,11.10000,8.94317e-08,11.10000,0,11.10000,0.000114286,11.10000,0,11.10000,0,11.10000,0.000114286,11.10000,0.4,11.10000,1,11.10000,0,11.10000,0.4,11.10000,0,11.10000,5.01232,11.10000,0,11.10000,511.178,11.10000,0,11.10000,0.4,11.10000,0,11.10000,1400,11.10000,2.23574e-07,11.10000,2.23574e-07,11.10000,2.12616e-07,11.10000,0.000114286,11.10000,0.000114286,11.10000,0.000111577
11.11000,2.23574e-07,11.11000,0,11.11000,0,11.11000,0,11.11000,8.94317e-08,11.11000,0,11.11000,0.000114286,11.11000,0,11.11000,0,11.11000,0.000114286,11.11000,0.4,11.11000,1,11.11000,0,11.11000,0.4,11.11000,0,11.11000,5.01232,11.11000,0,11.11000,511.178,11.11000,0,11.11000,0.4,11.11000,0,11.11000,1400,11.11000,2.23574e-07,11.11000,2.23574e-07,11.11000,2.12675e-07,11.11000,0.000114286,11.11000,0.000114286,11.11000,0.000111631
11.12000,2.23574e-07,11.12000,0,11.12000,0,11.12000,0,11.12000,8.94317e-08,11.12000,0,11.12000,0.000114286,11.12000,0,11.12000,0,11.12000,0.000114286,11.12000,0.4,11.12000,1,11.12000,0,11.12000,0.4,11.12000,0,11.12000,5.01232,11.12000,0,11.12000,511.178,11.12000,0,11.12000,0.4,11.12000,0,11.12000,1400,11.12000,2.23574e-07,11.12000,2.23574e-07,11.12000,2.12734e-07,11.12000,0.000114286,11.12000,0.000114286,11.12000,0.000111686
11.13000,2.23574e-07,11.13000,0,11.13000,0,11.13000,0,11.13000,8.94317e-08,11.13000,0,11.13000,0.000114286,11.13000,0,11.13000,0,11.13000,0.000114286,11.13000,0.4,11.13000,1,11.13000,0,11.13000,0.4,11.13000,0,11.13000,5.01232,11.13000,0,11.13000,511.178,11.13000,0,11.13000,0.4,11.13000,0,11.13000,1400,11.13000,2.23574e-07,11.13000,2.23574e-07,11.13000,2.12793e-07,11.13000,0.000114286,11.13000,0.000114286,11.13000,0.00011174
11.14000,2.23574e-07,11.14000,0,11.14000,0,11.14000,0,11.14000,8.94317e-08,11.14000,0,11.14000,0.000114286,11.14000,0,11.14000,0,11.14000,0.000114286,11.14000,0.4,11.14000,1,11.14000,0,11.14000,0.4,11.14000,0,11.14000,5.01232,11.14000,0,11.14000,511.178,11.14000,0,11.14000,0.4,11.14000,0,11.14000,1400,11.14000,2.23574e-07,11.14000,2.23574e-07,11.14000,2.12851e-07,11.14000,0.000114286,11.14000,0.000114286,11.14000,0.000111795
11.15000,2.23574e-07,11.15000,0,11.15000,0,11.15000,0,11.15000,8.94317e-08,11.15000,0,11.15000,0.000114286,11.15000,0,11.15000,0,11.15000,0.000114286,11.15000,0.4,11.15000,1,11.15000,0,11.15000,0.4,11.15000,0,11.15000,5.01232,11.15000,0,11.15000,511.178,11.15000,0,11.15000,0.4,11.15000,0,11.15000,1400,11.15000,2.23574e-07,11.15000,2.23574e-07,11.15000,2.1291e-07,11.15000,0.000114286,11.15000,0.000114286,11.15000,0.000111849
11.16000,2.23574e-07,11.16000,0,11.16000,0,11.16000,0,11.16000,8.94317e-08,11.16000,0,11.16000,0.000114286,11.16000,0,11.16000,0,11.16000,0.000114286,11.16000,0.4,11.16000,1,11.16000,0,11.16000,0.4,11.16000,0,11.16000,5.01232,11.16000,0,11.16000,511.178,11.16000,0,11.16000,0.4,11.16000,0,11.16000,1400,11.16000,2.23574e-07,11.16000,2.23574e-07,11.16000,2.12969e-07,11.16000,0.000114286,11.16000,0.000114286,11.16000,0.000111904
11.17000,2.23574e-07,11.17000,0,11.17000,0,11.17000,0,11.17000,8.94317e-08,11.17000,0,11.17000,0.000114286,11.17000,0,11.17000,0,11.17000,0.000114286,11.17000,0.4,11.17000,1,11.17000,0,11.17000,0.4,11.17000,0,11.17000,5.01232,11.17000,0,11.17000,511.178,11.17000,0,11.17000,0.4,11.17000,0,11.17000,1400,11.17000,2.23574e-07,11.17000,2.23574e-07,11.17000,2.13028e-07,11.17000,0.000114286,11.17000,0.000114286,11.17000,0.000111958
11.18000,2.23574e-07,11.18000,0,11.18000,0,11.18000,0,11.18000,8.94317e-08,11.18000,0,11.18000,0.000114286,11.18000,0,11.18000,0,11.18000,0.000114286,11.18000,0.4,11.18000,1,11.18000,0,11.18000,0.4,11.18000,0,11.18000,5.01232,11.18000,0,11.18000,511.178,11.18000,0,11.18000,0.4,11.18000,0,11.18000,1400,11.18000,2.23574e-07,11.18000,2.23574e-07,11.18000,2.13086e-07,11.18000,0.000114286,11.18000,0.000114286,11.18000,0.000112013
11.19000,2.23574e-07,11.19000,0,11.19000,0,11.19000,0,11.19000,8.94317e-08,11.19000,0,11.19000,0.000114286,11.19000,0,11.19000,0,11.19000,0.000114286,11.19000,0.4,11.19000,1,11.19000,0,11.19000,0.4,11.19000,0,11.19000,5.01232,11.19000,0,11.19000,511.178,11.19000,0,11.19000,0.4,11.19000,0,11.19000,1400,11.19000,2.23574e-07,11.19000,2.23574e-07,11.19000,2.13145e-07,11.19000,0.000114286,11.19000,0.000114286,11.19000,0.000112067
11.20000,2.23574e-07,11.20000,0,11.20000,0,11.20000,0,11.20000,8.94317e-08,11.20000,0,11.20000,0.000114286,11.20000,0,11.20000,0,11.20000,0.000114286,11.20000,0.4,11.20000,1,11.20000,0,11.20000,0.4,11.20000,0,11.20000,5.01232,11.20000,0,11.20000,511.178,11.20000,0,11.20000,0.4,11.20000,0,11.20000,1400,11.20000,2.23574e-07,11.20000,2.23574e-07,11.20000,2.13204e-07,11.20000,0.000114286,11.20000,0.000114286,11.20000,0.000112122
11.21000,2.23574e-07,11.21000,0,11.21000,0,11.21000,0,11.21000,8.94317e-08,11.21000,0,11.21000,0.000114286,11.21000,0,11.21000,0,11.21000,0.000114286,11.21000,0.4,11.21000,1,11.21000,0,11.21000,0.4,11.21000,0,11.21000,5.01232,11.21000,0,11.21000,511.178,11.21000,0,11.21000,0.4,11.21000,0,11.21000,1400,11.21000,2.23574e-07,11.21000,2.23574e-07,11.21000,2.13262e-07,11.21000,0.000114286,11.21000,0.000114286,11.21000,0.000112176
11.22000,2.23574e-07,11.22000,0,11.22000,0,11.22000,0,11.22000,8.94317e-08,11.22000,0,11.22000,0.000114286,11.22000,0,11.22000,0,11.22000,0.000114286,11.22000,0.4,11.22000,1,11.22000,0,11.22000,0.4,11.22000,0,11.22000,5.01232,11.22000,0,11.22000,511.178,11.22000,0,11.22000,0.4,11.22000,0,11.22000,1400,11.22000,2.23574e-07,11.22000,2.23574e-07,11.22000,2.13321e-07,11.22000,0.000114286,11.22000,0.000114286,11.22000,0.000112231
11.23000,2.23574e-07,11.23000,0,11.23000,0,11.23000,0,11.23000,8.94317e-08,11.23000,0,11.23000,0.000114286,11.23000,0,11.23000,0,11.23000,0.000114286,11.23000,0.4,11.23000,1,11.23000,0,11.23000,0.4,11.23000,0,11.23000,5.01232,11.23000,0,11.23000,511.178,11.23000,0,11.23000,0.4,11.23000,0,11.23000,1400,11.23000,2.23574e-07,11.23000,2.23574e-07,11.23000,2.1338e-07,11.23000,0.000114286,11.23000,0.000114286,11.23000,0.000112285
11.24000,2.23574e-07,11.24000,0,11.24000,0,11.24000,0,11.24000,8.94317e-08,11.24000,0,11.24000,0.000114286,11.24000,0,11.24000,0,11.24000,0.000114286,11.24000,0.4,11.24000,1,11.24000,0,11.24000,0.4,11.24000,0,11.24000,5.01232,11.24000,0,11.24000,511.178,11.24000,0,11.24000,0.4,11.24000,0,11.24000,1400,11.24000,2.23574e-07,11.24000,2.23574e-07,11.24000,2.13439e-07,11.24000,0.000114286,11.24000,0.000114286,11.24000,0.00011234
11.25000,2.23574e-07,11.25000,0,11.25000,0,11.25000,0,11.25000,8.94317e-08,11.25000,0,11.25000,0.000114286,11.25000,0,11.25000,0,11.25000,0.000114286,11.25000,0.4,11.25000,1,11.25000,0,11.25000,0.4,11.25000,0,11.25000,5.01232,11.25000,0,11.25000,511.178,11.25000,0,11.25000,0.4,11.25000,0,11.25000,1400,11.25000,2.23574e-07,11.25000,2.23574e-07,11.25000,2.13497e-07,11.25000,0.000114286,11.25000,0.000114286,11.25000,0.000112394
11.26000,2.23574e-07,11.26000,0,11.26000,0,11.26000,0,11.26000,8.94317e-08,11.26000,0,11.26000,0.000114286,11.26000,0,11.26000,0,11.26000,0.000114286,11.26000,0.4,11.26000,1,11.26000,0,11.26000,0.4,11.26000,0,11.26000,5.01232,11.26000,0,11.26000,511.178,11.26000,0,11.26000,0.4,11.26000,0,11.26000,1400,11.26000,2.23574e-07,11.26000,2.23574e-07,11.26000,2.13556e-07,11.26000,0.000114286,11.26000,0.000114286,11.26000,0.000112449
11.27000,2.23574e-07,11.27000,0,11.27000,0,11.27000,0,11.27000,8.94317e-08,11.27000,0,11.27000,0.000114286,11.27000,0,11.27000,0,11.27000,0.000114286,11.27000,0.4,11.27000,1,11.27000,0,11.27000,0.4,11.27000,0,11.27000,5.01232,11.27000,0,11.27000,511.178,11.27000,0,11.27000,0.4,11.27000,0,11.27000,1400,11.27000,2.23574e-07,11.27000,2.23574e-07,11.27000,2.13615e-07,11.27000,0.000114286,11.27000,0.000114286,11.27000,0.000112503
11.28000,2.23574e-07,11.28000,0,11.28000,0,11.28000,0,11.28000,8.94317e-08,11.28000,0,11.28000,0.000114286,11.28000,0,11.28000,0,11.28000,0.000114286,11.28000,0.4,11.28000,1,11.28000,0,11.28000,0.4,11.28000,0,11.28000,5.01232,11.28000,0,11.28000,511.178,11.28000,0,11.28000,0.4,11.28000,0,11.28000,1400,11.28000,2.23574e-07,11.28000,2.23574e-07,11.28000,2.13674e-07,11.28000,0.000114286,11.28000,0.000114286,11.28000,0.000112558
11.29000,2.23574e-07,11.29000,0,11.29000,0,11.29000,0,11.29000,8.94317e-08,11.29000,0,11.29000,0.000114286,11.29000,0,11.29000,0,11.29000,0.000114286,11.29000,0.4,11.29000,1,11.29000,0,11.29000,0.4,11.29000,0,11.29000,5.01232,11.29000,0,11.29000,511.178,11.29000,0,11.29000,0.4,11.29000,0,11.29000,1400,11.29000,2.23574e-07,11.29000,2.23574e-07,11.29000,2.13732e-07,11.29000,0.000114286,11.29000,0.000114286,11.29000,0.000112612
11.30000,2.23574e-07,11.30000,0,11.30000,0,11.30000,0,11.30000,8.94317e-08,11.30000,0,11.30000,0.000114286,11.30000,0,11.30000,0,11.30000,0.000114286,11.30000,0.4,11.30000,1,11.30000,0,11.30000,0.4,11.30000,0,11.30000,5.01232,11.30000,0,11.30000,511.178,11.30000,0,11.30000,0.4,11.30000,0,11.30000,1400,11.30000,2.23574e-07,11.30000,2.23574e-07,11.30000,2.13791e-07,11.30000,0.000114286,11.30000,0.000114286,11.30000,0.000112667
11.31000,2.23574e-07,11.31000,0,11.31000,0,11.31000,0,11.31000,8.94317e-08,11.31000,0,11.31000,0.000114286,11.31000,0,11.31000,0,11.31000,0.000114286,11.31000,0.4,11.31000,1,11.31000,0,11.31000,0.4,11.31000,0,11.31000,5.01232,11.31000,0,11.31000,511.178,11.31000,0,11.31000,0.4,11.31000,0,11.31000,1400,11.31000,2.23574e-07,11.31000,2.23574e-07,11.31000,2.1385e-07,11.31000,0.000114286,11.31000,0.000114286,11.31000,0.000112721
11.32000,2.23574e-07,11.32000,0,11.32000,0,11.32000,0,11.32000,8.94317e-08,11.32000,0,11.32000,0.000114286,11.32000,0,11.32000,0,11.32000,0.000114286,11.32000,0.4,11.32000,1,11.32000,0,11.32000,0.4,11.32000,0,11.32000,5.01232,11.32000,0,11.32000,511.178,11.32000,0,11.32000,0.4,11.32000,0,11.32000,1400,11.32000,2.23574e-07,11.32000,2.23574e-07,11.32000,2.13908e-07,11.32000,0.000114286,11.32000,0.000114286,11.32000,0.000112776
11.33000,2.23574e-07,11.33000,0,11.33000,0,11.33000,0,11.33000,8.94317e-08,11.33000,0,11.33000,0.000114286,11.33000,0,11.33000,0,11.33000,0.000114286,11.33000,0.4,11.33000,1,11.33000,0,11.33000,0.4,11.33000,0,11.33000,5.01232,11.33000,0,11.33000,511.178,11.33000,0,11.33000,0.4,11.33000,0,11.33000,1400,11.33000,2.23574e-07,11.33000,2.23574e-07,11.33000,2.13967e-07,11.33000,0.000114286,11.33000,0.000114286,11.33000,0.00011283
11.34000,2.23574e-07,11.34000,0,11.34000,0,11.34000,0,11.34000,8.94317e-08,11.34000,0,11.34000,0.000114286,11.34000,0,11.34000,0,11.34000,0.000114286,11.34000,0.4,11.34000,1,11.34000,0,11.34000,0.4,11.34000,0,11.34000,5.01232,11.34000,0,11.34000,511.178,11.34000,0,11.34000,0.4,11.34000,0,11.34000,1400,11.34000,2.23574e-07,11.34000,2.23574e-07,11.34000,2.14026e-07,11.34000,0.000114286,11.34000,0.000114286,11.34000,0.000112885
11.35000,2.23574e-07,11.35000,0,11.35000,0,11.35000,0,11.35000,8.94317e-08,11.35000,0,11.35000,0.000114286,11.35000,0,11.35000,0,11.35000,0.000114286,11.35000,0.4,11.35000,1,11.35000,0,11.35000,0.4,11.35000,0,11.35000,5.01232,11.35000,0,11.35000,511.178,11.35000,0,11.35000,0.4,11.35000,0,11.35000,1400,11.35000,2.23574e-07,11.35000,2.23574e-07,11.35000,2.14085e-07,11.35000,0.000114286,11.35000,0.000114286,11.35000,0.000112939
11.36000,2.23574e-07,11.36000,0,11.36000,0,11.36000,0,11.36000,8.94317e-08,11.36000,0,11.36000,0.000114286,11.36000,0,11.36000,0,11.36000,0.000114286,11.36000,0.4,11.36000,1,11.36000,0,11.36000,0.4,11.36000,0,11.36000,5.01232,11.36000,0,11.36000,511.178,11.36000,0,11.36000,0.4,11.36000,0,11.36000,1400,11.36000,2.23574e-07,11.36000,2.23574e-07,11.36000,2.14143e-07,11.36000,0.000114286,11.36000,0.000114286,11.36000,0.000112994
11.37000,2.23574e-07,11.37000,0,11.37000,0,11.37000,0,11.37000,8.94317e-08,11.37000,0,11.37000,0.000114286,11.37000,0,11.37000,0,11.37000,0.000114286,11.37000,0.4,11.37000,1,11.37000,0,11.37000,0.4,11.37000,0,11.37000,5.01232,11.37000,0,11.37000,511.178,11.37000,0,11.37000,0.4,11.37000,0,11.37000,1400,11.37000,2.23574e-07,11.37000,2.23574e-07,11.37000,2.14202e-07,11.37000,0.000114286,11.37000,0.000114286,11.37000,0.000113048
11.38000,2.23574e-07,11.38000,0,11.38000,0,11.38000,0,11.38000,8.94317e-08,11.38000,0,11.38000,0.000114286,11.38000,0,11.38000,0,11.38000,0.000114286,11.38000,0.4,11.38000,1,11.38000,0,11.38000,0.4,11.38000,0,11.38000,5.01232,11.38000,0,11.38000,511.178,11.38000,0,11.38000,0.4,11.38000,0,11.38000,1400,11.38000,2.23574e-07,11.38000,2.23574e-07,11.38000,2.14261e-07,11.38000,0.000114286,11.38000,0.000114286,11.38000,0.000113103
11.39000,2.23574e-07,11.39000,0,11.39000,0,11.39000,0,11.39000,8.94317e-08,11.39000,0,11.39000,0.000114286,11.39000,0,11.39000,0,11.39000,0.000114286,11.39000,0.4,11.39000,1,11.39000,0,11.39000,0.4,11.39000,0,11.39000,5.01232,11.39000,0,11.39000,511.178,11.39000,0,11.39000,0.4,11.39000,0,11.39000,1400,11.39000,2.23574e-07,11.39000,2.23574e-07,11.39000,2.1432e-07,11.39000,0.000114286,11.39000,0.000114286,11.39000,0.000113157
11.40000,2.23574e-07,11.40000,0,11.40000,0,11.40000,0,11.40000,8.94317e-08,11.40000,0,11.40000,0.000114286,11.40000,0,11.40000,0,11.40000,0.000114286,11.40000,0.4,11.40000,1,11.40000,0,11.40000,0.4,11.40000,0,11.40000,5.01232,11.40000,0,11.40000,511.178,11.40000,0,11.40000,0.4,11.40000,0,11.40000,1400,11.40000,2.23574e-07,11.40000,2.23574e-07,11.40000,2.14378e-07,11.40000,0.000114286,11.40000,0.000114286,11.40000,0.000113212
11.41000,2.23574e-07,11.41000,0,11.41000,0,11.41000,0,11.41000,8.94317e-08,11.41000,0,11.41000,0.000114286,11.41000,0,11.41000,0,11.41000,0.000114286,11.41000,0.4,11.41000,1,11.41000,0,11.41000,0.4,11.41000,0,11.41000,5.01232,11.41000,0,11.41000,511.178,11.41000,0,11.41000,0.4,11.41000,0,11.41000,1400,11.41000,2.23574e-07,11.41000,2.23574e-07,11.41000,2.14437e-07,11.41000,0.000114286,11.41000,0.000114286,11.41000,0.000113266
11.42000,2.23574e-07,11.42000,0,11.42000,0,11.42000,0,11.42000,8.94317e-08,11.42000,0,11.42000,0.000114286,11.42000,0,11.42000,0,11.42000,0.000114286,11.42000,0.4,11.42000,1,11.42000,0,11.42000,0.4,11.42000,0,11.42000,5.01232,11.42000,0,11.42000,511.178,11.42000,0,11.42000,0.4,11.42000,0,11.42000,1400,11.42000,2.23574e-07,11.42000,2.23574e-07,11.42000,2.14496e-07,11.42000,0.000114286,11.42000,0.000114286,11.42000,0.000113321
11.43000,2.23574e-07,11.43000,0,11.43000,0,11.43000,0,11.43000,8.94317e-08,11.43000,0,11.43000,0.000114286,11.43000,0,11.43000,0,11.43000,0.000114286,11.43000,0.4,11.43000,1,11.43000,0,11.43000,0.4,11.43000,0,11.43000,5.01232,11.43000,0,11.43000,511.178,11.43000,0,11.43000,0.4,11.43000,0,11.43000,1400,11.43000,2.23574e-07,11.43000,2.23574e-07,11.43000,2.14554e-07,11.43000,0.000114286,11.43000,0.000114286,11.43000,0.000113375
11.44000,2.23574e-07,11.44000,0,11.44000,0,11.44000,0,11.44000,8.94317e-08,11.44000,0,11.44000,0.000114286,11.44000,0,11.44000,0,11.44000,0.000114286,11.44000,0.4,11.44000,1,11.44000,0,11.44000,0.4,11.44000,0,11.44000,5.01232,11.44000,0,11.44000,511.178,11.44000,0,11.44000,0.4,11.44000,0,11.44000,1400,11.44000,2.23574e-07,11.44000,2.23574e-07,11.44000,2.14613e-07,11.44000,0.000114286,11.44000,0.000114286,11.44000,0.00011343
11.45000,2.23574e-07,11.45000,0,11.45000,0,11.45000,0,11.45000,8.94317e-08,11.45000,0,11.45000,0.000114286,11.45000,0,11.45000,0,11.45000,0.000114286,11.45000,0.4,11.45000,1,11.45000,0,11.45000,0.4,11.45000,0,11.45000,5.01232,11.45000,0,11.45000,511.178,11.45000,0,11.45000,0.4,11.45000,0,11.45000,1400,11.45000,2.23574e-07,11.45000,2.23574e-07,11.45000,2.14734e-07,11.45000,0.000114286,11.45000,0.000114286,11.45000,0.000113524
11.46000,2.23574e-07,11.46000,0,11.46000,0,11.46000,0,11.46000,8.94317e-08,11.46000,0,11.46000,0.000114286,11.46000,0,11.46000,0,11.46000,0.000114286,11.46000,0.4,11.46000,1,11.46000,0,11.46000,0.4,11.46000,0,11.46000,5.01232,11.46000,0,11.46000,511.178,11.46000,0,11.46000,0.4,11.46000,0,11.46000,1400,11.46000,2.23574e-07,11.46000,2.23574e-07,11.46000,2.14882e-07,11.46000,0.000114286,11.46000,0.000114286,11.46000,0.000113636
11.47000,2.23574e-07,11.47000,0,11.47000,0,11.47000,0,11.47000,8.94317e-08,11.47000,0,11.47000,0.000114286,11.47000,0,11.47000,0,11.47000,0.000114286,11.47000,0.4,11.47000,1,11.47000,0,11.47000,0.4,11.47000,0,11.47000,5.01232,11.47000,0,11.47000,511.178,11.47000,0,11.47000,0.4,11.47000,0,11.47000,1400,11.47000,2.23574e-07,11.47000,2.23574e-07,11.47000,2.1503e-07,11.47000,0.000114286,11.47000,0.000114286,11.47000,0.000113748
11.48000,2.23574e-07,11.48000,0,11.48000,0,11.48000,0,11.48000,8.94317e-08,11.48000,0,11.48000,0.000114286,11.48000,0,11.48000,0,11.48000,0.000114286,11.48000,0.4,11.48000,1,11.48000,0,11.48000,0.4,11.48000,0,11.48000,5.01232,11.48000,0,11.48000,511.178,11.48000,0,11.48000,0.4,11.48000,0,11.48000,1400,11.48000,2.23574e-07,11.48000,2.23574e-07,11.48000,2.15177e-07,11.48000,0.000114286,11.48000,0.000114286,11.48000,0.00011386
11.49000,2.23574e-07,11.49000,0,11.49000,0,11.49000,0,11.49000,8.94317e-08,11.49000,0,11.49000,0.000114286,11.49000,0,11.49000,0,11.49000,0.000114286,11.49000,0.4,11.49000,1,11.49000,0,11.49000,0.4,11.49000,0,11.49000,5.01232,11.49000,0,11.49000,511.178,11.49000,0,11.49000,0.4,11.49000,0,11.49000,1400,11.49000,2.23574e-07,11.49000,2.23574e-07,11.49000,2.15325e-07,11.49000,0.000114286,11.49000,0.000114286,11.49000,0.000113971
11.50000,2.23574e-07,11.50000,0,11.50000,0,11.50000,0,11.50000,8.94317e-08,11.50000,0,11.50000,0.000114286,11.50000,0,11.50000,0,11.50000,0.000114286,11.50000,0.4,11.50000,1,11.50000,0,11.50000,0.4,11.50000,0,11.50000,5.01232,11.50000,0,11.50000,511.178,11.50000,0,11.50000,0.4,11.50000,0,11.50000,1400,11.50000,2.23574e-07,11.50000,2.23574e-07,11.50000,2.15473e-07,11.50000,0.000114286,11.50000,0.000114286,11.50000,0.000114083
11.51000,2.23574e-07,11.51000,0,11.51000,0,11.51000,0,11.51000,8.94317e-08,11.51000,0,11.51000,0.000114286,11.51000,0,11.51000,0,11.51000,0.000114286,11.51000,0.4,11.51000,1,11.51000,0,11.51000,0.4,11.51000,0,11.51000,5.01232,11.51000,0,11.51000,511.178,11.51000,0,11.51000,0.4,11.51000,0,11.51000,1400,11.51000,2.23574e-07,11.51000,2.23574e-07,11.51000,2.15621e-07,11.51000,0.000114286,11.51000,0.000114286,11.51000,0.000114195
11.52000,2.23574e-07,11.52000,0,11.52000,0,11.52000,0,11.52000,8.94317e-08,11.52000,0,11.52000,0.000114286,11.52000,0,11.52000,0,11.52000,0.000114286,11.52000,0.4,11.52000,1,11.52000,0,11.52000,0.4,11.52000,0,11.52000,5.01232,11.52000,0,11.52000,511.178,11.52000,0,11.52000,0.4,11.52000,0,11.52000,1400,11.52000,2.23574e-07,11.52000,2.23574e-07,11.52000,2.15769e-07,11.52000,0.000114286,11.52000,0.000114286,11.52000,0.000114307
11.53000,2.23574e-07,11.53000,0,11.53000,0,11.53000,0,11.53000,8.94317e-08,11.53000,0,11.53000,0.000114286,11.53000,0,11.53000,0,11.53000,0.000114286,11.53000,0.4,11.53000,1,11.53000,0,11.53000,0.4,11.53000,0,11.53000,5.01232,11.53000,0,11.53000,511.178,11.53000,0,11.53000,0.4,11.53000,0,11.53000,1400,11.53000,2.23574e-07,11.53000,2.23574e-07,11.53000,2.15917e-07,11.53000,0.000114286,11.53000,0.000114286,11.53000,0.000114419
11.54000,2.23574e-07,11.54000,0,11.54000,0,11.54000,0,11.54000,8.94317e-08,11.54000,0,11.54000,0.000114286,11.54000,0,11.54000,0,11.54000,0.000114286,11.54000,0.4,11.54000,1,11.54000,0,11.54000,0.4,11.54000,0,11.54000,5.01232,11.54000,0,11.54000,511.178,11.54000,0,11.54000,0.4,11.54000,0,11.54000,1400,11.54000,2.23574e-07,11.54000,2.23574e-07,11.54000,2.16065e-07,11.54000,0.000114286,11.54000,0.000114286,11.54000,0.000114531
11.55000,2.23574e-07,11.55000,0,11.55000,0,11.55000,0,11.55000,8.94317e-08,11.55000,0,11.55000,0.000114286,11.55000,0,11.55000,0,11.55000,0.000114286,11.55000,0.4,11.55000,1,11.55000,0,11.55000,0.4,11.55000,0,11.55000,5.01232,11.55000,0,11.55000,511.178,11.55000,0,11.55000,0.4,11.55000,0,11.55000,1400,11.55000,2.23574e-07,11.55000,2.23574e-07,11.55000,2.16213e-07,11.55000,0.000114286,11.55000,0.000114286,11.55000,0.000114642
11.56000,2.23574e-07,11.56000,0,11.56000,0,11.56000,0,11.56000,8.94317e-08,11.56000,0,11.56000,0.000114286,11.56000,0,11.56000,0,11.56000,0.000114286,11.56000,0.4,11.56000,1,11.56000,0,11.56000,0.4,11.56000,0,11.56000,5.01232,11.56000,0,11.56000,511.178,11.56000,0,11.56000,0.4,11.56000,0,11.56000,1400,11.56000,2.23574e-07,11.56000,2.23574e-07,11.56000,2.16361e-07,11.56000,0.000114286,11.56000,0.000114286,11.56000,0.000114754
11.57000,2.23574e-07,11.57000,0,11.57000,0,11.57000,0,11.57000,8.94317e-08,11.57000,0,11.57000,0.000114286,11.57000,0,11.57000,0,11.57000,0.000114286,11.57000,0.4,11.57000,1,11.57000,0,11.57000,0.4,11.57000,0,11.57000,5.01232,11.57000,0,11.57000,511.178,11.57000,0,11.57000,0.4,11.57000,0,11.57000,1400,11.57000,2.23574e-07,11.57000,2.23574e-07,11.57000,2.16509e-07,11.57000,0.000114286,11.57000,0.000114286,11.57000,0.000114866
11.58000,2.23574e-07,11.58000,0,11.58000,0,11.58000,0,11.58000,8.94317e-08,11.58000,0,11.58000,0.000114286,11.58000,0,11.58000,0,11.58000,0.000114286,11.58000,0.4,11.58000,1,11.58000,0,11.58000,0.4,11.58000,0,11.58000,5.01232,11.58000,0,11.58000,511.178,11.58000,0,11.58000,0.4,11.58000,0,11.58000,1400,11.58000,2.23574e-07,11.58000,2.23574e-07,11.58000,2.16657e-07,11.58000,0.000114286,11.58000,0.000114286,11.58000,0.000114978
11.59000,2.23574e-07,11.59000,0,11.59000,0,11.59000,0,11.59000,8.94317e-08,11.59000,0,11.59000,0.000114286,11.59000,0,11.59000,0,11.59000,0.000114286,11.59000,0.4,11.59000,1,11.59000,0,11.59000,0.4,11.59000,0,11.59000,5.01232,11.59000,0,11.59000,511.178,11.59000,0,11.59000,0.4,11.59000,0,11.59000,1400,11.59000,2.23574e-07,11.59000,2.23574e-07,11.59000,2.16805e-07,11.59000,0.000114286,11.59000,0.000114286,11.59000,0.00011509
11.60000,2.23574e-07,11.60000,0,11.60000,0,11.60000,0,11.60000,8.94317e-08,11.60000,0,11.60000,0.000114286,11.60000,0,11.60000,0,11.60000,0.000114286,11.60000,0.4,11.60000,1,11.60000,0,11.60000,0.4,11.60000,0,11.60000,5.01232,11.60000,0,11.60000,511.178,11.60000,0,11.60000,0.4,11.60000,0,11.60000,1400,11.60000,2.23574e-07,11.60000,2.23574e-07,11.60000,2.16952e-07,11.60000,0.000114286,11.60000,0.000114286,11.60000,0.000115201
11.61000,2.23574e-07,11.61000,0,11.61000,0,11.61000,0,11.61000,8.94317e-08,11.61000,0,11.61000,0.000114286,11.61000,0,11.61000,0,11.61000,0.000114286,11.61000,0.4,11.61000,1,11.61000,0,11.61000,0.4,11.61000,0,11.61000,5.01232,11.61000,0,11.61000,511.178,11.61000,0,11.61000,0.4,11.61000,0,11.61000,1400,11.61000,2.23574e-07,11.61000,2.23574e-07,11.61000,2.171e-07,11.61000,0.000114286,11.61000,0.000114286,11.61000,0.000115313
11.62000,2.23574e-07,11.62000,0,11.62000,0,11.62000,0,11.62000,8.94317e-08,11.62000,0,11.62000,0.000114286,11.62000,0,11.62000,0,11.62000,0.000114286,11.62000,0.4,11.62000,1,11.62000,0,11.62000,0.4,11.62000,0,11.62000,5.01232,11.62000,0,11.62000,511.178,11.62000,0,11.62000,0.4,11.62000,0,11.62000,1400,11.62000,2.23574e-07,11.62000,2.23574e-07,11.62000,2.17248e-07,11.62000,0.000114286,11.62000,0.000114286,11.62000,0.000115425
11.63000,2.23574e-07,11.63000,0,11.63000,0,11.63000,0,11.63000,8.94317e-08,11.63000,0,11.63000,0.000114286,11.63000,0,11.63000,0,11.63000,0.000114286,11.63000,0.4,11.63000,1,11.63000,0,11.63000,0.4,11.63000,0,11.63000,5.01232,11.63000,0,11.63000,511.178,11.63000,0,11.63000,0.4,11.63000,0,11.63000,1400,11.63000,2.23574e-07,11.63000,2.23574e-07,11.63000,2.17396e-07,11.63000,0.000114286,11.63000,0.000114286,11.63000,0.000115537
11.64000,2.23574e-07,11.64000,0,11.64000,0,11.64000,0,11.64000,8.94317e-08,11.64000,0,11.64000,0.000114286,11.64000,0,11.64000,0,11.64000,0.000114286,11.64000,0.4,11.64000,1,11.64000,0,11.64000,0.4,11.64000,0,11.64000,5.01232,11.64000,0,11.64000,511.178,11.64000,0,11.64000,0.4,11.64000,0,11.64000,1400,11.64000,2.23574e-07,11.64000,2.23574e-07,11.64000,2.17544e-07,11.64000,0.000114286,11.64000,0.000114286,11.64000,0.000115649
11.65000,2.23574e-07,11.65000,0,11.65000,0,11.65000,0,11.65000,8.94317e-08,11.65000,0,11.65000,0.000114286,11.65000,0,11.65000,0,11.65000,0.000114286,11.65000,0.4,11.65000,1,11.65000,0,11.65000,0.4,11.65000,0,11.65000,5.01232,11.65000,0,11.65000,511.178,11.65000,0,11.65000,0.4,11.65000,0,11.65000,1400,11.65000,2.23574e-07,11.65000,2.23574e-07,11.65000,2.17692e-07,11.65000,0.000114286,11.65000,0.000114286,11.65000,0.000115761
11.66000,2.23574e-07,11.66000,0,11.66000,0,11.66000,0,11.66000,8.94317e-08,11.66000,0,11.66000,0.000114286,11.66000,0,11.66000,0,11.66000,0.000114286,11.66000,0.4,11.66000,1,11.66000,0,11.66000,0.4,11.66000,0,11.66000,5.01232,11.66000,0,11.66000,511.178,11.66000,0,11.66000,0.4,11.66000,0,11.66000,1400,11.66000,2.23574e-07,11.66000,2.23574e-07,11.66000,2.1784e-07,11.66000,0.000114286,11.66000,0.000114286,11.66000,0.000115872
11.67000,2.23574e-07,11.67000,0,11.67000,0,11.67000,0,11.67000,8.94317e-08,11.67000,0,11.67000,0.000114286,11.67000,0,11.67000,0,11.67000,0.000114286,11.67000,0.4,11.67000,1,11.67000,0,11.67000,0.4,11.67000,0,11.67000,5.01232,11.67000,0,11.67000,511.178,11.67000,0,11.67000,0.4,11.67000,0,11.67000,1400,11.67000,2.23574e-07,11.67000,2.23574e-07,11.67000,2.17988e-07,11.67000,0.000114286,11.67000,0.000114286,11.67000,0.000115984
11.68000,2.23574e-07,11.68000,0,11.68000,0,11.68000,0,11.68000,8.94317e-08,11.68000,0,11.68000,0.000114286,11.68000,0,11.68000,0,11.68000,0.000114286,11.68000,0.4,11.68000,1,11.68000,0,11.68000,0.4,11.68000,0,11.68000,5.01232,11.68000,0,11.68000,511.178,11.68000,0,11.68000,0.4,11.68000,0,11.68000,1400,11.68000,2.23574e-07,11.68000,2.23574e-07,11.68000,2.18136e-07,11.68000,0.000114286,11.68000,0.000114286,11.68000,0.000116096
11.69000,2.23574e-07,11.69000,0,11.69000,0,11.69000,0,11.69000,8.94317e-08,11.69000,0,11.69000,0.000114286,11.69000,0,11.69000,0,11.69000,0.000114286,11.69000,0.4,11.69000,1,11.69000,0,11.69000,0.4,11.69000,0,11.69000,5.01232,11.69000,0,11.69000,511.178,11.69000,0,11.69000,0.4,11.69000,0,11.69000,1400,11.69000,2.23574e-07,11.69000,2.23574e-07,11.69000,2.18284e-07,11.69000,0.000114286,11.69000,0.000114286,11.69000,0.000116208
11.70000,2.23574e-07,11.70000,0,11.70000,0,11.70000,0,11.70000,8.94317e-08,11.70000,0,11.70000,0.000114286,11.70000,0,11.70000,0,11.70000,0.000114286,11.70000,0.4,11.70000,1,11.70000,0,11.70000,0.4,11.70000,0,11.70000,5.01232,11.70000,0,11.70000,511.178,11.70000,0,11.70000,0.4,11.70000,0,11.70000,1400,11.70000,2.23574e-07,11.70000,2.23574e-07,11.70000,2.18432e-07,11.70000,0.000114286,11.70000,0.000114286,11.70000,0.00011632
11.71000,2.23574e-07,11.71000,0,11.71000,0,11.71000,0,11.71000,8.94317e-08,11.71000,0,11.71000,0.000114286,11.71000,0,11.71000,0,11.71000,0.000114286,11.71000,0.4,11.71000,1,11.71000,0,11.71000,0.4,11.71000,0,11.71000,5.01232,11.71000,0,11.71000,511.178,11.71000,0,11.71000,0.4,11.71000,0,11.71000,1400,11.71000,2.23574e-07,11.71000,2.23574e-07,11.71000,2.1858e-07,11.71000,0.000114286,11.71000,0.000114286,11.71000,0.000116431
11.72000,2.23574e-07,11.72000,0,11.72000,0,11.72000,0,11.72000,8.94317e-08,11.72000,0,11.72000,0.000114286,11.72000,0,11.72000,0,11.72000,0.000114286,11.72000,0.4,11.72000,1,11.72000,0,11.72000,0.4,11.72000,0,11.72000,5.01232,11.72000,0,11.72000,511.178,11.72000,0,11.72000,0.4,11.72000,0,11.72000,1400,11.72000,2.23574e-07,11.72000,2.23574e-07,11.72000,2.18727e-07,11.72000,0.000114286,11.72000,0.000114286,11.72000,0.000116543
11.73000,2.23574e-07,11.73000,0,11.73000,0,11.73000,0,11.73000,8.94317e-08,11.73000,0,11.73000,0.000114286,11.73000,0,11.73000,0,11.73000,0.000114286,11.73000,0.4,11.73000,1,11.73000,0,11.73000,0.4,11.73000,0,11.73000,5.01232,11.73000,0,11.73000,511.178,11.73000,0,11.73000,0.4,11.73000,0,11.73000,1400,11.73000,2.23574e-07,11.73000,2.23574e-07,11.73000,2.18875e-07,11.73000,0.000114286,11.73000,0.000114286,11.73000,0.000116655
11.74000,2.23574e-07,11.74000,0,11.74000,0,11.74000,0,11.74000,8.94317e-08,11.74000,0,11.74000,0.000114286,11.74000,0,11.74000,0,11.74000,0.000114286,11.74000,0.4,11.74000,1,11.74000,0,11.74000,0.4,11.74000,0,11.74000,5.01232,11.74000,0,11.74000,511.178,11.74000,0,11.74000,0.4,11.74000,0,11.74000,1400,11.74000,2.23574e-07,11.74000,2.23574e-07,11.74000,2.19023e-07,11.74000,0.000114286,11.74000,0.000114286,11.74000,0.000116767
11.75000,2.23574e-07,11.75000,0,11.75000,0,11.75000,0,11.75000,8.94317e-08,11.75000,0,11.75000,0.000114286,11.75000,0,11.75000,0,11.75000,0.000114286,11.75000,0.4,11.75000,1,11.75000,0,11.75000,0.4,11.75000,0,11.75000,5.01232,11.75000,0,11.75000,511.178,11.75000,0,11.75000,0.4,11.75000,0,11.75000,1400,11.75000,2.23574e-07,11.75000,2.23574e-07,11.75000,2.19171e-07,11.75000,0.000114286,11.75000,0.000114286,11.75000,0.000116879
11.76000,2.23574e-07,11.76000,0,11.76000,0,11.76000,0,11.76000,8.94317e-08,11.76000,0,11.76000,0.000114286,11.76000,0,11.76000,0,11.76000,0.000114286,11.76000,0.4,11.76000,1,11.76000,0,11.76000,0.4,11.76000,0,11.76000,5.01232,11.76000,0,11.76000,511.178,11.76000,0,11.76000,0.4,11.76000,0,11.76000,1400,11.76000,2.23574e-07,11.76000,2.23574e-07,11.76000,2.19319e-07,11.76000,0.000114286,11.76000,0.000114286,11.76000,0.000116991
11.77000,2.23574e-07,11.77000,0,11.77000,0,11.77000,0,11.77000,8.94317e-08,11.77000,0,11.77000,0.000114286,11.77000,0,11.77000,0,11.77000,0.000114286,11.77000,0.4,11.77000,1,11.77000,0,11.77000,0.4,11.77000,0,11.77000,5.01232,11.77000,0,11.77000,511.178,11.77000,0,11.77000,0.4,11.77000,0,11.77000,1400,11.77000,2.23574e-07,11.77000,2.23574e-07,11.77000,2.19467e-07,11.77000,0.000114286,11.77000,0.000114286,11.77000,0.000117102
11.78000,2.23574e-07,11.78000,0,11.78000,0,11.78000,0,11.78000,8.94317e-08,11.78000,0,11.78000,0.000114286,11.78000,0,11.78000,0,11.78000,0.000114286,11.78000,0.4,11.78000,1,11.78000,0,11.78000,0.4,11.78000,0,11.78000,5.01232,11.78000,0,11.78000,511.178,11.78000,0,11.78000,0.4,11.78000,0,11.78000,1400,11.78000,2.23574e-07,11.78000,2.23574e-07,11.78000,2.19615e-07,11.78000,0.000114286,11.78000,0.000114286,11.78000,0.000117214
11.79000,2.23574e-07,11.79000,0,11.79000,0,11.79000,0,11.79000,8.94317e-08,11.79000,0,11.79000,0.000114286,11.79000,0,11.79000,0,11.79000,0.000114286,11.79000,0.4,11.79000,1,11.79000,0,11.79000,0.4,11.79000,0,11.79000,5.01232,11.79000,0,11.79000,511.178,11.79000,0,11.79000,0.4,11.79000,0,11.79000,1400,11.79000,2.23574e-07,11.79000,2.23574e-07,11.79000,2.19763e-07,11.79000,0.000114286,11.79000,0.000114286,11.79000,0.000117326
11.80000,2.23574e-07,11.80000,0,11.80000,0,11.80000,0,11.80000,8.94317e-08,11.80000,0,11.80000,0.000114286,11.80000,0,11.80000,0,11.80000,0.000114286,11.80000,0.4,11.80000,1,11.80000,0,11.80000,0.4,11.80000,0,11.80000,5.01232,11.80000,0,11.80000,511.178,11.80000,0,11.80000,0.4,11.80000,0,11.80000,1400,11.80000,2.23574e-07,11.80000,2.23574e-07,11.80000,2.19911e-07,11.80000,0.000114286,11.80000,0.000114286,11.80000,0.000117438
11.81000,2.23574e-07,11.81000,0,11.81000,0,11.81000,0,11.81000,8.94317e-08,11.81000,0,11.81000,0.000114286,11.81000,0,11.81000,0,11.81000,0.000114286,11.81000,0.4,11.81000,1,11.81000,0,11.81000,0.4,11.81000,0,11.81000,5.01232,11.81000,0,11.81000,511.178,11.81000,0,11.81000,0.4,11.81000,0,11.81000,1400,11.81000,2.23574e-07,11.81000,2.23574e-07,11.81000,2.20059e-07,11.81000,0.000114286,11.81000,0.000114286,11.81000,0.00011755
11.82000,2.23574e-07,11.82000,0,11.82000,0,11.82000,0,11.82000,8.94317e-08,11.82000,0,11.82000,0.000114286,11.82000,0,11.82000,0,11.82000,0.000114286,11.82000,0.4,11.82000,1,11.82000,0,11.82000,0.4,11.82000,0,11.82000,5.01232,11.82000,0,11.82000,511.178,11.82000,0,11.82000,0.4,11.82000,0,11.82000,1400,11.82000,2.23574e-07,11.82000,2.23574e-07,11.82000,2.20207e-07,11.82000,0.000114286,11.82000,0.000114286,11.82000,0.000117661
11.83000,2.23574e-07,11.83000,0,11.83000,0,11.83000,0,11.83000,8.94317e-08,11.83000,0,11.83000,0.000114286,11.83000,0,11.83000,0,11.83000,0.000114286,11.83000,0.4,11.83000,1,11.83000,0,11.83000,0.4,11.83000,0,11.83000,5.01232,11.83000,0,11.83000,511.178,11.83000,0,11.83000,0.4,11.83000,0,11.83000,1400,11.83000,2.23574e-07,11.83000,2.23574e-07,11.83000,2.20354e-07,11.83000,0.000114286,11.83000,0.000114286,11.83000,0.000117773
11.84000,2.23574e-07,11.84000,0,11.84000,0,11.84000,0,11.84000,8.94317e-08,11.84000,0,11.84000,0.000114286,11.84000,0,11.84000,0,11.84000,0.000114286,11.84000,0.4,11.84000,1,11.84000,0,11.84000,0.4,11.84000,0,11.84000,5.01232,11.84000,0,11.84000,511.178,11.84000,0,11.84000,0.4,11.84000,0,11.84000,1400,11.84000,2.23574e-07,11.84000,2.23574e-07,11.84000,2.20502e-07,11.84000,0.000114286,11.84000,0.000114286,11.84000,0.000117885
11.85000,2.23574e-07,11.85000,0,11.85000,0,11.85000,0,11.85000,8.94317e-08,11.85000,0,11.85000,0.000114286,11.85000,0,11.85000,0,11.85000,0.000114286,11.85000,0.4,11.85000,1,11.85000,0,11.85000,0.4,11.85000,0,11.85000,5.01232,11.85000,0,11.85000,511.178,11.85000,0,11.85000,0.4,11.85000,0,11.85000,1400,11.85000,2.23574e-07,11.85000,2.23574e-07,11.85000,2.2065e-07,11.85000,0.000114286,11.85000,0.000114286,11.85000,0.000117997
11.86000,2.23574e-07,11.86000,0,11.86000,0,11.86000,0,11.86000,8.94317e-08,11.86000,0,11.86000,0.000114286,11.86000,0,11.86000,0,11.86000,0.000114286,11.86000,0.4,11.86000,1,11.86000,0,11.86000,0.4,11.86000,0,11.86000,5.01232,11.86000,0,11.86000,511.178,11.86000,0,11.86000,0.4,11.86000,0,11.86000,1400,11.86000,2.23574e-07,11.86000,2.23574e-07,11.86000,2.20798e-07,11.86000,0.000114286,11.86000,0.000114286,11.86000,0.000118109
11.87000,2.23574e-07,11.87000,0,11.87000,0,11.87000,0,11.87000,8.94317e-08,11.87000,0,11.87000,0.000114286,11.87000,0,11.87000,0,11.87000,0.000114286,11.87000,0.4,11.87000,1,11.87000,0,11.87000,0.4,11.87000,0,11.87000,5.01232,11.87000,0,11.87000,511.178,11.87000,0,11.87000,0.4,11.87000,0,11.87000,1400,11.87000,2.23574e-07,11.87000,2.23574e-07,11.87000,2.20946e-07,11.87000,0.000114286,11.87000,0.000114286,11.87000,0.000118221
11.88000,2.23574e-07,11.88000,0,11.88000,0,11.88000,0,11.88000,8.94317e-08,11.88000,0,11.88000,0.000114286,11.88000,0,11.88000,0,11.88000,0.000114286,11.88000,0.4,11.88000,1,11.88000,0,11.88000,0.4,11.88000,0,11.88000,5.01232,11.88000,0,11.88000,511.178,11.88000,0,11.88000,0.4,11.88000,0,11.88000,1400,11.88000,2.23574e-07,11.88000,2.23574e-07,11.88000,2.21094e-07,11.88000,0.000114286,11.88000,0.000114286,11.88000,0.000118332
11.89000,2.23574e-07,11.89000,0,11.89000,0,11.89000,0,11.89000,8.94317e-08,11.89000,0,11.89000,0.000114286,11.89000,0,11.89000,0,11.89000,0.000114286,11.89000,0.4,11.89000,1,11.89000,0,11.89000,0.4,11.89000,0,11.89000,5.01232,11.89000,0,11.89000,511.178,11.89000,0,11.89000,0.4,11.89000,0,11.89000,1400,11.89000,2.23574e-07,11.89000,2.23574e-07,11.89000,2.21242e-07,11.89000,0.000114286,11.89000,0.000114286,11.89000,0.000118444
11.90000,2.23574e-07,11.90000,0,11.90000,0,11.90000,0,11.90000,8.94317e-08,11.90000,0,11.90000,0.000114286,11.90000,0,11.90000,0,11.90000,0.000114286,11.90000,0.4,11.90000,1,11.90000,0,11.90000,0.4,11.90000,0,11.90000,5.01232,11.90000,0,11.90000,511.178,11.90000,0,11.90000,0.4,11.90000,0,11.90000,1400,11.90000,2.23574e-07,11.90000,2.23574e-07,11.90000,2.2139e-07,11.90000,0.000114286,11.90000,0.000114286,11.90000,0.000118556
11.91000,2.23574e-07,11.91000,0,11.91000,0,11.91000,0,11.91000,8.94317e-08,11.91000,0,11.91000,0.000114286,11.91000,0,11.91000,0,11.91000,0.000114286,11.91000,0.4,11.91000,1,11.91000,0,11.91000,0.4,11.91000,0,11.91000,5.01232,11.91000,0,11.91000,511.178,11.91000,0,11.91000,0.4,11.91000,0,11.91000,1400,11.91000,2.23574e-07,11.91000,2.23574e-07,11.91000,2.21538e-07,11.91000,0.000114286,11.91000,0.000114286,11.91000,0.000118668
11.92000,2.23574e-07,11.92000,0,11.92000,0,11.92000,0,11.92000,8.94317e-08,11.92000,0,11.92000,0.000114286,11.92000,0,11.92000,0,11.92000,0.000114286,11.92000,0.4,11.92000,1,11.92000,0,11.92000,0.4,11.92000,0,11.92000,5.01232,11.92000,0,11.92000,511.178,11.92000,0,11.92000,0.4,11.92000,0,11.92000,1400,11.92000,2.23574e-07,11.92000,2.23574e-07,11.92000,2.21686e-07,11.92000,0.000114286,11.92000,0.000114286,11.92000,0.00011878
11.93000,2.23574e-07,11.93000,0,11.93000,0,11.93000,0,11.93000,8.94317e-08,11.93000,0,11.93000,0.000114286,11.93000,0,11.93000,0,11.93000,0.000114286,11.93000,0.4,11.93000,1,11.93000,0,11.93000,0.4,11.93000,0,11.93000,5.01232,11.93000,0,11.93000,511.178,11.93000,0,11.93000,0.4,11.93000,0,11.93000,1400,11.93000,2.23574e-07,11.93000,2.23574e-07,11.93000,2.21834e-07,11.93000,0.000114286,11.93000,0.000114286,11.93000,0.000118891
11.94000,2.23574e-07,11.94000,0,11.94000,0,11.94000,0,11.94000,8.94317e-08,11.94000,0,11.94000,0.000114286,11.94000,0,11.94000,0,11.94000,0.000114286,11.94000,0.4,11.94000,1,11.94000,0,11.94000,0.4,11.94000,0,11.94000,5.01232,11.94000,0,11.94000,511.178,11.94000,0,11.94000,0.4,11.94000,0,11.94000,1400,11.94000,2.23574e-07,11.94000,2.23574e-07,11.94000,2.21982e-07,11.94000,0.000114286,11.94000,0.000114286,11.94000,0.000119003
11.95000,2.23574e-07,11.95000,0,11.95000,0,11.95000,0,11.95000,8.94317e-08,11.95000,0,11.95000,0.000114286,11.95000,0,11.95000,0,11.95000,0.000114286,11.95000,0.4,11.95000,1,11.95000,0,11.95000,0.4,11.95000,0,11.95000,5.01232,11.95000,0,11.95000,511.178,11.95000,0,11.95000,0.4,11.95000,0,11.95000,1400,11.95000,2.23574e-07,11.95000,2.23574e-07,11.95000,2.22129e-07,11.95000,0.000114286,11.95000,0.000114286,11.95000,0.000119115
11.96000,2.23574e-07,11.96000,0,11.96000,0,11.96000,0,11.96000,8.94317e-08,11.96000,0,11.96000,0.000114286,11.96000,0,11.96000,0,11.96000,0.000114286,11.96000,0.4,11.96000,1,11.96000,0,11.96000,0.4,11.96000,0,11.96000,5.01232,11.96000,0,11.96000,511.178,11.96000,0,11.96000,0.4,11.96000,0,11.96000,1400,11.96000,2.23574e-07,11.96000,2.23574e-07,11.96000,2.22277e-07,11.96000,0.000114286,11.96000,0.000114286,11.96000,0.000119227
11.97000,2.23574e-07,11.97000,0,11.97000,0,11.97000,0,11.97000,8.94317e-08,11.97000,0,11.97000,0.000114286,11.97000,0,11.97000,0,11.97000,0.000114286,11.97000,0.4,11.97000,1,11.97000,0,11.97000,0.4,11.97000,0,11.97000,5.01232,11.97000,0,11.97000,511.178,11.97000,0,11.97000,0.4,11.97000,0,11.97000,1400,11.97000,2.23574e-07,11.97000,2.23574e-07,11.97000,2.22425e-07,11.97000,0.000114286,11.97000,0.000114286,11.97000,0.000119339
11.98000,2.23574e-07,11.98000,0,11.98000,0,11.98000,0,11.98000,8.94317e-08,11.98000,0,11.98000,0.000114286,11.98000,0,11.98000,0,11.98000,0.000114286,11.98000,0.4,11.98000,1,11.98000,0,11.98000,0.4,11.98000,0,11.98000,5.01232,11.98000,0,11.98000,511.178,11.98000,0,11.98000,0.4,11.98000,0,11.98000,1400,11.98000,2.23574e-07,11.98000,2.23574e-07,11.98000,2.22573e-07,11.98000,0.000114286,11.98000,0.000114286,11.98000,0.000119451
11.99000,2.23574e-07,11.99000,0,11.99000,0,11.99000,0,11.99000,8.94317e-08,11.99000,0,11.99000,0.000114286,11.99000,0,11.99000,0,11.99000,0.000114286,11.99000,0.4,11.99000,1,11.99000,0,11.99000,0.4,11.99000,0,11.99000,5.01232,11.99000,0,11.99000,511.178,11.99000,0,11.99000,0.4,11.99000,0,11.99000,1400,11.99000,2.23574e-07,11.99000,2.23574e-07,11.99000,2.22721e-07,11.99000,0.000114286,11.99000,0.000114286,11.99000,0.000119562
12.00000,2.23574e-07,12.00000,0,12.00000,0,12.00000,0,12.00000,8.94317e-08,12.00000,0,12.00000,0.000114286,12.00000,0,12.00000,0,12.00000,0.000114286,12.00000,0.4,12.00000,1,12.00000,0,12.00000,0.4,12.00000,0,12.00000,5.01232,12.00000,0,12.00000,511.178,12.00000,0,12.00000,0.4,12.00000,0,12.00000,1400,12.00000,2.23574e-07,12.00000,2.23574e-07,12.00000,2.22869e-07,12.00000,0.000114286,12.00000,0.000114286,12.00000,0.000119674
12.01000,2.23574e-07,12.01000,0,12.01000,0,12.01000,0,12.01000,8.94317e-08,12.01000,0,12.01000,0.000114286,12.01000,0,12.01000,0,12.01000,0.000114286,12.01000,0.4,12.01000,1,12.01000,0,12.01000,0.4,12.01000,0,12.01000,5.01232,12.01000,0,12.01000,511.178,12.01000,0,12.01000,0.4,12.01000,0,12.01000,1400,12.01000,2.23574e-07,12.01000,2.23574e-07,12.01000,2.23017e-07,12.01000,0.000114286,12.01000,0.000114286,12.01000,0.000119786
12.02000,2.23574e-07,12.02000,0,12.02000,0,12.02000,0,12.02000,8.94317e-08,12.02000,0,12.02000,0.000114286,12.02000,0,12.02000,0,12.02000,0.000114286,12.02000,0.4,12.02000,1,12.02000,0,12.02000,0.4,12.02000,0,12.02000,5.01232,12.02000,0,12.02000,511.178,12.02000,0,12.02000,0.4,12.02000,0,12.02000,1400,12.02000,2.23574e-07,12.02000,2.23574e-07,12.02000,2.23165e-07,12.02000,0.000114286,12.02000,0.000114286,12.02000,0.000119898
12.03000,2.23574e-07,12.03000,0,12.03000,0,12.03000,0,12.03000,8.94317e-08,12.03000,0,12.03000,0.000114286,12.03000,0,12.03000,0,12.03000,0.000114286,12.03000,0.4,12.03000,1,12.03000,0,12.03000,0.4,12.03000,0,12.03000,5.01232,12.03000,0,12.03000,511.178,12.03000,0,12.03000,0.4,12.03000,0,12.03000,1400,12.03000,2.23574e-07,12.03000,2.23574e-07,12.03000,2.23313e-07,12.03000,0.000114286,12.03000,0.000114286,12.03000,0.00012001
12.04000,2.23574e-07,12.04000,0,12.04000,0,12.04000,0,12.04000,8.94317e-08,12.04000,0,12.04000,0.000114286,12.04000,0,12.04000,0,12.04000,0.000114286,12.04000,0.4,12.04000,1,12.04000,0,12.04000,0.4,12.04000,0,12.04000,5.01232,12.04000,0,12.04000,511.178,12.04000,0,12.04000,0.4,12.04000,0,12.04000,1400,12.04000,2.23574e-07,12.04000,2.23574e-07,12.04000,2.23461e-07,12.04000,0.000114286,12.04000,0.000114286,12.04000,0.000120121
12.05000,2.23574e-07,12.05000,0,12.05000,0,12.05000,0,12.05000,8.94317e-08,12.05000,0,12.05000,0.000114286,12.05000,0,12.05000,0,12.05000,0.000114286,12.05000,0.4,12.05000,1,12.05000,0,12.05000,0.4,12.05000,0,12.05000,5.01232,12.05000,0,12.05000,511.178,12.05000,0,12.05000,0.4,12.05000,0,12.05000,1400,12.05000,2.23574e-07,12.05000,2.23574e-07,12.05000,2.23609e-07,12.05000,0.000114286,12.05000,0.000114286,12.05000,0.000120233
12.06000,2.23574e-07,12.06000,0,12.06000,0,12.06000,0,12.06000,8.94317e-08,12.06000,0,12.06000,0.000114286,12.06000,0,12.06000,0,12.06000,0.000114286,12.06000,0.4,12.06000,1,12.06000,0,12.06000,0.4,12.06000,0,12.06000,5.01232,12.06000,0,12.06000,511.178,12.06000,0,12.06000,0.4,12.06000,0,12.06000,1400,12.06000,2.23574e-07,12.06000,2.23574e-07,12.06000,2.23757e-07,12.06000,0.000114286,12.06000,0.000114286,12.06000,0.000120345
12.07000,2.23574e-07,12.07000,0,12.07000,0,12.07000,0,12.07000,8.94317e-08,12.07000,0,12.07000,0.000114286,12.07000,0,12.07000,0,12.07000,0.000114286,12.07000,0.4,12.07000,1,12.07000,0,12.07000,0.4,12.07000,0,12.07000,5.01232,12.07000,0,12.07000,511.178,12.07000,0,12.07000,0.4,12.07000,0,12.07000,1400,12.07000,2.23574e-07,12.07000,2.23574e-07,12.07000,2.23904e-07,12.07000,0.000114286,12.07000,0.000114286,12.07000,0.000120457
12.08000,2.23574e-07,12.08000,0,12.08000,0,12.08000,0,12.08000,8.94317e-08,12.08000,0,12.08000,0.000114286,12.08000,0,12.08000,0,12.08000,0.000114286,12.08000,0.4,12.08000,1,12.08000,0,12.08000,0.4,12.08000,0,12.08000,5.01232,12.08000,0,12.08000,511.178,12.08000,0,12.08000,0.4,12.08000,0,12.08000,1400,12.08000,2.23574e-07,12.08000,2.23574e-07,12.08000,2.24052e-07,12.08000,0.000114286,12.08000,0.000114286,12.08000,0.000120569
12.09000,2.23574e-07,12.09000,0,12.09000,0,12.09000,0,12.09000,8.94317e-08,12.09000,0,12.09000,0.000114286,12.09000,0,12.09000,0,12.09000,0.000114286,12.09000,0.4,12.09000,1,12.09000,0,12.09000,0.4,12.09000,0,12.09000,5.01232,12.09000,0,12.09000,511.178,12.09000,0,12.09000,0.4,12.09000,0,12.09000,1400,12.09000,2.23574e-07,12.09000,2.23574e-07,12.09000,2.242e-07,12.09000,0.000114286,12.09000,0.000114286,12.09000,0.000120681
12.10000,2.23574e-07,12.10000,0,12.10000,0,12.10000,0,12.10000,8.94317e-08,12.10000,0,12.10000,0.000114286,12.10000,0,12.10000,0,12.10000,0.000114286,12.10000,0.4,12.10000,1,12.10000,0,12.10000,0.4,12.10000,0,12.10000,5.01232,12.10000,0,12.10000,511.178,12.10000,0,12.10000,0.4,12.10000,0,12.10000,1400,12.10000,2.23574e-07,12.10000,2.23574e-07,12.10000,2.24348e-07,12.10000,0.000114286,12.10000,0.000114286,12.10000,0.000120792
12.11000,2.23574e-07,12.11000,0,12.11000,0,12.11000,0,12.11000,8.94317e-08,12.11000,0,12.11000,0.000114286,12.11000,0,12.11000,0,12.11000,0.000114286,12.11000,0.4,12.11000,1,12.11000,0,12.11000,0.4,12.11000,0,12.11000,5.01232,12.11000,0,12.11000,511.178,12.11000,0,12.11000,0.4,12.11000,0,12.11000,1400,12.11000,2.23574e-07,12.11000,2.23574e-07,12.11000,2.24496e-07,12.11000,0.000114286,12.11000,0.000114286,12.11000,0.000120904
12.12000,2.23574e-07,12.12000,0,12.12000,0,12.12000,0,12.12000,8.94317e-08,12.12000,0,12.12000,0.000114286,12.12000,0,12.12000,0,12.12000,0.000114286,12.12000,0.4,12.12000,1,12.12000,0,12.12000,0.4,12.12000,0,12.12000,5.01232,12.12000,0,12.12000,511.178,12.12000,0,12.12000,0.4,12.12000,0,12.12000,1400,12.12000,2.23574e-07,12.12000,2.23574e-07,12.12000,2.24644e-07,12.12000,0.000114286,12.12000,0.000114286,12.12000,0.000121016
12.13000,2.23574e-07,12.13000,0,12.13000,0,12.13000,0,12.13000,8.94317e-08,12.13000,0,12.13000,0.000114286,12.13000,0,12.13000,0,12.13000,0.000114286,12.13000,0.4,12.13000,1,12.13000,0,12.13000,0.4,12.13000,0,12.13000,5.01232,12.13000,0,12.13000,511.178,12.13000,0,12.13000,0.4,12.13000,0,12.13000,1400,12.13000,2.23574e-07,12.13000,2.23574e-07,12.13000,2.24792e-07,12.13000,0.000114286,12.13000,0.000114286,12.13000,0.000121128
12.14000,2.23574e-07,12.14000,0,12.14000,0,12.14000,0,12.14000,8.94317e-08,12.14000,0,12.14000,0.000114286,12.14000,0,12.14000,0,12.14000,0.000114286,12.14000,0.4,12.14000,1,12.14000,0,12.14000,0.4,12.14000,0,12.14000,5.01232,12.14000,0,12.14000,511.178,12.14000,0,12.14000,0.4,12.14000,0,12.14000,1400,12.14000,2.23574e-07,12.14000,2.23574e-07,12.14000,2.2494e-07,12.14000,0.000114286,12.14000,0.000114286,12.14000,0.00012124
12.15000,2.23574e-07,12.15000,0,12.15000,0,12.15000,0,12.15000,8.94317e-08,12.15000,0,12.15000,0.000114286,12.15000,0,12.15000,0,12.15000,0.000114286,12.15000,0.4,12.15000,1,12.15000,0,12.15000,0.4,12.15000,0,12.15000,5.01232,12.15000,0,12.15000,511.178,12.15000,0,12.15000,0.4,12.15000,0,12.15000,1400,12.15000,2.23574e-07,12.15000,2.23574e-07,12.15000,2.25088e-07,12.15000,0.000114286,12.15000,0.000114286,12.15000,0.000121351
12.16000,2.23574e-07,12.16000,0,12.16000,0,12.16000,0,12.16000,8.94317e-08,12.16000,0,12.16000,0.000114286,12.16000,0,12.16000,0,12.16000,0.000114286,12.16000,0.4,12.16000,1,12.16000,0,12.16000,0.4,12.16000,0,12.16000,5.01232,12.16000,0,12.16000,511.178,12.16000,0,12.16000,0.4,12.16000,0,12.16000,1400,12.16000,2.23574e-07,12.16000,2.23574e-07,12.16000,2.25236e-07,12.16000,0.000114286,12.16000,0.000114286,12.16000,0.000121463
12.17000,2.23574e-07,12.17000,0,12.17000,0,12.17000,0,12.17000,8.94317e-08,12.17000,0,12.17000,0.000114286,12.17000,0,12.17000,0,12.17000,0.000114286,12.17000,0.4,12.17000,1,12.17000,0,12.17000,0.4,12.17000,0,12.17000,5.01232,12.17000,0,12.17000,511.178,12.17000,0,12.17000,0.4,12.17000,0,12.17000,1400,12.17000,2.23574e-07,12.17000,2.23574e-07,12.17000,2.25384e-07,12.17000,0.000114286,12.17000,0.000114286,12.17000,0.000121575
12.18000,2.23574e-07,12.18000,0,12.18000,0,12.18000,0,12.18000,8.94317e-08,12.18000,0,12.18000,0.000114286,12.18000,0,12.18000,0,12.18000,0.000114286,12.18000,0.4,12.18000,1,12.18000,0,12.18000,0.4,12.18000,0,12.18000,5.01232,12.18000,0,12.18000,511.178,12.18000,0,12.18000,0.4,12.18000,0,12.18000,1400,12.18000,2.23574e-07,12.18000,2.23574e-07,12.18000,2.25532e-07,12.18000,0.000114286,12.18000,0.000114286,12.18000,0.000121687
12.19000,2.23574e-07,12.19000,0,12.19000,0,12.19000,0,12.19000,8.94317e-08,12.19000,0,12.19000,0.000114286,12.19000,0,12.19000,0,12.19000,0.000114286,12.19000,0.4,12.19000,1,12.19000,0,12.19000,0.4,12.19000,0,12.19000,5.01232,12.19000,0,12.19000,511.178,12.19000,0,12.19000,0.4,12.19000,0,12.19000,1400,12.19000,2.23574e-07,12.19000,2.23574e-07,12.19000,2.25679e-07,12.19000,0.000114286,12.19000,0.000114286,12.19000,0.000121799
12.20000,2.23574e-07,12.20000,0,12.20000,0,12.20000,0,12.20000,8.94317e-08,12.20000,0,12.20000,0.000114286,12.20000,0,12.20000,0,12.20000,0.000114286,12.20000,0.4,12.20000,1,12.20000,0,12.20000,0.4,12.20000,0,12.20000,5.01232,12.20000,0,12.20000,511.178,12.20000,0,12.20000,0.4,12.20000,0,12.20000,1400,12.20000,2.23574e-07,12.20000,2.23574e-07,12.20000,2.25827e-07,12.20000,0.000114286,12.20000,0.000114286,12.20000,0.000121911
12.21000,2.23574e-07,12.21000,0,12.21000,0,12.21000,0,12.21000,8.94317e-08,12.21000,0,12.21000,0.000114286,12.21000,0,12.21000,0,12.21000,0.000114286,12.21000,0.4,12.21000,1,12.21000,0,12.21000,0.4,12.21000,0,12.21000,5.01232,12.21000,0,12.21000,511.178,12.21000,0,12.21000,0.4,12.21000,0,12.21000,1400,12.21000,2.23574e-07,12.21000,2.23574e-07,12.21000,2.25975e-07,12.21000,0.000114286,12.21000,0.000114286,12.21000,0.000122022
12.22000,2.23574e-07,12.22000,0,12.22000,0,12.22000,0,12.22000,8.94317e-08,12.22000,0,12.22000,0.000114286,12.22000,0,12.22000,0,12.22000,0.000114286,12.22000,0.4,12.22000,1,12.22000,0,12.22000,0.4,12.22000,0,12.22000,5.01232,12.22000,0,12.22000,511.178,12.22000,0,12.22000,0.4,12.22000,0,12.22000,1400,12.22000,2.23574e-07,12.22000,2.23574e-07,12.22000,2.26123e-07,12.22000,0.000114286,12.22000,0.000114286,12.22000,0.000122134
12.23000,2.23574e-07,12.23000,0,12.23000,0,12.23000,0,12.23000,8.94317e-08,12.23000,0,12.23000,0.000114286,12.23000,0,12.23000,0,12.23000,0.000114286,12.23000,0.4,12.23000,1,12.23000,0,12.23000,0.4,12.23000,0,12.23000,5.01232,12.23000,0,12.23000,511.178,12.23000,0,12.23000,0.4,12.23000,0,12.23000,1400,12.23000,2.23574e-07,12.23000,2.23574e-07,12.23000,2.26271e-07,12.23000,0.000114286,12.23000,0.000114286,12.23000,0.000122246
12.24000,2.23574e-07,12.24000,0,12.24000,0,12.24000,0,12.24000,8.94317e-08,12.24000,0,12.24000,0.000114286,12.24000,0,12.24000,0,12.24000,0.000114286,12.24000,0.4,12.24000,1,12.24000,0,12.24000,0.4,12.24000,0,12.24000,5.01232,12.24000,0,12.24000,511.178,12.24000,0,12.24000,0.4,12.24000,0,12.24000,1400,12.24000,2.23574e-07,12.24000,2.23574e-07,12.24000,2.26419e-07,12.24000,0.000114286,12.24000,0.000114286,12.24000,0.000122358
12.25000,2.23574e-07,12.25000,0,12.25000,0,12.25000,0,12.25000,8.94317e-08,12.25000,0,12.25000,0.000114286,12.25000,0,12.25000,0,12.25000,0.000114286,12.25000,0.4,12.25000,1,12.25000,0,12.25000,0.4,12.25000,0,12.25000,5.01232,12.25000,0,12.25000,511.178,12.25000,0,12.25000,0.4,12.25000,0,12.25000,1400,12.25000,2.23574e-07,12.25000,2.23574e-07,12.25000,2.26567e-07,12.25000,0.000114286,12.25000,0.000114286,12.25000,0.00012247
12.26000,2.23574e-07,12.26000,0,12.26000,0,12.26000,0,12.26000,8.94317e-08,12.26000,0,12.26000,0.000114286,12.26000,0,12.26000,0,12.26000,0.000114286,12.26000,0.4,12.26000,1,12.26000,0,12.26000,0.4,12.26000,0,12.26000,5.01232,12.26000,0,12.26000,511.178,12.26000,0,12.26000,0.4,12.26000,0,12.26000,1400,12.26000,2.23574e-07,12.26000,2.23574e-07,12.26000,2.26715e-07,12.26000,0.000114286,12.26000,0.000114286,12.26000,0.000122581
12.27000,2.23574e-07,12.27000,0,12.27000,0,12.27000,0,12.27000,8.94317e-08,12.27000,0,12.27000,0.000114286,12.27000,0,12.27000,0,12.27000,0.000114286,12.27000,0.4,12.27000,1,12.27000,0,12.27000,0.4,12.27000,0,12.27000,5.01232,12.27000,0,12.27000,511.178,12.27000,0,12.27000,0.4,12.27000,0,12.27000,1400,12.27000,2.23574e-07,12.27000,2.23574e-07,12.27000,2.26863e-07,12.27000,0.000114286,12.27000,0.000114286,12.27000,0.000122693
12.28000,2.23574e-07,12.28000,0,12.28000,0,12.28000,0,12.28000,8.94317e-08,12.28000,0,12.28000,0.000114286,12.28000,0,12.28000,0,12.28000,0.000114286,12.28000,0.4,12.28000,1,12.28000,0,12.28000,0.4,12.28000,0,12.28000,5.01232,12.28000,0,12.28000,511.178,12.28000,0,12.28000,0.4,12.28000,0,12.28000,1400,12.28000,2.23574e-07,12.28000,2.23574e-07,12.28000,2.27011e-07,12.28000,0.000114286,12.28000,0.000114286,12.28000,0.000122805
12.29000,2.23574e-07,12.29000,0,12.29000,0,12.29000,0,12.29000,8.94317e-08,12.29000,0,12.29000,0.000114286,12.29000,0,12.29000,0,12.29000,0.000114286,12.29000,0.4,12.29000,1,12.29000,0,12.29000,0.4,12.29000,0,12.29000,5.01232,12.29000,0,12.29000,511.178,12.29000,0,12.29000,0.4,12.29000,0,12.29000,1400,12.29000,2.23574e-07,12.29000,2.23574e-07,12.29000,2.27159e-07,12.29000,0.000114286,12.29000,0.000114286,12.29000,0.000122917
12.30000,2.23574e-07,12.30000,0,12.30000,0,12.30000,0,12.30000,8.94317e-08,12.30000,0,12.30000,0.000114286,12.30000,0,12.30000,0,12.30000,0.000114286,12.30000,0.4,12.30000,1,12.30000,0,12.30000,0.4,12.30000,0,12.30000,5.01232,12.30000,0,12.30000,511.178,12.30000,0,12.30000,0.4,12.30000,0,12.30000,1400,12.30000,2.23574e-07,12.30000,2.23574e-07,12.30000,2.27307e-07,12.30000,0.000114286,12.30000,0.000114286,12.30000,0.000123029
12.31000,2.23574e-07,12.31000,0,12.31000,0,12.31000,0,12.31000,8.94317e-08,12.31000,0,12.31000,0.000114286,12.31000,0,12.31000,0,12.31000,0.000114286,12.31000,0.4,12.31000,1,12.31000,0,12.31000,0.4,12.31000,0,12.31000,5.01232,12.31000,0,12.31000,511.178,12.31000,0,12.31000,0.4,12.31000,0,12.31000,1400,12.31000,2.23574e-07,12.31000,2.23574e-07,12.31000,2.27454e-07,12.31000,0.000114286,12.31000,0.000114286,12.31000,0.000123141
12.32000,2.23574e-07,12.32000,0,12.32000,0,12.32000,0,12.32000,8.94317e-08,12.32000,0,12.32000,0.000114286,12.32000,0,12.32000,0,12.32000,0.000114286,12.32000,0.4,12.32000,1,12.32000,0,12.32000,0.4,12.32000,0,12.32000,5.01232,12.32000,0,12.32000,511.178,12.32000,0,12.32000,0.4,12.32000,0,12.32000,1400,12.32000,2.23574e-07,12.32000,2.23574e-07,12.32000,2.27602e-07,12.32000,0.000114286,12.32000,0.000114286,12.32000,0.000123252
12.33000,2.23574e-07,12.33000,0,12.33000,0,12.33000,0,12.33000,8.94317e-08,12.33000,0,12.33000,0.000114286,12.33000,0,12.33000,0,12.33000,0.000114286,12.33000,0.4,12.33000,1,12.33000,0,12.33000,0.4,12.33000,0,12.33000,5.01232,12.33000,0,12.33000,511.178,12.33000,0,12.33000,0.4,12.33000,0,12.33000,1400,12.33000,2.23574e-07,12.33000,2.23574e-07,12.33000,2.2775e-07,12.33000,0.000114286,12.33000,0.000114286,12.33000,0.000123364
12.34000,2.23574e-07,12.34000,0,12.34000,0,12.34000,0,12.34000,8.94317e-08,12.34000,0,12.34000,0.000114286,12.34000,0,12.34000,0,12.34000,0.000114286,12.34000,0.4,12.34000,1,12.34000,0,12.34000,0.4,12.34000,0,12.34000,5.01232,12.34000,0,12.34000,511.178,12.34000,0,12.34000,0.4,12.34000,0,12.34000,1400,12.34000,2.23574e-07,12.34000,2.23574e-07,12.34000,2.27898e-07,12.34000,0.000114286,12.34000,0.000114286,12.34000,0.000123476
12.35000,2.23574e-07,12.35000,0,12.35000,0,12.35000,0,12.35000,8.94317e-08,12.35000,0,12.35000,0.000114286,12.35000,0,12.35000,0,12.35000,0.000114286,12.35000,0.4,12.35000,1,12.35000,0,12.35000,0.4,12.35000,0,12.35000,5.01232,12.35000,0,12.35000,511.178,12.35000,0,12.35000,0.4,12.35000,0,12.35000,1400,12.35000,2.23574e-07,12.35000,2.23574e-07,12.35000,2.28046e-07,12.35000,0.000114286,12.35000,0.000114286,12.35000,0.000123588
12.36000,2.23574e-07,12.36000,0,12.36000,0,12.36000,0,12.36000,8.94317e-08,12.36000,0,12.36000,0.000114286,12.36000,0,12.36000,0,12.36000,0.000114286,12.36000,0.4,12.36000,1,12.36000,0,12.36000,0.4,12.36000,0,12.36000,5.01232,12.36000,0,12.36000,511.178,12.36000,0,12.36000,0.4,12.36000,0,12.36000,1400,12.36000,2.23574e-07,12.36000,2.23574e-07,12.36000,2.28194e-07,12.36000,0.000114286,12.36000,0.000114286,12.36000,0.0001237
12.37000,2.23574e-07,12.37000,0,12.37000,0,12.37000,0,12.37000,8.94317e-08,12.37000,0,12.37000,0.000114286,12.37000,0,12.37000,0,12.37000,0.000114286,12.37000,0.4,12.37000,1,12.37000,0,12.37000,0.4,12.37000,0,12.37000,5.01232,12.37000,0,12.37000,511.178,12.37000,0,12.37000,0.4,12.37000,0,12.37000,1400,12.37000,2.23574e-07,12.37000,2.23574e-07,12.37000,2.28342e-07,12.37000,0.000114286,12.37000,0.000114286,12.37000,0.000123811
12.38000,2.23574e-07,12.38000,0,12.38000,0,12.38000,0,12.38000,8.94317e-08,12.38000,0,12.38000,0.000114286,12.38000,0,12.38000,0,12.38000,0.000114286,12.38000,0.4,12.38000,1,12.38000,0,12.38000,0.4,12.38000,0,12.38000,5.01232,12.38000,0,12.38000,511.178,12.38000,0,12.38000,0.4,12.38000,0,12.38000,1400,12.38000,2.23574e-07,12.38000,2.23574e-07,12.38000,2.2849e-07,12.38000,0.000114286,12.38000,0.000114286,12.38000,0.000123923
12.39000,2.23574e-07,12.39000,0,12.39000,0,12.39000,0,12.39000,8.94317e-08,12.39000,0,12.39000,0.000114286,12.39000,0,12.39000,0,12.39000,0.000114286,12.39000,0.4,12.39000,1,12.39000,0,12.39000,0.4,12.39000,0,12.39000,5.01232,12.39000,0,12.39000,511.178,12.39000,0,12.39000,0.4,12.39000,0,12.39000,1400,12.39000,2.23574e-07,12.39000,2.23574e-07,12.39000,2.28638e-07,12.39000,0.000114286,12.39000,0.000114286,12.39000,0.000124035
12.40000,2.23574e-07,12.40000,0,12.40000,0,12.40000,0,12.40000,8.94317e-08,12.40000,0,12.40000,0.000114286,12.40000,0,12.40000,0,12.40000,0.000114286,12.40000,0.4,12.40000,1,12.40000,0,12.40000,0.4,12.40000,0,12.40000,5.01232,12.40000,0,12.40000,511.178,12.40000,0,12.40000,0.4,12.40000,0,12.40000,1400,12.40000,2.23574e-07,12.40000,2.23574e-07,12.40000,2.28786e-07,12.40000,0.000114286,12.40000,0.000114286,12.40000,0.000124147
12.41000,2.23574e-07,12.41000,0,12.41000,0,12.41000,0,12.41000,8.94317e-08,12.41000,0,12.41000,0.000114286,12.41000,0,12.41000,0,12.41000,0.000114286,12.41000,0.4,12.41000,1,12.41000,0,12.41000,0.4,12.41000,0,12.41000,5.01232,12.41000,0,12.41000,511.178,12.41000,0,12.41000,0.4,12.41000,0,12.41000,1400,12.41000,2.23574e-07,12.41000,2.23574e-07,12.41000,2.28934e-07,12.41000,0.000114286,12.41000,0.000114286,12.41000,0.000124259
12.42000,2.23574e-07,12.42000,0,12.42000,0,12.42000,0,12.42000,8.94317e-08,12.42000,0,12.42000,0.000114286,12.42000,0,12.42000,0,12.42000,0.000114286,12.42000,0.4,12.42000,1,12.42000,0,12.42000,0.4,12.42000,0,12.42000,5.01232,12.42000,0,12.42000,511.178,12.42000,0,12.42000,0.4,12.42000,0,12.42000,1400,12.42000,2.23574e-07,12.42000,2.23574e-07,12.42000,2.29082e-07,12.42000,0.000114286,12.42000,0.000114286,12.42000,0.000124371
12.43000,2.23574e-07,12.43000,0,12.43000,0,12.43000,0,12.43000,8.94317e-08,12.43000,0,12.43000,0.000114286,12.43000,0,12.43000,0,12.43000,0.000114286,12.43000,0.4,12.43000,1,12.43000,0,12.43000,0.4,12.43000,0,12.43000,5.01232,12.43000,0,12.43000,511.178,12.43000,0,12.43000,0.4,12.43000,0,12.43000,1400,12.43000,2.23574e-07,12.43000,2.23574e-07,12.43000,2.29229e-07,12.43000,0.000114286,12.43000,0.000114286,12.43000,0.000124482
12.44000,2.23574e-07,12.44000,0,12.44000,0,12.44000,0,12.44000,8.94317e-08,12.44000,0,12.44000,0.000114286,12.44000,0,12.44000,0,12.44000,0.000114286,12.44000,0.4,12.44000,1,12.44000,0,12.44000,0.4,12.44000,0,12.44000,5.01232,12.44000,0,12.44000,511.178,12.44000,0,12.44000,0.4,12.44000,0,12.44000,1400,12.44000,2.23574e-07,12.44000,2.23574e-07,12.44000,2.29377e-07,12.44000,0.000114286,12.44000,0.000114286,12.44000,0.000124594
12.45000,2.23574e-07,12.45000,0,12.45000,0,12.45000,0,12.45000,8.94317e-08,12.45000,0,12.45000,0.000114286,12.45000,0,12.45000,0,12.45000,0.000114286,12.45000,0.4,12.45000,1,12.45000,0,12.45000,0.4,12.45000,0,12.45000,5.01232,12.45000,0,12.45000,511.178,12.45000,0,12.45000,0.4,12.45000,0,12.45000,1400,12.45000,2.23574e-07,12.45000,2.23574e-07,12.45000,2.29467e-07,12.45000,0.000114286,12.45000,0.000114286,12.45000,0.000124587
12.46000,2.23574e-07,12.46000,0,12.46000,0,12.46000,0,12.46000,8.94317e-08,12.46000,0,12.46000,0.000114286,12.46000,0,12.46000,0,12.46000,0.000114286,12.46000,0.4,12.46000,1,12.46000,0,12.46000,0.4,12.46000,0,12.46000,5.01232,12.46000,0,12.46000,511.178,12.46000,0,12.46000,0.4,12.46000,0,12.46000,1400,12.46000,2.23574e-07,12.46000,2.23574e-07,12.46000,2.29531e-07,12.46000,0.000114286,12.46000,0.000114286,12.46000,0.000124527
12.47000,2.23574e-07,12.47000,0,12.47000,0,12.47000,0,12.47000,8.94317e-08,12.47000,0,12.47000,0.000114286,12.47000,0,12.47000,0,12.47000,0.000114286,12.47000,0.4,12.47000,1,12.47000,0,12.47000,0.4,12.47000,0,12.47000,5.01232,12.47000,0,12.47000,511.178,12.47000,0,12.47000,0.4,12.47000,0,12.47000,1400,12.47000,2.23574e-07,12.47000,2.23574e-07,12.47000,2.29596e-07,12.47000,0.000114286,12.47000,0.000114286,12.47000,0.000124466
12.48000,2.23574e-07,12.48000,0,12.48000,0,12.48000,0,12.48000,8.94317e-08,12.48000,0,12.48000,0.000114286,12.48000,0,12.48000,0,12.48000,0.000114286,12.48000,0.4,12.48000,1,12.48000,0,12.48000,0.4,12.48000,0,12.48000,5.01232,12.48000,0,12.48000,511.178,12.48000,0,12.48000,0.4,12.48000,0,12.48000,1400,12.48000,2.23574e-07,12.48000,2.23574e-07,12.48000,2.2966e-07,12.48000,0.000114286,12.48000,0.000114286,12.48000,0.000124406
12.49000,2.23574e-07,12.49000,0,12.49000,0,12.49000,0,12.49000,8.94317e-08,12.49000,0,12.49000,0.000114286,12.49000,0,12.49000,0,12.49000,0.000114286,12.49000,0.4,12.49000,1,12.49000,0,12.49000,0.4,12.49000,0,12.49000,5.01232,12.49000,0,12.49000,511.178,12.49000,0,12.49000,0.4,12.49000,0,12.49000,1400,12.49000,2.23574e-07,12.49000,2.23574e-07,12.49000,2.29724e-07,12.49000,0.000114286,12.49000,0.000114286,12.49000,0.000124346
12.50000,2.23574e-07,12.50000,0,12.50000,0,12.50000,0,12.50000,8.94317e-08,12.50000,0,12.50000,0.000114286,12.50000,0,12.50000,0,12.50000,0.000114286,12.50000,0.4,12.50000,1,12.50000,0,12.50000,0.4,12.50000,0,12.50000,5.01232,12.50000,0,12.50000,511.178,12.50000,0,12.50000,0.4,12.50000,0,12.50000,1400,12.50000,2.23574e-07,12.50000,2.23574e-07,12.50000,2.29788e-07,12.50000,0.000114286,12.50000,0.000114286,12.50000,0.000124286
12.51000,2.23574e-07,12.51000,0,12.51000,0,12.51000,0,12.51000,8.94317e-08,12.51000,0,12.51000,0.000114286,12.51000,0,12.51000,0,12.51000,0.000114286,12.51000,0.4,12.51000,1,12.51000,0,12.51000,0.4,12.51000,0,12.51000,5.01232,12.51000,0,12.51000,511.178,12.51000,0,12.51000,0.4,12.51000,0,12.51000,1400,12.51000,2.23574e-07,12.51000,2.23574e-07,12.51000,2.29852e-07,12.51000,0.000114286,12.51000,0.000114286,12.51000,0.000124226
12.52000,2.23574e-07,12.52000,0,12.52000,0,12.52000,0,12.52000,8.94317e-08,12.52000,0,12.52000,0.000114286,12.52000,0,12.52000,0,12.52000,0.000114286,12.52000,0.4,12.52000,1,12.52000,0,12.52000,0.4,12.52000,0,12.52000,5.01232,12.52000,0,12.52000,511.178,12.52000,0,12.52000,0.4,12.52000,0,12.52000,1400,12.52000,2.23574e-07,12.52000,2.23574e-07,12.52000,2.29916e-07,12.52000,0.000114286,12.52000,0.000114286,12.52000,0.000124165
12.53000,2.23574e-07,12.53000,0,12.53000,0,12.53000,0,12.53000,8.94317e-08,12.53000,0,12.53000,0.000114286,12.53000,0,12.53000,0,12.53000,0.000114286,12.53000,0.4,12.53000,1,12.53000,0,12.53000,0.4,12.53000,0,12.53000,5.01232,12.53000,0,12.53000,511.178,12.53000,0,12.53000,0.4,12.53000,0,12.53000,1400,12.53000,2.23574e-07,12.53000,2.23574e-07,12.53000,2.29981e-07,12.53000,0.000114286,12.53000,0.000114286,12.53000,0.000124105
12.54000,2.23574e-07,12.54000,0,12.54000,0,12.54000,0,12.54000,8.94317e-08,12.54000,0,12.54000,0.000114286,12.54000,0,12.54000,0,12.54000,0.000114286,12.54000,0.4,12.54000,1,12.54000,0,12.54000,0.4,12.54000,0,12.54000,5.01232,12.54000,0,12.54000,511.178,12.54000,0,12.54000,0.4,12.54000,0,12.54000,1400,12.54000,2.23574e-07,12.54000,2.23574e-07,12.54000,2.30045e-07,12.54000,0.000114286,12.54000,0.000114286,12.54000,0.000124045
12.55000,2.23574e-07,12.55000,0,12.55000,0,12.55000,0,12.55000,8.94317e-08,12.55000,0,12.55000,0.000114286,12.55000,0,12.55000,0,12.55000,0.000114286,12.55000,0.4,12.55000,1,12.55000,0,12.55000,0.4,12.55000,0,12.55000,5.01232,12.55000,0,12.55000,511.178,12.55000,0,12.55000,0.4,12.55000,0,12.55000,1400,12.55000,2.23574e-07,12.55000,2.23574e-07,12.55000,2.30109e-07,12.55000,0.000114286,12.55000,0.000114286,12.55000,0.000123985
12.56000,2.23574e-07,12.56000,0,12.56000,0,12.56000,0,12.56000,8.94317e-08,12.56000,0,12.56000,0.000114286,12.56000,0,12.56000,0,12.56000,0.000114286,12.56000,0.4,12.56000,1,12.56000,0,12.56000,0.4,12.56000,0,12.56000,5.01232,12.56000,0,12.56000,511.178,12.56000,0,12.56000,0.4,12.56000,0,12.56000,1400,12.56000,2.23574e-07,12.56000,2.23574e-07,12.56000,2.30173e-07,12.56000,0.000114286,12.56000,0.000114286,12.56000,0.000123924
12.57000,2.23574e-07,12.57000,0,12.57000,0,12.57000,0,12.57000,8.94317e-08,12.57000,0,12.57000,0.000114286,12.57000,0,12.57000,0,12.57000,0.000114286,12.57000,0.4,12.57000,1,12.57000,0,12.57000,0.4,12.57000,0,12.57000,5.01232,12.57000,0,12.57000,511.178,12.57000,0,12.57000,0.4,12.57000,0,12.57000,1400,12.57000,2.23574e-07,12.57000,2.23574e-07,12.57000,2.30237e-07,12.57000,0.000114286,12.57000,0.000114286,12.57000,0.000123864
12.58000,2.23574e-07,12.58000,0,12.58000,0,12.58000,0,12.58000,8.94317e-08,12.58000,0,12.58000,0.000114286,12.58000,0,12.58000,0,12.58000,0.000114286,12.58000,0.4,12.58000,1,12.58000,0,12.58000,0.4,12.58000,0,12.58000,5.01232,12.58000,0,12.58000,511.178,12.58000,0,12.58000,0.4,12.58000,0,12.58000,1400,12.58000,2.23574e-07,12.58000,2.23574e-07,12.58000,2.30301e-07,12.58000,0.000114286,12.58000,0.000114286,12.58000,0.000123804
12.59000,2.23574e-07,12.59000,0,12.59000,0,12.59000,0,12.59000,8.94317e-08,12.59000,0,12.59000,0.000114286,12.59000,0,12.59000,0,12.59000,0.000114286,12.59000,0.4,12.59000,1,12.59000,0,12.59000,0.4,12.59000,0,12.59000,5.01232,12.59000,0,12.59000,511.178,12.59000,0,12.59000,0.4,12.59000,0,12.59000,1400,12.59000,2.23574e-07,12.59000,2.23574e-07,12.59000,2.30366e-07,12.59000,0.000114286,12.59000,0.000114286,12.59000,0.000123744
12.60000,2.23574e-07,12.60000,0,12.60000,0,12.60000,0,12.60000,8.94317e-08,12.60000,0,12.60000,0.000114286,12.60000,0,12.60000,0,12.60000,0.000114286,12.60000,0.4,12.60000,1,12.60000,0,12.60000,0.4,12.60000,0,12.60000,5.01232,12.60000,0,12.60000,511.178,12.60000,0,12.60000,0.4,12.60000,0,12.60000,1400,12.60000,2.23574e-07,12.60000,2.23574e-07,12.60000,2.3043e-07,12.60000,0.000114286,12.60000,0.000114286,12.60000,0.000123683
12.61000,2.23574e-07,12.61000,0,12.61000,0,12.61000,0,12.61000,8.94317e-08,12.61000,0,12.61000,0.000114286,12.61000,0,12.61000,0,12.61000,0.000114286,12.61000,0.4,12.61000,1,12.61000,0,12.61000,0.4,12.61000,0,12.61000,5.01232,12.61000,0,12.61000,511.178,12.61000,0,12.61000,0.4,12.61000,0,12.61000,1400,12.61000,2.23574e-07,12.61000,2.23574e-07,12.61000,2.30494e-07,12.61000,0.000114286,12.61000,0.000114286,12.61000,0.000123623
12.62000,2.23574e-07,12.62000,0,12.62000,0,12.62000,0,12.62000,8.94317e-08,12.62000,0,12.62000,0.000114286,12.62000,0,12.62000,0,12.62000,0.000114286,12.62000,0.4,12.62000,1,12.62000,0,12.62000,0.4,12.62000,0,12.62000,5.01232,12.62000,0,12.62000,511.178,12.62000,0,12.62000,0.4,12.62000,0,12.62000,1400,12.62000,2.23574e-07,12.62000,2.23574e-07,12.62000,2.30558e-07,12.62000,0.000114286,12.62000,0.000114286,12.62000,0.000123563
12.63000,2.23574e-07,12.63000,0,12.63000,0,12.63000,0,12.63000,8.94317e-08,12.63000,0,12.63000,0.000114286,12.63000,0,12.63000,0,12.63000,0.000114286,12.63000,0.4,12.63000,1,12.63000,0,12.63000,0.4,12.63000,0,12.63000,5.01232,12.63000,0,12.63000,511.178,12.63000,0,12.63000,0.4,12.63000,0,12.63000,1400,12.63000,2.23574e-07,12.63000,2.23574e-07,12.63000,2.30622e-07,12.63000,0.000114286,12.63000,0.000114286,12.63000,0.000123503
12.64000,2.23574e-07,12.64000,0,12.64000,0,12.64000,0,12.64000,8.94317e-08,12.64000,0,12.64000,0.000114286,12.64000,0,12.64000,0,12.64000,0.000114286,12.64000,0.4,12.64000,1,12.64000,0,12.64000,0.4,12.64000,0,12.64000,5.01232,12.64000,0,12.64000,511.178,12.64000,0,12.64000,0.4,12.64000,0,12.64000,1400,12.64000,2.23574e-07,12.64000,2.23574e-07,12.64000,2.30686e-07,12.64000,0.000114286,12.64000,0.000114286,12.64000,0.000123443
12.65000,2.23574e-07,12.65000,0,12.65000,0,12.65000,0,12.65000,8.94317e-08,12.65000,0,12.65000,0.000114286,12.65000,0,12.65000,0,12.65000,0.000114286,12.65000,0.4,12.65000,1,12.65000,0,12.65000,0.4,12.65000,0,12.65000,5.01232,12.65000,0,12.65000,511.178,12.65000,0,12.65000,0.4,12.65000,0,12.65000,1400,12.65000,2.23574e-07,12.65000,2.23574e-07,12.65000,2.3075e-07,12.65000,0.000114286,12.65000,0.000114286,12.65000,0.000123382
12.66000,2.23574e-07,12.66000,0,12.66000,0,12.66000,0,12.66000,8.94317e-08,12.66000,0,12.66000,0.000114286,12.66000,0,12.66000,0,12.66000,0.000114286,12.66000,0.4,12.66000,1,12.66000,0,12.66000,0.4,12.66000,0,12.66000,5.01232,12.66000,0,12.66000,511.178,12.66000,0,12.66000,0.4,12.66000,0,12.66000,1400,12.66000,2.23574e-07,12.66000,2.23574e-07,12.66000,2.30815e-07,12.66000,0.000114286,12.66000,0.000114286,12.66000,0.000123322
12.67000,2.23574e-07,12.67000,0,12.67000,0,12.67000,0,12.67000,8.94317e-08,12.67000,0,12.67000,0.000114286,12.67000,0,12.67000,0,12.67000,0.000114286,12.67000,0.4,12.67000,1,12.67000,0,12.67000,0.4,12.67000,0,12.67000,5.01232,12.67000,0,12.67000,511.178,12.67000,0,12.67000,0.4,12.67000,0,12.67000,1400,12.67000,2.23574e-07,12.67000,2.23574e-07,12.67000,2.30879e-07,12.67000,0.000114286,12.67000,0.000114286,12.67000,0.000123262
12.68000,2.23574e-07,12.68000,0,12.68000,0,12.68000,0,12.68000,8.94317e-08,12.68000,0,12.68000,0.000114286,12.68000,0,12.68000,0,12.68000,0.000114286,12.68000,0.4,12.68000,1,12.68000,0,12.68000,0.4,12.68000,0,12.68000,5.01232,12.68000,0,12.68000,511.178,12.68000,0,12.68000,0.4,12.68000,0,12.68000,1400,12.68000,2.23574e-07,12.68000,2.23574e-07,12.68000,2.30943e-07,12.68000,0.000114286,12.68000,0.000114286,12.68000,0.000123202
12.69000,2.23574e-07,12.69000,0,12.69000,0,12.69000,0,12.69000,8.94317e-08,12.69000,0,12.69000,0.000114286,12.69000,0,12.69000,0,12.69000,0.000114286,12.69000,0.4,12.69000,1,12.69000,0,12.69000,0.4,12.69000,0,12.69000,5.01232,12.69000,0,12.69000,511.178,12.69000,0,12.69000,0.4,12.69000,0,12.69000,1400,12.69000,2.23574e-07,12.69000,2.23574e-07,12.69000,2.31007e-07,12.69000,0.000114286,12.69000,0.000114286,12.69000,0.000123141
12.70000,2.23574e-07,12.70000,0,12.70000,0,12.70000,0,12.70000,8.94317e-08,12.70000,0,12.70000,0.000114286,12.70000,0,12.70000,0,12.70000,0.000114286,12.70000,0.4,12.70000,1,12.70000,0,12.70000,0.4,12.70000,0,12.70000,5.01232,12.70000,0,12.70000,511.178,12.70000,0,12.70000,0.4,12.70000,0,12.70000,1400,12.70000,2.23574e-07,12.70000,2.23574e-07,12.70000,2.31071e-07,12.70000,0.000114286,12.70000,0.000114286,12.70000,0.000123081
12.71000,2.23574e-07,12.71000,0,12.71000,0,12.71000,0,12.71000,8.94317e-08,12.71000,0,12.71000,0.000114286,12.71000,0,12.71000,0,12.71000,0.000114286,12.71000,0.4,12.71000,1,12.71000,0,12.71000,0.4,12.71000,0,12.71000,5.01232,12.71000,0,12.71000,511.178,12.71000,0,12.71000,0.4,12.71000,0,12.71000,1400,12.71000,2.23574e-07,12.71000,2.23574e-07,12.71000,2.31135e-07,12.71000,0.000114286,12.71000,0.000114286,12.71000,0.000123021
12.72000,2.23574e-07,12.72000,0,12.72000,0,12.72000,0,12.72000,8.94317e-08,12.72000,0,12.72000,0.000114286,12.72000,0,12.72000,0,12.72000,0.000114286,12.72000,0.4,12.72000,1,12.72000,0,12.72000,0.4,12.72000,0,12.72000,5.01232,12.72000,0,12.72000,511.178,12.72000,0,12.72000,0.4,12.72000,0,12.72000,1400,12.72000,2.23574e-07,12.72000,2.23574e-07,12.72000,2.312e-07,12.72000,0.000114286,12.72000,0.000114286,12.72000,0.000122961
12.73000,2.23574e-07,12.73000,0,12.73000,0,12.73000,0,12.73000,8.94317e-08,12.73000,0,12.73000,0.000114286,12.73000,0,12.73000,0,12.73000,0.000114286,12.73000,0.4,12.73000,1,12.73000,0,12.73000,0.4,12.73000,0,12.73000,5.01232,12.73000,0,12.73000,511.178,12.73000,0,12.73000,0.4,12.73000,0,12.73000,1400,12.73000,2.23574e-07,12.73000,2.23574e-07,12.73000,2.31264e-07,12.73000,0.000114286,12.73000,0.000114286,12.73000,0.000122901
12.74000,2.23574e-07,12.74000,0,12.74000,0,12.74000,0,12.74000,8.94317e-08,12.74000,0,12.74000,0.000114286,12.74000,0,12.74000,0,12.74000,0.000114286,12.74000,0.4,12.74000,1,12.74000,0,12.74000,0.4,12.74000,0,12.74000,5.01232,12.74000,0,12.74000,511.178,12.74000,0,12.74000,0.4,12.74000,0,12.74000,1400,12.74000,2.23574e-07,12.74000,2.23574e-07,12.74000,2.31328e-07,12.74000,0.000114286,12.74000,0.000114286,12.74000,0.00012284
12.75000,2.23574e-07,12.75000,0,12.75000,0,12.75000,0,12.75000,8.94317e-08,12.75000,0,12.75000,0.000114286,12.75000,0,12.75000,0,12.75000,0.000114286,12.75000,0.4,12.75000,1,12.75000,0,12.75000,0.4,12.75000,0,12.75000,5.01232,12.75000,0,12.75000,511.178,12.75000,0,12.75000,0.4,12.75000,0,12.75000,1400,12.75000,2.23574e-07,12.75000,2.23574e-07,12.75000,2.31392e-07,12.75000,0.000114286,12.75000,0.000114286,12.75000,0.00012278
12.76000,2.23574e-07,12.76000,0,12.76000,0,12.76000,0,12.76000,8.94317e-08,12.76000,0,12.76000,0.000114286,12.76000,0,12.76000,0,12.76000,0.000114286,12.76000,0.4,12.76000,1,12.76000,0,12.76000,0.4,12.76000,0,12.76000,5.01232,12.76000,0,12.76000,511.178,12.76000,0,12.76000,0.4,12.76000,0,12.76000,1400,12.76000,2.23574e-07,12.76000,2.23574e-07,12.76000,2.31456e-07,12.76000,0.000114286,12.76000,0.000114286,12.76000,0.00012272
12.77000,2.23574e-07,12.77000,0,12.77000,0,12.77000,0,12.77000,8.94317e-08,12.77000,0,12.77000,0.000114286,12.77000,0,12.77000,0,12.77000,0.000114286,12.77000,0.4,12.77000,1,12.77000,0,12.77000,0.4,12.77000,0,12.77000,5.01232,12.77000,0,12.77000,511.178,12.77000,0,12.77000,0.4,12.77000,0,12.77000,1400,12.77000,2.23574e-07,12.77000,2.23574e-07,12.77000,2.3152e-07,12.77000,0.000114286,12.77000,0.000114286,12.77000,0.00012266
12.78000,2.23574e-07,12.78000,0,12.78000,0,12.78000,0,12.78000,8.94317e-08,12.78000,0,12.78000,0.000114286,12.78000,0,12.78000,0,12.78000,0.000114286,12.78000,0.4,12.78000,1,12.78000,0,12.78000,0.4,12.78000,0,12.78000,5.01232,12.78000,0,12.78000,511.178,12.78000,0,12.78000,0.4,12.78000,0,12.78000,1400,12.78000,2.23574e-07,12.78000,2.23574e-07,12.78000,2.31584e-07,12.78000,0.000114286,12.78000,0.000114286,12.78000,0.000122599
12.79000,2.23574e-07,12.79000,0,12.79000,0,12.79000,0,12.79000,8.94317e-08,12.79000,0,12.79000,0.000114286,12.79000,0,12.79000,0,12.79000,0.000114286,12.79000,0.4,12.79000,1,12.79000,0,12.79000,0.4,12.79000,0,12.79000,5.01232,12.79000,0,12.79000,511.178,12.79000,0,12.79000,0.4,12.79000,0,12.79000,1400,12.79000,2.23574e-07,12.79000,2.23574e-07,12.79000,2.31649e-07,12.79000,0.000114286,12.79000,0.000114286,12.79000,0.000122539
12.80000,2.23574e-07,12.80000,0,12.80000,0,12.80000,0,12.80000,8.94317e-08,12.80000,0,12.80000,0.000114286,12.80000,0,12.80000,0,12.80000,0.000114286,12.80000,0.4,12.80000,1,12.80000,0,12.80000,0.4,12.80000,0,12.80000,5.01232,12.80000,0,12.80000,511.178,12.80000,0,12.80000,0.4,12.80000,0,12.80000,1400,12.80000,2.23574e-07,12.80000,2.23574e-07,12.80000,2.31713e-07,12.80000,0.000114286,12.80000,0.000114286,12.80000,0.000122479
12.81000,2.23574e-07,12.81000,0,12.81000,0,12.81000,0,12.81000,8.94317e-08,12.81000,0,12.81000,0.000114286,12.81000,0,12.81000,0,12.81000,0.000114286,12.81000,0.4,12.81000,1,12.81000,0,12.81000,0.4,12.81000,0,12.81000,5.01232,12.81000,0,12.81000,511.178,12.81000,0,12.81000,0.4,12.81000,0,12.81000,1400,12.81000,2.23574e-07,12.81000,2.23574e-07,12.81000,2.31777e-07,12.81000,0.000114286,12.81000,0.000114286,12.81000,0.000122419
12.82000,2.23574e-07,12.82000,0,12.82000,0,12.82000,0,12.82000,8.94317e-08,12.82000,0,12.82000,0.000114286,12.82000,0,12.82000,0,12.82000,0.000114286,12.82000,0.4,12.82000,1,12.82000,0,12.82000,0.4,12.82000,0,12.82000,5.01232,12.82000,0,12.82000,511.178,12.82000,0,12.82000,0.4,12.82000,0,12.82000,1400,12.82000,2.23574e-07,12.82000,2.23574e-07,12.82000,2.31841e-07,12.82000,0.000114286,12.82000,0.000114286,12.82000,0.000122358
12.83000,2.23574e-07,12.83000,0,12.83000,0,12.83000,0,12.83000,8.94317e-08,12.83000,0,12.83000,0.000114286,12.83000,0,12.83000,0,12.83000,0.000114286,12.83000,0.4,12.83000,1,12.83000,0,12.83000,0.4,12.83000,0,12.83000,5.01232,12.83000,0,12.83000,511.178,12.83000,0,12.83000,0.4,12.83000,0,12.83000,1400,12.83000,2.23574e-07,12.83000,2.23574e-07,12.83000,2.31905e-07,12.83000,0.000114286,12.83000,0.000114286,12.83000,0.000122298
12.84000,2.23574e-07,12.84000,0,12.84000,0,12.84000,0,12.84000,8.94317e-08,12.84000,0,12.84000,0.000114286,12.84000,0,12.84000,0,12.84000,0.000114286,12.84000,0.4,12.84000,1,12.84000,0,12.84000,0.4,12.84000,0,12.84000,5.01232,12.84000,0,12.84000,511.178,12.84000,0,12.84000,0.4,12.84000,0,12.84000,1400,12.84000,2.23574e-07,12.84000,2.23574e-07,12.84000,2.31969e-07,12.84000,0.000114286,12.84000,0.000114286,12.84000,0.000122238
12.85000,2.23574e-07,12.85000,0,12.85000,0,12.85000,0,12.85000,8.94317e-08,12.85000,0,12.85000,0.000114286,12.85000,0,12.85000,0,12.85000,0.000114286,12.85000,0.4,12.85000,1,12.85000,0,12.85000,0.4,12.85000,0,12.85000,5.01232,12.85000,0,12.85000,511.178,12.85000,0,12.85000,0.4,12.85000,0,12.85000,1400,12.85000,2.23574e-07,12.85000,2.23574e-07,12.85000,2.32034e-07,12.85000,0.000114286,12.85000,0.000114286,12.85000,0.000122178
12.86000,2.23574e-07,12.86000,0,12.86000,0,12.86000,0,12.86000,8.94317e-08,12.86000,0,12.86000,0.000114286,12.86000,0,12.86000,0,12.86000,0.000114286,12.86000,0.4,12.86000,1,12.86000,0,12.86000,0.4,12.86000,0,12.86000,5.01232,12.86000,0,12.86000,511.178,12.86000,0,12.86000,0.4,12.86000,0,12.86000,1400,12.86000,2.23574e-07,12.86000,2.23574e-07,12.86000,2.32098e-07,12.86000,0.000114286,12.86000,0.000114286,12.86000,0.000122118
12.87000,2.23574e-07,12.87000,0,12.87000,0,12.87000,0,12.87000,8.94317e-08,12.87000,0,12.87000,0.000114286,12.87000,0,12.87000,0,12.87000,0.000114286,12.87000,0.4,12.87000,1,12.87000,0,12.87000,0.4,12.87000,0,12.87000,5.01232,12.87000,0,12.87000,511.178,12.87000,0,12.87000,0.4,12.87000,0,12.87000,1400,12.87000,2.23574e-07,12.87000,2.23574e-07,12.87000,2.32162e-07,12.87000,0.000114286,12.87000,0.000114286,12.87000,0.000122057
12.88000,2.23574e-07,12.88000,0,12.88000,0,12.88000,0,12.88000,8.94317e-08,12.88000,0,12.88000,0.000114286,12.88000,0,12.88000,0,12.88000,0.000114286,12.88000,0.4,12.88000,1,12.88000,0,12.88000,0.4,12.88000,0,12.88000,5.01232,12.88000,0,12.88000,511.178,12.88000,0,12.88000,0.4,12.88000,0,12.88000,1400,12.88000,2.23574e-07,12.88000,2.23574e-07,12.88000,2.32226e-07,12.88000,0.000114286,12.88000,0.000114286,12.88000,0.000121997
12.89000,2.23574e-07,12.89000,0,12.89000,0,12.89000,0,12.89000,8.94317e-08,12.89000,0,12.89000,0.000114286,12.89000,0,12.89000,0,12.89000,0.000114286,12.89000,0.4,12.89000,1,12.89000,0,12.89000,0.4,12.89000,0,12.89000,5.01232,12.89000,0,12.89000,511.178,12.89000,0,12.89000,0.4,12.89000,0,12.89000,1400,12.89000,2.23574e-07,12.89000,2.23574e-07,12.89000,2.3229e-07,12.89000,0.000114286,12.89000,0.000114286,12.89000,0.000121937
12.90000,2.23574e-07,12.90000,0,12.90000,0,12.90000,0,12.90000,8.94317e-08,12.90000,0,12.90000,0.000114286,12.90000,0,12.90000,0,12.90000,0.000114286,12.90000,0.4,12.90000,1,12.90000,0,12.90000,0.4,12.90000,0,12.90000,5.01232,12.90000,0,12.90000,511.178,12.90000,0,12.90000,0.4,12.90000,0,12.90000,1400,12.90000,2.23574e-07,12.90000,2.23574e-07,12.90000,2.32354e-07,12.90000,0.000114286,12.90000,0.000114286,12.90000,0.000121877
12.91000,2.23574e-07,12.91000,0,12.91000,0,12.91000,0,12.91000,8.94317e-08,12.91000,0,12.91000,0.000114286,12.91000,0,12.91000,0,12.91000,0.000114286,12.91000,0.4,12.91000,1,12.91000,0,12.91000,0.4,12.91000,0,12.91000,5.01232,12.91000,0,12.91000,511.178,12.91000,0,12.91000,0.4,12.91000,0,12.91000,1400,12.91000,2.23574e-07,12.91000,2.23574e-07,12.91000,2.32419e-07,12.91000,0.000114286,12.91000,0.000114286,12.91000,0.000121816
12.92000,2.23574e-07,12.92000,0,12.92000,0,12.92000,0,12.92000,8.94317e-08,12.92000,0,12.92000,0.000114286,12.92000,0,12.92000,0,12.92000,0.000114286,12.92000,0.4,12.92000,1,12.92000,0,12.92000,0.4,12.92000,0,12.92000,5.01232,12.92000,0,12.92000,511.178,12.92000,0,12.92000,0.4,12.92000,0,12.92000,1400,12.92000,2.23574e-07,12.92000,2.23574e-07,12.92000,2.32483e-07,12.92000,0.000114286,12.92000,0.000114286,12.92000,0.000121756
12.93000,2.23574e-07,12.93000,0,12.93000,0,12.93000,0,12.93000,8.94317e-08,12.93000,0,12.93000,0.000114286,12.93000,0,12.93000,0,12.93000,0.000114286,12.93000,0.4,12.93000,1,12.93000,0,12.93000,0.4,12.93000,0,12.93000,5.01232,12.93000,0,12.93000,511.178,12.93000,0,12.93000,0.4,12.93000,0,12.93000,1400,12.93000,2.23574e-07,12.93000,2.23574e-07,12.93000,2.32547e-07,12.93000,0.000114286,12.93000,0.000114286,12.93000,0.000121696
12.94000,2.23574e-07,12.94000,0,12.94000,0,12.94000,0,12.94000,8.94317e-08,12.94000,0,12.94000,0.000114286,12.94000,0,12.94000,0,12.94000,0.000114286,12.94000,0.4,12.94000,1,12.94000,0,12.94000,0.4,12.94000,0,12.94000,5.01232,12.94000,0,12.94000,511.178,12.94000,0,12.94000,0.4,12.94000,0,12.94000,1400,12.94000,2.23574e-07,12.94000,2.23574e-07,12.94000,2.32611e-07,12.94000,0.000114286,12.94000,0.000114286,12.94000,0.000121636
12.95000,2.23574e-07,12.95000,0,12.95000,0,12.95000,0,12.95000,8.94317e-08,12.95000,0,12.95000,0.000114286,12.95000,0,12.95000,0,12.95000,0.000114286,12.95000,0.4,12.95000,1,12.95000,0,12.95000,0.4,12.95000,0,12.95000,5.01232,12.95000,0,12.95000,511.178,12.95000,0,12.95000,0.4,12.95000,0,12.95000,1400,12.95000,2.23574e-07,12.95000,2.23574e-07,12.95000,2.32664e-07,12.95000,0.000114286,12.95000,0.000114286,12.95000,0.000121554
12.96000,2.23574e-07,12.96000,0,12.96000,0,12.96000,0,12.96000,8.94317e-08,12.96000,0,12.96000,0.000114286,12.96000,0,12.96000,0,12.96000,0.000114286,12.96000,0.4,12.96000,1,12.96000,0,12.96000,0.4,12.96000,0,12.96000,5.01232,12.96000,0,12.96000,511.178,12.96000,0,12.96000,0.4,12.96000,0,12.96000,1400,12.96000,2.23574e-07,12.96000,2.23574e-07,12.96000,2.32713e-07,12.96000,0.000114286,12.96000,0.000114286,12.96000,0.000121462
12.97000,2.23574e-07,12.97000,0,12.97000,0,12.97000,0,12.97000,8.94317e-08,12.97000,0,12.97000,0.000114286,12.97000,0,12.97000,0,12.97000,0.000114286,12.97000,0.4,12.97000,1,12.97000,0,12.97000,0.4,12.97000,0,12.97000,5.01232,12.97000,0,12.97000,511.178,12.97000,0,12.97000,0.4,12.97000,0,12.97000,1400,12.97000,2.23574e-07,12.97000,2.23574e-07,12.97000,2.32762e-07,12.97000,0.000114286,12.97000,0.000114286,12.97000,0.00012137
12.98000,2.23574e-07,12.98000,0,12.98000,0,12.98000,0,12.98000,8.94317e-08,12.98000,0,12.98000,0.000114286,12.98000,0,12.98000,0,12.98000,0.000114286,12.98000,0.4,12.98000,1,12.98000,0,12.98000,0.4,12.98000,0,12.98000,5.01232,12.98000,0,12.98000,511.178,12.98000,0,12.98000,0.4,12.98000,0,12.98000,1400,12.98000,2.23574e-07,12.98000,2.23574e-07,12.98000,2.32811e-07,12.98000,0.000114286,12.98000,0.000114286,12.98000,0.000121278
12.99000,2.23574e-07,12.99000,0,12.99000,0,12.99000,0,12.99000,8.94317e-08,12.99000,0,12.99000,0.000114286,12.99000,0,12.99000,0,12.99000,0.000114286,12.99000,0.4,12.99000,1,12.99000,0,12.99000,0.4,12.99000,0,12.99000,5.01232,12.99000,0,12.99000,511.178,12.99000,0,12.99000,0.4,12.99000,0,12.99000,1400,12.99000,2.23574e-07,12.99000,2.23574e-07,12.99000,2.32859e-07,12.99000,0.000114286,12.99000,0.000114286,12.99000,0.000121186
13.00000,2.23574e-07,13.00000,0,13.00000,0,13.00000,0,13.00000,8.94317e-08,13.00000,0,13.00000,0.000114286,13.00000,0,13.00000,0,13.00000,0.000114286,13.00000,0.4,13.00000,1,13.00000,0,13.00000,0.4,13.00000,0,13.00000,5.01232,13.00000,0,13.00000,511.178,13.00000,0,13.00000,0.4,13.00000,0,13.00000,1400,13.00000,2.23574e-07,13.00000,2.23574e-07,13.00000,2.32908e-07,13.00000,0.000114286,13.00000,0.000114286,13.00000,0.000121094
13.01000,2.23574e-07,13.01000,0,13.01000,0,13.01000,0,13.01000,8.94317e-08,13.01000,0,13.01000,0.000114286,13.01000,0,13.01000,0,13.01000,0.000114286,13.01000,0.4,13.01000,1,13.01000,0,13.01000,0.4,13.01000,0,13.01000,5.01232,13.01000,0,13.01000,511.178,13.01000,0,13.01000,0.4,13.01000,0,13.01000,1400,13.01000,2.23574e-07,13.01000,2.23574e-07,13.01000,2.32957e-07,13.01000,0.000114286,13.01000,0.000114286,13.01000,0.000121002
13.02000,2.23574e-07,13.02000,0,13.02000,0,13.02000,0,13.02000,8.94317e-08,13.02000,0,13.02000,0.000114286,13.02000,0,13.02000,0,13.02000,0.000114286,13.02000,0.4,13.02000,1,13.02000,0,13.02000,0.4,13.02000,0,13.02000,5.01232,13.02000,0,13.02000,511.178,13.02000,0,13.02000,0.4,13.02000,0,13.02000,1400,13.02000,2.23574e-07,13.02000,2.23574e-07,13.02000,2.33005e-07,13.02000,0.000114286,13.02000,0.000114286,13.02000,0.00012091
13.03000,2.23574e-07,13.03000,0,13.03000,0,13.03000,0,13.03000,8.94317e-08,13.03000,0,13.03000,0.000114286,13.03000,0,13.03000,0,13.03000,0.000114286,13.03000,0.4,13.03000,1,13.03000,0,13.03000,0.4,13.03000,0,13.03000,5.01232,13.03000,0,13.03000,511.178,13.03000,0,13.03000,0.4,13.03000,0,13.03000,1400,13.03000,2.23574e-07,13.03000,2.23574e-07,13.03000,2.33054e-07,13.03000,0.000114286,13.03000,0.000114286,13.03000,0.000120818
13.04000,2.23574e-07,13.04000,0,13.04000,0,13.04000,0,13.04000,8.94317e-08,13.04000,0,13.04000,0.000114286,13.04000,0,13.04000,0,13.04000,0.000114286,13.04000,0.4,13.04000,1,13.04000,0,13.04000,0.4,13.04000,0,13.04000,5.01232,13.04000,0,13.04000,511.178,13.04000,0,13.04000,0.4,13.04000,0,13.04000,1400,13.04000,2.23574e-07,13.04000,2.23574e-07,13.04000,2.33103e-07,13.04000,0.000114286,13.04000,0.000114286,13.04000,0.000120726
13.05000,2.23574e-07,13.05000,0,13.05000,0,13.05000,0,13.05000,8.94317e-08,13.05000,0,13.05000,0.000114286,13.05000,0,13.05000,0,13.05000,0.000114286,13.05000,0.4,13.05000,1,13.05000,0,13.05000,0.4,13.05000,0,13.05000,5.01232,13.05000,0,13.05000,511.178,13.05000,0,13.05000,0.4,13.05000,0,13.05000,1400,13.05000,2.23574e-07,13.05000,2.23574e-07,13.05000,2.33151e-07,13.05000,0.000114286,13.05000,0.000114286,13.05000,0.000120634
13.06000,2.23574e-07,13.06000,0,13.06000,0,13.06000,0,13.06000,8.94317e-08,13.06000,0,13.06000,0.000114286,13.06000,0,13.06000,0,13.06000,0.000114286,13.06000,0.4,13.06000,1,13.06000,0,13.06000,0.4,13.06000,0,13.06000,5.01232,13.06000,0,13.06000,511.178,13.06000,0,13.06000,0.4,13.06000,0,13.06000,1400,13.06000,2.23574e-07,13.06000,2.23574e-07,13.06000,2.332e-07,13.06000,0.000114286,13.06000,0.000114286,13.06000,0.000120542
13.07000,2.23574e-07,13.07000,0,13.07000,0,13.07000,0,13.07000,8.94317e-08,13.07000,0,13.07000,0.000114286,13.07000,0,13.07000,0,13.07000,0.000114286,13.07000,0.4,13.07000,1,13.07000,0,13.07000,0.4,13.07000,0,13.07000,5.01232,13.07000,0,13.07000,511.178,13.07000,0,13.07000,0.4,13.07000,0,13.07000,1400,13.07000,2.23574e-07,13.07000,2.23574e-07,13.07000,2.33249e-07,13.07000,0.000114286,13.07000,0.000114286,13.07000,0.00012045
13.08000,2.23574e-07,13.08000,0,13.08000,0,13.08000,0,13.08000,8.94317e-08,13.08000,0,13.08000,0.000114286,13.08000,0,13.08000,0,13.08000,0.000114286,13.08000,0.4,13.08000,1,13.08000,0,13.08000,0.4,13.08000,0,13.08000,5.01232,13.08000,0,13.08000,511.178,13.08000,0,13.08000,0.4,13.08000,0,13.08000,1400,13.08000,2.23574e-07,13.08000,2.23574e-07,13.08000,2.33297e-07,13.08000,0.000114286,13.08000,0.000114286,13.08000,0.000120358
13.09000,2.23574e-07,13.09000,0,13.09000,0,13.09000,0,13.09000,8.94317e-08,13.09000,0,13.09000,0.000114286,13.09000,0,13.09000,0,13.09000,0.000114286,13.09000,0.4,13.09000,1,13.09000,0,13.09000,0.4,13.09000,0,13.09000,5.01232,13.09000,0,13.09000,511.178,13.09000,0,13.09000,0.4,13.09000,0,13.09000,1400,13.09000,2.23574e-07,13.09000,2.23574e-07,13.09000,2.33346e-07,13.09000,0.000114286,13.09000,0.000114286,13.09000,0.000120266
13.10000,2.23574e-07,13.10000,0,13.10000,0,13.10000,0,13.10000,8.94317e-08,13.10000,0,13.10000,0.000114286,13.10000,0,13.10000,0,13.10000,0.000114286,13.10000,0.4,13.10000,1,13.10000,0,13.10000,0.4,13.10000,0,13.10000,5.01232,13.10000,0,13.10000,511.178,13.10000,0,13.10000,0.4,13.10000,0,13.10000,1400,13.10000,2.23574e-07,13.10000,2.23574e-07,13.10000,2.33395e-07,13.10000,0.000114286,13.10000,0.000114286,13.10000,0.000120174
13.11000,2.23574e-07,13.11000,0,13.11000,0,13.11000,0,13.11000,8.94317e-08,13.11000,0,13.11000,0.000114286,13.11000,0,13.11000,0,13.11000,0.000114286,13.11000,0.4,13.11000,1,13.11000,0,13.11000,0.4,13.11000,0,13.11000,5.01232,13.11000,0,13.11000,511.178,13.11000,0,13.11000,0.4,13.11000,0,13.11000,1400,13.11000,2.23574e-07,13.11000,2.23574e-07,13.11000,2.33444e-07,13.11000,0.000114286,13.11000,0.000114286,13.11000,0.000120082
13.12000,2.23574e-07,13.12000,0,13.12000,0,13.12000,0,13.12000,8.94317e-08,13.12000,0,13.12000,0.000114286,13.12000,0,13.12000,0,13.12000,0.000114286,13.12000,0.4,13.12000,1,13.12000,0,13.12000,0.4,13.12000,0,13.12000,5.01232,13.12000,0,13.12000,511.178,13.12000,0,13.12000,0.4,13.12000,0,13.12000,1400,13.12000,2.23574e-07,13.12000,2.23574e-07,13.12000,2.33492e-07,13.12000,0.000114286,13.12000,0.000114286,13.12000,0.00011999
13.13000,2.23574e-07,13.13000,0,13.13000,0,13.13000,0,13.13000,8.94317e-08,13.13000,0,13.13000,0.000114286,13.13000,0,13.13000,0,13.13000,0.000114286,13.13000,0.4,13.13000,1,13.13000,0,13.13000,0.4,13.13000,0,13.13000,5.01232,13.13000,0,13.13000,511.178,13.13000,0,13.13000,0.4,13.13000,0,13.13000,1400,13.13000,2.23574e-07,13.13000,2.23574e-07,13.13000,2.33541e-07,13.13000,0.000114286,13.13000,0.000114286,13.13000,0.000119898
13.14000,2.23574e-07,13.14000,0,13.14000,0,13.14000,0,13.14000,8.94317e-08,13.14000,0,13.14000,0.000114286,13.14000,0,13.14000,0,13.14000,0.000114286,13.14000,0.4,13.14000,1,13.14000,0,13.14000,0.4,13.14000,0,13.14000,5.01232,13.14000,0,13.14000,511.178,13.14000,0,13.14000,0.4,13.14000,0,13.14000,1400,13.14000,2.23574e-07,13.14000,2.23574e-07,13.14000,2.3359e-07,13.14000,0.000114286,13.14000,0.000114286,13.14000,0.000119806
13.15000,2.23574e-07,13.15000,0,13.15000,0,13.15000,0,13.15000,8.94317e-08,13.15000,0,13.15000,0.000114286,13.15000,0,13.15000,0,13.15000,0.000114286,13.15000,0.4,13.15000,1,13.15000,0,13.15000,0.4,13.15000,0,13.15000,5.01232,13.15000,0,13.15000,511.178,13.15000,0,13.15000,0.4,13.15000,0,13.15000,1400,13.15000,2.23574e-07,13.15000,2.23574e-07,13.15000,2.33638e-07,13.15000,0.000114286,13.15000,0.000114286,13.15000,0.000119714
13.16000,2.23574e-07,13.16000,0,13.16000,0,13.16000,0,13.16000,8.94317e-08,13.16000,0,13.16000,0.000114286,13.16000,0,13.16000,0,13.16000,0.000114286,13.16000,0.4,13.16000,1,13.16000,0,13.16000,0.4,13.16000,0,13.16000,5.01232,13.16000,0,13.16000,511.178,13.16000,0,13.16000,0.4,13.16000,0,13.16000,1400,13.16000,2.23574e-07,13.16000,2.23574e-07,13.16000,2.33687e-07,13.16000,0.000114286,13.16000,0.000114286,13.16000,0.000119622
13.17000,2.23574e-07,13.17000,0,13.17000,0,13.17000,0,13.17000,8.94317e-08,13.17000,0,13.17000,0.000114286,13.17000,0,13.17000,0,13.17000,0.000114286,13.17000,0.4,13.17000,1,13.17000,0,13.17000,0.4,13.17000,0,13.17000,5.01232,13.17000,0,13.17000,511.178,13.17000,0,13.17000,0.4,13.17000,0,13.17000,1400,13.17000,2.23574e-07,13.17000,2.23574e-07,13.17000,2.33736e-07,13.17000,0.000114286,13.17000,0.000114286,13.17000,0.00011953
13.18000,2.23574e-07,13.18000,0,13.18000,0,13.18000,0,13.18000,8.94317e-08,13.18000,0,13.18000,0.000114286,13.18000,0,13.18000,0,13.18000,0.000114286,13.18000,0.4,13.18000,1,13.18000,0,13.18000,0.4,13.18000,0,13.18000,5.01232,13.18000,0,13.18000,511.178,13.18000,0,13.18000,0.4,13.18000,0,13.18000,1400,13.18000,2.23574e-07,13.18000,2.23574e-07,13.18000,2.33784e-07,13.18000,0.000114286,13.18000,0.000114286,13.18000,0.000119438
13.19000,2.23574e-07,13.19000,0,13.19000,0,13.19000,0,13.19000,8.94317e-08,13.19000,0,13.19000,0.000114286,13.19000,0,13.19000,0,13.19000,0.000114286,13.19000,0.4,13.19000,1,13.19000,0,13.19000,0.4,13.19000,0,13.19000,5.01232,13.19000,0,13.19000,511.178,13.19000,0,13.19000,0.4,13.19000,0,13.19000,1400,13.19000,2.23574e-07,13.19000,2.23574e-07,13.19000,2.33833e-07,13.19000,0.000114286,13.19000,0.000114286,13.19000,0.000119346
13.20000,2.23574e-07,13.20000,0,13.20000,0,13.20000,0,13.20000,8.94317e-08,13.20000,0,13.20000,0.000114286,13.20000,0,13.20000,0,13.20000,0.000114286,13.20000,0.4,13.20000,1,13.20000,0,13.20000,0.4,13.20000,0,13.20000,5.01232,13.20000,0,13.20000,511.178,13.20000,0,13.20000,0.4,13.20000,0,13.20000,1400,13.20000,2.23574e-07,13.20000,2.23574e-07,13.20000,2.33882e-07,13.20000,0.000114286,13.20000,0.000114286,13.20000,0.000119254
13.21000,2.23574e-07,13.21000,0,13.21000,0,13.21000,0,13.21000,8.94317e-08,13.21000,0,13.21000,0.000114286,13.21000,0,13.21000,0,13.21000,0.000114286,13.21000,0.4,13.21000,1,13.21000,0,13.21000,0.4,13.21000,0,13.21000,5.01232,13.21000,0,13.21000,511.178,13.21000,0,13.21000,0.4,13.21000,0,13.21000,1400,13.21000,2.23574e-07,13.21000,2.23574e-07,13.21000,2.3393e-07,13.21000,0.000114286,13.21000,0.000114286,13.21000,0.000119162
13.22000,2.23574e-07,13.22000,0,13.22000,0,13.22000,0,13.22000,8.94317e-08,13.22000,0,13.22000,0.000114286,13.22000,0,13.22000,0,13.22000,0.000114286,13.22000,0.4,13.22000,1,13.22000,0,13.22000,0.4,13.22000,0,13.22000,5.01232,13.22000,0,13.22000,511.178,13.22000,0,13.22000,0.4,13.22000,0,13.22000,1400,13.22000,2.23574e-07,13.22000,2.23574e-07,13.22000,2.33979e-07,13.22000,0.000114286,13.22000,0.000114286,13.22000,0.00011907
13.23000,2.23574e-07,13.23000,0,13.23000,0,13.23000,0,13.23000,8.94317e-08,13.23000,0,13.23000,0.000114286,13.23000,0,13.23000,0,13.23000,0.000114286,13.23000,0.4,13.23000,1,13.23000,0,13.23000,0.4,13.23000,0,13.23000,5.01232,13.23000,0,13.23000,511.178,13.23000,0,13.23000,0.4,13.23000,0,13.23000,1400,13.23000,2.23574e-07,13.23000,2.23574e-07,13.23000,2.34028e-07,13.23000,0.000114286,13.23000,0.000114286,13.23000,0.000118978
13.24000,2.23574e-07,13.24000,0,13.24000,0,13.24000,0,13.24000,8.94317e-08,13.24000,0,13.24000,0.000114286,13.24000,0,13.24000,0,13.24000,0.000114286,13.24000,0.4,13.24000,1,13.24000,0,13.24000,0.4,13.24000,0,13.24000,5.01232,13.24000,0,13.24000,511.178,13.24000,0,13.24000,0.4,13.24000,0,13.24000,1400,13.24000,2.23574e-07,13.24000,2.23574e-07,13.24000,2.34077e-07,13.24000,0.000114286,13.24000,0.000114286,13.24000,0.000118886
13.25000,2.23574e-07,13.25000,0,13.25000,0,13.25000,0,13.25000,8.94317e-08,13.25000,0,13.25000,0.000114286,13.25000,0,13.25000,0,13.25000,0.000114286,13.25000,0.4,13.25000,1,13.25000,0,13.25000,0.4,13.25000,0,13.25000,5.01232,13.25000,0,13.25000,511.178,13.25000,0,13.25000,0.4,13.25000,0,13.25000,1400,13.25000,2.23574e-07,13.25000,2.23574e-07,13.25000,2.34125e-07,13.25000,0.000114286,13.25000,0.000114286,13.25000,0.000118794
13.26000,2.23574e-07,13.26000,0,13.26000,0,13.26000,0,13.26000,8.94317e-08,13.26000,0,13.26000,0.000114286,13.26000,0,13.26000,0,13.26000,0.000114286,13.26000,0.4,13.26000,1,13.26000,0,13.26000,0.4,13.26000,0,13.26000,5.01232,13.26000,0,13.26000,511.178,13.26000,0,13.26000,0.4,13.26000,0,13.26000,1400,13.26000,2.23574e-07,13.26000,2.23574e-07,13.26000,2.34174e-07,13.26000,0.000114286,13.26000,0.000114286,13.26000,0.000118702
13.27000,2.23574e-07,13.27000,0,13.27000,0,13.27000,0,13.27000,8.94317e-08,13.27000,0,13.27000,0.000114286,13.27000,0,13.27000,0,13.27000,0.000114286,13.27000,0.4,13.27000,1,13.27000,0,13.27000,0.4,13.27000,0,13.27000,5.01232,13.27000,0,13.27000,511.178,13.27000,0,13.27000,0.4,13.27000,0,13.27000,1400,13.27000,2.23574e-07,13.27000,2.23574e-07,13.27000,2.34223e-07,13.27000,0.000114286,13.27000,0.000114286,13.27000,0.00011861
13.28000,2.23574e-07,13.28000,0,13.28000,0,13.28000,0,13.28000,8.94317e-08,13.28000,0,13.28000,0.000114286,13.28000,0,13.28000,0,13.28000,0.000114286,13.28000,0.4,13.28000,1,13.28000,0,13.28000,0.4,13.28000,0,13.28000,5.01232,13.28000,0,13.28000,511.178,13.28000,0,13.28000,0.4,13.28000,0,13.28000,1400,13.28000,2.23574e-07,13.28000,2.23574e-07,13.28000,2.34271e-07,13.28000,0.000114286,13.28000,0.000114286,13.28000,0.000118518
13.29000,2.23574e-07,13.29000,0,13.29000,0,13.29000,0,13.29000,8.94317e-08,13.29000,0,13.29000,0.000114286,13.29000,0,13.29000,0,13.29000,0.000114286,13.29000,0.4,13.29000,1,13.29000,0,13.29000,0.4,13.29000,0,13.29000,5.01232,13.29000,0,13.29000,511.178,13.29000,0,13.29000,0.4,13.29000,0,13.29000,1400,13.29000,2.23574e-07,13.29000,2.23574e-07,13.29000,2.3432e-07,13.29000,0.000114286,13.29000,0.000114286,13.29000,0.000118426
13.30000,2.23574e-07,13.30000,0,13.30000,0,13.30000,0,13.30000,8.94317e-08,13.30000,0,13.30000,0.000114286,13.30000,0,13.30000,0,13.30000,0.000114286,13.30000,0.4,13.30000,1,13.30000,0,13.30000,0.4,13.30000,0,13.30000,5.01232,13.30000,0,13.30000,511.178,13.30000,0,13.30000,0.4,13.30000,0,13.30000,1400,13.30000,2.23574e-07,13.30000,2.23574e-07,13.30000,2.34369e-07,13.30000,0.000114286,13.30000,0.000114286,13.30000,0.000118334
13.31000,2.23574e-07,13.31000,0,13.31000,0,13.31000,0,13.31000,8.94317e-08,13.31000,0,13.31000,0.000114286,13.31000,0,13.31000,0,13.31000,0.000114286,13.31000,0.4,13.31000,1,13.31000,0,13.31000,0.4,13.31000,0,13.31000,5.01232,13.31000,0,13.31000,511.178,13.31000,0,13.31000,0.4,13.31000,0,13.31000,1400,13.31000,2.23574e-07,13.31000,2.23574e-07,13.31000,2.34417e-07,13.31000,0.000114286,13.31000,0.000114286,13.31000,0.000118242
13.32000,2.23574e-07,13.32000,0,13.32000,0,13.32000,0,13.32000,8.94317e-08,13.32000,0,13.32000,0.000114286,13.32000,0,13.32000,0,13.32000,0.000114286,13.32000,0.4,13.32000,1,13.32000,0,13.32000,0.4,13.32000,0,13.32000,5.01232,13.32000,0,13.32000,511.178,13.32000,0,13.32000,0.4,13.32000,0,13.32000,1400,13.32000,2.23574e-07,13.32000,2.23574e-07,13.32000,2.34466e-07,13.32000,0.000114286,13.32000,0.000114286,13.32000,0.00011815
13.33000,2.23574e-07,13.33000,0,13.33000,0,13.33000,0,13.33000,8.94317e-08,13.33000,0,13.33000,0.000114286,13.33000,0,13.33000,0,13.33000,0.000114286,13.33000,0.4,13.33000,1,13.33000,0,13.33000,0.4,13.33000,0,13.33000,5.01232,13.33000,0,13.33000,511.178,13.33000,0,13.33000,0.4,13.33000,0,13.33000,1400,13.33000,2.23574e-07,13.33000,2.23574e-07,13.33000,2.34515e-07,13.33000,0.000114286,13.33000,0.000114286,13.33000,0.000118058
13.34000,2.23574e-07,13.34000,0,13.34000,0,13.34000,0,13.34000,8.94317e-08,13.34000,0,13.34000,0.000114286,13.34000,0,13.34000,0,13.34000,0.000114286,13.34000,0.4,13.34000,1,13.34000,0,13.34000,0.4,13.34000,0,13.34000,5.01232,13.34000,0,13.34000,511.178,13.34000,0,13.34000,0.4,13.34000,0,13.34000,1400,13.34000,2.23574e-07,13.34000,2.23574e-07,13.34000,2.34563e-07,13.34000,0.000114286,13.34000,0.000114286,13.34000,0.000117966
13.35000,2.23574e-07,13.35000,0,13.35000,0,13.35000,0,13.35000,8.94317e-08,13.35000,0,13.35000,0.000114286,13.35000,0,13.35000,0,13.35000,0.000114286,13.35000,0.4,13.35000,1,13.35000,0,13.35000,0.4,13.35000,0,13.35000,5.01232,13.35000,0,13.35000,511.178,13.35000,0,13.35000,0.4,13.35000,0,13.35000,1400,13.35000,2.23574e-07,13.35000,2.23574e-07,13.35000,2.34612e-07,13.35000,0.000114286,13.35000,0.000114286,13.35000,0.000117874
13.36000,2.23574e-07,13.36000,0,13.36000,0,13.36000,0,13.36000,8.94317e-08,13.36000,0,13.36000,0.000114286,13.36000,0,13.36000,0,13.36000,0.000114286,13.36000,0.4,13.36000,1,13.36000,0,13.36000,0.4,13.36000,0,13.36000,5.01232,13.36000,0,13.36000,511.178,13.36000,0,13.36000,0.4,13.36000,0,13.36000,1400,13.36000,2.23574e-07,13.36000,2.23574e-07,13.36000,2.34661e-07,13.36000,0.000114286,13.36000,0.000114286,13.36000,0.000117782
13.37000,2.23574e-07,13.37000,0,13.37000,0,13.37000,0,13.37000,8.94317e-08,13.37000,0,13.37000,0.000114286,13.37000,0,13.37000,0,13.37000,0.000114286,13.37000,0.4,13.37000,1,13.37000,0,13.37000,0.4,13.37000,0,13.37000,5.01232,13.37000,0,13.37000,511.178,13.37000,0,13.37000,0.4,13.37000,0,13.37000,1400,13.37000,2.23574e-07,13.37000,2.23574e-07,13.37000,2.3471e-07,13.37000,0.000114286,13.37000,0.000114286,13.37000,0.00011769
13.38000,2.23574e-07,13.38000,0,13.38000,0,13.38000,0,13.38000,8.94317e-08,13.38000,0,13.38000,0.000114286,13.38000,0,13.38000,0,13.38000,0.000114286,13.38000,0.4,13.38000,1,13.38000,0,13.38000,0.4,13.38000,0,13.38000,5.01232,13.38000,0,13.38000,511.178,13.38000,0,13.38000,0.4,13.38000,0,13.38000,1400,13.38000,2.23574e-07,13.38000,2.23574e-07,13.38000,2.34758e-07,13.38000,0.000114286,13.38000,0.000114286,13.38000,0.000117598
13.39000,2.23574e-07,13.39000,0,13.39000,0,13.39000,0,13.39000,8.94317e-08,13.39000,0,13.39000,0.000114286,13.39000,0,13.39000,0,13.39000,0.000114286,13.39000,0.4,13.39000,1,13.39000,0,13.39000,0.4,13.39000,0,13.39000,5.01232,13.39000,0,13.39000,511.178,13.39000,0,13.39000,0.4,13.39000,0,13.39000,1400,13.39000,2.23574e-07,13.39000,2.23574e-07,13.39000,2.34807e-07,13.39000,0.000114286,13.39000,0.000114286,13.39000,0.000117506
13.40000,2.23574e-07,13.40000,0,13.40000,0,13.40000,0,13.40000,8.94317e-08,13.40000,0,13.40000,0.000114286,13.40000,0,13.40000,0,13.40000,0.000114286,13.40000,0.4,13.40000,1,13.40000,0,13.40000,0.4,13.40000,0,13.40000,5.01232,13.40000,0,13.40000,511.178,13.40000,0,13.40000,0.4,13.40000,0,13.40000,1400,13.40000,2.23574e-07,13.40000,2.23574e-07,13.40000,2.34856e-07,13.40000,0.000114286,13.40000,0.000114286,13.40000,0.000117414
13.41000,2.23574e-07,13.41000,0,13.41000,0,13.41000,0,13.41000,8.94317e-08,13.41000,0,13.41000,0.000114286,13.41000,0,13.41000,0,13.41000,0.000114286,13.41000,0.4,13.41000,1,13.41000,0,13.41000,0.4,13.41000,0,13.41000,5.01232,13.41000,0,13.41000,511.178,13.41000,0,13.41000,0.4,13.41000,0,13.41000,1400,13.41000,2.23574e-07,13.41000,2.23574e-07,13.41000,2.34904e-07,13.41000,0.000114286,13.41000,0.000114286,13.41000,0.000117322
13.42000,2.23574e-07,13.42000,0,13.42000,0,13.42000,0,13.42000,8.94317e-08,13.42000,0,13.42000,0.000114286,13.42000,0,13.42000,0,13.42000,0.000114286,13.42000,0.4,13.42000,1,13.42000,0,13.42000,0.4,13.42000,0,13.42000,5.01232,13.42000,0,13.42000,511.178,13.42000,0,13.42000,0.4,13.42000,0,13.42000,1400,13.42000,2.23574e-07,13.42000,2.23574e-07,13.42000,2.34953e-07,13.42000,0.000114286,13.42000,0.000114286,13.42000,0.00011723
13.43000,2.23574e-07,13.43000,0,13.43000,0,13.43000,0,13.43000,8.94317e-08,13.43000,0,13.43000,0.000114286,13.43000,0,13.43000,0,13.43000,0.000114286,13.43000,0.4,13.43000,1,13.43000,0,13.43000,0.4,13.43000,0,13.43000,5.01232,13.43000,0,13.43000,511.178,13.43000,0,13.43000,0.4,13.43000,0,13.43000,1400,13.43000,2.23574e-07,13.43000,2.23574e-07,13.43000,2.35002e-07,13.43000,0.000114286,13.43000,0.000114286,13.43000,0.000117138
13.44000,2.23574e-07,13.44000,0,13.44000,0,13.44000,0,13.44000,8.94317e-08,13.44000,0,13.44000,0.000114286,13.44000,0,13.44000,0,13.44000,0.000114286,13.44000,0.4,13.44000,1,13.44000,0,13.44000,0.4,13.44000,0,13.44000,5.01232,13.44000,0,13.44000,511.178,13.44000,0,13.44000,0.4,13.44000,0,13.44000,1400,13.44000,2.23574e-07,13.44000,2.23574e-07,13.44000,2.3505e-07,13.44000,0.000114286,13.44000,0.000114286,13.44000,0.000117046
13.45000,2.23574e-07,13.45000,0,13.45000,0,13.45000,0,13.45000,8.94317e-08,13.45000,0,13.45000,0.000114286,13.45000,0,13.45000,0,13.45000,0.000114286,13.45000,0.4,13.45000,1,13.45000,0,13.45000,0.4,13.45000,0,13.45000,5.01232,13.45000,0,13.45000,511.178,13.45000,0,13.45000,0.4,13.45000,0,13.45000,1400,13.45000,2.23574e-07,13.45000,2.23574e-07,13.45000,2.35099e-07,13.45000,0.000114286,13.45000,0.000114286,13.45000,0.000116954
13.46000,2.23574e-07,13.46000,0,13.46000,0,13.46000,0,13.46000,8.94317e-08,13.46000,0,13.46000,0.000114286,13.46000,0,13.46000,0,13.46000,0.000114286,13.46000,0.4,13.46000,1,13.46000,0,13.46000,0.4,13.46000,0,13.46000,5.01232,13.46000,0,13.46000,511.178,13.46000,0,13.46000,0.4,13.46000,0,13.46000,1400,13.46000,2.23574e-07,13.46000,2.23574e-07,13.46000,2.35148e-07,13.46000,0.000114286,13.46000,0.000114286,13.46000,0.000116862
13.47000,2.23574e-07,13.47000,0,13.47000,0,13.47000,0,13.47000,8.94317e-08,13.47000,0,13.47000,0.000114286,13.47000,0,13.47000,0,13.47000,0.000114286,13.47000,0.4,13.47000,1,13.47000,0,13.47000,0.4,13.47000,0,13.47000,5.01232,13.47000,0,13.47000,511.178,13.47000,0,13.47000,0.4,13.47000,0,13.47000,1400,13.47000,2.23574e-07,13.47000,2.23574e-07,13.47000,2.35196e-07,13.47000,0.000114286,13.47000,0.000114286,13.47000,0.00011677
13.48000,2.23574e-07,13.48000,0,13.48000,0,13.48000,0,13.48000,8.94317e-08,13.48000,0,13.48000,0.000114286,13.48000,0,13.48000,0,13.48000,0.000114286,13.48000,0.4,13.48000,1,13.48000,0,13.48000,0.4,13.48000,0,13.48000,5.01232,13.48000,0,13.48000,511.178,13.48000,0,13.48000,0.4,13.48000,0,13.48000,1400,13.48000,2.23574e-07,13.48000,2.23574e-07,13.48000,2.35245e-07,13.48000,0.000114286,13.48000,0.000114286,13.48000,0.000116678
13.49000,2.23574e-07,13.49000,0,13.49000,0,13.49000,0,13.49000,8.94317e-08,13.49000,0,13.49000,0.000114286,13.49000,0,13.49000,0,13.49000,0.000114286,13.49000,0.4,13.49000,1,13.49000,0,13.49000,0.4,13.49000,0,13.49000,5.01232,13.49000,0,13.49000,511.178,13.49000,0,13.49000,0.4,13.49000,0,13.49000,1400,13.49000,2.23574e-07,13.49000,2.23574e-07,13.49000,2.35294e-07,13.49000,0.000114286,13.49000,0.000114286,13.49000,0.000116586
13.50000,2.23574e-07,13.50000,0,13.50000,0,13.50000,0,13.50000,8.94317e-08,13.50000,0,13.50000,0.000114286,13.50000,0,13.50000,0,13.50000,0.000114286,13.50000,0.4,13.50000,1,13.50000,0,13.50000,0.4,13.50000,0,13.50000,5.01232,13.50000,0,13.50000,511.178,13.50000,0,13.50000,0.4,13.50000,0,13.50000,1400,13.50000,2.23574e-07,13.50000,2.23574e-07,13.50000,2.35343e-07,13.50000,0.000114286,13.50000,0.000114286,13.50000,0.000116494
13.51000,2.23574e-07,13.51000,0,13.51000,0,13.51000,0,13.51000,8.94317e-08,13.51000,0,13.51000,0.000114286,13.51000,0,13.51000,0,13.51000,0.000114286,13.51000,0.4,13.51000,1,13.51000,0,13.51000,0.4,13.51000,0,13.51000,5.01232,13.51000,0,13.51000,511.178,13.51000,0,13.51000,0.4,13.51000,0,13.51000,1400,13.51000,2.23574e-07,13.51000,2.23574e-07,13.51000,2.35391e-07,13.51000,0.000114286,13.51000,0.000114286,13.51000,0.000116402
13.52000,2.23574e-07,13.52000,0,13.52000,0,13.52000,0,13.52000,8.94317e-08,13.52000,0,13.52000,0.000114286,13.52000,0,13.52000,0,13.52000,0.000114286,13.52000,0.4,13.52000,1,13.52000,0,13.52000,0.4,13.52000,0,13.52000,5.01232,13.52000,0,13.52000,511.178,13.52000,0,13.52000,0.4,13.52000,0,13.52000,1400,13.52000,2.23574e-07,13.52000,2.23574e-07,13.52000,2.3544e-07,13.52000,0.000114286,13.52000,0.000114286,13.52000,0.00011631
13.53000,2.23574e-07,13.53000,0,13.53000,0,13.53000,0,13.53000,8.94317e-08,13.53000,0,13.53000,0.000114286,13.53000,0,13.53000,0,13.53000,0.000114286,13.53000,0.4,13.53000,1,13.53000,0,13.53000,0.4,13.53000,0,13.53000,5.01232,13.53000,0,13.53000,511.178,13.53000,0,13.53000,0.4,13.53000,0,13.53000,1400,13.53000,2.23574e-07,13.53000,2.23574e-07,13.53000,2.35489e-07,13.53000,0.000114286,13.53000,0.000114286,13.53000,0.000116218
13.54000,2.23574e-07,13.54000,0,13.54000,0,13.54000,0,13.54000,8.94317e-08,13.54000,0,13.54000,0.000114286,13.54000,0,13.54000,0,13.54000,0.000114286,13.54000,0.4,13.54000,1,13.54000,0,13.54000,0.4,13.54000,0,13.54000,5.01232,13.54000,0,13.54000,511.178,13.54000,0,13.54000,0.4,13.54000,0,13.54000,1400,13.54000,2.23574e-07,13.54000,2.23574e-07,13.54000,2.35537e-07,13.54000,0.000114286,13.54000,0.000114286,13.54000,0.000116126
13.55000,2.23574e-07,13.55000,0,13.55000,0,13.55000,0,13.55000,8.94317e-08,13.55000,0,13.55000,0.000114286,13.55000,0,13.55000,0,13.55000,0.000114286,13.55000,0.4,13.55000,1,13.55000,0,13.55000,0.4,13.55000,0,13.55000,5.01232,13.55000,0,13.55000,511.178,13.55000,0,13.55000,0.4,13.55000,0,13.55000,1400,13.55000,2.23574e-07,13.55000,2.23574e-07,13.55000,2.35586e-07,13.55000,0.000114286,13.55000,0.000114286,13.55000,0.000116034
13.56000,2.23574e-07,13.56000,0,13.56000,0,13.56000,0,13.56000,8.94317e-08,13.56000,0,13.56000,0.000114286,13.56000,0,13.56000,0,13.56000,0.000114286,13.56000,0.4,13.56000,1,13.56000,0,13.56000,0.4,13.56000,0,13.56000,5.01232,13.56000,0,13.56000,511.178,13.56000,0,13.56000,0.4,13.56000,0,13.56000,1400,13.56000,2.23574e-07,13.56000,2.23574e-07,13.56000,2.35635e-07,13.56000,0.000114286,13.56000,0.000114286,13.56000,0.000115942
13.57000,2.23574e-07,13.57000,0,13.57000,0,13.57000,0,13.57000,8.94317e-08,13.57000,0,13.57000,0.000114286,13.57000,0,13.57000,0,13.57000,0.000114286,13.57000,0.4,13.57000,1,13.57000,0,13.57000,0.4,13.57000,0,13.57000,5.01232,13.57000,0,13.57000,511.178,13.57000,0,13.57000,0.4,13.57000,0,13.57000,1400,13.57000,2.23574e-07,13.57000,2.23574e-07,13.57000,2.35683e-07,13.57000,0.000114286,13.57000,0.000114286,13.57000,0.00011585
13.58000,2.23574e-07,13.58000,0,13.58000,0,13.58000,0,13.58000,8.94317e-08,13.58000,0,13.58000,0.000114286,13.58000,0,13.58000,0,13.58000,0.000114286,13.58000,0.4,13.58000,1,13.58000,0,13.58000,0.4,13.58000,0,13.58000,5.01232,13.58000,0,13.58000,511.178,13.58000,0,13.58000,0.4,13.58000,0,13.58000,1400,13.58000,2.23574e-07,13.58000,2.23574e-07,13.58000,2.35732e-07,13.58000,0.000114286,13.58000,0.000114286,13.58000,0.000115758
13.59000,2.23574e-07,13.59000,0,13.59000,0,13.59000,0,13.59000,8.94317e-08,13.59000,0,13.59000,0.000114286,13.59000,0,13.59000,0,13.59000,0.000114286,13.59000,0.4,13.59000,1,13.59000,0,13.59000,0.4,13.59000,0,13.59000,5.01232,13.59000,0,13.59000,511.178,13.59000,0,13.59000,0.4,13.59000,0,13.59000,1400,13.59000,2.23574e-07,13.59000,2.23574e-07,13.59000,2.35781e-07,13.59000,0.000114286,13.59000,0.000114286,13.59000,0.000115666
13.60000,2.23574e-07,13.60000,0,13.60000,0,13.60000,0,13.60000,8.94317e-08,13.60000,0,13.60000,0.000114286,13.60000,0,13.60000,0,13.60000,0.000114286,13.60000,0.4,13.60000,1,13.60000,0,13.60000,0.4,13.60000,0,13.60000,5.01232,13.60000,0,13.60000,511.178,13.60000,0,13.60000,0.4,13.60000,0,13.60000,1400,13.60000,2.23574e-07,13.60000,2.23574e-07,13.60000,2.35829e-07,13.60000,0.000114286,13.60000,0.000114286,13.60000,0.000115574
13.61000,2.23574e-07,13.61000,0,13.61000,0,13.61000,0,13.61000,8.94317e-08,13.61000,0,13.61000,0.000114286,13.61000,0,13.61000,0,13.61000,0.000114286,13.61000,0.4,13.61000,1,13.61000,0,13.61000,0.4,13.61000,0,13.61000,5.01232,13.61000,0,13.61000,511.178,13.61000,0,13.61000,0.4,13.61000,0,13.61000,1400,13.61000,2.23574e-07,13.61000,2.23574e-07,13.61000,2.35878e-07,13.61000,0.000114286,13.61000,0.000114286,13.61000,0.000115482
13.62000,2.23574e-07,13.62000,0,13.62000,0,13.62000,0,13.62000,8.94317e-08,13.62000,0,13.62000,0.000114286,13.62000,0,13.62000,0,13.62000,0.000114286,13.62000,0.4,13.62000,1,13.62000,0,13.62000,0.4,13.62000,0,13.62000,5.01232,13.62000,0,13.62000,511.178,13.62000,0,13.62000,0.4,13.62000,0,13.62000,1400,13.62000,2.23574e-07,13.62000,2.23574e-07,13.62000,2.35927e-07,13.62000,0.000114286,13.62000,0.000114286,13.62000,0.00011539
13.63000,2.23574e-07,13.63000,0,13.63000,0,13.63000,0,13.63000,8.94317e-08,13.63000,0,13.63000,0.000114286,13.63000,0,13.63000,0,13.63000,0.000114286,13.63000,0.4,13.63000,1,13.63000,0,13.63000,0.4,13.63000,0,13.63000,5.01232,13.63000,0,13.63000,511.178,13.63000,0,13.63000,0.4,13.63000,0,13.63000,1400,13.63000,2.23574e-07,13.63000,2.23574e-07,13.63000,2.35976e-07,13.63000,0.000114286,13.63000,0.000114286,13.63000,0.000115298
13.64000,2.23574e-07,13.64000,0,13.64000,0,13.64000,0,13.64000,8.94317e-08,13.64000,0,13.64000,0.000114286,13.64000,0,13.64000,0,13.64000,0.000114286,13.64000,0.4,13.64000,1,13.64000,0,13.64000,0.4,13.64000,0,13.64000,5.01232,13.64000,0,13.64000,511.178,13.64000,0,13.64000,0.4,13.64000,0,13.64000,1400,13.64000,2.23574e-07,13.64000,2.23574e-07,13.64000,2.36024e-07,13.64000,0.000114286,13.64000,0.000114286,13.64000,0.000115206
13.65000,2.23574e-07,13.65000,0,13.65000,0,13.65000,0,13.65000,8.94317e-08,13.65000,0,13.65000,0.000114286,13.65000,0,13.65000,0,13.65000,0.000114286,13.65000,0.4,13.65000,1,13.65000,0,13.65000,0.4,13.65000,0,13.65000,5.01232,13.65000,0,13.65000,511.178,13.65000,0,13.65000,0.4,13.65000,0,13.65000,1400,13.65000,2.23574e-07,13.65000,2.23574e-07,13.65000,2.36073e-07,13.65000,0.000114286,13.65000,0.000114286,13.65000,0.000115114
13.66000,2.23574e-07,13.66000,0,13.66000,0,13.66000,0,13.66000,8.94317e-08,13.66000,0,13.66000,0.000114286,13.66000,0,13.66000,0,13.66000,0.000114286,13.66000,0.4,13.66000,1,13.66000,0,13.66000,0.4,13.66000,0,13.66000,5.01232,13.66000,0,13.66000,511.178,13.66000,0,13.66000,0.4,13.66000,0,13.66000,1400,13.66000,2.23574e-07,13.66000,2.23574e-07,13.66000,2.36122e-07,13.66000,0.000114286,13.66000,0.000114286,13.66000,0.000115022
13.67000,2.23574e-07,13.67000,0,13.67000,0,13.67000,0,13.67000,8.94317e-08,13.67000,0,13.67000,0.000114286,13.67000,0,13.67000,0,13.67000,0.000114286,13.67000,0.4,13.67000,1,13.67000,0,13.67000,0.4,13.67000,0,13.67000,5.01232,13.67000,0,13.67000,511.178,13.67000,0,13.67000,0.4,13.67000,0,13.67000,1400,13.67000,2.23574e-07,13.67000,2.23574e-07,13.67000,2.3617e-07,13.67000,0.000114286,13.67000,0.000114286,13.67000,0.00011493
13.68000,2.23574e-07,13.68000,0,13.68000,0,13.68000,0,13.68000,8.94317e-08,13.68000,0,13.68000,0.000114286,13.68000,0,13.68000,0,13.68000,0.000114286,13.68000,0.4,13.68000,1,13.68000,0,13.68000,0.4,13.68000,0,13.68000,5.01232,13.68000,0,13.68000,511.178,13.68000,0,13.68000,0.4,13.68000,0,13.68000,1400,13.68000,2.23574e-07,13.68000,2.23574e-07,13.68000,2.36219e-07,13.68000,0.000114286,13.68000,0.000114286,13.68000,0.000114838
13.69000,2.23574e-07,13.69000,0,13.69000,0,13.69000,0,13.69000,8.94317e-08,13.69000,0,13.69000,0.000114286,13.69000,0,13.69000,0,13.69000,0.000114286,13.69000,0.4,13.69000,1,13.69000,0,13.69000,0.4,13.69000,0,13.69000,5.01232,13.69000,0,13.69000,511.178,13.69000,0,13.69000,0.4,13.69000,0,13.69000,1400,13.69000,2.23574e-07,13.69000,2.23574e-07,13.69000,2.36268e-07,13.69000,0.000114286,13.69000,0.000114286,13.69000,0.000114746
13.70000,2.23574e-07,13.70000,0,13.70000,0,13.70000,0,13.70000,8.94317e-08,13.70000,0,13.70000,0.000114286,13.70000,0,13.70000,0,13.70000,0.000114286,13.70000,0.4,13.70000,1,13.70000,0,13.70000,0.4,13.70000,0,13.70000,5.01232,13.70000,0,13.70000,511.178,13.70000,0,13.70000,0.4,13.70000,0,13.70000,1400,13.70000,2.23574e-07,13.70000,2.23574e-07,13.70000,2.36316e-07,13.70000,0.000114286,13.70000,0.000114286,13.70000,0.000114654
13.71000,2.23574e-07,13.71000,0,13.71000,0,13.71000,0,13.71000,8.94317e-08,13.71000,0,13.71000,0.000114286,13.71000,0,13.71000,0,13.71000,0.000114286,13.71000,0.4,13.71000,1,13.71000,0,13.71000,0.4,13.71000,0,13.71000,5.01232,13.71000,0,13.71000,511.178,13.71000,0,13.71000,0.4,13.71000,0,13.71000,1400,13.71000,2.23574e-07,13.71000,2.23574e-07,13.71000,2.36365e-07,13.71000,0.000114286,13.71000,0.000114286,13.71000,0.000114562
13.72000,2.23574e-07,13.72000,0,13.72000,0,13.72000,0,13.72000,8.94317e-08,13.72000,0,13.72000,0.000114286,13.72000,0,13.72000,0,13.72000,0.000114286,13.72000,0.4,13.72000,1,13.72000,0,13.72000,0.4,13.72000,0,13.72000,5.01232,13.72000,0,13.72000,511.178,13.72000,0,13.72000,0.4,13.72000,0,13.72000,1400,13.72000,2.23574e-07,13.72000,2.23574e-07,13.72000,2.36414e-07,13.72000,0.000114286,13.72000,0.000114286,13.72000,0.00011447
13.73000,2.23574e-07,13.73000,0,13.73000,0,13.73000,0,13.73000,8.94317e-08,13.73000,0,13.73000,0.000114286,13.73000,0,13.73000,0,13.73000,0.000114286,13.73000,0.4,13.73000,1,13.73000,0,13.73000,0.4,13.73000,0,13.73000,5.01232,13.73000,0,13.73000,511.178,13.73000,0,13.73000,0.4,13.73000,0,13.73000,1400,13.73000,2.23574e-07,13.73000,2.23574e-07,13.73000,2.36462e-07,13.73000,0.000114286,13.73000,0.000114286,13.73000,0.000114378
13.74000,2.23574e-07,13.74000,0,13.74000,0,13.74000,0,13.74000,8.94317e-08,13.74000,0,13.74000,0.000114286,13.74000,0,13.74000,0,13.74000,0.000114286,13.74000,0.4,13.74000,1,13.74000,0,13.74000,0.4,13.74000,0,13.74000,5.01232,13.74000,0,13.74000,511.178,13.74000,0,13.74000,0.4,13.74000,0,13.74000,1400,13.74000,2.23574e-07,13.74000,2.23574e-07,13.74000,2.36511e-07,13.74000,0.000114286,13.74000,0.000114286,13.74000,0.000114286
13.75000,2.23574e-07,13.75000,0,13.75000,0,13.75000,0,13.75000,8.94317e-08,13.75000,0,13.75000,0.000114286,13.75000,0,13.75000,0,13.75000,0.000114286,13.75000,0.4,13.75000,1,13.75000,0,13.75000,0.4,13.75000,0,13.75000,5.01232,13.75000,0,13.75000,511.178,13.75000,0,13.75000,0.4,13.75000,0,13.75000,1400,13.75000,2.23574e-07,13.75000,2.23574e-07,13.75000,2.3656e-07,13.75000,0.000114286,13.75000,0.000114286,13.75000,0.000114194
13.76000,2.23574e-07,13.76000,0,13.76000,0,13.76000,0,13.76000,8.94317e-08,13.76000,0,13.76000,0.000114286,13.76000,0,13.76000,0,13.76000,0.000114286,13.76000,0.4,13.76000,1,13.76000,0,13.76000,0.4,13.76000,0,13.76000,5.01232,13.76000,0,13.76000,511.178,13.76000,0,13.76000,0.4,13.76000,0,13.76000,1400,13.76000,2.23574e-07,13.76000,2.23574e-07,13.76000,2.36609e-07,13.76000,0.000114286,13.76000,0.000114286,13.76000,0.000114102
13.77000,2.23574e-07,13.77000,0,13.77000,0,13.77000,0,13.77000,8.94317e-08,13.77000,0,13.77000,0.000114286,13.77000,0,13.77000,0,13.77000,0.000114286,13.77000,0.4,13.77000,1,13.77000,0,13.77000,0.4,13.77000,0,13.77000,5.01232,13.77000,0,13.77000,511.178,13.77000,0,13.77000,0.4,13.77000,0,13.77000,1400,13.77000,2.23574e-07,13.77000,2.23574e-07,13.77000,2.36657e-07,13.77000,0.000114286,13.77000,0.000114286,13.77000,0.00011401
13.78000,2.23574e-07,13.78000,0,13.78000,0,13.78000,0,13.78000,8.94317e-08,13.78000,0,13.78000,0.000114286,13.78000,0,13.78000,0,13.78000,0.000114286,13.78000,0.4,13.78000,1,13.78000,0,13.78000,0.4,13.78000,0,13.78000,5.01232,13.78000,0,13.78000,511.178,13.78000,0,13.78000,0.4,13.78000,0,13.78000,1400,13.78000,2.23574e-07,13.78000,2.23574e-07,13.78000,2.36706e-07,13.78000,0.000114286,13.78000,0.000114286,13.78000,0.000113918
13.79000,2.23574e-07,13.79000,0,13.79000,0,13.79000,0,13.79000,8.94317e-08,13.79000,0,13.79000,0.000114286,13.79000,0,13.79000,0,13.79000,0.000114286,13.79000,0.4,13.79000,1,13.79000,0,13.79000,0.4,13.79000,0,13.79000,5.01232,13.79000,0,13.79000,511.178,13.79000,0,13.79000,0.4,13.79000,0,13.79000,1400,13.79000,2.23574e-07,13.79000,2.23574e-07,13.79000,2.36755e-07,13.79000,0.000114286,13.79000,0.000114286,13.79000,0.000113826
13.80000,2.23574e-07,13.80000,0,13.80000,0,13.80000,0,13.80000,8.94317e-08,13.80000,0,13.80000,0.000114286,13.80000,0,13.80000,0,13.80000,0.000114286,13.80000,0.4,13.80000,1,13.80000,0,13.80000,0.4,13.80000,0,13.80000,5.01232,13.80000,0,13.80000,511.178,13.80000,0,13.80000,0.4,13.80000,0,13.80000,1400,13.80000,2.23574e-07,13.80000,2.23574e-07,13.80000,2.36803e-07,13.80000,0.000114286,13.80000,0.000114286,13.80000,0.000113734
13.81000,2.23574e-07,13.81000,0,13.81000,0,13.81000,0,13.81000,8.94317e-08,13.81000,0,13.81000,0.000114286,13.81000,0,13.81000,0,13.81000,0.000114286,13.81000,0.4,13.81000,1,13.81000,0,13.81000,0.4,13.81000,0,13.81000,5.01232,13.81000,0,13.81000,511.178,13.81000,0,13.81000,0.4,13.81000,0,13.81000,1400,13.81000,2.23574e-07,13.81000,2.23574e-07,13.81000,2.36852e-07,13.81000,0.000114286,13.81000,0.000114286,13.81000,0.000113642
13.82000,2.23574e-07,13.82000,0,13.82000,0,13.82000,0,13.82000,8.94317e-08,13.82000,0,13.82000,0.000114286,13.82000,0,13.82000,0,13.82000,0.000114286,13.82000,0.4,13.82000,1,13.82000,0,13.82000,0.4,13.82000,0,13.82000,5.01232,13.82000,0,13.82000,511.178,13.82000,0,13.82000,0.4,13.82000,0,13.82000,1400,13.82000,2.23574e-07,13.82000,2.23574e-07,13.82000,2.36901e-07,13.82000,0.000114286,13.82000,0.000114286,13.82000,0.00011355
13.83000,2.23574e-07,13.83000,0,13.83000,0,13.83000,0,13.83000,8.94317e-08,13.83000,0,13.83000,0.000114286,13.83000,0,13.83000,0,13.83000,0.000114286,13.83000,0.4,13.83000,1,13.83000,0,13.83000,0.4,13.83000,0,13.83000,5.01232,13.83000,0,13.83000,511.178,13.83000,0,13.83000,0.4,13.83000,0,13.83000,1400,13.83000,2.23574e-07,13.83000,2.23574e-07,13.83000,2.36949e-07,13.83000,0.000114286,13.83000,0.000114286,13.83000,0.000113458
13.84000,2.23574e-07,13.84000,0,13.84000,0,13.84000,0,13.84000,8.94317e-08,13.84000,0,13.84000,0.000114286,13.84000,0,13.84000,0,13.84000,0.000114286,13.84000,0.4,13.84000,1,13.84000,0,13.84000,0.4,13.84000,0,13.84000,5.01232,13.84000,0,13.84000,511.178,13.84000,0,13.84000,0.4,13.84000,0,13.84000,1400,13.84000,2.23574e-07,13.84000,2.23574e-07,13.84000,2.36998e-07,13.84000,0.000114286,13.84000,0.000114286,13.84000,0.000113366
13.85000,2.23574e-07,13.85000,0,13.85000,0,13.85000,0,13.85000,8.94317e-08,13.85000,0,13.85000,0.000114286,13.85000,0,13.85000,0,13.85000,0.000114286,13.85000,0.4,13.85000,1,13.85000,0,13.85000,0.4,13.85000,0,13.85000,5.01232,13.85000,0,13.85000,511.178,13.85000,0,13.85000,0.4,13.85000,0,13.85000,1400,13.85000,2.23574e-07,13.85000,2.23574e-07,13.85000,2.37047e-07,13.85000,0.000114286,13.85000,0.000114286,13.85000,0.000113274
13.86000,2.23574e-07,13.86000,0,13.86000,0,13.86000,0,13.86000,8.94317e-08,13.86000,0,13.86000,0.000114286,13.86000,0,13.86000,0,13.86000,0.000114286,13.86000,0.4,13.86000,1,13.86000,0,13.86000,0.4,13.86000,0,13.86000,5.01232,13.86000,0,13.86000,511.178,13.86000,0,13.86000,0.4,13.86000,0,13.86000,1400,13.86000,2.23574e-07,13.86000,2.23574e-07,13.86000,2.37095e-07,13.86000,0.000114286,13.86000,0.000114286,13.86000,0.000113183
13.87000,2.23574e-07,13.87000,0,13.87000,0,13.87000,0,13.87000,8.94317e-08,13.87000,0,13.87000,0.000114286,13.87000,0,13.87000,0,13.87000,0.000114286,13.87000,0.4,13.87000,1,13.87000,0,13.87000,0.4,13.87000,0,13.87000,5.01232,13.87000,0,13.87000,511.178,13.87000,0,13.87000,0.4,13.87000,0,13.87000,1400,13.87000,2.23574e-07,13.87000,2.23574e-07,13.87000,2.37144e-07,13.87000,0.000114286,13.87000,0.000114286,13.87000,0.000113091
13.88000,2.23574e-07,13.88000,0,13.88000,0,13.88000,0,13.88000,8.94317e-08,13.88000,0,13.88000,0.000114286,13.88000,0,13.88000,0,13.88000,0.000114286,13.88000,0.4,13.88000,1,13.88000,0,13.88000,0.4,13.88000,0,13.88000,5.01232,13.88000,0,13.88000,511.178,13.88000,0,13.88000,0.4,13.88000,0,13.88000,1400,13.88000,2.23574e-07,13.88000,2.23574e-07,13.88000,2.37193e-07,13.88000,0.000114286,13.88000,0.000114286,13.88000,0.000112999
13.89000,2.23574e-07,13.89000,0,13.89000,0,13.89000,0,13.89000,8.94317e-08,13.89000,0,13.89000,0.000114286,13.89000,0,13.89000,0,13.89000,0.000114286,13.89000,0.4,13.89000,1,13.89000,0,13.89000,0.4,13.89000,0,13.89000,5.01232,13.89000,0,13.89000,511.178,13.89000,0,13.89000,0.4,13.89000,0,13.89000,1400,13.89000,2.23574e-07,13.89000,2.23574e-07,13.89000,2.37242e-07,13.89000,0.000114286,13.89000,0.000114286,13.89000,0.000112907
13.90000,2.23574e-07,13.90000,0,13.90000,0,13.90000,0,13.90000,8.94317e-08,13.90000,0,13.90000,0.000114286,13.90000,0,13.90000,0,13.90000,0.000114286,13.90000,0.4,13.90000,1,13.90000,0,13.90000,0.4,13.90000,0,13.90000,5.01232,13.90000,0,13.90000,511.178,13.90000,0,13.90000,0.4,13.90000,0,13.90000,1400,13.90000,2.23574e-07,13.90000,2.23574e-07,13.90000,2.3729e-07,13.90000,0.000114286,13.90000,0.000114286,13.90000,0.000112815
13.91000,2.23574e-07,13.91000,0,13.91000,0,13.91000,0,13.91000,8.94317e-08,13.91000,0,13.91000,0.000114286,13.91000,0,13.91000,0,13.91000,0.000114286,13.91000,0.4,13.91000,1,13.91000,0,13.91000,0.4,13.91000,0,13.91000,5.01232,13.91000,0,13.91000,511.178,13.91000,0,13.91000,0.4,13.91000,0,13.91000,1400,13.91000,2.23574e-07,13.91000,2.23574e-07,13.91000,2.37339e-07,13.91000,0.000114286,13.91000,0.000114286,13.91000,0.000112723
13.92000,2.23574e-07,13.92000,0,13.92000,0,13.92000,0,13.92000,8.94317e-08,13.92000,0,13.92000,0.000114286,13.92000,0,13.92000,0,13.92000,0.000114286,13.92000,0.4,13.92000,1,13.92000,0,13.92000,0.4,13.92000,0,13.92000,5.01232,13.92000,0,13.92000,511.178,13.92000,0,13.92000,0.4,13.92000,0,13.92000,1400,13.92000,2.23574e-07,13.92000,2.23574e-07,13.92000,2.37388e-07,13.92000,0.000114286,13.92000,0.000114286,13.92000,0.000112631
13.93000,2.23574e-07,13.93000,0,13.93000,0,13.93000,0,13.93000,8.94317e-08,13.93000,0,13.93000,0.000114286,13.93000,0,13.93000,0,13.93000,0.000114286,13.93000,0.4,13.93000,1,13.93000,0,13.93000,0.4,13.93000,0,13.93000,5.01232,13.93000,0,13.93000,511.178,13.93000,0,13.93000,0.4,13.93000,0,13.93000,1400,13.93000,2.23574e-07,13.93000,2.23574e-07,13.93000,2.37436e-07,13.93000,0.000114286,13.93000,0.000114286,13.93000,0.000112539
13.94000,2.23574e-07,13.94000,0,13.94000,0,13.94000,0,13.94000,8.94317e-08,13.94000,0,13.94000,0.000114286,13.94000,0,13.94000,0,13.94000,0.000114286,13.94000,0.4,13.94000,1,13.94000,0,13.94000,0.4,13.94000,0,13.94000,5.01232,13.94000,0,13.94000,511.178,13.94000,0,13.94000,0.4,13.94000,0,13.94000,1400,13.94000,2.23574e-07,13.94000,2.23574e-07,13.94000,2.37485e-07,13.94000,0.000114286,13.94000,0.000114286,13.94000,0.000112447
13.95000,2.23574e-07,13.95000,0,13.95000,0,13.95000,0,13.95000,8.94317e-08,13.95000,0,13.95000,0.000114286,13.95000,0,13.95000,0,13.95000,0.000114286,13.95000,0.4,13.95000,1,13.95000,0,13.95000,0.4,13.95000,0,13.95000,5.01232,13.95000,0,13.95000,511.178,13.95000,0,13.95000,0.4,13.95000,0,13.95000,1400,13.95000,2.23574e-07,13.95000,2.23574e-07,13.95000,2.3742e-07,13.95000,0.000114286,13.95000,0.000114286,13.95000,0.000112388
13.96000,2.23574e-07,13.96000,0,13.96000,0,13.96000,0,13.96000,8.94317e-08,13.96000,0,13.96000,0.000114286,13.96000,0,13.96000,0,13.96000,0.000114286,13.96000,0.4,13.96000,1,13.96000,0,13.96000,0.4,13.96000,0,13.96000,5.01232,13.96000,0,13.96000,511.178,13.96000,0,13.96000,0.4,13.96000,0,13.96000,1400,13.96000,2.23574e-07,13.96000,2.23574e-07,13.96000,2.37304e-07,13.96000,0.000114286,13.96000,0.000114286,13.96000,0.000112343
13.97000,2.23574e-07,13.97000,0,13.97000,0,13.97000,0,13.97000,8.94317e-08,13.97000,0,13.97000,0.000114286,13.97000,0,13.97000,0,13.97000,0.000114286,13.97000,0.4,13.97000,1,13.97000,0,13.97000,0.4,13.97000,0,13.97000,5.01232,13.97000,0,13.97000,511.178,13.97000,0,13.97000,0.4,13.97000,0,13.97000,1400,13.97000,2.23574e-07,13.97000,2.23574e-07,13.97000,2.37188e-07,13.97000,0.000114286,13.97000,0.000114286,13.97000,0.000112299
13.98000,2.23574e-07,13.98000,0,13.98000,0,13.98000,0,13.98000,8.94317e-08,13.98000,0,13.98000,0.000114286,13.98000,0,13.98000,0,13.98000,0.000114286,13.98000,0.4,13.98000,1,13.98000,0,13.98000,0.4,13.98000,0,13.98000,5.01232,13.98000,0,13.98000,511.178,13.98000,0,13.98000,0.4,13.98000,0,13.98000,1400,13.98000,2.23574e-07,13.98000,2.23574e-07,13.98000,2.37073e-07,13.98000,0.000114286,13.98000,0.000114286,13.98000,0.000112255
13.99000,2.23574e-07,13.99000,0,13.99000,0,13.99000,0,13.99000,8.94317e-08,13.99000,0,13.99000,0.000114286,13.99000,0,13.99000,0,13.99000,0.000114286,13.99000,0.4,13.99000,1,13.99000,0,13.99000,0.4,13.99000,0,13.99000,5.01232,13.99000,0,13.99000,511.178,13.99000,0,13.99000,0.4,13.99000,0,13.99000,1400,13.99000,2.23574e-07,13.99000,2.23574e-07,13.99000,2.36957e-07,13.99000,0.000114286,13.99000,0.000114286,13.99000,0.000112211
14.00000,2.23574e-07,14.00000,0,14.00000,0,14.00000,0,14.00000,8.94317e-08,14.00000,0,14.00000,0.000114286,14.00000,0,14.00000,0,14.00000,0.000114286,14.00000,0.4,14.00000,1,14.00000,0,14.00000,0.4,14.00000,0,14.00000,5.01232,14.00000,0,14.00000,511.178,14.00000,0,14.00000,0.4,14.00000,0,14.00000,1400,14.00000,2.23574e-07,14.00000,2.23574e-07,14.00000,2.36841e-07,14.00000,0.000114286,14.00000,0.000114286,14.00000,0.000112166
14.01000,2.23574e-07,14.01000,0,14.01000,0,14.01000,0,14.01000,8.94317e-08,14.01000,0,14.01000,0.000114286,14.01000,0,14.01000,0,14.01000,0.000114286,14.01000,0.4,14.01000,1,14.01000,0,14.01000,0.4,14.01000,0,14.01000,5.01232,14.01000,0,14.01000,511.178,14.01000,0,14.01000,0.4,14.01000,0,14.01000,1400,14.01000,2.23574e-07,14.01000,2.23574e-07,14.01000,2.36726e-07,14.01000,0.000114286,14.01000,0.000114286,14.01000,0.000112122
14.02000,2.23574e-07,14.02000,0,14.02000,0,14.02000,0,14.02000,8.94317e-08,14.02000,0,14.02000,0.000114286,14.02000,0,14.02000,0,14.02000,0.000114286,14.02000,0.4,14.02000,1,14.02000,0,14.02000,0.4,14.02000,0,14.02000,5.01232,14.02000,0,14.02000,511.178,14.02000,0,14.02000,0.4,14.02000,0,14.02000,1400,14.02000,2.23574e-07,14.02000,2.23574e-07,14.02000,2.3661e-07,14.02000,0.000114286,14.02000,0.000114286,14.02000,0.000112078
14.03000,2.23574e-07,14.03000,0,14.03000,0,14.03000,0,14.03000,8.94317e-08,14.03000,0,14.03000,0.000114286,14.03000,0,14.03000,0,14.03000,0.000114286,14.03000,0.4,14.03000,1,14.03000,0,14.03000,0.4,14.03000,0,14.03000,5.01232,14.03000,0,14.03000,511.178,14.03000,0,14.03000,0.4,14.03000,0,14.03000,1400,14.03000,2.23574e-07,14.03000,2.23574e-07,14.03000,2.36494e-07,14.03000,0.000114286,14.03000,0.000114286,14.03000,0.000112034
14.04000,2.23574e-07,14.04000,0,14.04000,0,14.04000,0,14.04000,8.94317e-08,14.04000,0,14.04000,0.000114286,14.04000,0,14.04000,0,14.04000,0.000114286,14.04000,0.4,14.04000,1,14.04000,0,14.04000,0.4,14.04000,0,14.04000,5.01232,14.04000,0,14.04000,511.178,14.04000,0,14.04000,0.4,14.04000,0,14.04000,1400,14.04000,2.23574e-07,14.04000,2.23574e-07,14.04000,2.36379e-07,14.04000,0.000114286,14.04000,0.000114286,14.04000,0.000111989
14.05000,2.23574e-07,14.05000,0,14.05000,0,14.05000,0,14.05000,8.94317e-08,14.05000,0,14.05000,0.000114286,14.05000,0,14.05000,0,14.05000,0.000114286,14.05000,0.4,14.05000,1,14.05000,0,14.05000,0.4,14.05000,0,14.05000,5.01232,14.05000,0,14.05000,511.178,14.05000,0,14.05000,0.4,14.05000,0,14.05000,1400,14.05000,2.23574e-07,14.05000,2.23574e-07,14.05000,2.36263e-07,14.05000,0.000114286,14.05000,0.000114286,14.05000,0.000111945
14.06000,2.23574e-07,14.06000,0,14.06000,0,14.06000,0,14.06000,8.94317e-08,14.06000,0,14.06000,0.000114286,14.06000,0,14.06000,0,14.06000,0.000114286,14.06000,0.4,14.06000,1,14.06000,0,14.06000,0.4,14.06000,0,14.06000,5.01232,14.06000,0,14.06000,511.178,14.06000,0,14.06000,0.4,14.06000,0,14.06000,1400,14.06000,2.23574e-07,14.06000,2.23574e-07,14.06000,2.36147e-07,14.06000,0.000114286,14.06000,0.000114286,14.06000,0.000111901
14.07000,2.23574e-07,14.07000,0,14.07000,0,14.07000,0,14.07000,8.94317e-08,14.07000,0,14.07000,0.000114286,14.07000,0,14.07000,0,14.07000,0.000114286,14.07000,0.4,14.07000,1,14.07000,0,14.07000,0.4,14.07000,0,14.07000,5.01232,14.07000,0,14.07000,511.178,14.07000,0,14.07000,0.4,14.07000,0,14.07000,1400,14.07000,2.23574e-07,14.07000,2.23574e-07,14.07000,2.36032e-07,14.07000,0.000114286,14.07000,0.000114286,14.07000,0.000111856
14.08000,2.23574e-07,14.08000,0,14.08000,0,14.08000,0,14.08000,8.94317e-08,14.08000,0,14.08000,0.000114286,14.08000,0,14.08000,0,14.08000,0.000114286,14.08000,0.4,14.08000,1,14.08000,0,14.08000,0.4,14.08000,0,14.08000,5.01232,14.08000,0,14.08000,511.178,14.08000,0,14.08000,0.4,14.08000,0,14.08000,1400,14.08000,2.23574e-07,14.08000,2.23574e-07,14.08000,2.35916e-07,14.08000,0.000114286,14.08000,0.000114286,14.08000,0.000111812
14.09000,2.23574e-07,14.09000,0,14.09000,0,14.09000,0,14.09000,8.94317e-08,14.09000,0,14.09000,0.000114286,14.09000,0,14.09000,0,14.09000,0.000114286,14.09000,0.4,14.09000,1,14.09000,0,14.09000,0.4,14.09000,0,14.09000,5.01232,14.09000,0,14.09000,511.178,14.09000,0,14.09000,0.4,14.09000,0,14.09000,1400,14.09000,2.23574e-07,14.09000,2.23574e-07,14.09000,2.358e-07,14.09000,0.000114286,14.09000,0.000114286,14.09000,0.000111768
14.10000,2.23574e-07,14.10000,0,14.10000,0,14.10000,0,14.10000,8.94317e-08,14.10000,0,14.10000,0.000114286,14.10000,0,14.10000,0,14.10000,0.000114286,14.10000,0.4,14.10000,1,14.10000,0,14.10000,0.4,14.10000,0,14.10000,5.01232,14.10000,0,14.10000,511.178,14.10000,0,14.10000,0.4,14.10000,0,14.10000,1400,14.10000,2.23574e-07,14.10000,2.23574e-07,14.10000,2.35684e-07,14.10000,0.000114286,14.10000,0.000114286,14.10000,0.000111724
14.11000,2.23574e-07,14.11000,0,14.11000,0,14.11000,0,14.11000,8.94317e-08,14.11000,0,14.11000,0.000114286,14.11000,0,14.11000,0,14.11000,0.000114286,14.11000,0.4,14.11000,1,14.11000,0,14.11000,0.4,14.11000,0,14.11000,5.01232,14.11000,0,14.11000,511.178,14.11000,0,14.11000,0.4,14.11000,0,14.11000,1400,14.11000,2.23574e-07,14.11000,2.23574e-07,14.11000,2.35569e-07,14.11000,0.000114286,14.11000,0.000114286,14.11000,0.000111679
14.12000,2.23574e-07,14.12000,0,14.12000,0,14.12000,0,14.12000,8.94317e-08,14.12000,0,14.12000,0.000114286,14.12000,0,14.12000,0,14.12000,0.000114286,14.12000,0.4,14.12000,1,14.12000,0,14.12000,0.4,14.12000,0,14.12000,5.01232,14.12000,0,14.12000,511.178,14.12000,0,14.12000,0.4,14.12000,0,14.12000,1400,14.12000,2.23574e-07,14.12000,2.23574e-07,14.12000,2.35453e-07,14.12000,0.000114286,14.12000,0.000114286,14.12000,0.000111635
14.13000,2.23574e-07,14.13000,0,14.13000,0,14.13000,0,14.13000,8.94317e-08,14.13000,0,14.13000,0.000114286,14.13000,0,14.13000,0,14.13000,0.000114286,14.13000,0.4,14.13000,1,14.13000,0,14.13000,0.4,14.13000,0,14.13000,5.01232,14.13000,0,14.13000,511.178,14.13000,0,14.13000,0.4,14.13000,0,14.13000,1400,14.13000,2.23574e-07,14.13000,2.23574e-07,14.13000,2.35337e-07,14.13000,0.000114286,14.13000,0.000114286,14.13000,0.000111591
14.14000,2.23574e-07,14.14000,0,14.14000,0,14.14000,0,14.14000,8.94317e-08,14.14000,0,14.14000,0.000114286,14.14000,0,14.14000,0,14.14000,0.000114286,14.14000,0.4,14.14000,1,14.14000,0,14.14000,0.4,14.14000,0,14.14000,5.01232,14.14000,0,14.14000,511.178,14.14000,0,14.14000,0.4,14.14000,0,14.14000,1400,14.14000,2.23574e-07,14.14000,2.23574e-07,14.14000,2.35222e-07,14.14000,0.000114286,14.14000,0.000114286,14.14000,0.000111547
14.15000,2.23574e-07,14.15000,0,14.15000,0,14.15000,0,14.15000,8.94317e-08,14.15000,0,14.15000,0.000114286,14.15000,0,14.15000,0,14.15000,0.000114286,14.15000,0.4,14.15000,1,14.15000,0,14.15000,0.4,14.15000,0,14.15000,5.01232,14.15000,0,14.15000,511.178,14.15000,0,14.15000,0.4,14.15000,0,14.15000,1400,14.15000,2.23574e-07,14.15000,2.23574e-07,14.15000,2.35106e-07,14.15000,0.000114286,14.15000,0.000114286,14.15000,0.000111502
14.16000,2.23574e-07,14.16000,0,14.16000,0,14.16000,0,14.16000,8.94317e-08,14.16000,0,14.16000,0.000114286,14.16000,0,14.16000,0,14.16000,0.000114286,14.16000,0.4,14.16000,1,14.16000,0,14.16000,0.4,14.16000,0,14.16000,5.01232,14.16000,0,14.16000,511.178,14.16000,0,14.16000,0.4,14.16000,0,14.16000,1400,14.16000,2.23574e-07,14.16000,2.23574e-07,14.16000,2.3499e-07,14.16000,0.000114286,14.16000,0.000114286,14.16000,0.000111458
14.17000,2.23574e-07,14.17000,0,14.17000,0,14.17000,0,14.17000,8.94317e-08,14.17000,0,14.17000,0.000114286,14.17000,0,14.17000,0,14.17000,0.000114286,14.17000,0.4,14.17000,1,14.17000,0,14.17000,0.4,14.17000,0,14.17000,5.01232,14.17000,0,14.17000,511.178,14.17000,0,14.17000,0.4,14.17000,0,14.17000,1400,14.17000,2.23574e-07,14.17000,2.23574e-07,14.17000,2.34875e-07,14.17000,0.000114286,14.17000,0.000114286,14.17000,0.000111414
14.18000,2.23574e-07,14.18000,0,14.18000,0,14.18000,0,14.18000,8.94317e-08,14.18000,0,14.18000,0.000114286,14.18000,0,14.18000,0,14.18000,0.000114286,14.18000,0.4,14.18000,1,14.18000,0,14.18000,0.4,14.18000,0,14.18000,5.01232,14.18000,0,14.18000,511.178,14.18000,0,14.18000,0.4,14.18000,0,14.18000,1400,14.18000,2.23574e-07,14.18000,2.23574e-07,14.18000,2.34759e-07,14.18000,0.000114286,14.18000,0.000114286,14.18000,0.00011137
14.19000,2.23574e-07,14.19000,0,14.19000,0,14.19000,0,14.19000,8.94317e-08,14.19000,0,14.19000,0.000114286,14.19000,0,14.19000,0,14.19000,0.000114286,14.19000,0.4,14.19000,1,14.19000,0,14.19000,0.4,14.19000,0,14.19000,5.01232,14.19000,0,14.19000,511.178,14.19000,0,14.19000,0.4,14.19000,0,14.19000,1400,14.19000,2.23574e-07,14.19000,2.23574e-07,14.19000,2.34643e-07,14.19000,0.000114286,14.19000,0.000114286,14.19000,0.000111325
14.20000,2.23574e-07,14.20000,0,14.20000,0,14.20000,0,14.20000,8.94317e-08,14.20000,0,14.20000,0.000114286,14.20000,0,14.20000,0,14.20000,0.000114286,14.20000,0.4,14.20000,1,14.20000,0,14.20000,0.4,14.20000,0,14.20000,5.01232,14.20000,0,14.20000,511.178,14.20000,0,14.20000,0.4,14.20000,0,14.20000,1400,14.20000,2.23574e-07,14.20000,2.23574e-07,14.20000,2.34527e-07,14.20000,0.000114286,14.20000,0.000114286,14.20000,0.000111281
14.21000,2.23574e-07,14.21000,0,14.21000,0,14.21000,0,14.21000,8.94317e-08,14.21000,0,14.21000,0.000114286,14.21000,0,14.21000,0,14.21000,0.000114286,14.21000,0.4,14.21000,1,14.21000,0,14.21000,0.4,14.21000,0,14.21000,5.01232,14.21000,0,14.21000,511.178,14.21000,0,14.21000,0.4,14.21000,0,14.21000,1400,14.21000,2.23574e-07,14.21000,2.23574e-07,14.21000,2.34412e-07,14.21000,0.000114286,14.21000,0.000114286,14.21000,0.000111237
14.22000,2.23574e-07,14.22000,0,14.22000,0,14.22000,0,14.22000,8.94317e-08,14.22000,0,14.22000,0.000114286,14.22000,0,14.22000,0,14.22000,0.000114286,14.22000,0.4,14.22000,1,14.22000,0,14.22000,0.4,14.22000,0,14.22000,5.01232,14.22000,0,14.22000,511.178,14.22000,0,14.22000,0.4,14.22000,0,14.22000,1400,14.22000,2.23574e-07,14.22000,2.23574e-07,14.22000,2.34296e-07,14.22000,0.000114286,14.22000,0.000114286,14.22000,0.000111193
14.23000,2.23574e-07,14.23000,0,14.23000,0,14.23000,0,14.23000,8.94317e-08,14.23000,0,14.23000,0.000114286,14.23000,0,14.23000,0,14.23000,0.000114286,14.23000,0.4,14.23000,1,14.23000,0,14.23000,0.4,14.23000,0,14.23000,5.01232,14.23000,0,14.23000,511.178,14.23000,0,14.23000,0.4,14.23000,0,14.23000,1400,14.23000,2.23574e-07,14.23000,2.23574e-07,14.23000,2.3418e-07,14.23000,0.000114286,14.23000,0.000114286,14.23000,0.000111148
14.24000,2.23574e-07,14.24000,0,14.24000,0,14.24000,0,14.24000,8.94317e-08,14.24000,0,14.24000,0.000114286,14.24000,0,14.24000,0,14.24000,0.000114286,14.24000,0.4,14.24000,1,14.24000,0,14.24000,0.4,14.24000,0,14.24000,5.01232,14.24000,0,14.24000,511.178,14.24000,0,14.24000,0.4,14.24000,0,14.24000,1400,14.24000,2.23574e-07,14.24000,2.23574e-07,14.24000,2.34065e-07,14.24000,0.000114286,14.24000,0.000114286,14.24000,0.000111104
14.25000,2.23574e-07,14.25000,0,14.25000,0,14.25000,0,14.25000,8.94317e-08,14.25000,0,14.25000,0.000114286,14.25000,0,14.25000,0,14.25000,0.000114286,14.25000,0.4,14.25000,1,14.25000,0,14.25000,0.4,14.25000,0,14.25000,5.01232,14.25000,0,14.25000,511.178,14.25000,0,14.25000,0.4,14.25000,0,14.25000,1400,14.25000,2.23574e-07,14.25000,2.23574e-07,14.25000,2.33949e-07,14.25000,0.000114286,14.25000,0.000114286,14.25000,0.00011106
14.26000,2.23574e-07,14.26000,0,14.26000,0,14.26000,0,14.26000,8.94317e-08,14.26000,0,14.26000,0.000114286,14.26000,0,14.26000,0,14.26000,0.000114286,14.26000,0.4,14.26000,1,14.26000,0,14.26000,0.4,14.26000,0,14.26000,5.01232,14.26000,0,14.26000,511.178,14.26000,0,14.26000,0.4,14.26000,0,14.26000,1400,14.26000,2.23574e-07,14.26000,2.23574e-07,14.26000,2.33833e-07,14.26000,0.000114286,14.26000,0.000114286,14.26000,0.000111016
14.27000,2.23574e-07,14.27000,0,14.27000,0,14.27000,0,14.27000,8.94317e-08,14.27000,0,14.27000,0.000114286,14.27000,0,14.27000,0,14.27000,0.000114286,14.27000,0.4,14.27000,1,14.27000,0,14.27000,0.4,14.27000,0,14.27000,5.01232,14.27000,0,14.27000,511.178,14.27000,0,14.27000,0.4,14.27000,0,14.27000,1400,14.27000,2.23574e-07,14.27000,2.23574e-07,14.27000,2.33718e-07,14.27000,0.000114286,14.27000,0.000114286,14.27000,0.000110971
14.28000,2.23574e-07,14.28000,0,14.28000,0,14.28000,0,14.28000,8.94317e-08,14.28000,0,14.28000,0.000114286,14.28000,0,14.28000,0,14.28000,0.000114286,14.28000,0.4,14.28000,1,14.28000,0,14.28000,0.4,14.28000,0,14.28000,5.01232,14.28000,0,14.28000,511.178,14.28000,0,14.28000,0.4,14.28000,0,14.28000,1400,14.28000,2.23574e-07,14.28000,2.23574e-07,14.28000,2.33602e-07,14.28000,0.000114286,14.28000,0.000114286,14.28000,0.000110927
14.29000,2.23574e-07,14.29000,0,14.29000,0,14.29000,0,14.29000,8.94317e-08,14.29000,0,14.29000,0.000114286,14.29000,0,14.29000,0,14.29000,0.000114286,14.29000,0.4,14.29000,1,14.29000,0,14.29000,0.4,14.29000,0,14.29000,5.01232,14.29000,0,14.29000,511.178,14.29000,0,14.29000,0.4,14.29000,0,14.29000,1400,14.29000,2.23574e-07,14.29000,2.23574e-07,14.29000,2.33486e-07,14.29000,0.000114286,14.29000,0.000114286,14.29000,0.000110883
14.30000,2.23574e-07,14.30000,0,14.30000,0,14.30000,0,14.30000,8.94317e-08,14.30000,0,14.30000,0.000114286,14.30000,0,14.30000,0,14.30000,0.000114286,14.30000,0.4,14.30000,1,14.30000,0,14.30000,0.4,14.30000,0,14.30000,5.01232,14.30000,0,14.30000,511.178,14.30000,0,14.30000,0.4,14.30000,0,14.30000,1400,14.30000,2.23574e-07,14.30000,2.23574e-07,14.30000,2.33371e-07,14.30000,0.000114286,14.30000,0.000114286,14.30000,0.000110838
14.31000,2.23574e-07,14.31000,0,14.31000,0,14.31000,0,14.31000,8.94317e-08,14.31000,0,14.31000,0.000114286,14.31000,0,14.31000,0,14.31000,0.000114286,14.31000,0.4,14.31000,1,14.31000,0,14.31000,0.4,14.31000,0,14.31000,5.01232,14.31000,0,14.31000,511.178,14.31000,0,14.31000,0.4,14.31000,0,14.31000,1400,14.31000,2.23574e-07,14.31000,2.23574e-07,14.31000,2.33255e-07,14.31000,0.000114286,14.31000,0.000114286,14.31000,0.000110794
14.32000,2.23574e-07,14.32000,0,14.32000,0,14.32000,0,14.32000,8.94317e-08,14.32000,0,14.32000,0.000114286,14.32000,0,14.32000,0,14.32000,0.000114286,14.32000,0.4,14.32000,1,14.32000,0,14.32000,0.4,14.32000,0,14.32000,5.01232,14.32000,0,14.32000,511.178,14.32000,0,14.32000,0.4,14.32000,0,14.32000,1400,14.32000,2.23574e-07,14.32000,2.23574e-07,14.32000,2.33139e-07,14.32000,0.000114286,14.32000,0.000114286,14.32000,0.00011075
14.33000,2.23574e-07,14.33000,0,14.33000,0,14.33000,0,14.33000,8.94317e-08,14.33000,0,14.33000,0.000114286,14.33000,0,14.33000,0,14.33000,0.000114286,14.33000,0.4,14.33000,1,14.33000,0,14.33000,0.4,14.33000,0,14.33000,5.01232,14.33000,0,14.33000,511.178,14.33000,0,14.33000,0.4,14.33000,0,14.33000,1400,14.33000,2.23574e-07,14.33000,2.23574e-07,14.33000,2.33023e-07,14.33000,0.000114286,14.33000,0.000114286,14.33000,0.000110706
14.34000,2.23574e-07,14.34000,0,14.34000,0,14.34000,0,14.34000,8.94317e-08,14.34000,0,14.34000,0.000114286,14.34000,0,14.34000,0,14.34000,0.000114286,14.34000,0.4,14.34000,1,14.34000,0,14.34000,0.4,14.34000,0,14.34000,5.01232,14.34000,0,14.34000,511.178,14.34000,0,14.34000,0.4,14.34000,0,14.34000,1400,14.34000,2.23574e-07,14.34000,2.23574e-07,14.34000,2.32908e-07,14.34000,0.000114286,14.34000,0.000114286,14.34000,0.000110661
14.35000,2.23574e-07,14.35000,0,14.35000,0,14.35000,0,14.35000,8.94317e-08,14.35000,0,14.35000,0.000114286,14.35000,0,14.35000,0,14.35000,0.000114286,14.35000,0.4,14.35000,1,14.35000,0,14.35000,0.4,14.35000,0,14.35000,5.01232,14.35000,0,14.35000,511.178,14.35000,0,14.35000,0.4,14.35000,0,14.35000,1400,14.35000,2.23574e-07,14.35000,2.23574e-07,14.35000,2.32792e-07,14.35000,0.000114286,14.35000,0.000114286,14.35000,0.000110617
14.36000,2.23574e-07,14.36000,0,14.36000,0,14.36000,0,14.36000,8.94317e-08,14.36000,0,14.36000,0.000114286,14.36000,0,14.36000,0,14.36000,0.000114286,14.36000,0.4,14.36000,1,14.36000,0,14.36000,0.4,14.36000,0,14.36000,5.01232,14.36000,0,14.36000,511.178,14.36000,0,14.36000,0.4,14.36000,0,14.36000,1400,14.36000,2.23574e-07,14.36000,2.23574e-07,14.36000,2.32676e-07,14.36000,0.000114286,14.36000,0.000114286,14.36000,0.000110573
14.37000,2.23574e-07,14.37000,0,14.37000,0,14.37000,0,14.37000,8.94317e-08,14.37000,0,14.37000,0.000114286,14.37000,0,14.37000,0,14.37000,0.000114286,14.37000,0.4,14.37000,1,14.37000,0,14.37000,0.4,14.37000,0,14.37000,5.01232,14.37000,0,14.37000,511.178,14.37000,0,14.37000,0.4,14.37000,0,14.37000,1400,14.37000,2.23574e-07,14.37000,2.23574e-07,14.37000,2.32561e-07,14.37000,0.000114286,14.37000,0.000114286,14.37000,0.000110529
14.38000,2.23574e-07,14.38000,0,14.38000,0,14.38000,0,14.38000,8.94317e-08,14.38000,0,14.38000,0.000114286,14.38000,0,14.38000,0,14.38000,0.000114286,14.38000,0.4,14.38000,1,14.38000,0,14.38000,0.4,14.38000,0,14.38000,5.01232,14.38000,0,14.38000,511.178,14.38000,0,14.38000,0.4,14.38000,0,14.38000,1400,14.38000,2.23574e-07,14.38000,2.23574e-07,14.38000,2.32445e-07,14.38000,0.000114286,14.38000,0.000114286,14.38000,0.000110484
14.39000,2.23574e-07,14.39000,0,14.39000,0,14.39000,0,14.39000,8.94317e-08,14.39000,0,14.39000,0.000114286,14.39000,0,14.39000,0,14.39000,0.000114286,14.39000,0.4,14.39000,1,14.39000,0,14.39000,0.4,14.39000,0,14.39000,5.01232,14.39000,0,14.39000,511.178,14.39000,0,14.39000,0.4,14.39000,0,14.39000,1400,14.39000,2.23574e-07,14.39000,2.23574e-07,14.39000,2.32329e-07,14.39000,0.000114286,14.39000,0.000114286,14.39000,0.00011044
14.40000,2.23574e-07,14.40000,0,14.40000,0,14.40000,0,14.40000,8.94317e-08,14.40000,0,14.40000,0.000114286,14.40000,0,14.40000,0,14.40000,0.000114286,14.40000,0.4,14.40000,1,14.40000,0,14.40000,0.4,14.40000,0,14.40000,5.01232,14.40000,0,14.40000,511.178,14.40000,0,14.40000,0.4,14.40000,0,14.40000,1400,14.40000,2.23574e-07,14.40000,2.23574e-07,14.40000,2.32214e-07,14.40000,0.000114286,14.40000,0.000114286,14.40000,0.000110396
14.41000,2.23574e-07,14.41000,0,14.41000,0,14.41000,0,14.41000,8.94317e-08,14.41000,0,14.41000,0.000114286,14.41000,0,14.41000,0,14.41000,0.000114286,14.41000,0.4,14.41000,1,14.41000,0,14.41000,0.4,14.41000,0,14.41000,5.01232,14.41000,0,14.41000,511.178,14.41000,0,14.41000,0.4,14.41000,0,14.41000,1400,14.41000,2.23574e-07,14.41000,2.23574e-07,14.41000,2.32098e-07,14.41000,0.000114286,14.41000,0.000114286,14.41000,0.000110352
14.42000,2.23574e-07,14.42000,0,14.42000,0,14.42000,0,14.42000,8.94317e-08,14.42000,0,14.42000,0.000114286,14.42000,0,14.42000,0,14.42000,0.000114286,14.42000,0.4,14.42000,1,14.42000,0,14.42000,0.4,14.42000,0,14.42000,5.01232,14.42000,0,14.42000,511.178,14.42000,0,14.42000,0.4,14.42000,0,14.42000,1400,14.42000,2.23574e-07,14.42000,2.23574e-07,14.42000,2.31982e-07,14.42000,0.000114286,14.42000,0.000114286,14.42000,0.000110307
14.43000,2.23574e-07,14.43000,0,14.43000,0,14.43000,0,14.43000,8.94317e-08,14.43000,0,14.43000,0.000114286,14.43000,0,14.43000,0,14.43000,0.000114286,14.43000,0.4,14.43000,1,14.43000,0,14.43000,0.4,14.43000,0,14.43000,5.01232,14.43000,0,14.43000,511.178,14.43000,0,14.43000,0.4,14.43000,0,14.43000,1400,14.43000,2.23574e-07,14.43000,2.23574e-07,14.43000,2.31866e-07,14.43000,0.000114286,14.43000,0.000114286,14.43000,0.000110263
14.44000,2.23574e-07,14.44000,0,14.44000,0,14.44000,0,14.44000,8.94317e-08,14.44000,0,14.44000,0.000114286,14.44000,0,14.44000,0,14.44000,0.000114286,14.44000,0.4,14.44000,1,14.44000,0,14.44000,0.4,14.44000,0,14.44000,5.01232,14.44000,0,14.44000,511.178,14.44000,0,14.44000,0.4,14.44000,0,14.44000,1400,14.44000,2.23574e-07,14.44000,2.23574e-07,14.44000,2.31751e-07,14.44000,0.000114286,14.44000,0.000114286,14.44000,0.000110219
14.45000,2.23574e-07,14.45000,0,14.45000,0,14.45000,0,14.45000,8.94317e-08,14.45000,0,14.45000,0.000114286,14.45000,0,14.45000,0,14.45000,0.000114286,14.45000,0.4,14.45000,1,14.45000,0,14.45000,0.4,14.45000,0,14.45000,5.01232,14.45000,0,14.45000,511.178,14.45000,0,14.45000,0.4,14.45000,0,14.45000,1400,14.45000,2.23574e-07,14.45000,2.23574e-07,14.45000,2.31594e-07,14.45000,0.000114286,14.45000,0.000114286,14.45000,0.000110187
14.46000,2.23574e-07,14.46000,0,14.46000,0,14.46000,0,14.46000,8.94317e-08,14.46000,0,14.46000,0.000114286,14.46000,0,14.46000,0,14.46000,0.000114286,14.46000,0.4,14.46000,1,14.46000,0,14.46000,0.4,14.46000,0,14.46000,5.01232,14.46000,0,14.46000,511.178,14.46000,0,14.46000,0.4,14.46000,0,14.46000,1400,14.46000,2.23574e-07,14.46000,2.23574e-07,14.46000,2.31418e-07,14.46000,0.000114286,14.46000,0.000114286,14.46000,0.00011016
14.47000,2.23574e-07,14.47000,0,14.47000,0,14.47000,0,14.47000,8.94317e-08,14.47000,0,14.47000,0.000114286,14.47000,0,14.47000,0,14.47000,0.000114286,14.47000,0.4,14.47000,1,14.47000,0,14.47000,0.4,14.47000,0,14.47000,5.01232,14.47000,0,14.47000,511.178,14.47000,0,14.47000,0.4,14.47000,0,14.47000,1400,14.47000,2.23574e-07,14.47000,2.23574e-07,14.47000,2.31243e-07,14.47000,0.000114286,14.47000,0.000114286,14.47000,0.000110133
14.48000,2.23574e-07,14.48000,0,14.48000,0,14.48000,0,14.48000,8.94317e-08,14.48000,0,14.48000,0.000114286,14.48000,0,14.48000,0,14.48000,0.000114286,14.48000,0.4,14.48000,1,14.48000,0,14.48000,0.4,14.48000,0,14.48000,5.01232,14.48000,0,14.48000,511.178,14.48000,0,14.48000,0.4,14.48000,0,14.48000,1400,14.48000,2.23574e-07,14.48000,2.23574e-07,14.48000,2.31068e-07,14.48000,0.000114286,14.48000,0.000114286,14.48000,0.000110106
14.49000,2.23574e-07,14.49000,0,14.49000,0,14.49000,0,14.49000,8.94317e-08,14.49000,0,14.49000,0.000114286,14.49000,0,14.49000,0,14.49000,0.000114286,14.49000,0.4,14.49000,1,14.49000,0,14.49000,0.4,14.49000,0,14.49000,5.01232,14.49000,0,14.49000,511.178,14.49000,0,14.49000,0.4,14.49000,0,14.49000,1400,14.49000,2.23574e-07,14.49000,2.23574e-07,14.49000,2.30892e-07,14.49000,0.000114286,14.49000,0.000114286,14.49000,0.000110079
14.50000,2.23574e-07,14.50000,0,14.50000,0,14.50000,0,14.50000,8.94317e-08,14.50000,0,14.50000,0.000114286,14.50000,0,14.50000,0,14.50000,0.000114286,14.50000,0.4,14.50000,1,14.50000,0,14.50000,0.4,14.50000,0,14.50000,5.01232,14.50000,0,14.50000,511.178,14.50000,0,14.50000,0.4,14.50000,0,14.50000,1400,14.50000,2.23574e-07,14.50000,2.23574e-07,14.50000,2.30717e-07,14.50000,0.000114286,14.50000,0.000114286,14.50000,0.000110052
14.51000,2.23574e-07,14.51000,0,14.51000,0,14.51000,0,14.51000,8.94317e-08,14.51000,0,14.51000,0.000114286,14.51000,0,14.51000,0,14.51000,0.000114286,14.51000,0.4,14.51000,1,14.51000,0,14.51000,0.4,14.51000,0,14.51000,5.01232,14.51000,0,14.51000,511.178,14.51000,0,14.51000,0.4,14.51000,0,14.51000,1400,14.51000,2.23574e-07,14.51000,2.23574e-07,14.51000,2.30541e-07,14.51000,0.000114286,14.51000,0.000114286,14.51000,0.000110025
14.52000,2.23574e-07,14.52000,0,14.52000,0,14.52000,0,14.52000,8.94317e-08,14.52000,0,14.52000,0.000114286,14.52000,0,14.52000,0,14.52000,0.000114286,14.52000,0.4,14.52000,1,14.52000,0,14.52000,0.4,14.52000,0,14.52000,5.01232,14.52000,0,14.52000,511.178,14.52000,0,14.52000,0.4,14.52000,0,14.52000,1400,14.52000,2.23574e-07,14.52000,2.23574e-07,14.52000,2.30366e-07,14.52000,0.000114286,14.52000,0.000114286,14.52000,0.000109998
14.53000,2.23574e-07,14.53000,0,14.53000,0,14.53000,0,14.53000,8.94317e-08,14.53000,0,14.53000,0.000114286,14.53000,0,14.53000,0,14.53000,0.000114286,14.53000,0.4,14.53000,1,14.53000,0,14.53000,0.4,14.53000,0,14.53000,5.01232,14.53000,0,14.53000,511.178,14.53000,0,14.53000,0.4,14.53000,0,14.53000,1400,14.53000,2.23574e-07,14.53000,2.23574e-07,14.53000,2.30191e-07,14.53000,0.000114286,14.53000,0.000114286,14.53000,0.000109971
14.54000,2.23574e-07,14.54000,0,14.54000,0,14.54000,0,14.54000,8.94317e-08,14.54000,0,14.54000,0.000114286,14.54000,0,14.54000,0,14.54000,0.000114286,14.54000,0.4,14.54000,1,14.54000,0,14.54000,0.4,14.54000,0,14.54000,5.01232,14.54000,0,14.54000,511.178,14.54000,0,14.54000,0.4,14.54000,0,14.54000,1400,14.54000,2.23574e-07,14.54000,2.23574e-07,14.54000,2.30015e-07,14.54000,0.000114286,14.54000,0.000114286,14.54000,0.000109944
14.55000,2.23574e-07,14.55000,0,14.55000,0,14.55000,0,14.55000,8.94317e-08,14.55000,0,14.55000,0.000114286,14.55000,0,14.55000,0,14.55000,0.000114286,14.55000,0.4,14.55000,1,14.55000,0,14.55000,0.4,14.55000,0,14.55000,5.01232,14.55000,0,14.55000,511.178,14.55000,0,14.55000,0.4,14.55000,0,14.55000,1400,14.55000,2.23574e-07,14.55000,2.23574e-07,14.55000,2.2984e-07,14.55000,0.000114286,14.55000,0.000114286,14.55000,0.000109917
14.56000,2.23574e-07,14.56000,0,14.56000,0,14.56000,0,14.56000,8.94317e-08,14.56000,0,14.56000,0.000114286,14.56000,0,14.56000,0,14.56000,0.000114286,14.56000,0.4,14.56000,1,14.56000,0,14.56000,0.4,14.56000,0,14.56000,5.01232,14.56000,0,14.56000,511.178,14.56000,0,14.56000,0.4,14.56000,0,14.56000,1400,14.56000,2.23574e-07,14.56000,2.23574e-07,14.56000,2.29664e-07,14.56000,0.000114286,14.56000,0.000114286,14.56000,0.00010989
14.57000,2.23574e-07,14.57000,0,14.57000,0,14.57000,0,14.57000,8.94317e-08,14.57000,0,14.57000,0.000114286,14.57000,0,14.57000,0,14.57000,0.000114286,14.57000,0.4,14.57000,1,14.57000,0,14.57000,0.4,14.57000,0,14.57000,5.01232,14.57000,0,14.57000,511.178,14.57000,0,14.57000,0.4,14.57000,0,14.57000,1400,14.57000,2.23574e-07,14.57000,2.23574e-07,14.57000,2.29489e-07,14.57000,0.000114286,14.57000,0.000114286,14.57000,0.000109863
14.58000,2.23574e-07,14.58000,0,14.58000,0,14.58000,0,14.58000,8.94317e-08,14.58000,0,14.58000,0.000114286,14.58000,0,14.58000,0,14.58000,0.000114286,14.58000,0.4,14.58000,1,14.58000,0,14.58000,0.4,14.58000,0,14.58000,5.01232,14.58000,0,14.58000,511.178,14.58000,0,14.58000,0.4,14.58000,0,14.58000,1400,14.58000,2.23574e-07,14.58000,2.23574e-07,14.58000,2.29314e-07,14.58000,0.000114286,14.58000,0.000114286,14.58000,0.000109836
14.59000,2.23574e-07,14.59000,0,14.59000,0,14.59000,0,14.59000,8.94317e-08,14.59000,0,14.59000,0.000114286,14.59000,0,14.59000,0,14.59000,0.000114286,14.59000,0.4,14.59000,1,14.59000,0,14.59000,0.4,14.59000,0,14.59000,5.01232,14.59000,0,14.59000,511.178,14.59000,0,14.59000,0.4,14.59000,0,14.59000,1400,14.59000,2.23574e-07,14.59000,2.23574e-07,14.59000,2.29138e-07,14.59000,0.000114286,14.59000,0.000114286,14.59000,0.00010981
14.60000,2.23574e-07,14.60000,0,14.60000,0,14.60000,0,14.60000,8.94317e-08,14.60000,0,14.60000,0.000114286,14.60000,0,14.60000,0,14.60000,0.000114286,14.60000,0.4,14.60000,1,14.60000,0,14.60000,0.4,14.60000,0,14.60000,5.01232,14.60000,0,14.60000,511.178,14.60000,0,14.60000,0.4,14.60000,0,14.60000,1400,14.60000,2.23574e-07,14.60000,2.23574e-07,14.60000,2.28963e-07,14.60000,0.000114286,14.60000,0.000114286,14.60000,0.000109783
14.61000,2.23574e-07,14.61000,0,14.61000,0,14.61000,0,14.61000,8.94317e-08,14.61000,0,14.61000,0.000114286,14.61000,0,14.61000,0,14.61000,0.000114286,14.61000,0.4,14.61000,1,14.61000,0,14.61000,0.4,14.61000,0,14.61000,5.01232,14.61000,0,14.61000,511.178,14.61000,0,14.61000,0.4,14.61000,0,14.61000,1400,14.61000,2.23574e-07,14.61000,2.23574e-07,14.61000,2.28787e-07,14.61000,0.000114286,14.61000,0.000114286,14.61000,0.000109756
14.62000,2.23574e-07,14.62000,0,14.62000,0,14.62000,0,14.62000,8.94317e-08,14.62000,0,14.62000,0.000114286,14.62000,0,14.62000,0,14.62000,0.000114286,14.62000,0.4,14.62000,1,14.62000,0,14.62000,0.4,14.62000,0,14.62000,5.01232,14.62000,0,14.62000,511.178,14.62000,0,14.62000,0.4,14.62000,0,14.62000,1400,14.62000,2.23574e-07,14.62000,2.23574e-07,14.62000,2.28612e-07,14.62000,0.000114286,14.62000,0.000114286,14.62000,0.000109729
14.63000,2.23574e-07,14.63000,0,14.63000,0,14.63000,0,14.63000,8.94317e-08,14.63000,0,14.63000,0.000114286,14.63000,0,14.63000,0,14.63000,0.000114286,14.63000,0.4,14.63000,1,14.63000,0,14.63000,0.4,14.63000,0,14.63000,5.01232,14.63000,0,14.63000,511.178,14.63000,0,14.63000,0.4,14.63000,0,14.63000,1400,14.63000,2.23574e-07,14.63000,2.23574e-07,14.63000,2.28436e-07,14.63000,0.000114286,14.63000,0.000114286,14.63000,0.000109702
14.64000,2.23574e-07,14.64000,0,14.64000,0,14.64000,0,14.64000,8.94317e-08,14.64000,0,14.64000,0.000114286,14.64000,0,14.64000,0,14.64000,0.000114286,14.64000,0.4,14.64000,1,14.64000,0,14.64000,0.4,14.64000,0,14.64000,5.01232,14.64000,0,14.64000,511.178,14.64000,0,14.64000,0.4,14.64000,0,14.64000,1400,14.64000,2.23574e-07,14.64000,2.23574e-07,14.64000,2.28261e-07,14.64000,0.000114286,14.64000,0.000114286,14.64000,0.000109675
14.65000,2.23574e-07,14.65000,0,14.65000,0,14.65000,0,14.65000,8.94317e-08,14.65000,0,14.65000,0.000114286,14.65000,0,14.65000,0,14.65000,0.000114286,14.65000,0.4,14.65000,1,14.65000,0,14.65000,0.4,14.65000,0,14.65000,5.01232,14.65000,0,14.65000,511.178,14.65000,0,14.65000,0.4,14.65000,0,14.65000,1400,14.65000,2.23574e-07,14.65000,2.23574e-07,14.65000,2.28086e-07,14.65000,0.000114286,14.65000,0.000114286,14.65000,0.000109648
14.66000,2.23574e-07,14.66000,0,14.66000,0,14.66000,0,14.66000,8.94317e-08,14.66000,0,14.66000,0.000114286,14.66000,0,14.66000,0,14.66000,0.000114286,14.66000,0.4,14.66000,1,14.66000,0,14.66000,0.4,14.66000,0,14.66000,5.01232,14.66000,0,14.66000,511.178,14.66000,0,14.66000,0.4,14.66000,0,14.66000,1400,14.66000,2.23574e-07,14.66000,2.23574e-07,14.66000,2.2791e-07,14.66000,0.000114286,14.66000,0.000114286,14.66000,0.000109621
14.67000,2.23574e-07,14.67000,0,14.67000,0,14.67000,0,14.67000,8.94317e-08,14.67000,0,14.67000,0.000114286,14.67000,0,14.67000,0,14.67000,0.000114286,14.67000,0.4,14.67000,1,14.67000,0,14.67000,0.4,14.67000,0,14.67000,5.01232,14.67000,0,14.67000,511.178,14.67000,0,14.67000,0.4,14.67000,0,14.67000,1400,14.67000,2.23574e-07,14.67000,2.23574e-07,14.67000,2.27735e-07,14.67000,0.000114286,14.67000,0.000114286,14.67000,0.000109594
14.68000,2.23574e-07,14.68000,0,14.68000,0,14.68000,0,14.68000,8.94317e-08,14.68000,0,14.68000,0.000114286,14.68000,0,14.68000,0,14.68000,0.000114286,14.68000,0.4,14.68000,1,14.68000,0,14.68000,0.4,14.68000,0,14.68000,5.01232,14.68000,0,14.68000,511.178,14.68000,0,14.68000,0.4,14.68000,0,14.68000,1400,14.68000,2.23574e-07,14.68000,2.23574e-07,14.68000,2.27559e-07,14.68000,0.000114286,14.68000,0.000114286,14.68000,0.000109567
14.69000,2.23574e-07,14.69000,0,14.69000,0,14.69000,0,14.69000,8.94317e-08,14.69000,0,14.69000,0.000114286,14.69000,0,14.69000,0,14.69000,0.000114286,14.69000,0.4,14.69000,1,14.69000,0,14.69000,0.4,14.69000,0,14.69000,5.01232,14.69000,0,14.69000,511.178,14.69000,0,14.69000,0.4,14.69000,0,14.69000,1400,14.69000,2.23574e-07,14.69000,2.23574e-07,14.69000,2.27384e-07,14.69000,0.000114286,14.69000,0.000114286,14.69000,0.00010954
14.70000,2.23574e-07,14.70000,0,14.70000,0,14.70000,0,14.70000,8.94317e-08,14.70000,0,14.70000,0.000114286,14.70000,0,14.70000,0,14.70000,0.000114286,14.70000,0.4,14.70000,1,14.70000,0,14.70000,0.4,14.70000,0,14.70000,5.01232,14.70000,0,14.70000,511.178,14.70000,0,14.70000,0.4,14.70000,0,14.70000,1400,14.70000,2.23574e-07,14.70000,2.23574e-07,14.70000,2.27209e-07,14.70000,0.000114286,14.70000,0.000114286,14.70000,0.000109513
14.71000,2.23574e-07,14.71000,0,14.71000,0,14.71000,0,14.71000,8.94317e-08,14.71000,0,14.71000,0.000114286,14.71000,0,14.71000,0,14.71000,0.000114286,14.71000,0.4,14.71000,1,14.71000,0,14.71000,0.4,14.71000,0,14.71000,5.01232,14.71000,0,14.71000,511.178,14.71000,0,14.71000,0.4,14.71000,0,14.71000,1400,14.71000,2.23574e-07,14.71000,2.23574e-07,14.71000,2.27033e-07,14.71000,0.000114286,14.71000,0.000114286,14.71000,0.000109486
14.72000,2.23574e-07,14.72000,0,14.72000,0,14.72000,0,14.72000,8.94317e-08,14.72000,0,14.72000,0.000114286,14.72000,0,14.72000,0,14.72000,0.000114286,14.72000,0.4,14.72000,1,14.72000,0,14.72000,0.4,14.72000,0,14.72000,5.01232,14.72000,0,14.72000,511.178,14.72000,0,14.72000,0.4,14.72000,0,14.72000,1400,14.72000,2.23574e-07,14.72000,2.23574e-07,14.72000,2.26858e-07,14.72000,0.000114286,14.72000,0.000114286,14.72000,0.00010946
14.73000,2.23574e-07,14.73000,0,14.73000,0,14.73000,0,14.73000,8.94317e-08,14.73000,0,14.73000,0.000114286,14.73000,0,14.73000,0,14.73000,0.000114286,14.73000,0.4,14.73000,1,14.73000,0,14.73000,0.4,14.73000,0,14.73000,5.01232,14.73000,0,14.73000,511.178,14.73000,0,14.73000,0.4,14.73000,0,14.73000,1400,14.73000,2.23574e-07,14.73000,2.23574e-07,14.73000,2.26682e-07,14.73000,0.000114286,14.73000,0.000114286,14.73000,0.000109433
14.74000,2.23574e-07,14.74000,0,14.74000,0,14.74000,0,14.74000,8.94317e-08,14.74000,0,14.74000,0.000114286,14.74000,0,14.74000,0,14.74000,0.000114286,14.74000,0.4,14.74000,1,14.74000,0,14.74000,0.4,14.74000,0,14.74000,5.01232,14.74000,0,14.74000,511.178,14.74000,0,14.74000,0.4,14.74000,0,14.74000,1400,14.74000,2.23574e-07,14.74000,2.23574e-07,14.74000,2.26507e-07,14.74000,0.000114286,14.74000,0.000114286,14.74000,0.000109406
14.75000,2.23574e-07,14.75000,0,14.75000,0,14.75000,0,14.75000,8.94317e-08,14.75000,0,14.75000,0.000114286,14.75000,0,14.75000,0,14.75000,0.000114286,14.75000,0.4,14.75000,1,14.75000,0,14.75000,0.4,14.75000,0,14.75000,5.01232,14.75000,0,14.75000,511.178,14.75000,0,14.75000,0.4,14.75000,0,14.75000,1400,14.75000,2.23574e-07,14.75000,2.23574e-07,14.75000,2.26332e-07,14.75000,0.000114286,14.75000,0.000114286,14.75000,0.000109379
14.76000,2.23574e-07,14.76000,0,14.76000,0,14.76000,0,14.76000,8.94317e-08,14.76000,0,14.76000,0.000114286,14.76000,0,14.76000,0,14.76000,0.000114286,14.76000,0.4,14.76000,1,14.76000,0,14.76000,0.4,14.76000,0,14.76000,5.01232,14.76000,0,14.76000,511.178,14.76000,0,14.76000,0.4,14.76000,0,14.76000,1400,14.76000,2.23574e-07,14.76000,2.23574e-07,14.76000,2.26156e-07,14.76000,0.000114286,14.76000,0.000114286,14.76000,0.000109352
14.77000,2.23574e-07,14.77000,0,14.77000,0,14.77000,0,14.77000,8.94317e-08,14.77000,0,14.77000,0.000114286,14.77000,0,14.77000,0,14.77000,0.000114286,14.77000,0.4,14.77000,1,14.77000,0,14.77000,0.4,14.77000,0,14.77000,5.01232,14.77000,0,14.77000,511.178,14.77000,0,14.77000,0.4,14.77000,0,14.77000,1400,14.77000,2.23574e-07,14.77000,2.23574e-07,14.77000,2.25981e-07,14.77000,0.000114286,14.77000,0.000114286,14.77000,0.000109325
14.78000,2.23574e-07,14.78000,0,14.78000,0,14.78000,0,14.78000,8.94317e-08,14.78000,0,14.78000,0.000114286,14.78000,0,14.78000,0,14.78000,0.000114286,14.78000,0.4,14.78000,1,14.78000,0,14.78000,0.4,14.78000,0,14.78000,5.01232,14.78000,0,14.78000,511.178,14.78000,0,14.78000,0.4,14.78000,0,14.78000,1400,14.78000,2.23574e-07,14.78000,2.23574e-07,14.78000,2.25805e-07,14.78000,0.000114286,14.78000,0.000114286,14.78000,0.000109298
14.79000,2.23574e-07,14.79000,0,14.79000,0,14.79000,0,14.79000,8.94317e-08,14.79000,0,14.79000,0.000114286,14.79000,0,14.79000,0,14.79000,0.000114286,14.79000,0.4,14.79000,1,14.79000,0,14.79000,0.4,14.79000,0,14.79000,5.01232,14.79000,0,14.79000,511.178,14.79000,0,14.79000,0.4,14.79000,0,14.79000,1400,14.79000,2.23574e-07,14.79000,2.23574e-07,14.79000,2.2563e-07,14.79000,0.000114286,14.79000,0.000114286,14.79000,0.000109271
14.80000,2.23574e-07,14.80000,0,14.80000,0,14.80000,0,14.80000,8.94317e-08,14.80000,0,14.80000,0.000114286,14.80000,0,14.80000,0,14.80000,0.000114286,14.80000,0.4,14.80000,1,14.80000,0,14.80000,0.4,14.80000,0,14.80000,5.01232,14.80000,0,14.80000,511.178,14.80000,0,14.80000,0.4,14.80000,0,14.80000,1400,14.80000,2.23574e-07,14.80000,2.23574e-07,14.80000,2.25455e-07,14.80000,0.000114286,14.80000,0.000114286,14.80000,0.000109244
14.81000,2.23574e-07,14.81000,0,14.81000,0,14.81000,0,14.81000,8.94317e-08,14.81000,0,14.81000,0.000114286,14.81000,0,14.81000,0,14.81000,0.000114286,14.81000,0.4,14.81000,1,14.81000,0,14.81000,0.4,14.81000,0,14.81000,5.01232,14.81000,0,14.81000,511.178,14.81000,0,14.81000,0.4,14.81000,0,14.81000,1400,14.81000,2.23574e-07,14.81000,2.23574e-07,14.81000,2.25279e-07,14.81000,0.000114286,14.81000,0.000114286,14.81000,0.000109217
14.82000,2.23574e-07,14.82000,0,14.82000,0,14.82000,0,14.82000,8.94317e-08,14.82000,0,14.82000,0.000114286,14.82000,0,14.82000,0,14.82000,0.000114286,14.82000,0.4,14.82000,1,14.82000,0,14.82000,0.4,14.82000,0,14.82000,5.01232,14.82000,0,14.82000,511.178,14.82000,0,14.82000,0.4,14.82000,0,14.82000,1400,14.82000,2.23574e-07,14.82000,2.23574e-07,14.82000,2.25104e-07,14.82000,0.000114286,14.82000,0.000114286,14.82000,0.00010919
14.83000,2.23574e-07,14.83000,0,14.83000,0,14.83000,0,14.83000,8.94317e-08,14.83000,0,14.83000,0.000114286,14.83000,0,14.83000,0,14.83000,0.000114286,14.83000,0.4,14.83000,1,14.83000,0,14.83000,0.4,14.83000,0,14.83000,5.01232,14.83000,0,14.83000,511.178,14.83000,0,14.83000,0.4,14.83000,0,14.83000,1400,14.83000,2.23574e-07,14.83000,2.23574e-07,14.83000,2.24928e-07,14.83000,0.000114286,14.83000,0.000114286,14.83000,0.000109163
14.84000,2.23574e-07,14.84000,0,14.84000,0,14.84000,0,14.84000,8.94317e-08,14.84000,0,14.84000,0.000114286,14.84000,0,14.84000,0,14.84000,0.000114286,14.84000,0.4,14.84000,1,14.84000,0,14.84000,0.4,14.84000,0,14.84000,5.01232,14.84000,0,14.84000,511.178,14.84000,0,14.84000,0.4,14.84000,0,14.84000,1400,14.84000,2.23574e-07,14.84000,2.23574e-07,14.84000,2.24753e-07,14.84000,0.000114286,14.84000,0.000114286,14.84000,0.000109136
14.85000,2.23574e-07,14.85000,0,14.85000,0,14.85000,0,14.85000,8.94317e-08,14.85000,0,14.85000,0.000114286,14.85000,0,14.85000,0,14.85000,0.000114286,14.85000,0.4,14.85000,1,14.85000,0,14.85000,0.4,14.85000,0,14.85000,5.01232,14.85000,0,14.85000,511.178,14.85000,0,14.85000,0.4,14.85000,0,14.85000,1400,14.85000,2.23574e-07,14.85000,2.23574e-07,14.85000,2.24578e-07,14.85000,0.000114286,14.85000,0.000114286,14.85000,0.000109109
14.86000,2.23574e-07,14.86000,0,14.86000,0,14.86000,0,14.86000,8.94317e-08,14.86000,0,14.86000,0.000114286,14.86000,0,14.86000,0,14.86000,0.000114286,14.86000,0.4,14.86000,1,14.86000,0,14.86000,0.4,14.86000,0,14.86000,5.01232,14.86000,0,14.86000,511.178,14.86000,0,14.86000,0.4,14.86000,0,14.86000,1400,14.86000,2.23574e-07,14.86000,2.23574e-07,14.86000,2.24402e-07,14.86000,0.000114286,14.86000,0.000114286,14.86000,0.000109083
14.87000,2.23574e-07,14.87000,0,14.87000,0,14.87000,0,14.87000,8.94317e-08,14.87000,0,14.87000,0.000114286,14.87000,0,14.87000,0,14.87000,0.000114286,14.87000,0.4,14.87000,1,14.87000,0,14.87000,0.4,14.87000,0,14.87000,5.01232,14.87000,0,14.87000,511.178,14.87000,0,14.87000,0.4,14.87000,0,14.87000,1400,14.87000,2.23574e-07,14.87000,2.23574e-07,14.87000,2.24227e-07,14.87000,0.000114286,14.87000,0.000114286,14.87000,0.000109056
14.88000,2.23574e-07,14.88000,0,14.88000,0,14.88000,0,14.88000,8.94317e-08,14.88000,0,14.88000,0.000114286,14.88000,0,14.88000,0,14.88000,0.000114286,14.88000,0.4,14.88000,1,14.88000,0,14.88000,0.4,14.88000,0,14.88000,5.01232,14.88000,0,14.88000,511.178,14.88000,0,14.88000,0.4,14.88000,0,14.88000,1400,14.88000,2.23574e-07,14.88000,2.23574e-07,14.88000,2.24051e-07,14.88000,0.000114286,14.88000,0.000114286,14.88000,0.000109029
14.89000,2.23574e-07,14.89000,0,14.89000,0,14.89000,0,14.89000,8.94317e-08,14.89000,0,14.89000,0.000114286,14.89000,0,14.89000,0,14.89000,0.000114286,14.89000,0.4,14.89000,1,14.89000,0,14.89000,0.4,14.89000,0,14.89000,5.01232,14.89000,0,14.89000,511.178,14.89000,0,14.89000,0.4,14.89000,0,14.89000,1400,14.89000,2.23574e-07,14.89000,2.23574e-07,14.89000,2.23876e-07,14.89000,0.000114286,14.89000,0.000114286,14.89000,0.000109002
14.90000,2.23574e-07,14.90000,0,14.90000,0,14.90000,0,14.90000,8.94317e-08,14.90000,0,14.90000,0.000114286,14.90000,0,14.90000,0,14.90000,0.000114286,14.90000,0.4,14.90000,1,14.90000,0,14.90000,0.4,14.90000,0,14.90000,5.01232,14.90000,0,14.90000,511.178,14.90000,0,14.90000,0.4,14.90000,0,14.90000,1400,14.90000,2.23574e-07,14.90000,2.23574e-07,14.90000,2.23701e-07,14.90000,0.000114286,14.90000,0.000114286,14.90000,0.000108975
14.91000,2.23574e-07,14.91000,0,14.91000,0,14.91000,0,14.91000,8.94317e-08,14.91000,0,14.91000,0.000114286,14.91000,0,14.91000,0,14.91000,0.000114286,14.91000,0.4,14.91000,1,14.91000,0,14.91000,0.4,14.91000,0,14.91000,5.01232,14.91000,0,14.91000,511.178,14.91000,0,14.91000,0.4,14.91000,0,14.91000,1400,14.91000,2.23574e-07,14.91000,2.23574e-07,14.91000,2.23525e-07,14.91000,0.000114286,14.91000,0.000114286,14.91000,0.000108948
14.92000,2.23574e-07,14.92000,0,14.92000,0,14.92000,0,14.92000,8.94317e-08,14.92000,0,14.92000,0.000114286,14.92000,0,14.92000,0,14.92000,0.000114286,14.92000,0.4,14.92000,1,14.92000,0,14.92000,0.4,14.92000,0,14.92000,5.01232,14.92000,0,14.92000,511.178,14.92000,0,14.92000,0.4,14.92000,0,14.92000,1400,14.92000,2.23574e-07,14.92000,2.23574e-07,14.92000,2.2335e-07,14.92000,0.000114286,14.92000,0.000114286,14.92000,0.000108921
14.93000,2.23574e-07,14.93000,0,14.93000,0,14.93000,0,14.93000,8.94317e-08,14.93000,0,14.93000,0.000114286,14.93000,0,14.93000,0,14.93000,0.000114286,14.93000,0.4,14.93000,1,14.93000,0,14.93000,0.4,14.93000,0,14.93000,5.01232,14.93000,0,14.93000,511.178,14.93000,0,14.93000,0.4,14.93000,0,14.93000,1400,14.93000,2.23574e-07,14.93000,2.23574e-07,14.93000,2.23174e-07,14.93000,0.000114286,14.93000,0.000114286,14.93000,0.000108894
14.94000,2.23574e-07,14.94000,0,14.94000,0,14.94000,0,14.94000,8.94317e-08,14.94000,0,14.94000,0.000114286,14.94000,0,14.94000,0,14.94000,0.000114286,14.94000,0.4,14.94000,1,14.94000,0,14.94000,0.4,14.94000,0,14.94000,5.01232,14.94000,0,14.94000,511.178,14.94000,0,14.94000,0.4,14.94000,0,14.94000,1400,14.94000,2.23574e-07,14.94000,2.23574e-07,14.94000,2.22999e-07,14.94000,0.000114286,14.94000,0.000114286,14.94000,0.000108867
14.95000,2.23574e-07,14.95000,0,14.95000,0,14.95000,0,14.95000,8.94317e-08,14.95000,0,14.95000,0.000114286,14.95000,0,14.95000,0,14.95000,0.000114286,14.95000,0.4,14.95000,1,14.95000,0,14.95000,0.4,14.95000,0,14.95000,5.01232,14.95000,0,14.95000,511.178,14.95000,0,14.95000,0.4,14.95000,0,14.95000,1400,14.95000,2.23574e-07,14.95000,2.23574e-07,14.95000,2.22824e-07,14.95000,0.000114286,14.95000,0.000114286,14.95000,0.00010884
14.96000,2.23574e-07,14.96000,0,14.96000,0,14.96000,0,14.96000,8.94317e-08,14.96000,0,14.96000,0.000114286,14.96000,0,14.96000,0,14.96000,0.000114286,14.96000,0.4,14.96000,1,14.96000,0,14.96000,0.4,14.96000,0,14.96000,5.01232,14.96000,0,14.96000,511.178,14.96000,0,14.96000,0.4,14.96000,0,14.96000,1400,14.96000,2.23574e-07,14.96000,2.23574e-07,14.96000,2.22648e-07,14.96000,0.000114286,14.96000,0.000114286,14.96000,0.000108813
14.97000,2.23574e-07,14.97000,0,14.97000,0,14.97000,0,14.97000,8.94317e-08,14.97000,0,14.97000,0.000114286,14.97000,0,14.97000,0,14.97000,0.000114286,14.97000,0.4,14.97000,1,14.97000,0,14.97000,0.4,14.97000,0,14.97000,5.01232,14.97000,0,14.97000,511.178,14.97000,0,14.97000,0.4,14.97000,0,14.97000,1400,14.97000,2.23574e-07,14.97000,2.23574e-07,14.97000,2.22473e-07,14.97000,0.000114286,14.97000,0.000114286,14.97000,0.000108786
14.98000,2.23574e-07,14.98000,0,14.98000,0,14.98000,0,14.98000,8.94317e-08,14.98000,0,14.98000,0.000114286,14.98000,0,14.98000,0,14.98000,0.000114286,14.98000,0.4,14.98000,1,14.98000,0,14.98000,0.4,14.98000,0,14.98000,5.01232,14.98000,0,14.98000,511.178,14.98000,0,14.98000,0.4,14.98000,0,14.98000,1400,14.98000,2.23574e-07,14.98000,2.23574e-07,14.98000,2.22297e-07,14.98000,0.000114286,14.98000,0.000114286,14.98000,0.000108759
14.99000,2.23574e-07,14.99000,0,14.99000,0,14.99000,0,14.99000,8.94317e-08,14.99000,0,14.99000,0.000114286,14.99000,0,14.99000,0,14.99000,0.000114286,14.99000,0.4,14.99000,1,14.99000,0,14.99000,0.4,14.99000,0,14.99000,5.01232,14.99000,0,14.99000,511.178,14.99000,0,14.99000,0.4,14.99000,0,14.99000,1400,14.99000,2.23574e-07,14.99000,2.23574e-07,14.99000,2.22122e-07,14.99000,0.000114286,14.99000,0.000114286,14.99000,0.000108732
15.00000,2.23574e-07,15.00000,0,15.00000,0,15.00000,0,15.00000,8.94317e-08,15.00000,0,15.00000,0.000114286,15.00000,0,15.00000,0,15.00000,0.000114286,15.00000,0.4,15.00000,1,15.00000,0,15.00000,0.4,15.00000,0,15.00000,5.01232,15.00000,0,15.00000,511.178,15.00000,0,15.00000,0.4,15.00000,0,15.00000,1400,15.00000,2.23574e-07,15.00000,2.23574e-07,15.00000,2.21947e-07,15.00000,0.000114286,15.00000,0.000114286,15.00000,0.000108706
15.01000,2.23574e-07,15.01000,0,15.01000,0,15.01000,0,15.01000,8.94317e-08,15.01000,0,15.01000,0.000114286,15.01000,0,15.01000,0,15.01000,0.000114286,15.01000,0.4,15.01000,1,15.01000,0,15.01000,0.4,15.01000,0,15.01000,5.01232,15.01000,0,15.01000,511.178,15.01000,0,15.01000,0.4,15.01000,0,15.01000,1400,15.01000,2.23574e-07,15.01000,2.23574e-07,15.01000,2.21771e-07,15.01000,0.000114286,15.01000,0.000114286,15.01000,0.000108679
15.02000,2.23574e-07,15.02000,0,15.02000,0,15.02000,0,15.02000,8.94317e-08,15.02000,0,15.02000,0.000114286,15.02000,0,15.02000,0,15.02000,0.000114286,15.02000,0.4,15.02000,1,15.02000,0,15.02000,0.4,15.02000,0,15.02000,5.01232,15.02000,0,15.02000,511.178,15.02000,0,15.02000,0.4,15.02000,0,15.02000,1400,15.02000,2.23574e-07,15.02000,2.23574e-07,15.02000,2.21596e-07,15.02000,0.000114286,15.02000,0.000114286,15.02000,0.000108652
15.03000,2.23574e-07,15.03000,0,15.03000,0,15.03000,0,15.03000,8.94317e-08,15.03000,0,15.03000,0.000114286,15.03000,0,15.03000,0,15.03000,0.000114286,15.03000,0.4,15.03000,1,15.03000,0,15.03000,0.4,15.03000,0,15.03000,5.01232,15.03000,0,15.03000,511.178,15.03000,0,15.03000,0.4,15.03000,0,15.03000,1400,15.03000,2.23574e-07,15.03000,2.23574e-07,15.03000,2.2142e-07,15.03000,0.000114286,15.03000,0.000114286,15.03000,0.000108625
15.04000,2.23574e-07,15.04000,0,15.04000,0,15.04000,0,15.04000,8.94317e-08,15.04000,0,15.04000,0.000114286,15.04000,0,15.04000,0,15.04000,0.000114286,15.04000,0.4,15.04000,1,15.04000,0,15.04000,0.4,15.04000,0,15.04000,5.01232,15.04000,0,15.04000,511.178,15.04000,0,15.04000,0.4,15.04000,0,15.04000,1400,15.04000,2.23574e-07,15.04000,2.23574e-07,15.04000,2.21245e-07,15.04000,0.000114286,15.04000,0.000114286,15.04000,0.000108598
15.05000,2.23574e-07,15.05000,0,15.05000,0,15.05000,0,15.05000,8.94317e-08,15.05000,0,15.05000,0.000114286,15.05000,0,15.05000,0,15.05000,0.000114286,15.05000,0.4,15.05000,1,15.05000,0,15.05000,0.4,15.05000,0,15.05000,5.01232,15.05000,0,15.05000,511.178,15.05000,0,15.05000,0.4,15.05000,0,15.05000,1400,15.05000,2.23574e-07,15.05000,2.23574e-07,15.05000,2.21069e-07,15.05000,0.000114286,15.05000,0.000114286,15.05000,0.000108571
15.06000,2.23574e-07,15.06000,0,15.06000,0,15.06000,0,15.06000,8.94317e-08,15.06000,0,15.06000,0.000114286,15.06000,0,15.06000,0,15.06000,0.000114286,15.06000,0.4,15.06000,1,15.06000,0,15.06000,0.4,15.06000,0,15.06000,5.01232,15.06000,0,15.06000,511.178,15.06000,0,15.06000,0.4,15.06000,0,15.06000,1400,15.06000,2.23574e-07,15.06000,2.23574e-07,15.06000,2.20894e-07,15.06000,0.000114286,15.06000,0.000114286,15.06000,0.000108544
15.07000,2.23574e-07,15.07000,0,15.07000,0,15.07000,0,15.07000,8.94317e-08,15.07000,0,15.07000,0.000114286,15.07000,0,15.07000,0,15.07000,0.000114286,15.07000,0.4,15.07000,1,15.07000,0,15.07000,0.4,15.07000,0,15.07000,5.01232,15.07000,0,15.07000,511.178,15.07000,0,15.07000,0.4,15.07000,0,15.07000,1400,15.07000,2.23574e-07,15.07000,2.23574e-07,15.07000,2.20719e-07,15.07000,0.000114286,15.07000,0.000114286,15.07000,0.000108517
15.08000,2.23574e-07,15.08000,0,15.08000,0,15.08000,0,15.08000,8.94317e-08,15.08000,0,15.08000,0.000114286,15.08000,0,15.08000,0,15.08000,0.000114286,15.08000,0.4,15.08000,1,15.08000,0,15.08000,0.4,15.08000,0,15.08000,5.01232,15.08000,0,15.08000,511.178,15.08000,0,15.08000,0.4,15.08000,0,15.08000,1400,15.08000,2.23574e-07,15.08000,2.23574e-07,15.08000,2.20543e-07,15.08000,0.000114286,15.08000,0.000114286,15.08000,0.00010849
15.09000,2.23574e-07,15.09000,0,15.09000,0,15.09000,0,15.09000,8.94317e-08,15.09000,0,15.09000,0.000114286,15.09000,0,15.09000,0,15.09000,0.000114286,15.09000,0.4,15.09000,1,15.09000,0,15.09000,0.4,15.09000,0,15.09000,5.01232,15.09000,0,15.09000,511.178,15.09000,0,15.09000,0.4,15.09000,0,15.09000,1400,15.09000,2.23574e-07,15.09000,2.23574e-07,15.09000,2.20368e-07,15.09000,0.000114286,15.09000,0.000114286,15.09000,0.000108463
15.10000,2.23574e-07,15.10000,0,15.10000,0,15.10000,0,15.10000,8.94317e-08,15.10000,0,15.10000,0.000114286,15.10000,0,15.10000,0,15.10000,0.000114286,15.10000,0.4,15.10000,1,15.10000,0,15.10000,0.4,15.10000,0,15.10000,5.01232,15.10000,0,15.10000,511.178,15.10000,0,15.10000,0.4,15.10000,0,15.10000,1400,15.10000,2.23574e-07,15.10000,2.23574e-07,15.10000,2.20192e-07,15.10000,0.000114286,15.10000,0.000114286,15.10000,0.000108436
15.11000,2.23574e-07,15.11000,0,15.11000,0,15.11000,0,15.11000,8.94317e-08,15.11000,0,15.11000,0.000114286,15.11000,0,15.11000,0,15.11000,0.000114286,15.11000,0.4,15.11000,1,15.11000,0,15.11000,0.4,15.11000,0,15.11000,5.01232,15.11000,0,15.11000,511.178,15.11000,0,15.11000,0.4,15.11000,0,15.11000,1400,15.11000,2.23574e-07,15.11000,2.23574e-07,15.11000,2.20017e-07,15.11000,0.000114286,15.11000,0.000114286,15.11000,0.000108409
15.12000,2.23574e-07,15.12000,0,15.12000,0,15.12000,0,15.12000,8.94317e-08,15.12000,0,15.12000,0.000114286,15.12000,0,15.12000,0,15.12000,0.000114286,15.12000,0.4,15.12000,1,15.12000,0,15.12000,0.4,15.12000,0,15.12000,5.01232,15.12000,0,15.12000,511.178,15.12000,0,15.12000,0.4,15.12000,0,15.12000,1400,15.12000,2.23574e-07,15.12000,2.23574e-07,15.12000,2.19842e-07,15.12000,0.000114286,15.12000,0.000114286,15.12000,0.000108382
15.13000,2.23574e-07,15.13000,0,15.13000,0,15.13000,0,15.13000,8.94317e-08,15.13000,0,15.13000,0.000114286,15.13000,0,15.13000,0,15.13000,0.000114286,15.13000,0.4,15.13000,1,15.13000,0,15.13000,0.4,15.13000,0,15.13000,5.01232,15.13000,0,15.13000,511.178,15.13000,0,15.13000,0.4,15.13000,0,15.13000,1400,15.13000,2.23574e-07,15.13000,2.23574e-07,15.13000,2.19666e-07,15.13000,0.000114286,15.13000,0.000114286,15.13000,0.000108356
15.14000,2.23574e-07,15.14000,0,15.14000,0,15.14000,0,15.14000,8.94317e-08,15.14000,0,15.14000,0.000114286,15.14000,0,15.14000,0,15.14000,0.000114286,15.14000,0.4,15.14000,1,15.14000,0,15.14000,0.4,15.14000,0,15.14000,5.01232,15.14000,0,15.14000,511.178,15.14000,0,15.14000,0.4,15.14000,0,15.14000,1400,15.14000,2.23574e-07,15.14000,2.23574e-07,15.14000,2.19491e-07,15.14000,0.000114286,15.14000,0.000114286,15.14000,0.000108329
15.15000,2.23574e-07,15.15000,0,15.15000,0,15.15000,0,15.15000,8.94317e-08,15.15000,0,15.15000,0.000114286,15.15000,0,15.15000,0,15.15000,0.000114286,15.15000,0.4,15.15000,1,15.15000,0,15.15000,0.4,15.15000,0,15.15000,5.01232,15.15000,0,15.15000,511.178,15.15000,0,15.15000,0.4,15.15000,0,15.15000,1400,15.15000,2.23574e-07,15.15000,2.23574e-07,15.15000,2.19315e-07,15.15000,0.000114286,15.15000,0.000114286,15.15000,0.000108302
15.16000,2.23574e-07,15.16000,0,15.16000,0,15.16000,0,15.16000,8.94317e-08,15.16000,0,15.16000,0.000114286,15.16000,0,15.16000,0,15.16000,0.000114286,15.16000,0.4,15.16000,1,15.16000,0,15.16000,0.4,15.16000,0,15.16000,5.01232,15.16000,0,15.16000,511.178,15.16000,0,15.16000,0.4,15.16000,0,15.16000,1400,15.16000,2.23574e-07,15.16000,2.23574e-07,15.16000,2.1914e-07,15.16000,0.000114286,15.16000,0.000114286,15.16000,0.000108275
15.17000,2.23574e-07,15.17000,0,15.17000,0,15.17000,0,15.17000,8.94317e-08,15.17000,0,15.17000,0.000114286,15.17000,0,15.17000,0,15.17000,0.000114286,15.17000,0.4,15.17000,1,15.17000,0,15.17000,0.4,15.17000,0,15.17000,5.01232,15.17000,0,15.17000,511.178,15.17000,0,15.17000,0.4,15.17000,0,15.17000,1400,15.17000,2.23574e-07,15.17000,2.23574e-07,15.17000,2.18965e-07,15.17000,0.000114286,15.17000,0.000114286,15.17000,0.000108248
15.18000,2.23574e-07,15.18000,0,15.18000,0,15.18000,0,15.18000,8.94317e-08,15.18000,0,15.18000,0.000114286,15.18000,0,15.18000,0,15.18000,0.000114286,15.18000,0.4,15.18000,1,15.18000,0,15.18000,0.4,15.18000,0,15.18000,5.01232,15.18000,0,15.18000,511.178,15.18000,0,15.18000,0.4,15.18000,0,15.18000,1400,15.18000,2.23574e-07,15.18000,2.23574e-07,15.18000,2.18789e-07,15.18000,0.000114286,15.18000,0.000114286,15.18000,0.000108221
15.19000,2.23574e-07,15.19000,0,15.19000,0,15.19000,0,15.19000,8.94317e-08,15.19000,0,15.19000,0.000114286,15.19000,0,15.19000,0,15.19000,0.000114286,15.19000,0.4,15.19000,1,15.19000,0,15.19000,0.4,15.19000,0,15.19000,5.01232,15.19000,0,15.19000,511.178,15.19000,0,15.19000,0.4,15.19000,0,15.19000,1400,15.19000,2.23574e-07,15.19000,2.23574e-07,15.19000,2.18614e-07,15.19000,0.000114286,15.19000,0.000114286,15.19000,0.000108194
15.20000,2.23574e-07,15.20000,0,15.20000,0,15.20000,0,15.20000,8.94317e-08,15.20000,0,15.20000,0.000114286,15.20000,0,15.20000,0,15.20000,0.000114286,15.20000,0.4,15.20000,1,15.20000,0,15.20000,0.4,15.20000,0,15.20000,5.01232,15.20000,0,15.20000,511.178,15.20000,0,15.20000,0.4,15.20000,0,15.20000,1400,15.20000,2.23574e-07,15.20000,2.23574e-07,15.20000,2.18438e-07,15.20000,0.000114286,15.20000,0.000114286,15.20000,0.000108167
15.21000,2.23574e-07,15.21000,0,15.21000,0,15.21000,0,15.21000,8.94317e-08,15.21000,0,15.21000,0.000114286,15.21000,0,15.21000,0,15.21000,0.000114286,15.21000,0.4,15.21000,1,15.21000,0,15.21000,0.4,15.21000,0,15.21000,5.01232,15.21000,0,15.21000,511.178,15.21000,0,15.21000,0.4,15.21000,0,15.21000,1400,15.21000,2.23574e-07,15.21000,2.23574e-07,15.21000,2.18263e-07,15.21000,0.000114286,15.21000,0.000114286,15.21000,0.00010814
15.22000,2.23574e-07,15.22000,0,15.22000,0,15.22000,0,15.22000,8.94317e-08,15.22000,0,15.22000,0.000114286,15.22000,0,15.22000,0,15.22000,0.000114286,15.22000,0.4,15.22000,1,15.22000,0,15.22000,0.4,15.22000,0,15.22000,5.01232,15.22000,0,15.22000,511.178,15.22000,0,15.22000,0.4,15.22000,0,15.22000,1400,15.22000,2.23574e-07,15.22000,2.23574e-07,15.22000,2.18088e-07,15.22000,0.000114286,15.22000,0.000114286,15.22000,0.000108113
15.23000,2.23574e-07,15.23000,0,15.23000,0,15.23000,0,15.23000,8.94317e-08,15.23000,0,15.23000,0.000114286,15.23000,0,15.23000,0,15.23000,0.000114286,15.23000,0.4,15.23000,1,15.23000,0,15.23000,0.4,15.23000,0,15.23000,5.01232,15.23000,0,15.23000,511.178,15.23000,0,15.23000,0.4,15.23000,0,15.23000,1400,15.23000,2.23574e-07,15.23000,2.23574e-07,15.23000,2.17912e-07,15.23000,0.000114286,15.23000,0.000114286,15.23000,0.000108086
15.24000,2.23574e-07,15.24000,0,15.24000,0,15.24000,0,15.24000,8.94317e-08,15.24000,0,15.24000,0.000114286,15.24000,0,15.24000,0,15.24000,0.000114286,15.24000,0.4,15.24000,1,15.24000,0,15.24000,0.4,15.24000,0,15.24000,5.01232,15.24000,0,15.24000,511.178,15.24000,0,15.24000,0.4,15.24000,0,15.24000,1400,15.24000,2.23574e-07,15.24000,2.23574e-07,15.24000,2.17737e-07,15.24000,0.000114286,15.24000,0.000114286,15.24000,0.000108059
15.25000,2.23574e-07,15.25000,0,15.25000,0,15.25000,0,15.25000,8.94317e-08,15.25000,0,15.25000,0.000114286,15.25000,0,15.25000,0,15.25000,0.000114286,15.25000,0.4,15.25000,1,15.25000,0,15.25000,0.4,15.25000,0,15.25000,5.01232,15.25000,0,15.25000,511.178,15.25000,0,15.25000,0.4,15.25000,0,15.25000,1400,15.25000,2.23574e-07,15.25000,2.23574e-07,15.25000,2.17561e-07,15.25000,0.000114286,15.25000,0.000114286,15.25000,0.000108032
15.26000,2.23574e-07,15.26000,0,15.26000,0,15.26000,0,15.26000,8.94317e-08,15.26000,0,15.26000,0.000114286,15.26000,0,15.26000,0,15.26000,0.000114286,15.26000,0.4,15.26000,1,15.26000,0,15.26000,0.4,15.26000,0,15.26000,5.01232,15.26000,0,15.26000,511.178,15.26000,0,15.26000,0.4,15.26000,0,15.26000,1400,15.26000,2.23574e-07,15.26000,2.23574e-07,15.26000,2.17386e-07,15.26000,0.000114286,15.26000,0.000114286,15.26000,0.000108005
15.27000,2.23574e-07,15.27000,0,15.27000,0,15.27000,0,15.27000,8.94317e-08,15.27000,0,15.27000,0.000114286,15.27000,0,15.27000,0,15.27000,0.000114286,15.27000,0.4,15.27000,1,15.27000,0,15.27000,0.4,15.27000,0,15.27000,5.01232,15.27000,0,15.27000,511.178,15.27000,0,15.27000,0.4,15.27000,0,15.27000,1400,15.27000,2.23574e-07,15.27000,2.23574e-07,15.27000,2.17211e-07,15.27000,0.000114286,15.27000,0.000114286,15.27000,0.000107979
15.28000,2.23574e-07,15.28000,0,15.28000,0,15.28000,0,15.28000,8.94317e-08,15.28000,0,15.28000,0.000114286,15.28000,0,15.28000,0,15.28000,0.000114286,15.28000,0.4,15.28000,1,15.28000,0,15.28000,0.4,15.28000,0,15.28000,5.01232,15.28000,0,15.28000,511.178,15.28000,0,15.28000,0.4,15.28000,0,15.28000,1400,15.28000,2.23574e-07,15.28000,2.23574e-07,15.28000,2.17035e-07,15.28000,0.000114286,15.28000,0.000114286,15.28000,0.000107952
15.29000,2.23574e-07,15.29000,0,15.29000,0,15.29000,0,15.29000,8.94317e-08,15.29000,0,15.29000,0.000114286,15.29000,0,15.29000,0,15.29000,0.000114286,15.29000,0.4,15.29000,1,15.29000,0,15.29000,0.4,15.29000,0,15.29000,5.01232,15.29000,0,15.29000,511.178,15.29000,0,15.29000,0.4,15.29000,0,15.29000,1400,15.29000,2.23574e-07,15.29000,2.23574e-07,15.29000,2.1686e-07,15.29000,0.000114286,15.29000,0.000114286,15.29000,0.000107925
15.30000,2.23574e-07,15.30000,0,15.30000,0,15.30000,0,15.30000,8.94317e-08,15.30000,0,15.30000,0.000114286,15.30000,0,15.30000,0,15.30000,0.000114286,15.30000,0.4,15.30000,1,15.30000,0,15.30000,0.4,15.30000,0,15.30000,5.01232,15.30000,0,15.30000,511.178,15.30000,0,15.30000,0.4,15.30000,0,15.30000,1400,15.30000,2.23574e-07,15.30000,2.23574e-07,15.30000,2.16684e-07,15.30000,0.000114286,15.30000,0.000114286,15.30000,0.000107898
15.31000,2.23574e-07,15.31000,0,15.31000,0,15.31000,0,15.31000,8.94317e-08,15.31000,0,15.31000,0.000114286,15.31000,0,15.31000,0,15.31000,0.000114286,15.31000,0.4,15.31000,1,15.31000,0,15.31000,0.4,15.31000,0,15.31000,5.01232,15.31000,0,15.31000,511.178,15.31000,0,15.31000,0.4,15.31000,0,15.31000,1400,15.31000,2.23574e-07,15.31000,2.23574e-07,15.31000,2.16509e-07,15.31000,0.000114286,15.31000,0.000114286,15.31000,0.000107871
15.32000,2.23574e-07,15.32000,0,15.32000,0,15.32000,0,15.32000,8.94317e-08,15.32000,0,15.32000,0.000114286,15.32000,0,15.32000,0,15.32000,0.000114286,15.32000,0.4,15.32000,1,15.32000,0,15.32000,0.4,15.32000,0,15.32000,5.01232,15.32000,0,15.32000,511.178,15.32000,0,15.32000,0.4,15.32000,0,15.32000,1400,15.32000,2.23574e-07,15.32000,2.23574e-07,15.32000,2.16334e-07,15.32000,0.000114286,15.32000,0.000114286,15.32000,0.000107844
15.33000,2.23574e-07,15.33000,0,15.33000,0,15.33000,0,15.33000,8.94317e-08,15.33000,0,15.33000,0.000114286,15.33000,0,15.33000,0,15.33000,0.000114286,15.33000,0.4,15.33000,1,15.33000,0,15.33000,0.4,15.33000,0,15.33000,5.01232,15.33000,0,15.33000,511.178,15.33000,0,15.33000,0.4,15.33000,0,15.33000,1400,15.33000,2.23574e-07,15.33000,2.23574e-07,15.33000,2.16158e-07,15.33000,0.000114286,15.33000,0.000114286,15.33000,0.000107817
15.34000,2.23574e-07,15.34000,0,15.34000,0,15.34000,0,15.34000,8.94317e-08,15.34000,0,15.34000,0.000114286,15.34000,0,15.34000,0,15.34000,0.000114286,15.34000,0.4,15.34000,1,15.34000,0,15.34000,0.4,15.34000,0,15.34000,5.01232,15.34000,0,15.34000,511.178,15.34000,0,15.34000,0.4,15.34000,0,15.34000,1400,15.34000,2.23574e-07,15.34000,2.23574e-07,15.34000,2.15983e-07,15.34000,0.000114286,15.34000,0.000114286,15.34000,0.00010779
15.35000,2.23574e-07,15.35000,0,15.35000,0,15.35000,0,15.35000,8.94317e-08,15.35000,0,15.35000,0.000114286,15.35000,0,15.35000,0,15.35000,0.000114286,15.35000,0.4,15.35000,1,15.35000,0,15.35000,0.4,15.35000,0,15.35000,5.01232,15.35000,0,15.35000,511.178,15.35000,0,15.35000,0.4,15.35000,0,15.35000,1400,15.35000,2.23574e-07,15.35000,2.23574e-07,15.35000,2.15807e-07,15.35000,0.000114286,15.35000,0.000114286,15.35000,0.000107763
15.36000,2.23574e-07,15.36000,0,15.36000,0,15.36000,0,15.36000,8.94317e-08,15.36000,0,15.36000,0.000114286,15.36000,0,15.36000,0,15.36000,0.000114286,15.36000,0.4,15.36000,1,15.36000,0,15.36000,0.4,15.36000,0,15.36000,5.01232,15.36000,0,15.36000,511.178,15.36000,0,15.36000,0.4,15.36000,0,15.36000,1400,15.36000,2.23574e-07,15.36000,2.23574e-07,15.36000,2.15632e-07,15.36000,0.000114286,15.36000,0.000114286,15.36000,0.000107736
15.37000,2.23574e-07,15.37000,0,15.37000,0,15.37000,0,15.37000,8.94317e-08,15.37000,0,15.37000,0.000114286,15.37000,0,15.37000,0,15.37000,0.000114286,15.37000,0.4,15.37000,1,15.37000,0,15.37000,0.4,15.37000,0,15.37000,5.01232,15.37000,0,15.37000,511.178,15.37000,0,15.37000,0.4,15.37000,0,15.37000,1400,15.37000,2.23574e-07,15.37000,2.23574e-07,15.37000,2.15457e-07,15.37000,0.000114286,15.37000,0.000114286,15.37000,0.000107709
15.38000,2.23574e-07,15.38000,0,15.38000,0,15.38000,0,15.38000,8.94317e-08,15.38000,0,15.38000,0.000114286,15.38000,0,15.38000,0,15.38000,0.000114286,15.38000,0.4,15.38000,1,15.38000,0,15.38000,0.4,15.38000,0,15.38000,5.01232,15.38000,0,15.38000,511.178,15.38000,0,15.38000,0.4,15.38000,0,15.38000,1400,15.38000,2.23574e-07,15.38000,2.23574e-07,15.38000,2.15281e-07,15.38000,0.000114286,15.38000,0.000114286,15.38000,0.000107682
15.39000,2.23574e-07,15.39000,0,15.39000,0,15.39000,0,15.39000,8.94317e-08,15.39000,0,15.39000,0.000114286,15.39000,0,15.39000,0,15.39000,0.000114286,15.39000,0.4,15.39000,1,15.39000,0,15.39000,0.4,15.39000,0,15.39000,5.01232,15.39000,0,15.39000,511.178,15.39000,0,15.39000,0.4,15.39000,0,15.39000,1400,15.39000,2.23574e-07,15.39000,2.23574e-07,15.39000,2.15106e-07,15.39000,0.000114286,15.39000,0.000114286,15.39000,0.000107655
15.40000,2.23574e-07,15.40000,0,15.40000,0,15.40000,0,15.40000,8.94317e-08,15.40000,0,15.40000,0.000114286,15.40000,0,15.40000,0,15.40000,0.000114286,15.40000,0.4,15.40000,1,15.40000,0,15.40000,0.4,15.40000,0,15.40000,5.01232,15.40000,0,15.40000,511.178,15.40000,0,15.40000,0.4,15.40000,0,15.40000,1400,15.40000,2.23574e-07,15.40000,2.23574e-07,15.40000,2.1493e-07,15.40000,0.000114286,15.40000,0.000114286,15.40000,0.000107628
15.41000,2.23574e-07,15.41000,0,15.41000,0,15.41000,0,15.41000,8.94317e-08,15.41000,0,15.41000,0.000114286,15.41000,0,15.41000,0,15.41000,0.000114286,15.41000,0.4,15.41000,1,15.41000,0,15.41000,0.4,15.41000,0,15.41000,5.01232,15.41000,0,15.41000,511.178,15.41000,0,15.41000,0.4,15.41000,0,15.41000,1400,15.41000,2.23574e-07,15.41000,2.23574e-07,15.41000,2.14755e-07,15.41000,0.000114286,15.41000,0.000114286,15.41000,0.000107602
15.42000,2.23574e-07,15.42000,0,15.42000,0,15.42000,0,15.42000,8.94317e-08,15.42000,0,15.42000,0.000114286,15.42000,0,15.42000,0,15.42000,0.000114286,15.42000,0.4,15.42000,1,15.42000,0,15.42000,0.4,15.42000,0,15.42000,5.01232,15.42000,0,15.42000,511.178,15.42000,0,15.42000,0.4,15.42000,0,15.42000,1400,15.42000,2.23574e-07,15.42000,2.23574e-07,15.42000,2.14579e-07,15.42000,0.000114286,15.42000,0.000114286,15.42000,0.000107575
15.43000,2.23574e-07,15.43000,0,15.43000,0,15.43000,0,15.43000,8.94317e-08,15.43000,0,15.43000,0.000114286,15.43000,0,15.43000,0,15.43000,0.000114286,15.43000,0.4,15.43000,1,15.43000,0,15.43000,0.4,15.43000,0,15.43000,5.01232,15.43000,0,15.43000,511.178,15.43000,0,15.43000,0.4,15.43000,0,15.43000,1400,15.43000,2.23574e-07,15.43000,2.23574e-07,15.43000,2.14404e-07,15.43000,0.000114286,15.43000,0.000114286,15.43000,0.000107548
15.44000,2.23574e-07,15.44000,0,15.44000,0,15.44000,0,15.44000,8.94317e-08,15.44000,0,15.44000,0.000114286,15.44000,0,15.44000,0,15.44000,0.000114286,15.44000,0.4,15.44000,1,15.44000,0,15.44000,0.4,15.44000,0,15.44000,5.01232,15.44000,0,15.44000,511.178,15.44000,0,15.44000,0.4,15.44000,0,15.44000,1400,15.44000,2.23574e-07,15.44000,2.23574e-07,15.44000,2.14229e-07,15.44000,0.000114286,15.44000,0.000114286,15.44000,0.000107521
15.45000,2.23574e-07,15.45000,0,15.45000,0,15.45000,0,15.45000,8.94317e-08,15.45000,0,15.45000,0.000114286,15.45000,0,15.45000,0,15.45000,0.000114286,15.45000,0.4,15.45000,1,15.45000,0,15.45000,0.4,15.45000,0,15.45000,5.01232,15.45000,0,15.45000,511.178,15.45000,0,15.45000,0.4,15.45000,0,15.45000,1400,15.45000,2.23574e-07,15.45000,2.23574e-07,15.45000,2.14095e-07,15.45000,0.000114286,15.45000,0.000114286,15.45000,0.000107507
15.46000,2.23574e-07,15.46000,0,15.46000,0,15.46000,0,15.46000,8.94317e-08,15.46000,0,15.46000,0.000114286,15.46000,0,15.46000,0,15.46000,0.000114286,15.46000,0.4,15.46000,1,15.46000,0,15.46000,0.4,15.46000,0,15.46000,5.01232,15.46000,0,15.46000,511.178,15.46000,0,15.46000,0.4,15.46000,0,15.46000,1400,15.46000,2.23574e-07,15.46000,2.23574e-07,15.46000,2.13981e-07,15.46000,0.000114286,15.46000,0.000114286,15.46000,0.000107499
15.47000,2.23574e-07,15.47000,0,15.47000,0,15.47000,0,15.47000,8.94317e-08,15.47000,0,15.47000,0.000114286,15.47000,0,15.47000,0,15.47000,0.000114286,15.47000,0.4,15.47000,1,15.47000,0,15.47000,0.4,15.47000,0,15.47000,5.01232,15.47000,0,15.47000,511.178,15.47000,0,15.47000,0.4,15.47000,0,15.47000,1400,15.47000,2.23574e-07,15.47000,2.23574e-07,15.47000,2.13866e-07,15.47000,0.000114286,15.47000,0.000114286,15.47000,0.00010749
15.48000,2.23574e-07,15.48000,0,15.48000,0,15.48000,0,15.48000,8.94317e-08,15.48000,0,15.48000,0.000114286,15.48000,0,15.48000,0,15.48000,0.000114286,15.48000,0.4,15.48000,1,15.48000,0,15.48000,0.4,15.48000,0,15.48000,5.01232,15.48000,0,15.48000,511.178,15.48000,0,15.48000,0.4,15.48000,0,15.48000,1400,15.48000,2.23574e-07,15.48000,2.23574e-07,15.48000,2.13752e-07,15.48000,0.000114286,15.48000,0.000114286,15.48000,0.000107482
15.49000,2.23574e-07,15.49000,0,15.49000,0,15.49000,0,15.49000,8.94317e-08,15.49000,0,15.49000,0.000114286,15.49000,0,15.49000,0,15.49000,0.000114286,15.49000,0.4,15.49000,1,15.49000,0,15.49000,0.4,15.49000,0,15.49000,5.01232,15.49000,0,15.49000,511.178,15.49000,0,15.49000,0.4,15.49000,0,15.49000,1400,15.49000,2.23574e-07,15.49000,2.23574e-07,15.49000,2.13637e-07,15.49000,0.000114286,15.49000,0.000114286,15.49000,0.000107474
15.50000,2.23574e-07,15.50000,0,15.50000,0,15.50000,0,15.50000,8.94317e-08,15.50000,0,15.50000,0.000114286,15.50000,0,15.50000,0,15.50000,0.000114286,15.50000,0.4,15.50000,1,15.50000,0,15.50000,0.4,15.50000,0,15.50000,5.01232,15.50000,0,15.50000,511.178,15.50000,0,15.50000,0.4,15.50000,0,15.50000,1400,15.50000,2.23574e-07,15.50000,2.23574e-07,15.50000,2.13523e-07,15.50000,0.000114286,15.50000,0.000114286,15.50000,0.000107466
15.51000,2.23574e-07,15.51000,0,15.51000,0,15.51000,0,15.51000,8.94317e-08,15.51000,0,15.51000,0.000114286,15.51000,0,15.51000,0,15.51000,0.000114286,15.51000,0.4,15.51000,1,15.51000,0,15.51000,0.4,15.51000,0,15.51000,5.01232,15.51000,0,15.51000,511.178,15.51000,0,15.51000,0.4,15.51000,0,15.51000,1400,15.51000,2.23574e-07,15.51000,2.23574e-07,15.51000,2.13408e-07,15.51000,0.000114286,15.51000,0.000114286,15.51000,0.000107457
15.52000,2.23574e-07,15.52000,0,15.52000,0,15.52000,0,15.52000,8.94317e-08,15.52000,0,15.52000,0.000114286,15.52000,0,15.52000,0,15.52000,0.000114286,15.52000,0.4,15.52000,1,15.52000,0,15.52000,0.4,15.52000,0,15.52000,5.01232,15.52000,0,15.52000,511.178,15.52000,0,15.52000,0.4,15.52000,0,15.52000,1400,15.52000,2.23574e-07,15.52000,2.23574e-07,15.52000,2.13294e-07,15.52000,0.000114286,15.52000,0.000114286,15.52000,0.000107449
15.53000,2.23574e-07,15.53000,0,15.53000,0,15.53000,0,15.53000,8.94317e-08,15.53000,0,15.53000,0.000114286,15.53000,0,15.53000,0,15.53000,0.000114286,15.53000,0.4,15.53000,1,15.53000,0,15.53000,0.4,15.53000,0,15.53000,5.01232,15.53000,0,15.53000,511.178,15.53000,0,15.53000,0.4,15.53000,0,15.53000,1400,15.53000,2.23574e-07,15.53000,2.23574e-07,15.53000,2.13179e-07,15.53000,0.000114286,15.53000,0.000114286,15.53000,0.000107441
15.54000,2.23574e-07,15.54000,0,15.54000,0,15.54000,0,15.54000,8.94317e-08,15.54000,0,15.54000,0.000114286,15.54000,0,15.54000,0,15.54000,0.000114286,15.54000,0.4,15.54000,1,15.54000,0,15.54000,0.4,15.54000,0,15.54000,5.01232,15.54000,0,15.54000,511.178,15.54000,0,15.54000,0.4,15.54000,0,15.54000,1400,15.54000,2.23574e-07,15.54000,2.23574e-07,15.54000,2.13065e-07,15.54000,0.000114286,15.54000,0.000114286,15.54000,0.000107433
15.55000,2.23574e-07,15.55000,0,15.55000,0,15.55000,0,15.55000,8.94317e-08,15.55000,0,15.55000,0.000114286,15.55000,0,15.55000,0,15.55000,0.000114286,15.55000,0.4,15.55000,1,15.55000,0,15.55000,0.4,15.55000,0,15.55000,5.01232,15.55000,0,15.55000,511.178,15.55000,0,15.55000,0.4,15.55000,0,15.55000,1400,15.55000,2.23574e-07,15.55000,2.23574e-07,15.55000,2.1295e-07,15.55000,0.000114286,15.55000,0.000114286,15.55000,0.000107424
15.56000,2.23574e-07,15.56000,0,15.56000,0,15.56000,0,15.56000,8.94317e-08,15.56000,0,15.56000,0.000114286,15.56000,0,15.56000,0,15.56000,0.000114286,15.56000,0.4,15.56000,1,15.56000,0,15.56000,0.4,15.56000,0,15.56000,5.01232,15.56000,0,15.56000,511.178,15.56000,0,15.56000,0.4,15.56000,0,15.56000,1400,15.56000,2.23574e-07,15.56000,2.23574e-07,15.56000,2.12836e-07,15.56000,0.000114286,15.56000,0.000114286,15.56000,0.000107416
15.57000,2.23574e-07,15.57000,0,15.57000,0,15.57000,0,15.57000,8.94317e-08,15.57000,0,15.57000,0.000114286,15.57000,0,15.57000,0,15.57000,0.000114286,15.57000,0.4,15.57000,1,15.57000,0,15.57000,0.4,15.57000,0,15.57000,5.01232,15.57000,0,15.57000,511.178,15.57000,0,15.57000,0.4,15.57000,0,15.57000,1400,15.57000,2.23574e-07,15.57000,2.23574e-07,15.57000,2.12721e-07,15.57000,0.000114286,15.57000,0.000114286,15.57000,0.000107408
15.58000,2.23574e-07,15.58000,0,15.58000,0,15.58000,0,15.58000,8.94317e-08,15.58000,0,15.58000,0.000114286,15.58000,0,15.58000,0,15.58000,0.000114286,15.58000,0.4,15.58000,1,15.58000,0,15.58000,0.4,15.58000,0,15.58000,5.01232,15.58000,0,15.58000,511.178,15.58000,0,15.58000,0.4,15.58000,0,15.58000,1400,15.58000,2.23574e-07,15.58000,2.23574e-07,15.58000,2.12607e-07,15.58000,0.000114286,15.58000,0.000114286,15.58000,0.0001074
15.59000,2.23574e-07,15.59000,0,15.59000,0,15.59000,0,15.59000,8.94317e-08,15.59000,0,15.59000,0.000114286,15.59000,0,15.59000,0,15.59000,0.000114286,15.59000,0.4,15.59000,1,15.59000,0,15.59000,0.4,15.59000,0,15.59000,5.01232,15.59000,0,15.59000,511.178,15.59000,0,15.59000,0.4,15.59000,0,15.59000,1400,15.59000,2.23574e-07,15.59000,2.23574e-07,15.59000,2.12492e-07,15.59000,0.000114286,15.59000,0.000114286,15.59000,0.000107391
15.60000,2.23574e-07,15.60000,0,15.60000,0,15.60000,0,15.60000,8.94317e-08,15.60000,0,15.60000,0.000114286,15.60000,0,15.60000,0,15.60000,0.000114286,15.60000,0.4,15.60000,1,15.60000,0,15.60000,0.4,15.60000,0,15.60000,5.01232,15.60000,0,15.60000,511.178,15.60000,0,15.60000,0.4,15.60000,0,15.60000,1400,15.60000,2.23574e-07,15.60000,2.23574e-07,15.60000,2.12378e-07,15.60000,0.000114286,15.60000,0.000114286,15.60000,0.000107383
15.61000,2.23574e-07,15.61000,0,15.61000,0,15.61000,0,15.61000,8.94317e-08,15.61000,0,15.61000,0.000114286,15.61000,0,15.61000,0,15.61000,0.000114286,15.61000,0.4,15.61000,1,15.61000,0,15.61000,0.4,15.61000,0,15.61000,5.01232,15.61000,0,15.61000,511.178,15.61000,0,15.61000,0.4,15.61000,0,15.61000,1400,15.61000,2.23574e-07,15.61000,2.23574e-07,15.61000,2.12263e-07,15.61000,0.000114286,15.61000,0.000114286,15.61000,0.000107375
15.62000,2.23574e-07,15.62000,0,15.62000,0,15.62000,0,15.62000,8.94317e-08,15.62000,0,15.62000,0.000114286,15.62000,0,15.62000,0,15.62000,0.000114286,15.62000,0.4,15.62000,1,15.62000,0,15.62000,0.4,15.62000,0,15.62000,5.01232,15.62000,0,15.62000,511.178,15.62000,0,15.62000,0.4,15.62000,0,15.62000,1400,15.62000,2.23574e-07,15.62000,2.23574e-07,15.62000,2.12149e-07,15.62000,0.000114286,15.62000,0.000114286,15.62000,0.000107367
15.63000,2.23574e-07,15.63000,0,15.63000,0,15.63000,0,15.63000,8.94317e-08,15.63000,0,15.63000,0.000114286,15.63000,0,15.63000,0,15.63000,0.000114286,15.63000,0.4,15.63000,1,15.63000,0,15.63000,0.4,15.63000,0,15.63000,5.01232,15.63000,0,15.63000,511.178,15.63000,0,15.63000,0.4,15.63000,0,15.63000,1400,15.63000,2.23574e-07,15.63000,2.23574e-07,15.63000,2.12034e-07,15.63000,0.000114286,15.63000,0.000114286,15.63000,0.000107358
15.64000,2.23574e-07,15.64000,0,15.64000,0,15.64000,0,15.64000,8.94317e-08,15.64000,0,15.64000,0.000114286,15.64000,0,15.64000,0,15.64000,0.000114286,15.64000,0.4,15.64000,1,15.64000,0,15.64000,0.4,15.64000,0,15.64000,5.01232,15.64000,0,15.64000,511.178,15.64000,0,15.64000,0.4,15.64000,0,15.64000,1400,15.64000,2.23574e-07,15.64000,2.23574e-07,15.64000,2.1192e-07,15.64000,0.000114286,15.64000,0.000114286,15.64000,0.00010735
15.65000,2.23574e-07,15.65000,0,15.65000,0,15.65000,0,15.65000,8.94317e-08,15.65000,0,15.65000,0.000114286,15.65000,0,15.65000,0,15.65000,0.000114286,15.65000,0.4,15.65000,1,15.65000,0,15.65000,0.4,15.65000,0,15.65000,5.01232,15.65000,0,15.65000,511.178,15.65000,0,15.65000,0.4,15.65000,0,15.65000,1400,15.65000,2.23574e-07,15.65000,2.23574e-07,15.65000,2.11805e-07,15.65000,0.000114286,15.65000,0.000114286,15.65000,0.000107342
15.66000,2.23574e-07,15.66000,0,15.66000,0,15.66000,0,15.66000,8.94317e-08,15.66000,0,15.66000,0.000114286,15.66000,0,15.66000,0,15.66000,0.000114286,15.66000,0.4,15.66000,1,15.66000,0,15.66000,0.4,15.66000,0,15.66000,5.01232,15.66000,0,15.66000,511.178,15.66000,0,15.66000,0.4,15.66000,0,15.66000,1400,15.66000,2.23574e-07,15.66000,2.23574e-07,15.66000,2.11691e-07,15.66000,0.000114286,15.66000,0.000114286,15.66000,0.000107334
15.67000,2.23574e-07,15.67000,0,15.67000,0,15.67000,0,15.67000,8.94317e-08,15.67000,0,15.67000,0.000114286,15.67000,0,15.67000,0,15.67000,0.000114286,15.67000,0.4,15.67000,1,15.67000,0,15.67000,0.4,15.67000,0,15.67000,5.01232,15.67000,0,15.67000,511.178,15.67000,0,15.67000,0.4,15.67000,0,15.67000,1400,15.67000,2.23574e-07,15.67000,2.23574e-07,15.67000,2.11576e-07,15.67000,0.000114286,15.67000,0.000114286,15.67000,0.000107325
15.68000,2.23574e-07,15.68000,0,15.68000,0,15.68000,0,15.68000,8.94317e-08,15.68000,0,15.68000,0.000114286,15.68000,0,15.68000,0,15.68000,0.000114286,15.68000,0.4,15.68000,1,15.68000,0,15.68000,0.4,15.68000,0,15.68000,5.01232,15.68000,0,15.68000,511.178,15.68000,0,15.68000,0.4,15.68000,0,15.68000,1400,15.68000,2.23574e-07,15.68000,2.23574e-07,15.68000,2.11462e-07,15.68000,0.000114286,15.68000,0.000114286,15.68000,0.000107317
15.69000,2.23574e-07,15.69000,0,15.69000,0,15.69000,0,15.69000,8.94317e-08,15.69000,0,15.69000,0.000114286,15.69000,0,15.69000,0,15.69000,0.000114286,15.69000,0.4,15.69000,1,15.69000,0,15.69000,0.4,15.69000,0,15.69000,5.01232,15.69000,0,15.69000,511.178,15.69000,0,15.69000,0.4,15.69000,0,15.69000,1400,15.69000,2.23574e-07,15.69000,2.23574e-07,15.69000,2.11347e-07,15.69000,0.000114286,15.69000,0.000114286,15.69000,0.000107309
15.70000,2.23574e-07,15.70000,0,15.70000,0,15.70000,0,15.70000,8.94317e-08,15.70000,0,15.70000,0.000114286,15.70000,0,15.70000,0,15.70000,0.000114286,15.70000,0.4,15.70000,1,15.70000,0,15.70000,0.4,15.70000,0,15.70000,5.01232,15.70000,0,15.70000,511.178,15.70000,0,15.70000,0.4,15.70000,0,15.70000,1400,15.70000,2.23574e-07,15.70000,2.23574e-07,15.70000,2.11233e-07,15.70000,0.000114286,15.70000,0.000114286,15.70000,0.000107301
15.71000,2.23574e-07,15.71000,0,15.71000,0,15.71000,0,15.71000,8.94317e-08,15.71000,0,15.71000,0.000114286,15.71000,0,15.71000,0,15.71000,0.000114286,15.71000,0.4,15.71000,1,15.71000,0,15.71000,0.4,15.71000,0,15.71000,5.01232,15.71000,0,15.71000,511.178,15.71000,0,15.71000,0.4,15.71000,0,15.71000,1400,15.71000,2.23574e-07,15.71000,2.23574e-07,15.71000,2.11118e-07,15.71000,0.000114286,15.71000,0.000114286,15.71000,0.000107292
15.72000,2.23574e-07,15.72000,0,15.72000,0,15.72000,0,15.72000,8.94317e-08,15.72000,0,15.72000,0.000114286,15.72000,0,15.72000,0,15.72000,0.000114286,15.72000,0.4,15.72000,1,15.72000,0,15.72000,0.4,15.72000,0,15.72000,5.01232,15.72000,0,15.72000,511.178,15.72000,0,15.72000,0.4,15.72000,0,15.72000,1400,15.72000,2.23574e-07,15.72000,2.23574e-07,15.72000,2.11004e-07,15.72000,0.000114286,15.72000,0.000114286,15.72000,0.000107284
15.73000,2.23574e-07,15.73000,0,15.73000,0,15.73000,0,15.73000,8.94317e-08,15.73000,0,15.73000,0.000114286,15.73000,0,15.73000,0,15.73000,0.000114286,15.73000,0.4,15.73000,1,15.73000,0,15.73000,0.4,15.73000,0,15.73000,5.01232,15.73000,0,15.73000,511.178,15.73000,0,15.73000,0.4,15.73000,0,15.73000,1400,15.73000,2.23574e-07,15.73000,2.23574e-07,15.73000,2.10889e-07,15.73000,0.000114286,15.73000,0.000114286,15.73000,0.000107276
15.74000,2.23574e-07,15.74000,0,15.74000,0,15.74000,0,15.74000,8.94317e-08,15.74000,0,15.74000,0.000114286,15.74000,0,15.74000,0,15.74000,0.000114286,15.74000,0.4,15.74000,1,15.74000,0,15.74000,0.4,15.74000,0,15.74000,5.01232,15.74000,0,15.74000,511.178,15.74000,0,15.74000,0.4,15.74000,0,15.74000,1400,15.74000,2.23574e-07,15.74000,2.23574e-07,15.74000,2.10775e-07,15.74000,0.000114286,15.74000,0.000114286,15.74000,0.000107268
15.75000,2.23574e-07,15.75000,0,15.75000,0,15.75000,0,15.75000,8.94317e-08,15.75000,0,15.75000,0.000114286,15.75000,0,15.75000,0,15.75000,0.000114286,15.75000,0.4,15.75000,1,15.75000,0,15.75000,0.4,15.75000,0,15.75000,5.01232,15.75000,0,15.75000,511.178,15.75000,0,15.75000,0.4,15.75000,0,15.75000,1400,15.75000,2.23574e-07,15.75000,2.23574e-07,15.75000,2.1066e-07,15.75000,0.000114286,15.75000,0.000114286,15.75000,0.00010726
15.76000,2.23574e-07,15.76000,0,15.76000,0,15.76000,0,15.76000,8.94317e-08,15.76000,0,15.76000,0.000114286,15.76000,0,15.76000,0,15.76000,0.000114286,15.76000,0.4,15.76000,1,15.76000,0,15.76000,0.4,15.76000,0,15.76000,5.01232,15.76000,0,15.76000,511.178,15.76000,0,15.76000,0.4,15.76000,0,15.76000,1400,15.76000,2.23574e-07,15.76000,2.23574e-07,15.76000,2.10546e-07,15.76000,0.000114286,15.76000,0.000114286,15.76000,0.000107251
15.77000,2.23574e-07,15.77000,0,15.77000,0,15.77000,0,15.77000,8.94317e-08,15.77000,0,15.77000,0.000114286,15.77000,0,15.77000,0,15.77000,0.000114286,15.77000,0.4,15.77000,1,15.77000,0,15.77000,0.4,15.77000,0,15.77000,5.01232,15.77000,0,15.77000,511.178,15.77000,0,15.77000,0.4,15.77000,0,15.77000,1400,15.77000,2.23574e-07,15.77000,2.23574e-07,15.77000,2.10431e-07,15.77000,0.000114286,15.77000,0.000114286,15.77000,0.000107243
15.78000,2.23574e-07,15.78000,0,15.78000,0,15.78000,0,15.78000,8.94317e-08,15.78000,0,15.78000,0.000114286,15.78000,0,15.78000,0,15.78000,0.000114286,15.78000,0.4,15.78000,1,15.78000,0,15.78000,0.4,15.78000,0,15.78000,5.01232,15.78000,0,15.78000,511.178,15.78000,0,15.78000,0.4,15.78000,0,15.78000,1400,15.78000,2.23574e-07,15.78000,2.23574e-07,15.78000,2.10317e-07,15.78000,0.000114286,15.78000,0.000114286,15.78000,0.000107235
15.79000,2.23574e-07,15.79000,0,15.79000,0,15.79000,0,15.79000,8.94317e-08,15.79000,0,15.79000,0.000114286,15.79000,0,15.79000,0,15.79000,0.000114286,15.79000,0.4,15.79000,1,15.79000,0,15.79000,0.4,15.79000,0,15.79000,5.01232,15.79000,0,15.79000,511.178,15.79000,0,15.79000,0.4,15.79000,0,15.79000,1400,15.79000,2.23574e-07,15.79000,2.23574e-07,15.79000,2.10203e-07,15.79000,0.000114286,15.79000,0.000114286,15.79000,0.000107227
15.80000,2.23574e-07,15.80000,0,15.80000,0,15.80000,0,15.80000,8.94317e-08,15.80000,0,15.80000,0.000114286,15.80000,0,15.80000,0,15.80000,0.000114286,15.80000,0.4,15.80000,1,15.80000,0,15.80000,0.4,15.80000,0,15.80000,5.01232,15.80000,0,15.80000,511.178,15.80000,0,15.80000,0.4,15.80000,0,15.80000,1400,15.80000,2.23574e-07,15.80000,2.23574e-07,15.80000,2.10088e-07,15.80000,0.000114286,15.80000,0.000114286,15.80000,0.000107218
15.81000,2.23574e-07,15.81000,0,15.81000,0,15.81000,0,15.81000,8.94317e-08,15.81000,0,15.81000,0.000114286,15.81000,0,15.81000,0,15.81000,0.000114286,15.81000,0.4,15.81000,1,15.81000,0,15.81000,0.4,15.81000,0,15.81000,5.01232,15.81000,0,15.81000,511.178,15.81000,0,15.81000,0.4,15.81000,0,15.81000,1400,15.81000,2.23574e-07,15.81000,2.23574e-07,15.81000,2.09974e-07,15.81000,0.000114286,15.81000,0.000114286,15.81000,0.00010721
15.82000,2.23574e-07,15.82000,0,15.82000,0,15.82000,0,15.82000,8.94317e-08,15.82000,0,15.82000,0.000114286,15.82000,0,15.82000,0,15.82000,0.000114286,15.82000,0.4,15.82000,1,15.82000,0,15.82000,0.4,15.82000,0,15.82000,5.01232,15.82000,0,15.82000,511.178,15.82000,0,15.82000,0.4,15.82000,0,15.82000,1400,15.82000,2.23574e-07,15.82000,2.23574e-07,15.82000,2.09859e-07,15.82000,0.000114286,15.82000,0.000114286,15.82000,0.000107202
15.83000,2.23574e-07,15.83000,0,15.83000,0,15.83000,0,15.83000,8.94317e-08,15.83000,0,15.83000,0.000114286,15.83000,0,15.83000,0,15.83000,0.000114286,15.83000,0.4,15.83000,1,15.83000,0,15.83000,0.4,15.83000,0,15.83000,5.01232,15.83000,0,15.83000,511.178,15.83000,0,15.83000,0.4,15.83000,0,15.83000,1400,15.83000,2.23574e-07,15.83000,2.23574e-07,15.83000,2.09745e-07,15.83000,0.000114286,15.83000,0.000114286,15.83000,0.000107194
15.84000,2.23574e-07,15.84000,0,15.84000,0,15.84000,0,15.84000,8.94317e-08,15.84000,0,15.84000,0.000114286,15.84000,0,15.84000,0,15.84000,0.000114286,15.84000,0.4,15.84000,1,15.84000,0,15.84000,0.4,15.84000,0,15.84000,5.01232,15.84000,0,15.84000,511.178,15.84000,0,15.84000,0.4,15.84000,0,15.84000,1400,15.84000,2.23574e-07,15.84000,2.23574e-07,15.84000,2.0963e-07,15.84000,0.000114286,15.84000,0.000114286,15.84000,0.000107185
15.85000,2.23574e-07,15.85000,0,15.85000,0,15.85000,0,15.85000,8.94317e-08,15.85000,0,15.85000,0.000114286,15.85000,0,15.85000,0,15.85000,0.000114286,15.85000,0.4,15.85000,1,15.85000,0,15.85000,0.4,15.85000,0,15.85000,5.01232,15.85000,0,15.85000,511.178,15.85000,0,15.85000,0.4,15.85000,0,15.85000,1400,15.85000,2.23574e-07,15.85000,2.23574e-07,15.85000,2.09516e-07,15.85000,0.000114286,15.85000,0.000114286,15.85000,0.000107177
15.86000,2.23574e-07,15.86000,0,15.86000,0,15.86000,0,15.86000,8.94317e-08,15.86000,0,15.86000,0.000114286,15.86000,0,15.86000,0,15.86000,0.000114286,15.86000,0.4,15.86000,1,15.86000,0,15.86000,0.4,15.86000,0,15.86000,5.01232,15.86000,0,15.86000,511.178,15.86000,0,15.86000,0.4,15.86000,0,15.86000,1400,15.86000,2.23574e-07,15.86000,2.23574e-07,15.86000,2.09401e-07,15.86000,0.000114286,15.86000,0.000114286,15.86000,0.000107169
15.87000,2.23574e-07,15.87000,0,15.87000,0,15.87000,0,15.87000,8.94317e-08,15.87000,0,15.87000,0.000114286,15.87000,0,15.87000,0,15.87000,0.000114286,15.87000,0.4,15.87000,1,15.87000,0,15.87000,0.4,15.87000,0,15.87000,5.01232,15.87000,0,15.87000,511.178,15.87000,0,15.87000,0.4,15.87000,0,15.87000,1400,15.87000,2.23574e-07,15.87000,2.23574e-07,15.87000,2.09287e-07,15.87000,0.000114286,15.87000,0.000114286,15.87000,0.000107161
15.88000,2.23574e-07,15.88000,0,15.88000,0,15.88000,0,15.88000,8.94317e-08,15.88000,0,15.88000,0.000114286,15.88000,0,15.88000,0,15.88000,0.000114286,15.88000,0.4,15.88000,1,15.88000,0,15.88000,0.4,15.88000,0,15.88000,5.01232,15.88000,0,15.88000,511.178,15.88000,0,15.88000,0.4,15.88000,0,15.88000,1400,15.88000,2.23574e-07,15.88000,2.23574e-07,15.88000,2.09172e-07,15.88000,0.000114286,15.88000,0.000114286,15.88000,0.000107152
15.89000,2.23574e-07,15.89000,0,15.89000,0,15.89000,0,15.89000,8.94317e-08,15.89000,0,15.89000,0.000114286,15.89000,0,15.89000,0,15.89000,0.000114286,15.89000,0.4,15.89000,1,15.89000,0,15.89000,0.4,15.89000,0,15.89000,5.01232,15.89000,0,15.89000,511.178,15.89000,0,15.89000,0.4,15.89000,0,15.89000,1400,15.89000,2.23574e-07,15.89000,2.23574e-07,15.89000,2.09058e-07,15.89000,0.000114286,15.89000,0.000114286,15.89000,0.000107144
15.90000,2.23574e-07,15.90000,0,15.90000,0,15.90000,0,15.90000,8.94317e-08,15.90000,0,15.90000,0.000114286,15.90000,0,15.90000,0,15.90000,0.000114286,15.90000,0.4,15.90000,1,15.90000,0,15.90000,0.4,15.90000,0,15.90000,5.01232,15.90000,0,15.90000,511.178,15.90000,0,15.90000,0.4,15.90000,0,15.90000,1400,15.90000,2.23574e-07,15.90000,2.23574e-07,15.90000,2.08943e-07,15.90000,0.000114286,15.90000,0.000114286,15.90000,0.000107136
15.91000,2.23574e-07,15.91000,0,15.91000,0,15.91000,0,15.91000,8.94317e-08,15.91000,0,15.91000,0.000114286,15.91000,0,15.91000,0,15.91000,0.000114286,15.91000,0.4,15.91000,1,15.91000,0,15.91000,0.4,15.91000,0,15.91000,5.01232,15.91000,0,15.91000,511.178,15.91000,0,15.91000,0.4,15.91000,0,15.91000,1400,15.91000,2.23574e-07,15.91000,2.23574e-07,15.91000,2.08829e-07,15.91000,0.000114286,15.91000,0.000114286,15.91000,0.000107128
15.92000,2.23574e-07,15.92000,0,15.92000,0,15.92000,0,15.92000,8.94317e-08,15.92000,0,15.92000,0.000114286,15.92000,0,15.92000,0,15.92000,0.000114286,15.92000,0.4,15.92000,1,15.92000,0,15.92000,0.4,15.92000,0,15.92000,5.01232,15.92000,0,15.92000,511.178,15.92000,0,15.92000,0.4,15.92000,0,15.92000,1400,15.92000,2.23574e-07,15.92000,2.23574e-07,15.92000,2.08714e-07,15.92000,0.000114286,15.92000,0.000114286,15.92000,0.000107119
15.93000,2.23574e-07,15.93000,0,15.93000,0,15.93000,0,15.93000,8.94317e-08,15.93000,0,15.93000,0.000114286,15.93000,0,15.93000,0,15.93000,0.000114286,15.93000,0.4,15.93000,1,15.93000,0,15.93000,0.4,15.93000,0,15.93000,5.01232,15.93000,0,15.93000,511.178,15.93000,0,15.93000,0.4,15.93000,0,15.93000,1400,15.93000,2.23574e-07,15.93000,2.23574e-07,15.93000,2.086e-07,15.93000,0.000114286,15.93000,0.000114286,15.93000,0.000107111
15.94000,2.23574e-07,15.94000,0,15.94000,0,15.94000,0,15.94000,8.94317e-08,15.94000,0,15.94000,0.000114286,15.94000,0,15.94000,0,15.94000,0.000114286,15.94000,0.4,15.94000,1,15.94000,0,15.94000,0.4,15.94000,0,15.94000,5.01232,15.94000,0,15.94000,511.178,15.94000,0,15.94000,0.4,15.94000,0,15.94000,1400,15.94000,2.23574e-07,15.94000,2.23574e-07,15.94000,2.08485e-07,15.94000,0.000114286,15.94000,0.000114286,15.94000,0.000107103
15.95000,2.23574e-07,15.95000,0,15.95000,0,15.95000,0,15.95000,8.94317e-08,15.95000,0,15.95000,0.000114286,15.95000,0,15.95000,0,15.95000,0.000114286,15.95000,0.4,15.95000,1,15.95000,0,15.95000,0.4,15.95000,0,15.95000,5.01232,15.95000,0,15.95000,511.178,15.95000,0,15.95000,0.4,15.95000,0,15.95000,1400,15.95000,2.23574e-07,15.95000,2.23574e-07,15.95000,2.08506e-07,15.95000,0.000114286,15.95000,0.000114286,15.95000,0.000107136
15.96000,2.23574e-07,15.96000,0,15.96000,0,15.96000,0,15.96000,8.94317e-08,15.96000,0,15.96000,0.000114286,15.96000,0,15.96000,0,15.96000,0.000114286,15.96000,0.4,15.96000,1,15.96000,0,15.96000,0.4,15.96000,0,15.96000,5.01232,15.96000,0,15.96000,511.178,15.96000,0,15.96000,0.4,15.96000,0,15.96000,1400,15.96000,2.23574e-07,15.96000,2.23574e-07,15.96000,2.08588e-07,15.96000,0.000114286,15.96000,0.000114286,15.96000,0.000107188
15.97000,2.23574e-07,15.97000,0,15.97000,0,15.97000,0,15.97000,8.94317e-08,15.97000,0,15.97000,0.000114286,15.97000,0,15.97000,0,15.97000,0.000114286,15.97000,0.4,15.97000,1,15.97000,0,15.97000,0.4,15.97000,0,15.97000,5.01232,15.97000,0,15.97000,511.178,15.97000,0,15.97000,0.4,15.97000,0,15.97000,1400,15.97000,2.23574e-07,15.97000,2.23574e-07,15.97000,2.0867e-07,15.97000,0.000114286,15.97000,0.000114286,15.97000,0.00010724
15.98000,2.23574e-07,15.98000,0,15.98000,0,15.98000,0,15.98000,8.94317e-08,15.98000,0,15.98000,0.000114286,15.98000,0,15.98000,0,15.98000,0.000114286,15.98000,0.4,15.98000,1,15.98000,0,15.98000,0.4,15.98000,0,15.98000,5.01232,15.98000,0,15.98000,511.178,15.98000,0,15.98000,0.4,15.98000,0,15.98000,1400,15.98000,2.23574e-07,15.98000,2.23574e-07,15.98000,2.08752e-07,15.98000,0.000114286,15.98000,0.000114286,15.98000,0.000107292
15.99000,2.23574e-07,15.99000,0,15.99000,0,15.99000,0,15.99000,8.94317e-08,15.99000,0,15.99000,0.000114286,15.99000,0,15.99000,0,15.99000,0.000114286,15.99000,0.4,15.99000,1,15.99000,0,15.99000,0.4,15.99000,0,15.99000,5.01232,15.99000,0,15.99000,511.178,15.99000,0,15.99000,0.4,15.99000,0,15.99000,1400,15.99000,2.23574e-07,15.99000,2.23574e-07,15.99000,2.08834e-07,15.99000,0.000114286,15.99000,0.000114286,15.99000,0.000107344
16.00000,2.23574e-07,16.00000,0,16.00000,0,16.00000,0,16.00000,8.94317e-08,16.00000,0,16.00000,0.000114286,16.00000,0,16.00000,0,16.00000,0.000114286,16.00000,0.4,16.00000,1,16.00000,0,16.00000,0.4,16.00000,0,16.00000,5.01232,16.00000,0,16.00000,511.178,16.00000,0,16.00000,0.4,16.00000,0,16.00000,1400,16.00000,2.23574e-07,16.00000,2.23574e-07,16.00000,2.08916e-07,16.00000,0.000114286,16.00000,0.000114286,16.00000,0.000107396
16.01000,2.23574e-07,16.01000,0,16.01000,0,16.01000,0,16.01000,8.94317e-08,16.01000,0,16.01000,0.000114286,16.01000,0,16.01000,0,16.01000,0.000114286,16.01000,0.4,16.01000,1,16.01000,0,16.01000,0.4,16.01000,0,16.01000,5.01232,16.01000,0,16.01000,511.178,16.01000,0,16.01000,0.4,16.01000,0,16.01000,1400,16.01000,2.23574e-07,16.01000,2.23574e-07,16.01000,2.08998e-07,16.01000,0.000114286,16.01000,0.000114286,16.01000,0.000107448
16.02000,2.23574e-07,16.02000,0,16.02000,0,16.02000,0,16.02000,8.94317e-08,16.02000,0,16.02000,0.000114286,16.02000,0,16.02000,0,16.02000,0.000114286,16.02000,0.4,16.02000,1,16.02000,0,16.02000,0.4,16.02000,0,16.02000,5.01232,16.02000,0,16.02000,511.178,16.02000,0,16.02000,0.4,16.02000,0,16.02000,1400,16.02000,2.23574e-07,16.02000,2.23574e-07,16.02000,2.09079e-07,16.02000,0.000114286,16.02000,0.000114286,16.02000,0.0001075
16.03000,2.23574e-07,16.03000,0,16.03000,0,16.03000,0,16.03000,8.94317e-08,16.03000,0,16.03000,0.000114286,16.03000,0,16.03000,0,16.03000,0.000114286,16.03000,0.4,16.03000,1,16.03000,0,16.03000,0.4,16.03000,0,16.03000,5.01232,16.03000,0,16.03000,511.178,16.03000,0,16.03000,0.4,16.03000,0,16.03000,1400,16.03000,2.23574e-07,16.03000,2.23574e-07,16.03000,2.09161e-07,16.03000,0.000114286,16.03000,0.000114286,16.03000,0.000107552
16.04000,2.23574e-07,16.04000,0,16.04000,0,16.04000,0,16.04000,8.94317e-08,16.04000,0,16.04000,0.000114286,16.04000,0,16.04000,0,16.04000,0.000114286,16.04000,0.4,16.04000,1,16.04000,0,16.04000,0.4,16.04000,0,16.04000,5.01232,16.04000,0,16.04000,511.178,16.04000,0,16.04000,0.4,16.04000,0,16.04000,1400,16.04000,2.23574e-07,16.04000,2.23574e-07,16.04000,2.09243e-07,16.04000,0.000114286,16.04000,0.000114286,16.04000,0.000107604
16.05000,2.23574e-07,16.05000,0,16.05000,0,16.05000,0,16.05000,8.94317e-08,16.05000,0,16.05000,0.000114286,16.05000,0,16.05000,0,16.05000,0.000114286,16.05000,0.4,16.05000,1,16.05000,0,16.05000,0.4,16.05000,0,16.05000,5.01232,16.05000,0,16.05000,511.178,16.05000,0,16.05000,0.4,16.05000,0,16.05000,1400,16.05000,2.23574e-07,16.05000,2.23574e-07,16.05000,2.09325e-07,16.05000,0.000114286,16.05000,0.000114286,16.05000,0.000107656
16.06000,2.23574e-07,16.06000,0,16.06000,0,16.06000,0,16.06000,8.94317e-08,16.06000,0,16.06000,0.000114286,16.06000,0,16.06000,0,16.06000,0.000114286,16.06000,0.4,16.06000,1,16.06000,0,16.06000,0.4,16.06000,0,16.06000,5.01232,16.06000,0,16.06000,511.178,16.06000,0,16.06000,0.4,16.06000,0,16.06000,1400,16.06000,2.23574e-07,16.06000,2.23574e-07,16.06000,2.09407e-07,16.06000,0.000114286,16.06000,0.000114286,16.06000,0.000107708
16.07000,2.23574e-07,16.07000,0,16.07000,0,16.07000,0,16.07000,8.94317e-08,16.07000,0,16.07000,0.000114286,16.07000,0,16.07000,0,16.07000,0.000114286,16.07000,0.4,16.07000,1,16.07000,0,16.07000,0.4,16.07000,0,16.07000,5.01232,16.07000,0,16.07000,511.178,16.07000,0,16.07000,0.4,16.07000,0,16.07000,1400,16.07000,2.23574e-07,16.07000,2.23574e-07,16.07000,2.09489e-07,16.07000,0.000114286,16.07000,0.000114286,16.07000,0.00010776
16.08000,2.23574e-07,16.08000,0,16.08000,0,16.08000,0,16.08000,8.94317e-08,16.08000,0,16.08000,0.000114286,16.08000,0,16.08000,0,16.08000,0.000114286,16.08000,0.4,16.08000,1,16.08000,0,16.08000,0.4,16.08000,0,16.08000,5.01232,16.08000,0,16.08000,511.178,16.08000,0,16.08000,0.4,16.08000,0,16.08000,1400,16.08000,2.23574e-07,16.08000,2.23574e-07,16.08000,2.0957e-07,16.08000,0.000114286,16.08000,0.000114286,16.08000,0.000107812
16.09000,2.23574e-07,16.09000,0,16.09000,0,16.09000,0,16.09000,8.94317e-08,16.09000,0,16.09000,0.000114286,16.09000,0,16.09000,0,16.09000,0.000114286,16.09000,0.4,16.09000,1,16.09000,0,16.09000,0.4,16.09000,0,16.09000,5.01232,16.09000,0,16.09000,511.178,16.09000,0,16.09000,0.4,16.09000,0,16.09000,1400,16.09000,2.23574e-07,16.09000,2.23574e-07,16.09000,2.09652e-07,16.09000,0.000114286,16.09000,0.000114286,16.09000,0.000107864
16.10000,2.23574e-07,16.10000,0,16.10000,0,16.10000,0,16.10000,8.94317e-08,16.10000,0,16.10000,0.000114286,16.10000,0,16.10000,0,16.10000,0.000114286,16.10000,0.4,16.10000,1,16.10000,0,16.10000,0.4,16.10000,0,16.10000,5.01232,16.10000,0,16.10000,511.178,16.10000,0,16.10000,0.4,16.10000,0,16.10000,1400,16.10000,2.23574e-07,16.10000,2.23574e-07,16.10000,2.09734e-07,16.10000,0.000114286,16.10000,0.000114286,16.10000,0.000107916
16.11000,2.23574e-07,16.11000,0,16.11000,0,16.11000,0,16.11000,8.94317e-08,16.11000,0,16.11000,0.000114286,16.11000,0,16.11000,0,16.11000,0.000114286,16.11000,0.4,16.11000,1,16.11000,0,16.11000,0.4,16.11000,0,16.11000,5.01232,16.11000,0,16.11000,511.178,16.11000,0,16.11000,0.4,16.11000,0,16.11000,1400,16.11000,2.23574e-07,16.11000,2.23574e-07,16.11000,2.09816e-07,16.11000,0.000114286,16.11000,0.000114286,16.11000,0.000107968
16.12000,2.23574e-07,16.12000,0,16.12000,0,16.12000,0,16.12000,8.94317e-08,16.12000,0,16.12000,0.000114286,16.12000,0,16.12000,0,16.12000,0.000114286,16.12000,0.4,16.12000,1,16.12000,0,16.12000,0.4,16.12000,0,16.12000,5.01232,16.12000,0,16.12000,511.178,16.12000,0,16.12000,0.4,16.12000,0,16.12000,1400,16.12000,2.23574e-07,16.12000,2.23574e-07,16.12000,2.09898e-07,16.12000,0.000114286,16.12000,0.000114286,16.12000,0.00010802
16.13000,2.23574e-07,16.13000,0,16.13000,0,16.13000,0,16.13000,8.94317e-08,16.13000,0,16.13000,0.000114286,16.13000,0,16.13000,0,16.13000,0.000114286,16.13000,0.4,16.13000,1,16.13000,0,16.13000,0.4,16.13000,0,16.13000,5.01232,16.13000,0,16.13000,511.178,16.13000,0,16.13000,0.4,16.13000,0,16.13000,1400,16.13000,2.23574e-07,16.13000,2.23574e-07,16.13000,2.0998e-07,16.13000,0.000114286,16.13000,0.000114286,16.13000,0.000108072
16.14000,2.23574e-07,16.14000,0,16.14000,0,16.14000,0,16.14000,8.94317e-08,16.14000,0,16.14000,0.000114286,16.14000,0,16.14000,0,16.14000,0.000114286,16.14000,0.4,16.14000,1,16.14000,0,16.14000,0.4,16.14000,0,16.14000,5.01232,16.14000,0,16.14000,511.178,16.14000,0,16.14000,0.4,16.14000,0,16.14000,1400,16.14000,2.23574e-07,16.14000,2.23574e-07,16.14000,2.10062e-07,16.14000,0.000114286,16.14000,0.000114286,16.14000,0.000108124
16.15000,2.23574e-07,16.15000,0,16.15000,0,16.15000,0,16.15000,8.94317e-08,16.15000,0,16.15000,0.000114286,16.15000,0,16.15000,0,16.15000,0.000114286,16.15000,0.4,16.15000,1,16.15000,0,16.15000,0.4,16.15000,0,16.15000,5.01232,16.15000,0,16.15000,511.178,16.15000,0,16.15000,0.4,16.15000,0,16.15000,1400,16.15000,2.23574e-07,16.15000,2.23574e-07,16.15000,2.10143e-07,16.15000,0.000114286,16.15000,0.000114286,16.15000,0.000108176
16.16000,2.23574e-07,16.16000,0,16.16000,0,16.16000,0,16.16000,8.94317e-08,16.16000,0,16.16000,0.000114286,16.16000,0,16.16000,0,16.16000,0.000114286,16.16000,0.4,16.16000,1,16.16000,0,16.16000,0.4,16.16000,0,16.16000,5.01232,16.16000,0,16.16000,511.178,16.16000,0,16.16000,0.4,16.16000,0,16.16000,1400,16.16000,2.23574e-07,16.16000,2.23574e-07,16.16000,2.10225e-07,16.16000,0.000114286,16.16000,0.000114286,16.16000,0.000108228
16.17000,2.23574e-07,16.17000,0,16.17000,0,16.17000,0,16.17000,8.94317e-08,16.17000,0,16.17000,0.000114286,16.17000,0,16.17000,0,16.17000,0.000114286,16.17000,0.4,16.17000,1,16.17000,0,16.17000,0.4,16.17000,0,16.17000,5.01232,16.17000,0,16.17000,511.178,16.17000,0,16.17000,0.4,16.17000,0,16.17000,1400,16.17000,2.23574e-07,16.17000,2.23574e-07,16.17000,2.10307e-07,16.17000,0.000114286,16.17000,0.000114286,16.17000,0.00010828
16.18000,2.23574e-07,16.18000,0,16.18000,0,16.18000,0,16.18000,8.94317e-08,16.18000,0,16.18000,0.000114286,16.18000,0,16.18000,0,16.18000,0.000114286,16.18000,0.4,16.18000,1,16.18000,0,16.18000,0.4,16.18000,0,16.18000,5.01232,16.18000,0,16.18000,511.178,16.18000,0,16.18000,0.4,16.18000,0,16.18000,1400,16.18000,2.23574e-07,16.18000,2.23574e-07,16.18000,2.10389e-07,16.18000,0.000114286,16.18000,0.000114286,16.18000,0.000108332
16.19000,2.23574e-07,16.19000,0,16.19000,0,16.19000,0,16.19000,8.94317e-08,16.19000,0,16.19000,0.000114286,16.19000,0,16.19000,0,16.19000,0.000114286,16.19000,0.4,16.19000,1,16.19000,0,16.19000,0.4,16.19000,0,16.19000,5.01232,16.19000,0,16.19000,511.178,16.19000,0,16.19000,0.4,16.19000,0,16.19000,1400,16.19000,2.23574e-07,16.19000,2.23574e-07,16.19000,2.10471e-07,16.19000,0.000114286,16.19000,0.000114286,16.19000,0.000108384
16.20000,2.23574e-07,16.20000,0,16.20000,0,16.20000,0,16.20000,8.94317e-08,16.20000,0,16.20000,0.000114286,16.20000,0,16.20000,0,16.20000,0.000114286,16.20000,0.4,16.20000,1,16.20000,0,16.20000,0.4,16.20000,0,16.20000,5.01232,16.20000,0,16.20000,511.178,16.20000,0,16.20000,0.4,16.20000,0,16.20000,1400,16.20000,2.23574e-07,16.20000,2.23574e-07,16.20000,2.10553e-07,16.20000,0.000114286,16.20000,0.000114286,16.20000,0.000108436
16.21000,2.23574e-07,16.21000,0,16.21000,0,16.21000,0,16.21000,8.94317e-08,16.21000,0,16.21000,0.000114286,16.21000,0,16.21000,0,16.21000,0.000114286,16.21000,0.4,16.21000,1,16.21000,0,16.21000,0.4,16.21000,0,16.21000,5.01232,16.21000,0,16.21000,511.178,16.21000,0,16.21000,0.4,16.21000,0,16.21000,1400,16.21000,2.23574e-07,16.21000,2.23574e-07,16.21000,2.10635e-07,16.21000,0.000114286,16.21000,0.000114286,16.21000,0.000108488
16.22000,2.23574e-07,16.22000,0,16.22000,0,16.22000,0,16.22000,8.94317e-08,16.22000,0,16.22000,0.000114286,16.22000,0,16.22000,0,16.22000,0.000114286,16.22000,0.4,16.22000,1,16.22000,0,16.22000,0.4,16.22000,0,16.22000,5.01232,16.22000,0,16.22000,511.178,16.22000,0,16.22000,0.4,16.22000,0,16.22000,1400,16.22000,2.23574e-07,16.22000,2.23574e-07,16.22000,2.10716e-07,16.22000,0.000114286,16.22000,0.000114286,16.22000,0.00010854
16.23000,2.23574e-07,16.23000,0,16.23000,0,16.23000,0,16.23000,8.94317e-08,16.23000,0,16.23000,0.000114286,16.23000,0,16.23000,0,16.23000,0.000114286,16.23000,0.4,16.23000,1,16.23000,0,16.23000,0.4,16.23000,0,16.23000,5.01232,16.23000,0,16.23000,511.178,16.23000,0,16.23000,0.4,16.23000,0,16.23000,1400,16.23000,2.23574e-07,16.23000,2.23574e-07,16.23000,2.10798e-07,16.23000,0.000114286,16.23000,0.000114286,16.23000,0.000108592
16.24000,2.23574e-07,16.24000,0,16.24000,0,16.24000,0,16.24000,8.94317e-08,16.24000,0,16.24000,0.000114286,16.24000,0,16.24000,0,16.24000,0.000114286,16.24000,0.4,16.24000,1,16.24000,0,16.24000,0.4,16.24000,0,16.24000,5.01232,16.24000,0,16.24000,511.178,16.24000,0,16.24000,0.4,16.24000,0,16.24000,1400,16.24000,2.23574e-07,16.24000,2.23574e-07,16.24000,2.1088e-07,16.24000,0.000114286,16.24000,0.000114286,16.24000,0.000108644
16.25000,2.23574e-07,16.25000,0,16.25000,0,16.25000,0,16.25000,8.94317e-08,16.25000,0,16.25000,0.000114286,16.25000,0,16.25000,0,16.25000,0.000114286,16.25000,0.4,16.25000,1,16.25000,0,16.25000,0.4,16.25000,0,16.25000,5.01232,16.25000,0,16.25000,511.178,16.25000,0,16.25000,0.4,16.25000,0,16.25000,1400,16.25000,2.23574e-07,16.25000,2.23574e-07,16.25000,2.10962e-07,16.25000,0.000114286,16.25000,0.000114286,16.25000,0.000108696
16.26000,2.23574e-07,16.26000,0,16.26000,0,16.26000,0,16.26000,8.94317e-08,16.26000,0,16.26000,0.000114286,16.26000,0,16.26000,0,16.26000,0.000114286,16.26000,0.4,16.26000,1,16.26000,0,16.26000,0.4,16.26000,0,16.26000,5.01232,16.26000,0,16.26000,511.178,16.26000,0,16.26000,0.4,16.26000,0,16.26000,1400,16.26000,2.23574e-07,16.26000,2.23574e-07,16.26000,2.11044e-07,16.26000,0.000114286,16.26000,0.000114286,16.26000,0.000108748
16.27000,2.23574e-07,16.27000,0,16.27000,0,16.27000,0,16.27000,8.94317e-08,16.27000,0,16.27000,0.000114286,16.27000,0,16.27000,0,16.27000,0.000114286,16.27000,0.4,16.27000,1,16.27000,0,16.27000,0.4,16.27000,0,16.27000,5.01232,16.27000,0,16.27000,511.178,16.27000,0,16.27000,0.4,16.27000,0,16.27000,1400,16.27000,2.23574e-07,16.27000,2.23574e-07,16.27000,2.11126e-07,16.27000,0.000114286,16.27000,0.000114286,16.27000,0.0001088
16.28000,2.23574e-07,16.28000,0,16.28000,0,16.28000,0,16.28000,8.94317e-08,16.28000,0,16.28000,0.000114286,16.28000,0,16.28000,0,16.28000,0.000114286,16.28000,0.4,16.28000,1,16.28000,0,16.28000,0.4,16.28000,0,16.28000,5.01232,16.28000,0,16.28000,511.178,16.28000,0,16.28000,0.4,16.28000,0,16.28000,1400,16.28000,2.23574e-07,16.28000,2.23574e-07,16.28000,2.11207e-07,16.28000,0.000114286,16.28000,0.000114286,16.28000,0.000108852
16.29000,2.23574e-07,16.29000,0,16.29000,0,16.29000,0,16.29000,8.94317e-08,16.29000,0,16.29000,0.000114286,16.29000,0,16.29000,0,16.29000,0.000114286,16.29000,0.4,16.29000,1,16.29000,0,16.29000,0.4,16.29000,0,16.29000,5.01232,16.29000,0,16.29000,511.178,16.29000,0,16.29000,0.4,16.29000,0,16.29000,1400,16.29000,2.23574e-07,16.29000,2.23574e-07,16.29000,2.11289e-07,16.29000,0.000114286,16.29000,0.000114286,16.29000,0.000108904
16.30000,2.23574e-07,16.30000,0,16.30000,0,16.30000,0,16.30000,8.94317e-08,16.30000,0,16.30000,0.000114286,16.30000,0,16.30000,0,16.30000,0.000114286,16.30000,0.4,16.30000,1,16.30000,0,16.30000,0.4,16.30000,0,16.30000,5.01232,16.30000,0,16.30000,511.178,16.30000,0,16.30000,0.4,16.30000,0,16.30000,1400,16.30000,2.23574e-07,16.30000,2.23574e-07,16.30000,2.11371e-07,16.30000,0.000114286,16.30000,0.000114286,16.30000,0.000108956
16.31000,2.23574e-07,16.31000,0,16.31000,0,16.31000,0,16.31000,8.94317e-08,16.31000,0,16.31000,0.000114286,16.31000,0,16.31000,0,16.31000,0.000114286,16.31000,0.4,16.31000,1,16.31000,0,16.31000,0.4,16.31000,0,16.31000,5.01232,16.31000,0,16.31000,511.178,16.31000,0,16.31000,0.4,16.31000,0,16.31000,1400,16.31000,2.23574e-07,16.31000,2.23574e-07,16.31000,2.11453e-07,16.31000,0.000114286,16.31000,0.000114286,16.31000,0.000109008
16.32000,2.23574e-07,16.32000,0,16.32000,0,16.32000,0,16.32000,8.94317e-08,16.32000,0,16.32000,0.000114286,16.32000,0,16.32000,0,16.32000,0.000114286,16.32000,0.4,16.32000,1,16.32000,0,16.32000,0.4,16.32000,0,16.32000,5.01232,16.32000,0,16.32000,511.178,16.32000,0,16.32000,0.4,16.32000,0,16.32000,1400,16.32000,2.23574e-07,16.32000,2.23574e-07,16.32000,2.11535e-07,16.32000,0.000114286,16.32000,0.000114286,16.32000,0.00010906
16.33000,2.23574e-07,16.33000,0,16.33000,0,16.33000,0,16.33000,8.94317e-08,16.33000,0,16.33000,0.000114286,16.33000,0,16.33000,0,16.33000,0.000114286,16.33000,0.4,16.33000,1,16.33000,0,16.33000,0.4,16.33000,0,16.33000,5.01232,16.33000,0,16.33000,511.178,16.33000,0,16.33000,0.4,16.33000,0,16.33000,1400,16.33000,2.23574e-07,16.33000,2.23574e-07,16.33000,2.11617e-07,16.33000,0.000114286,16.33000,0.000114286,16.33000,0.000109112
16.34000,2.23574e-07,16.34000,0,16.34000,0,16.34000,0,16.34000,8.94317e-08,16.34000,0,16.34000,0.000114286,16.34000,0,16.34000,0,16.34000,0.000114286,16.34000,0.4,16.34000,1,16.34000,0,16.34000,0.4,16.34000,0,16.34000,5.01232,16.34000,0,16.34000,511.178,16.34000,0,16.34000,0.4,16.34000,0,16.34000,1400,16.34000,2.23574e-07,16.34000,2.23574e-07,16.34000,2.11699e-07,16.34000,0.000114286,16.34000,0.000114286,16.34000,0.000109164
16.35000,2.23574e-07,16.35000,0,16.35000,0,16.35000,0,16.35000,8.94317e-08,16.35000,0,16.35000,0.000114286,16.35000,0,16.35000,0,16.35000,0.000114286,16.35000,0.4,16.35000,1,16.35000,0,16.35000,0.4,16.35000,0,16.35000,5.01232,16.35000,0,16.35000,511.178,16.35000,0,16.35000,0.4,16.35000,0,16.35000,1400,16.35000,2.23574e-07,16.35000,2.23574e-07,16.35000,2.1178e-07,16.35000,0.000114286,16.35000,0.000114286,16.35000,0.000109216
16.36000,2.23574e-07,16.36000,0,16.36000,0,16.36000,0,16.36000,8.94317e-08,16.36000,0,16.36000,0.000114286,16.36000,0,16.36000,0,16.36000,0.000114286,16.36000,0.4,16.36000,1,16.36000,0,16.36000,0.4,16.36000,0,16.36000,5.01232,16.36000,0,16.36000,511.178,16.36000,0,16.36000,0.4,16.36000,0,16.36000,1400,16.36000,2.23574e-07,16.36000,2.23574e-07,16.36000,2.11862e-07,16.36000,0.000114286,16.36000,0.000114286,16.36000,0.000109268
16.37000,2.23574e-07,16.37000,0,16.37000,0,16.37000,0,16.37000,8.94317e-08,16.37000,0,16.37000,0.000114286,16.37000,0,16.37000,0,16.37000,0.000114286,16.37000,0.4,16.37000,1,16.37000,0,16.37000,0.4,16.37000,0,16.37000,5.01232,16.37000,0,16.37000,511.178,16.37000,0,16.37000,0.4,16.37000,0,16.37000,1400,16.37000,2.23574e-07,16.37000,2.23574e-07,16.37000,2.11944e-07,16.37000,0.000114286,16.37000,0.000114286,16.37000,0.00010932
16.38000,2.23574e-07,16.38000,0,16.38000,0,16.38000,0,16.38000,8.94317e-08,16.38000,0,16.38000,0.000114286,16.38000,0,16.38000,0,16.38000,0.000114286,16.38000,0.4,16.38000,1,16.38000,0,16.38000,0.4,16.38000,0,16.38000,5.01232,16.38000,0,16.38000,511.178,16.38000,0,16.38000,0.4,16.38000,0,16.38000,1400,16.38000,2.23574e-07,16.38000,2.23574e-07,16.38000,2.12026e-07,16.38000,0.000114286,16.38000,0.000114286,16.38000,0.000109372
16.39000,2.23574e-07,16.39000,0,16.39000,0,16.39000,0,16.39000,8.94317e-08,16.39000,0,16.39000,0.000114286,16.39000,0,16.39000,0,16.39000,0.000114286,16.39000,0.4,16.39000,1,16.39000,0,16.39000,0.4,16.39000,0,16.39000,5.01232,16.39000,0,16.39000,511.178,16.39000,0,16.39000,0.4,16.39000,0,16.39000,1400,16.39000,2.23574e-07,16.39000,2.23574e-07,16.39000,2.12108e-07,16.39000,0.000114286,16.39000,0.000114286,16.39000,0.000109424
16.40000,2.23574e-07,16.40000,0,16.40000,0,16.40000,0,16.40000,8.94317e-08,16.40000,0,16.40000,0.000114286,16.40000,0,16.40000,0,16.40000,0.000114286,16.40000,0.4,16.40000,1,16.40000,0,16.40000,0.4,16.40000,0,16.40000,5.01232,16.40000,0,16.40000,511.178,16.40000,0,16.40000,0.4,16.40000,0,16.40000,1400,16.40000,2.23574e-07,16.40000,2.23574e-07,16.40000,2.1219e-07,16.40000,0.000114286,16.40000,0.000114286,16.40000,0.000109476
16.41000,2.23574e-07,16.41000,0,16.41000,0,16.41000,0,16.41000,8.94317e-08,16.41000,0,16.41000,0.000114286,16.41000,0,16.41000,0,16.41000,0.000114286,16.41000,0.4,16.41000,1,16.41000,0,16.41000,0.4,16.41000,0,16.41000,5.01232,16.41000,0,16.41000,511.178,16.41000,0,16.41000,0.4,16.41000,0,16.41000,1400,16.41000,2.23574e-07,16.41000,2.23574e-07,16.41000,2.12272e-07,16.41000,0.000114286,16.41000,0.000114286,16.41000,0.000109528
16.42000,2.23574e-07,16.42000,0,16.42000,0,16.42000,0,16.42000,8.94317e-08,16.42000,0,16.42000,0.000114286,16.42000,0,16.42000,0,16.42000,0.000114286,16.42000,0.4,16.42000,1,16.42000,0,16.42000,0.4,16.42000,0,16.42000,5.01232,16.42000,0,16.42000,511.178,16.42000,0,16.42000,0.4,16.42000,0,16.42000,1400,16.42000,2.23574e-07,16.42000,2.23574e-07,16.42000,2.12353e-07,16.42000,0.000114286,16.42000,0.000114286,16.42000,0.00010958
16.43000,2.23574e-07,16.43000,0,16.43000,0,16.43000,0,16.43000,8.94317e-08,16.43000,0,16.43000,0.000114286,16.43000,0,16.43000,0,16.43000,0.000114286,16.43000,0.4,16.43000,1,16.43000,0,16.43000,0.4,16.43000,0,16.43000,5.01232,16.43000,0,16.43000,511.178,16.43000,0,16.43000,0.4,16.43000,0,16.43000,1400,16.43000,2.23574e-07,16.43000,2.23574e-07,16.43000,2.12435e-07,16.43000,0.000114286,16.43000,0.000114286,16.43000,0.000109632
16.44000,2.23574e-07,16.44000,0,16.44000,0,16.44000,0,16.44000,8.94317e-08,16.44000,0,16.44000,0.000114286,16.44000,0,16.44000,0,16.44000,0.000114286,16.44000,0.4,16.44000,1,16.44000,0,16.44000,0.4,16.44000,0,16.44000,5.01232,16.44000,0,16.44000,511.178,16.44000,0,16.44000,0.4,16.44000,0,16.44000,1400,16.44000,2.23574e-07,16.44000,2.23574e-07,16.44000,2.12517e-07,16.44000,0.000114286,16.44000,0.000114286,16.44000,0.000109684
16.45000,2.23574e-07,16.45000,0,16.45000,0,16.45000,0,16.45000,8.94317e-08,16.45000,0,16.45000,0.000114286,16.45000,0,16.45000,0,16.45000,0.000114286,16.45000,0.4,16.45000,1,16.45000,0,16.45000,0.4,16.45000,0,16.45000,5.01232,16.45000,0,16.45000,511.178,16.45000,0,16.45000,0.4,16.45000,0,16.45000,1400,16.45000,2.23574e-07,16.45000,2.23574e-07,16.45000,2.12599e-07,16.45000,0.000114286,16.45000,0.000114286,16.45000,0.000109736
16.46000,2.23574e-07,16.46000,0,16.46000,0,16.46000,0,16.46000,8.94317e-08,16.46000,0,16.46000,0.000114286,16.46000,0,16.46000,0,16.46000,0.000114286,16.46000,0.4,16.46000,1,16.46000,0,16.46000,0.4,16.46000,0,16.46000,5.01232,16.46000,0,16.46000,511.178,16.46000,0,16.46000,0.4,16.46000,0,16.46000,1400,16.46000,2.23574e-07,16.46000,2.23574e-07,16.46000,2.12681e-07,16.46000,0.000114286,16.46000,0.000114286,16.46000,0.000109788
16.47000,2.23574e-07,16.47000,0,16.47000,0,16.47000,0,16.47000,8.94317e-08,16.47000,0,16.47000,0.000114286,16.47000,0,16.47000,0,16.47000,0.000114286,16.47000,0.4,16.47000,1,16.47000,0,16.47000,0.4,16.47000,0,16.47000,5.01232,16.47000,0,16.47000,511.178,16.47000,0,16.47000,0.4,16.47000,0,16.47000,1400,16.47000,2.23574e-07,16.47000,2.23574e-07,16.47000,2.12763e-07,16.47000,0.000114286,16.47000,0.000114286,16.47000,0.00010984
16.48000,2.23574e-07,16.48000,0,16.48000,0,16.48000,0,16.48000,8.94317e-08,16.48000,0,16.48000,0.000114286,16.48000,0,16.48000,0,16.48000,0.000114286,16.48000,0.4,16.48000,1,16.48000,0,16.48000,0.4,16.48000,0,16.48000,5.01232,16.48000,0,16.48000,511.178,16.48000,0,16.48000,0.4,16.48000,0,16.48000,1400,16.48000,2.23574e-07,16.48000,2.23574e-07,16.48000,2.12844e-07,16.48000,0.000114286,16.48000,0.000114286,16.48000,0.000109892
16.49000,2.23574e-07,16.49000,0,16.49000,0,16.49000,0,16.49000,8.94317e-08,16.49000,0,16.49000,0.000114286,16.49000,0,16.49000,0,16.49000,0.000114286,16.49000,0.4,16.49000,1,16.49000,0,16.49000,0.4,16.49000,0,16.49000,5.01232,16.49000,0,16.49000,511.178,16.49000,0,16.49000,0.4,16.49000,0,16.49000,1400,16.49000,2.23574e-07,16.49000,2.23574e-07,16.49000,2.12926e-07,16.49000,0.000114286,16.49000,0.000114286,16.49000,0.000109944
16.50000,2.23574e-07,16.50000,0,16.50000,0,16.50000,0,16.50000,8.94317e-08,16.50000,0,16.50000,0.000114286,16.50000,0,16.50000,0,16.50000,0.000114286,16.50000,0.4,16.50000,1,16.50000,0,16.50000,0.4,16.50000,0,16.50000,5.01232,16.50000,0,16.50000,511.178,16.50000,0,16.50000,0.4,16.50000,0,16.50000,1400,16.50000,2.23574e-07,16.50000,2.23574e-07,16.50000,2.13008e-07,16.50000,0.000114286,16.50000,0.000114286,16.50000,0.000109996
16.51000,2.23574e-07,16.51000,0,16.51000,0,16.51000,0,16.51000,8.94317e-08,16.51000,0,16.51000,0.000114286,16.51000,0,16.51000,0,16.51000,0.000114286,16.51000,0.4,16.51000,1,16.51000,0,16.51000,0.4,16.51000,0,16.51000,5.01232,16.51000,0,16.51000,511.178,16.51000,0,16.51000,0.4,16.51000,0,16.51000,1400,16.51000,2.23574e-07,16.51000,2.23574e-07,16.51000,2.1309e-07,16.51000,0.000114286,16.51000,0.000114286,16.51000,0.000110048
16.52000,2.23574e-07,16.52000,0,16.52000,0,16.52000,0,16.52000,8.94317e-08,16.52000,0,16.52000,0.000114286,16.52000,0,16.52000,0,16.52000,0.000114286,16.52000,0.4,16.52000,1,16.52000,0,16.52000,0.4,16.52000,0,16.52000,5.01232,16.52000,0,16.52000,511.178,16.52000,0,16.52000,0.4,16.52000,0,16.52000,1400,16.52000,2.23574e-07,16.52000,2.23574e-07,16.52000,2.13172e-07,16.52000,0.000114286,16.52000,0.000114286,16.52000,0.0001101
16.53000,2.23574e-07,16.53000,0,16.53000,0,16.53000,0,16.53000,8.94317e-08,16.53000,0,16.53000,0.000114286,16.53000,0,16.53000,0,16.53000,0.000114286,16.53000,0.4,16.53000,1,16.53000,0,16.53000,0.4,16.53000,0,16.53000,5.01232,16.53000,0,16.53000,511.178,16.53000,0,16.53000,0.4,16.53000,0,16.53000,1400,16.53000,2.23574e-07,16.53000,2.23574e-07,16.53000,2.13254e-07,16.53000,0.000114286,16.53000,0.000114286,16.53000,0.000110152
16.54000,2.23574e-07,16.54000,0,16.54000,0,16.54000,0,16.54000,8.94317e-08,16.54000,0,16.54000,0.000114286,16.54000,0,16.54000,0,16.54000,0.000114286,16.54000,0.4,16.54000,1,16.54000,0,16.54000,0.4,16.54000,0,16.54000,5.01232,16.54000,0,16.54000,511.178,16.54000,0,16.54000,0.4,16.54000,0,16.54000,1400,16.54000,2.23574e-07,16.54000,2.23574e-07,16.54000,2.13336e-07,16.54000,0.000114286,16.54000,0.000114286,16.54000,0.000110204
16.55000,2.23574e-07,16.55000,0,16.55000,0,16.55000,0,16.55000,8.94317e-08,16.55000,0,16.55000,0.000114286,16.55000,0,16.55000,0,16.55000,0.000114286,16.55000,0.4,16.55000,1,16.55000,0,16.55000,0.4,16.55000,0,16.55000,5.01232,16.55000,0,16.55000,511.178,16.55000,0,16.55000,0.4,16.55000,0,16.55000,1400,16.55000,2.23574e-07,16.55000,2.23574e-07,16.55000,2.13417e-07,16.55000,0.000114286,16.55000,0.000114286,16.55000,0.000110256
16.56000,2.23574e-07,16.56000,0,16.56000,0,16.56000,0,16.56000,8.94317e-08,16.56000,0,16.56000,0.000114286,16.56000,0,16.56000,0,16.56000,0.000114286,16.56000,0.4,16.56000,1,16.56000,0,16.56000,0.4,16.56000,0,16.56000,5.01232,16.56000,0,16.56000,511.178,16.56000,0,16.56000,0.4,16.56000,0,16.56000,1400,16.56000,2.23574e-07,16.56000,2.23574e-07,16.56000,2.13499e-07,16.56000,0.000114286,16.56000,0.000114286,16.56000,0.000110308
16.57000,2.23574e-07,16.57000,0,16.57000,0,16.57000,0,16.57000,8.94317e-08,16.57000,0,16.57000,0.000114286,16.57000,0,16.57000,0,16.57000,0.000114286,16.57000,0.4,16.57000,1,16.57000,0,16.57000,0.4,16.57000,0,16.57000,5.01232,16.57000,0,16.57000,511.178,16.57000,0,16.57000,0.4,16.57000,0,16.57000,1400,16.57000,2.23574e-07,16.57000,2.23574e-07,16.57000,2.13581e-07,16.57000,0.000114286,16.57000,0.000114286,16.57000,0.00011036
16.58000,2.23574e-07,16.58000,0,16.58000,0,16.58000,0,16.58000,8.94317e-08,16.58000,0,16.58000,0.000114286,16.58000,0,16.58000,0,16.58000,0.000114286,16.58000,0.4,16.58000,1,16.58000,0,16.58000,0.4,16.58000,0,16.58000,5.01232,16.58000,0,16.58000,511.178,16.58000,0,16.58000,0.4,16.58000,0,16.58000,1400,16.58000,2.23574e-07,16.58000,2.23574e-07,16.58000,2.13663e-07,16.58000,0.000114286,16.58000,0.000114286,16.58000,0.000110412
16.59000,2.23574e-07,16.59000,0,16.59000,0,16.59000,0,16.59000,8.94317e-08,16.59000,0,16.59000,0.000114286,16.59000,0,16.59000,0,16.59000,0.000114286,16.59000,0.4,16.59000,1,16.59000,0,16.59000,0.4,16.59000,0,16.59000,5.01232,16.59000,0,16.59000,511.178,16.59000,0,16.59000,0.4,16.59000,0,16.59000,1400,16.59000,2.23574e-07,16.59000,2.23574e-07,16.59000,2.13745e-07,16.59000,0.000114286,16.59000,0.000114286,16.59000,0.000110464
16.60000,2.23574e-07,16.60000,0,16.60000,0,16.60000,0,16.60000,8.94317e-08,16.60000,0,16.60000,0.000114286,16.60000,0,16.60000,0,16.60000,0.000114286,16.60000,0.4,16.60000,1,16.60000,0,16.60000,0.4,16.60000,0,16.60000,5.01232,16.60000,0,16.60000,511.178,16.60000,0,16.60000,0.4,16.60000,0,16.60000,1400,16.60000,2.23574e-07,16.60000,2.23574e-07,16.60000,2.13827e-07,16.60000,0.000114286,16.60000,0.000114286,16.60000,0.000110516
16.61000,2.23574e-07,16.61000,0,16.61000,0,16.61000,0,16.61000,8.94317e-08,16.61000,0,16.61000,0.000114286,16.61000,0,16.61000,0,16.61000,0.000114286,16.61000,0.4,16.61000,1,16.61000,0,16.61000,0.4,16.61000,0,16.61000,5.01232,16.61000,0,16.61000,511.178,16.61000,0,16.61000,0.4,16.61000,0,16.61000,1400,16.61000,2.23574e-07,16.61000,2.23574e-07,16.61000,2.13909e-07,16.61000,0.000114286,16.61000,0.000114286,16.61000,0.000110568
16.62000,2.23574e-07,16.62000,0,16.62000,0,16.62000,0,16.62000,8.94317e-08,16.62000,0,16.62000,0.000114286,16.62000,0,16.62000,0,16.62000,0.000114286,16.62000,0.4,16.62000,1,16.62000,0,16.62000,0.4,16.62000,0,16.62000,5.01232,16.62000,0,16.62000,511.178,16.62000,0,16.62000,0.4,16.62000,0,16.62000,1400,16.62000,2.23574e-07,16.62000,2.23574e-07,16.62000,2.1399e-07,16.62000,0.000114286,16.62000,0.000114286,16.62000,0.00011062
16.63000,2.23574e-07,16.63000,0,16.63000,0,16.63000,0,16.63000,8.94317e-08,16.63000,0,16.63000,0.000114286,16.63000,0,16.63000,0,16.63000,0.000114286,16.63000,0.4,16.63000,1,16.63000,0,16.63000,0.4,16.63000,0,16.63000,5.01232,16.63000,0,16.63000,511.178,16.63000,0,16.63000,0.4,16.63000,0,16.63000,1400,16.63000,2.23574e-07,16.63000,2.23574e-07,16.63000,2.14072e-07,16.63000,0.000114286,16.63000,0.000114286,16.63000,0.000110672
16.64000,2.23574e-07,16.64000,0,16.64000,0,16.64000,0,16.64000,8.94317e-08,16.64000,0,16.64000,0.000114286,16.64000,0,16.64000,0,16.64000,0.000114286,16.64000,0.4,16.64000,1,16.64000,0,16.64000,0.4,16.64000,0,16.64000,5.01232,16.64000,0,16.64000,511.178,16.64000,0,16.64000,0.4,16.64000,0,16.64000,1400,16.64000,2.23574e-07,16.64000,2.23574e-07,16.64000,2.14154e-07,16.64000,0.000114286,16.64000,0.000114286,16.64000,0.000110724
16.65000,2.23574e-07,16.65000,0,16.65000,0,16.65000,0,16.65000,8.94317e-08,16.65000,0,16.65000,0.000114286,16.65000,0,16.65000,0,16.65000,0.000114286,16.65000,0.4,16.65000,1,16.65000,0,16.65000,0.4,16.65000,0,16.65000,5.01232,16.65000,0,16.65000,511.178,16.65000,0,16.65000,0.4,16.65000,0,16.65000,1400,16.65000,2.23574e-07,16.65000,2.23574e-07,16.65000,2.14236e-07,16.65000,0.000114286,16.65000,0.000114286,16.65000,0.000110776
16.66000,2.23574e-07,16.66000,0,16.66000,0,16.66000,0,16.66000,8.94317e-08,16.66000,0,16.66000,0.000114286,16.66000,0,16.66000,0,16.66000,0.000114286,16.66000,0.4,16.66000,1,16.66000,0,16.66000,0.4,16.66000,0,16.66000,5.01232,16.66000,0,16.66000,511.178,16.66000,0,16.66000,0.4,16.66000,0,16.66000,1400,16.66000,2.23574e-07,16.66000,2.23574e-07,16.66000,2.14318e-07,16.66000,0.000114286,16.66000,0.000114286,16.66000,0.000110828
16.67000,2.23574e-07,16.67000,0,16.67000,0,16.67000,0,16.67000,8.94317e-08,16.67000,0,16.67000,0.000114286,16.67000,0,16.67000,0,16.67000,0.000114286,16.67000,0.4,16.67000,1,16.67000,0,16.67000,0.4,16.67000,0,16.67000,5.01232,16.67000,0,16.67000,511.178,16.67000,0,16.67000,0.4,16.67000,0,16.67000,1400,16.67000,2.23574e-07,16.67000,2.23574e-07,16.67000,2.144e-07,16.67000,0.000114286,16.67000,0.000114286,16.67000,0.00011088
16.68000,2.23574e-07,16.68000,0,16.68000,0,16.68000,0,16.68000,8.94317e-08,16.68000,0,16.68000,0.000114286,16.68000,0,16.68000,0,16.68000,0.000114286,16.68000,0.4,16.68000,1,16.68000,0,16.68000,0.4,16.68000,0,16.68000,5.01232,16.68000,0,16.68000,511.178,16.68000,0,16.68000,0.4,16.68000,0,16.68000,1400,16.68000,2.23574e-07,16.68000,2.23574e-07,16.68000,2.14481e-07,16.68000,0.000114286,16.68000,0.000114286,16.68000,0.000110932
16.69000,2.23574e-07,16.69000,0,16.69000,0,16.69000,0,16.69000,8.94317e-08,16.69000,0,16.69000,0.000114286,16.69000,0,16.69000,0,16.69000,0.000114286,16.69000,0.4,16.69000,1,16.69000,0,16.69000,0.4,16.69000,0,16.69000,5.01232,16.69000,0,16.69000,511.178,16.69000,0,16.69000,0.4,16.69000,0,16.69000,1400,16.69000,2.23574e-07,16.69000,2.23574e-07,16.69000,2.14563e-07,16.69000,0.000114286,16.69000,0.000114286,16.69000,0.000110984
16.70000,2.23574e-07,16.70000,0,16.70000,0,16.70000,0,16.70000,8.94317e-08,16.70000,0,16.70000,0.000114286,16.70000,0,16.70000,0,16.70000,0.000114286,16.70000,0.4,16.70000,1,16.70000,0,16.70000,0.4,16.70000,0,16.70000,5.01232,16.70000,0,16.70000,511.178,16.70000,0,16.70000,0.4,16.70000,0,16.70000,1400,16.70000,2.23574e-07,16.70000,2.23574e-07,16.70000,2.14645e-07,16.70000,0.000114286,16.70000,0.000114286,16.70000,0.000111036
16.71000,2.23574e-07,16.71000,0,16.71000,0,16.71000,0,16.71000,8.94317e-08,16.71000,0,16.71000,0.000114286,16.71000,0,16.71000,0,16.71000,0.000114286,16.71000,0.4,16.71000,1,16.71000,0,16.71000,0.4,16.71000,0,16.71000,5.01232,16.71000,0,16.71000,511.178,16.71000,0,16.71000,0.4,16.71000,0,16.71000,1400,16.71000,2.23574e-07,16.71000,2.23574e-07,16.71000,2.14727e-07,16.71000,0.000114286,16.71000,0.000114286,16.71000,0.000111088
16.72000,2.23574e-07,16.72000,0,16.72000,0,16.72000,0,16.72000,8.94317e-08,16.72000,0,16.72000,0.000114286,16.72000,0,16.72000,0,16.72000,0.000114286,16.72000,0.4,16.72000,1,16.72000,0,16.72000,0.4,16.72000,0,16.72000,5.01232,16.72000,0,16.72000,511.178,16.72000,0,16.72000,0.4,16.72000,0,16.72000,1400,16.72000,2.23574e-07,16.72000,2.23574e-07,16.72000,2.14809e-07,16.72000,0.000114286,16.72000,0.000114286,16.72000,0.00011114
16.73000,2.23574e-07,16.73000,0,16.73000,0,16.73000,0,16.73000,8.94317e-08,16.73000,0,16.73000,0.000114286,16.73000,0,16.73000,0,16.73000,0.000114286,16.73000,0.4,16.73000,1,16.73000,0,16.73000,0.4,16.73000,0,16.73000,5.01232,16.73000,0,16.73000,511.178,16.73000,0,16.73000,0.4,16.73000,0,16.73000,1400,16.73000,2.23574e-07,16.73000,2.23574e-07,16.73000,2.14891e-07,16.73000,0.000114286,16.73000,0.000114286,16.73000,0.000111192
16.74000,2.23574e-07,16.74000,0,16.74000,0,16.74000,0,16.74000,8.94317e-08,16.74000,0,16.74000,0.000114286,16.74000,0,16.74000,0,16.74000,0.000114286,16.74000,0.4,16.74000,1,16.74000,0,16.74000,0.4,16.74000,0,16.74000,5.01232,16.74000,0,16.74000,511.178,16.74000,0,16.74000,0.4,16.74000,0,16.74000,1400,16.74000,2.23574e-07,16.74000,2.23574e-07,16.74000,2.14973e-07,16.74000,0.000114286,16.74000,0.000114286,16.74000,0.000111244
16.75000,2.23574e-07,16.75000,0,16.75000,0,16.75000,0,16.75000,8.94317e-08,16.75000,0,16.75000,0.000114286,16.75000,0,16.75000,0,16.75000,0.000114286,16.75000,0.4,16.75000,1,16.75000,0,16.75000,0.4,16.75000,0,16.75000,5.01232,16.75000,0,16.75000,511.178,16.75000,0,16.75000,0.4,16.75000,0,16.75000,1400,16.75000,2.23574e-07,16.75000,2.23574e-07,16.75000,2.15054e-07,16.75000,0.000114286,16.75000,0.000114286,16.75000,0.000111296
16.76000,2.23574e-07,16.76000,0,16.76000,0,16.76000,0,16.76000,8.94317e-08,16.76000,0,16.76000,0.000114286,16.76000,0,16.76000,0,16.76000,0.000114286,16.76000,0.4,16.76000,1,16.76000,0,16.76000,0.4,16.76000,0,16.76000,5.01232,16.76000,0,16.76000,511.178,16.76000,0,16.76000,0.4,16.76000,0,16.76000,1400,16.76000,2.23574e-07,16.76000,2.23574e-07,16.76000,2.15136e-07,16.76000,0.000114286,16.76000,0.000114286,16.76000,0.000111348
16.77000,2.23574e-07,16.77000,0,16.77000,0,16.77000,0,16.77000,8.94317e-08,16.77000,0,16.77000,0.000114286,16.77000,0,16.77000,0,16.77000,0.000114286,16.77000,0.4,16.77000,1,16.77000,0,16.77000,0.4,16.77000,0,16.77000,5.01232,16.77000,0,16.77000,511.178,16.77000,0,16.77000,0.4,16.77000,0,16.77000,1400,16.77000,2.23574e-07,16.77000,2.23574e-07,16.77000,2.15218e-07,16.77000,0.000114286,16.77000,0.000114286,16.77000,0.0001114
16.78000,2.23574e-07,16.78000,0,16.78000,0,16.78000,0,16.78000,8.94317e-08,16.78000,0,16.78000,0.000114286,16.78000,0,16.78000,0,16.78000,0.000114286,16.78000,0.4,16.78000,1,16.78000,0,16.78000,0.4,16.78000,0,16.78000,5.01232,16.78000,0,16.78000,511.178,16.78000,0,16.78000,0.4,16.78000,0,16.78000,1400,16.78000,2.23574e-07,16.78000,2.23574e-07,16.78000,2.153e-07,16.78000,0.000114286,16.78000,0.000114286,16.78000,0.000111452
16.79000,2.23574e-07,16.79000,0,16.79000,0,16.79000,0,16.79000,8.94317e-08,16.79000,0,16.79000,0.000114286,16.79000,0,16.79000,0,16.79000,0.000114286,16.79000,0.4,16.79000,1,16.79000,0,16.79000,0.4,16.79000,0,16.79000,5.01232,16.79000,0,16.79000,511.178,16.79000,0,16.79000,0.4,16.79000,0,16.79000,1400,16.79000,2.23574e-07,16.79000,2.23574e-07,16.79000,2.15382e-07,16.79000,0.000114286,16.79000,0.000114286,16.79000,0.000111504
16.80000,2.23574e-07,16.80000,0,16.80000,0,16.80000,0,16.80000,8.94317e-08,16.80000,0,16.80000,0.000114286,16.80000,0,16.80000,0,16.80000,0.000114286,16.80000,0.4,16.80000,1,16.80000,0,16.80000,0.4,16.80000,0,16.80000,5.01232,16.80000,0,16.80000,511.178,16.80000,0,16.80000,0.4,16.80000,0,16.80000,1400,16.80000,2.23574e-07,16.80000,2.23574e-07,16.80000,2.15464e-07,16.80000,0.000114286,16.80000,0.000114286,16.80000,0.000111556
16.81000,2.23574e-07,16.81000,0,16.81000,0,16.81000,0,16.81000,8.94317e-08,16.81000,0,16.81000,0.000114286,16.81000,0,16.81000,0,16.81000,0.000114286,16.81000,0.4,16.81000,1,16.81000,0,16.81000,0.4,16.81000,0,16.81000,5.01232,16.81000,0,16.81000,511.178,16.81000,0,16.81000,0.4,16.81000,0,16.81000,1400,16.81000,2.23574e-07,16.81000,2.23574e-07,16.81000,2.15546e-07,16.81000,0.000114286,16.81000,0.000114286,16.81000,0.000111608
16.82000,2.23574e-07,16.82000,0,16.82000,0,16.82000,0,16.82000,8.94317e-08,16.82000,0,16.82000,0.000114286,16.82000,0,16.82000,0,16.82000,0.000114286,16.82000,0.4,16.82000,1,16.82000,0,16.82000,0.4,16.82000,0,16.82000,5.01232,16.82000,0,16.82000,511.178,16.82000,0,16.82000,0.4,16.82000,0,16.82000,1400,16.82000,2.23574e-07,16.82000,2.23574e-07,16.82000,2.15627e-07,16.82000,0.000114286,16.82000,0.000114286,16.82000,0.00011166
16.83000,2.23574e-07,16.83000,0,16.83000,0,16.83000,0,16.83000,8.94317e-08,16.83000,0,16.83000,0.000114286,16.83000,0,16.83000,0,16.83000,0.000114286,16.83000,0.4,16.83000,1,16.83000,0,16.83000,0.4,16.83000,0,16.83000,5.01232,16.83000,0,16.83000,511.178,16.83000,0,16.83000,0.4,16.83000,0,16.83000,1400,16.83000,2.23574e-07,16.83000,2.23574e-07,16.83000,2.15709e-07,16.83000,0.000114286,16.83000,0.000114286,16.83000,0.000111712
16.84000,2.23574e-07,16.84000,0,16.84000,0,16.84000,0,16.84000,8.94317e-08,16.84000,0,16.84000,0.000114286,16.84000,0,16.84000,0,16.84000,0.000114286,16.84000,0.4,16.84000,1,16.84000,0,16.84000,0.4,16.84000,0,16.84000,5.01232,16.84000,0,16.84000,511.178,16.84000,0,16.84000,0.4,16.84000,0,16.84000,1400,16.84000,2.23574e-07,16.84000,2.23574e-07,16.84000,2.15791e-07,16.84000,0.000114286,16.84000,0.000114286,16.84000,0.000111764
16.85000,2.23574e-07,16.85000,0,16.85000,0,16.85000,0,16.85000,8.94317e-08,16.85000,0,16.85000,0.000114286,16.85000,0,16.85000,0,16.85000,0.000114286,16.85000,0.4,16.85000,1,16.85000,0,16.85000,0.4,16.85000,0,16.85000,5.01232,16.85000,0,16.85000,511.178,16.85000,0,16.85000,0.4,16.85000,0,16.85000,1400,16.85000,2.23574e-07,16.85000,2.23574e-07,16.85000,2.15873e-07,16.85000,0.000114286,16.85000,0.000114286,16.85000,0.000111816
16.86000,2.23574e-07,16.86000,0,16.86000,0,16.86000,0,16.86000,8.94317e-08,16.86000,0,16.86000,0.000114286,16.86000,0,16.86000,0,16.86000,0.000114286,16.86000,0.4,16.86000,1,16.86000,0,16.86000,0.4,16.86000,0,16.86000,5.01232,16.86000,0,16.86000,511.178,16.86000,0,16.86000,0.4,16.86000,0,16.86000,1400,16.86000,2.23574e-07,16.86000,2.23574e-07,16.86000,2.15955e-07,16.86000,0.000114286,16.86000,0.000114286,16.86000,0.000111868
16.87000,2.23574e-07,16.87000,0,16.87000,0,16.87000,0,16.87000,8.94317e-08,16.87000,0,16.87000,0.000114286,16.87000,0,16.87000,0,16.87000,0.000114286,16.87000,0.4,16.87000,1,16.87000,0,16.87000,0.4,16.87000,0,16.87000,5.01232,16.87000,0,16.87000,511.178,16.87000,0,16.87000,0.4,16.87000,0,16.87000,1400,16.87000,2.23574e-07,16.87000,2.23574e-07,16.87000,2.16037e-07,16.87000,0.000114286,16.87000,0.000114286,16.87000,0.000111919
16.88000,2.23574e-07,16.88000,0,16.88000,0,16.88000,0,16.88000,8.94317e-08,16.88000,0,16.88000,0.000114286,16.88000,0,16.88000,0,16.88000,0.000114286,16.88000,0.4,16.88000,1,16.88000,0,16.88000,0.4,16.88000,0,16.88000,5.01232,16.88000,0,16.88000,511.178,16.88000,0,16.88000,0.4,16.88000,0,16.88000,1400,16.88000,2.23574e-07,16.88000,2.23574e-07,16.88000,2.16118e-07,16.88000,0.000114286,16.88000,0.000114286,16.88000,0.000111971
16.89000,2.23574e-07,16.89000,0,16.89000,0,16.89000,0,16.89000,8.94317e-08,16.89000,0,16.89000,0.000114286,16.89000,0,16.89000,0,16.89000,0.000114286,16.89000,0.4,16.89000,1,16.89000,0,16.89000,0.4,16.89000,0,16.89000,5.01232,16.89000,0,16.89000,511.178,16.89000,0,16.89000,0.4,16.89000,0,16.89000,1400,16.89000,2.23574e-07,16.89000,2.23574e-07,16.89000,2.162e-07,16.89000,0.000114286,16.89000,0.000114286,16.89000,0.000112023
16.90000,2.23574e-07,16.90000,0,16.90000,0,16.90000,0,16.90000,8.94317e-08,16.90000,0,16.90000,0.000114286,16.90000,0,16.90000,0,16.90000,0.000114286,16.90000,0.4,16.90000,1,16.90000,0,16.90000,0.4,16.90000,0,16.90000,5.01232,16.90000,0,16.90000,511.178,16.90000,0,16.90000,0.4,16.90000,0,16.90000,1400,16.90000,2.23574e-07,16.90000,2.23574e-07,16.90000,2.16282e-07,16.90000,0.000114286,16.90000,0.000114286,16.90000,0.000112075
16.91000,2.23574e-07,16.91000,0,16.91000,0,16.91000,0,16.91000,8.94317e-08,16.91000,0,16.91000,0.000114286,16.91000,0,16.91000,0,16.91000,0.000114286,16.91000,0.4,16.91000,1,16.91000,0,16.91000,0.4,16.91000,0,16.91000,5.01232,16.91000,0,16.91000,511.178,16.91000,0,16.91000,0.4,16.91000,0,16.91000,1400,16.91000,2.23574e-07,16.91000,2.23574e-07,16.91000,2.16364e-07,16.91000,0.000114286,16.91000,0.000114286,16.91000,0.000112127
16.92000,2.23574e-07,16.92000,0,16.92000,0,16.92000,0,16.92000,8.94317e-08,16.92000,0,16.92000,0.000114286,16.92000,0,16.92000,0,16.92000,0.000114286,16.92000,0.4,16.92000,1,16.92000,0,16.92000,0.4,16.92000,0,16.92000,5.01232,16.92000,0,16.92000,511.178,16.92000,0,16.92000,0.4,16.92000,0,16.92000,1400,16.92000,2.23574e-07,16.92000,2.23574e-07,16.92000,2.16446e-07,16.92000,0.000114286,16.92000,0.000114286,16.92000,0.000112179
16.93000,2.23574e-07,16.93000,0,16.93000,0,16.93000,0,16.93000,8.94317e-08,16.93000,0,16.93000,0.000114286,16.93000,0,16.93000,0,16.93000,0.000114286,16.93000,0.4,16.93000,1,16.93000,0,16.93000,0.4,16.93000,0,16.93000,5.01232,16.93000,0,16.93000,511.178,16.93000,0,16.93000,0.4,16.93000,0,16.93000,1400,16.93000,2.23574e-07,16.93000,2.23574e-07,16.93000,2.16528e-07,16.93000,0.000114286,16.93000,0.000114286,16.93000,0.000112231
16.94000,2.23574e-07,16.94000,0,16.94000,0,16.94000,0,16.94000,8.94317e-08,16.94000,0,16.94000,0.000114286,16.94000,0,16.94000,0,16.94000,0.000114286,16.94000,0.4,16.94000,1,16.94000,0,16.94000,0.4,16.94000,0,16.94000,5.01232,16.94000,0,16.94000,511.178,16.94000,0,16.94000,0.4,16.94000,0,16.94000,1400,16.94000,2.23574e-07,16.94000,2.23574e-07,16.94000,2.1661e-07,16.94000,0.000114286,16.94000,0.000114286,16.94000,0.000112283
16.95000,2.23574e-07,16.95000,0,16.95000,0,16.95000,0,16.95000,8.94317e-08,16.95000,0,16.95000,0.000114286,16.95000,0,16.95000,0,16.95000,0.000114286,16.95000,0.4,16.95000,1,16.95000,0,16.95000,0.4,16.95000,0,16.95000,5.01232,16.95000,0,16.95000,511.178,16.95000,0,16.95000,0.4,16.95000,0,16.95000,1400,16.95000,2.23574e-07,16.95000,2.23574e-07,16.95000,2.16691e-07,16.95000,0.000114286,16.95000,0.000114286,16.95000,0.000112335
16.96000,2.23574e-07,16.96000,0,16.96000,0,16.96000,0,16.96000,8.94317e-08,16.96000,0,16.96000,0.000114286,16.96000,0,16.96000,0,16.96000,0.000114286,16.96000,0.4,16.96000,1,16.96000,0,16.96000,0.4,16.96000,0,16.96000,5.01232,16.96000,0,16.96000,511.178,16.96000,0,16.96000,0.4,16.96000,0,16.96000,1400,16.96000,2.23574e-07,16.96000,2.23574e-07,16.96000,2.16773e-07,16.96000,0.000114286,16.96000,0.000114286,16.96000,0.000112387
16.97000,2.23574e-07,16.97000,0,16.97000,0,16.97000,0,16.97000,8.94317e-08,16.97000,0,16.97000,0.000114286,16.97000,0,16.97000,0,16.97000,0.000114286,16.97000,0.4,16.97000,1,16.97000,0,16.97000,0.4,16.97000,0,16.97000,5.01232,16.97000,0,16.97000,511.178,16.97000,0,16.97000,0.4,16.97000,0,16.97000,1400,16.97000,2.23574e-07,16.97000,2.23574e-07,16.97000,2.16855e-07,16.97000,0.000114286,16.97000,0.000114286,16.97000,0.000112439
16.98000,2.23574e-07,16.98000,0,16.98000,0,16.98000,0,16.98000,8.94317e-08,16.98000,0,16.98000,0.000114286,16.98000,0,16.98000,0,16.98000,0.000114286,16.98000,0.4,16.98000,1,16.98000,0,16.98000,0.4,16.98000,0,16.98000,5.01232,16.98000,0,16.98000,511.178,16.98000,0,16.98000,0.4,16.98000,0,16.98000,1400,16.98000,2.23574e-07,16.98000,2.23574e-07,16.98000,2.16937e-07,16.98000,0.000114286,16.98000,0.000114286,16.98000,0.000112491
16.99000,2.23574e-07,16.99000,0,16.99000,0,16.99000,0,16.99000,8.94317e-08,16.99000,0,16.99000,0.000114286,16.99000,0,16.99000,0,16.99000,0.000114286,16.99000,0.4,16.99000,1,16.99000,0,16.99000,0.4,16.99000,0,16.99000,5.01232,16.99000,0,16.99000,511.178,16.99000,0,16.99000,0.4,16.99000,0,16.99000,1400,16.99000,2.23574e-07,16.99000,2.23574e-07,16.99000,2.17019e-07,16.99000,0.000114286,16.99000,0.000114286,16.99000,0.000112543
17.00000,2.23574e-07,17.00000,0,17.00000,0,17.00000,0,17.00000,8.94317e-08,17.00000,0,17.00000,0.000114286,17.00000,0,17.00000,0,17.00000,0.000114286,17.00000,0.4,17.00000,1,17.00000,0,17.00000,0.4,17.00000,0,17.00000,5.01232,17.00000,0,17.00000,511.178,17.00000,0,17.00000,0.4,17.00000,0,17.00000,1400,17.00000,2.23574e-07,17.00000,2.23574e-07,17.00000,2.17101e-07,17.00000,0.000114286,17.00000,0.000114286,17.00000,0.000112595
17.01000,2.23574e-07,17.01000,0,17.01000,0,17.01000,0,17.01000,8.94317e-08,17.01000,0,17.01000,0.000114286,17.01000,0,17.01000,0,17.01000,0.000114286,17.01000,0.4,17.01000,1,17.01000,0,17.01000,0.4,17.01000,0,17.01000,5.01232,17.01000,0,17.01000,511.178,17.01000,0,17.01000,0.4,17.01000,0,17.01000,1400,17.01000,2.23574e-07,17.01000,2.23574e-07,17.01000,2.17183e-07,17.01000,0.000114286,17.01000,0.000114286,17.01000,0.000112647
17.02000,2.23574e-07,17.02000,0,17.02000,0,17.02000,0,17.02000,8.94317e-08,17.02000,0,17.02000,0.000114286,17.02000,0,17.02000,0,17.02000,0.000114286,17.02000,0.4,17.02000,1,17.02000,0,17.02000,0.4,17.02000,0,17.02000,5.01232,17.02000,0,17.02000,511.178,17.02000,0,17.02000,0.4,17.02000,0,17.02000,1400,17.02000,2.23574e-07,17.02000,2.23574e-07,17.02000,2.17264e-07,17.02000,0.000114286,17.02000,0.000114286,17.02000,0.000112699
17.03000,2.23574e-07,17.03000,0,17.03000,0,17.03000,0,17.03000,8.94317e-08,17.03000,0,17.03000,0.000114286,17.03000,0,17.03000,0,17.03000,0.000114286,17.03000,0.4,17.03000,1,17.03000,0,17.03000,0.4,17.03000,0,17.03000,5.01232,17.03000,0,17.03000,511.178,17.03000,0,17.03000,0.4,17.03000,0,17.03000,1400,17.03000,2.23574e-07,17.03000,2.23574e-07,17.03000,2.17346e-07,17.03000,0.000114286,17.03000,0.000114286,17.03000,0.000112751
17.04000,2.23574e-07,17.04000,0,17.04000,0,17.04000,0,17.04000,8.94317e-08,17.04000,0,17.04000,0.000114286,17.04000,0,17.04000,0,17.04000,0.000114286,17.04000,0.4,17.04000,1,17.04000,0,17.04000,0.4,17.04000,0,17.04000,5.01232,17.04000,0,17.04000,511.178,17.04000,0,17.04000,0.4,17.04000,0,17.04000,1400,17.04000,2.23574e-07,17.04000,2.23574e-07,17.04000,2.17428e-07,17.04000,0.000114286,17.04000,0.000114286,17.04000,0.000112803
17.05000,2.23574e-07,17.05000,0,17.05000,0,17.05000,0,17.05000,8.94317e-08,17.05000,0,17.05000,0.000114286,17.05000,0,17.05000,0,17.05000,0.000114286,17.05000,0.4,17.05000,1,17.05000,0,17.05000,0.4,17.05000,0,17.05000,5.01232,17.05000,0,17.05000,511.178,17.05000,0,17.05000,0.4,17.05000,0,17.05000,1400,17.05000,2.23574e-07,17.05000,2.23574e-07,17.05000,2.1751e-07,17.05000,0.000114286,17.05000,0.000114286,17.05000,0.000112855
17.06000,2.23574e-07,17.06000,0,17.06000,0,17.06000,0,17.06000,8.94317e-08,17.06000,0,17.06000,0.000114286,17.06000,0,17.06000,0,17.06000,0.000114286,17.06000,0.4,17.06000,1,17.06000,0,17.06000,0.4,17.06000,0,17.06000,5.01232,17.06000,0,17.06000,511.178,17.06000,0,17.06000,0.4,17.06000,0,17.06000,1400,17.06000,2.23574e-07,17.06000,2.23574e-07,17.06000,2.17592e-07,17.06000,0.000114286,17.06000,0.000114286,17.06000,0.000112907
17.07000,2.23574e-07,17.07000,0,17.07000,0,17.07000,0,17.07000,8.94317e-08,17.07000,0,17.07000,0.000114286,17.07000,0,17.07000,0,17.07000,0.000114286,17.07000,0.4,17.07000,1,17.07000,0,17.07000,0.4,17.07000,0,17.07000,5.01232,17.07000,0,17.07000,511.178,17.07000,0,17.07000,0.4,17.07000,0,17.07000,1400,17.07000,2.23574e-07,17.07000,2.23574e-07,17.07000,2.17674e-07,17.07000,0.000114286,17.07000,0.000114286,17.07000,0.000112959
17.08000,2.23574e-07,17.08000,0,17.08000,0,17.08000,0,17.08000,8.94317e-08,17.08000,0,17.08000,0.000114286,17.08000,0,17.08000,0,17.08000,0.000114286,17.08000,0.4,17.08000,1,17.08000,0,17.08000,0.4,17.08000,0,17.08000,5.01232,17.08000,0,17.08000,511.178,17.08000,0,17.08000,0.4,17.08000,0,17.08000,1400,17.08000,2.23574e-07,17.08000,2.23574e-07,17.08000,2.17755e-07,17.08000,0.000114286,17.08000,0.000114286,17.08000,0.000113011
17.09000,2.23574e-07,17.09000,0,17.09000,0,17.09000,0,17.09000,8.94317e-08,17.09000,0,17.09000,0.000114286,17.09000,0,17.09000,0,17.09000,0.000114286,17.09000,0.4,17.09000,1,17.09000,0,17.09000,0.4,17.09000,0,17.09000,5.01232,17.09000,0,17.09000,511.178,17.09000,0,17.09000,0.4,17.09000,0,17.09000,1400,17.09000,2.23574e-07,17.09000,2.23574e-07,17.09000,2.17837e-07,17.09000,0.000114286,17.09000,0.000114286,17.09000,0.000113063
17.10000,2.23574e-07,17.10000,0,17.10000,0,17.10000,0,17.10000,8.94317e-08,17.10000,0,17.10000,0.000114286,17.10000,0,17.10000,0,17.10000,0.000114286,17.10000,0.4,17.10000,1,17.10000,0,17.10000,0.4,17.10000,0,17.10000,5.01232,17.10000,0,17.10000,511.178,17.10000,0,17.10000,0.4,17.10000,0,17.10000,1400,17.10000,2.23574e-07,17.10000,2.23574e-07,17.10000,2.17919e-07,17.10000,0.000114286,17.10000,0.000114286,17.10000,0.000113115
17.11000,2.23574e-07,17.11000,0,17.11000,0,17.11000,0,17.11000,8.94317e-08,17.11000,0,17.11000,0.000114286,17.11000,0,17.11000,0,17.11000,0.000114286,17.11000,0.4,17.11000,1,17.11000,0,17.11000,0.4,17.11000,0,17.11000,5.01232,17.11000,0,17.11000,511.178,17.11000,0,17.11000,0.4,17.11000,0,17.11000,1400,17.11000,2.23574e-07,17.11000,2.23574e-07,17.11000,2.18001e-07,17.11000,0.000114286,17.11000,0.000114286,17.11000,0.000113167
17.12000,2.23574e-07,17.12000,0,17.12000,0,17.12000,0,17.12000,8.94317e-08,17.12000,0,17.12000,0.000114286,17.12000,0,17.12000,0,17.12000,0.000114286,17.12000,0.4,17.12000,1,17.12000,0,17.12000,0.4,17.12000,0,17.12000,5.01232,17.12000,0,17.12000,511.178,17.12000,0,17.12000,0.4,17.12000,0,17.12000,1400,17.12000,2.23574e-07,17.12000,2.23574e-07,17.12000,2.18083e-07,17.12000,0.000114286,17.12000,0.000114286,17.12000,0.000113219
17.13000,2.23574e-07,17.13000,0,17.13000,0,17.13000,0,17.13000,8.94317e-08,17.13000,0,17.13000,0.000114286,17.13000,0,17.13000,0,17.13000,0.000114286,17.13000,0.4,17.13000,1,17.13000,0,17.13000,0.4,17.13000,0,17.13000,5.01232,17.13000,0,17.13000,511.178,17.13000,0,17.13000,0.4,17.13000,0,17.13000,1400,17.13000,2.23574e-07,17.13000,2.23574e-07,17.13000,2.18165e-07,17.13000,0.000114286,17.13000,0.000114286,17.13000,0.000113271
17.14000,2.23574e-07,17.14000,0,17.14000,0,17.14000,0,17.14000,8.94317e-08,17.14000,0,17.14000,0.000114286,17.14000,0,17.14000,0,17.14000,0.000114286,17.14000,0.4,17.14000,1,17.14000,0,17.14000,0.4,17.14000,0,17.14000,5.01232,17.14000,0,17.14000,511.178,17.14000,0,17.14000,0.4,17.14000,0,17.14000,1400,17.14000,2.23574e-07,17.14000,2.23574e-07,17.14000,2.18247e-07,17.14000,0.000114286,17.14000,0.000114286,17.14000,0.000113323
17.15000,2.23574e-07,17.15000,0,17.15000,0,17.15000,0,17.15000,8.94317e-08,17.15000,0,17.15000,0.000114286,17.15000,0,17.15000,0,17.15000,0.000114286,17.15000,0.4,17.15000,1,17.15000,0,17.15000,0.4,17.15000,0,17.15000,5.01232,17.15000,0,17.15000,511.178,17.15000,0,17.15000,0.4,17.15000,0,17.15000,1400,17.15000,2.23574e-07,17.15000,2.23574e-07,17.15000,2.18328e-07,17.15000,0.000114286,17.15000,0.000114286,17.15000,0.000113375
17.16000,2.23574e-07,17.16000,0,17.16000,0,17.16000,0,17.16000,8.94317e-08,17.16000,0,17.16000,0.000114286,17.16000,0,17.16000,0,17.16000,0.000114286,17.16000,0.4,17.16000,1,17.16000,0,17.16000,0.4,17.16000,0,17.16000,5.01232,17.16000,0,17.16000,511.178,17.16000,0,17.16000,0.4,17.16000,0,17.16000,1400,17.16000,2.23574e-07,17.16000,2.23574e-07,17.16000,2.1841e-07,17.16000,0.000114286,17.16000,0.000114286,17.16000,0.000113427
17.17000,2.23574e-07,17.17000,0,17.17000,0,17.17000,0,17.17000,8.94317e-08,17.17000,0,17.17000,0.000114286,17.17000,0,17.17000,0,17.17000,0.000114286,17.17000,0.4,17.17000,1,17.17000,0,17.17000,0.4,17.17000,0,17.17000,5.01232,17.17000,0,17.17000,511.178,17.17000,0,17.17000,0.4,17.17000,0,17.17000,1400,17.17000,2.23574e-07,17.17000,2.23574e-07,17.17000,2.18492e-07,17.17000,0.000114286,17.17000,0.000114286,17.17000,0.000113479
17.18000,2.23574e-07,17.18000,0,17.18000,0,17.18000,0,17.18000,8.94317e-08,17.18000,0,17.18000,0.000114286,17.18000,0,17.18000,0,17.18000,0.000114286,17.18000,0.4,17.18000,1,17.18000,0,17.18000,0.4,17.18000,0,17.18000,5.01232,17.18000,0,17.18000,511.178,17.18000,0,17.18000,0.4,17.18000,0,17.18000,1400,17.18000,2.23574e-07,17.18000,2.23574e-07,17.18000,2.18574e-07,17.18000,0.000114286,17.18000,0.000114286,17.18000,0.000113531
17.19000,2.23574e-07,17.19000,0,17.19000,0,17.19000,0,17.19000,8.94317e-08,17.19000,0,17.19000,0.000114286,17.19000,0,17.19000,0,17.19000,0.000114286,17.19000,0.4,17.19000,1,17.19000,0,17.19000,0.4,17.19000,0,17.19000,5.01232,17.19000,0,17.19000,511.178,17.19000,0,17.19000,0.4,17.19000,0,17.19000,1400,17.19000,2.23574e-07,17.19000,2.23574e-07,17.19000,2.18656e-07,17.19000,0.000114286,17.19000,0.000114286,17.19000,0.000113583
17.20000,2.23574e-07,17.20000,0,17.20000,0,17.20000,0,17.20000,8.94317e-08,17.20000,0,17.20000,0.000114286,17.20000,0,17.20000,0,17.20000,0.000114286,17.20000,0.4,17.20000,1,17.20000,0,17.20000,0.4,17.20000,0,17.20000,5.01232,17.20000,0,17.20000,511.178,17.20000,0,17.20000,0.4,17.20000,0,17.20000,1400,17.20000,2.23574e-07,17.20000,2.23574e-07,17.20000,2.18738e-07,17.20000,0.000114286,17.20000,0.000114286,17.20000,0.000113635
17.21000,2.23574e-07,17.21000,0,17.21000,0,17.21000,0,17.21000,8.94317e-08,17.21000,0,17.21000,0.000114286,17.21000,0,17.21000,0,17.21000,0.000114286,17.21000,0.4,17.21000,1,17.21000,0,17.21000,0.4,17.21000,0,17.21000,5.01232,17.21000,0,17.21000,511.178,17.21000,0,17.21000,0.4,17.21000,0,17.21000,1400,17.21000,2.23574e-07,17.21000,2.23574e-07,17.21000,2.1882e-07,17.21000,0.000114286,17.21000,0.000114286,17.21000,0.000113687
17.22000,2.23574e-07,17.22000,0,17.22000,0,17.22000,0,17.22000,8.94317e-08,17.22000,0,17.22000,0.000114286,17.22000,0,17.22000,0,17.22000,0.000114286,17.22000,0.4,17.22000,1,17.22000,0,17.22000,0.4,17.22000,0,17.22000,5.01232,17.22000,0,17.22000,511.178,17.22000,0,17.22000,0.4,17.22000,0,17.22000,1400,17.22000,2.23574e-07,17.22000,2.23574e-07,17.22000,2.18901e-07,17.22000,0.000114286,17.22000,0.000114286,17.22000,0.000113739
17.23000,2.23574e-07,17.23000,0,17.23000,0,17.23000,0,17.23000,8.94317e-08,17.23000,0,17.23000,0.000114286,17.23000,0,17.23000,0,17.23000,0.000114286,17.23000,0.4,17.23000,1,17.23000,0,17.23000,0.4,17.23000,0,17.23000,5.01232,17.23000,0,17.23000,511.178,17.23000,0,17.23000,0.4,17.23000,0,17.23000,1400,17.23000,2.23574e-07,17.23000,2.23574e-07,17.23000,2.18983e-07,17.23000,0.000114286,17.23000,0.000114286,17.23000,0.000113791
17.24000,2.23574e-07,17.24000,0,17.24000,0,17.24000,0,17.24000,8.94317e-08,17.24000,0,17.24000,0.000114286,17.24000,0,17.24000,0,17.24000,0.000114286,17.24000,0.4,17.24000,1,17.24000,0,17.24000,0.4,17.24000,0,17.24000,5.01232,17.24000,0,17.24000,511.178,17.24000,0,17.24000,0.4,17.24000,0,17.24000,1400,17.24000,2.23574e-07,17.24000,2.23574e-07,17.24000,2.19065e-07,17.24000,0.000114286,17.24000,0.000114286,17.24000,0.000113843
17.25000,2.23574e-07,17.25000,0,17.25000,0,17.25000,0,17.25000,8.94317e-08,17.25000,0,17.25000,0.000114286,17.25000,0,17.25000,0,17.25000,0.000114286,17.25000,0.4,17.25000,1,17.25000,0,17.25000,0.4,17.25000,0,17.25000,5.01232,17.25000,0,17.25000,511.178,17.25000,0,17.25000,0.4,17.25000,0,17.25000,1400,17.25000,2.23574e-07,17.25000,2.23574e-07,17.25000,2.19147e-07,17.25000,0.000114286,17.25000,0.000114286,17.25000,0.000113895
17.26000,2.23574e-07,17.26000,0,17.26000,0,17.26000,0,17.26000,8.94317e-08,17.26000,0,17.26000,0.000114286,17.26000,0,17.26000,0,17.26000,0.000114286,17.26000,0.4,17.26000,1,17.26000,0,17.26000,0.4,17.26000,0,17.26000,5.01232,17.26000,0,17.26000,511.178,17.26000,0,17.26000,0.4,17.26000,0,17.26000,1400,17.26000,2.23574e-07,17.26000,2.23574e-07,17.26000,2.19229e-07,17.26000,0.000114286,17.26000,0.000114286,17.26000,0.000113947
17.27000,2.23574e-07,17.27000,0,17.27000,0,17.27000,0,17.27000,8.94317e-08,17.27000,0,17.27000,0.000114286,17.27000,0,17.27000,0,17.27000,0.000114286,17.27000,0.4,17.27000,1,17.27000,0,17.27000,0.4,17.27000,0,17.27000,5.01232,17.27000,0,17.27000,511.178,17.27000,0,17.27000,0.4,17.27000,0,17.27000,1400,17.27000,2.23574e-07,17.27000,2.23574e-07,17.27000,2.19311e-07,17.27000,0.000114286,17.27000,0.000114286,17.27000,0.000113999
17.28000,2.23574e-07,17.28000,0,17.28000,0,17.28000,0,17.28000,8.94317e-08,17.28000,0,17.28000,0.000114286,17.28000,0,17.28000,0,17.28000,0.000114286,17.28000,0.4,17.28000,1,17.28000,0,17.28000,0.4,17.28000,0,17.28000,5.01232,17.28000,0,17.28000,511.178,17.28000,0,17.28000,0.4,17.28000,0,17.28000,1400,17.28000,2.23574e-07,17.28000,2.23574e-07,17.28000,2.19392e-07,17.28000,0.000114286,17.28000,0.000114286,17.28000,0.000114051
17.29000,2.23574e-07,17.29000,0,17.29000,0,17.29000,0,17.29000,8.94317e-08,17.29000,0,17.29000,0.000114286,17.29000,0,17.29000,0,17.29000,0.000114286,17.29000,0.4,17.29000,1,17.29000,0,17.29000,0.4,17.29000,0,17.29000,5.01232,17.29000,0,17.29000,511.178,17.29000,0,17.29000,0.4,17.29000,0,17.29000,1400,17.29000,2.23574e-07,17.29000,2.23574e-07,17.29000,2.19474e-07,17.29000,0.000114286,17.29000,0.000114286,17.29000,0.000114103
17.30000,2.23574e-07,17.30000,0,17.30000,0,17.30000,0,17.30000,8.94317e-08,17.30000,0,17.30000,0.000114286,17.30000,0,17.30000,0,17.30000,0.000114286,17.30000,0.4,17.30000,1,17.30000,0,17.30000,0.4,17.30000,0,17.30000,5.01232,17.30000,0,17.30000,511.178,17.30000,0,17.30000,0.4,17.30000,0,17.30000,1400,17.30000,2.23574e-07,17.30000,2.23574e-07,17.30000,2.19556e-07,17.30000,0.000114286,17.30000,0.000114286,17.30000,0.000114155
17.31000,2.23574e-07,17.31000,0,17.31000,0,17.31000,0,17.31000,8.94317e-08,17.31000,0,17.31000,0.000114286,17.31000,0,17.31000,0,17.31000,0.000114286,17.31000,0.4,17.31000,1,17.31000,0,17.31000,0.4,17.31000,0,17.31000,5.01232,17.31000,0,17.31000,511.178,17.31000,0,17.31000,0.4,17.31000,0,17.31000,1400,17.31000,2.23574e-07,17.31000,2.23574e-07,17.31000,2.19638e-07,17.31000,0.000114286,17.31000,0.000114286,17.31000,0.000114207
17.32000,2.23574e-07,17.32000,0,17.32000,0,17.32000,0,17.32000,8.94317e-08,17.32000,0,17.32000,0.000114286,17.32000,0,17.32000,0,17.32000,0.000114286,17.32000,0.4,17.32000,1,17.32000,0,17.32000,0.4,17.32000,0,17.32000,5.01232,17.32000,0,17.32000,511.178,17.32000,0,17.32000,0.4,17.32000,0,17.32000,1400,17.32000,2.23574e-07,17.32000,2.23574e-07,17.32000,2.1972e-07,17.32000,0.000114286,17.32000,0.000114286,17.32000,0.000114259
17.33000,2.23574e-07,17.33000,0,17.33000,0,17.33000,0,17.33000,8.94317e-08,17.33000,0,17.33000,0.000114286,17.33000,0,17.33000,0,17.33000,0.000114286,17.33000,0.4,17.33000,1,17.33000,0,17.33000,0.4,17.33000,0,17.33000,5.01232,17.33000,0,17.33000,511.178,17.33000,0,17.33000,0.4,17.33000,0,17.33000,1400,17.33000,2.23574e-07,17.33000,2.23574e-07,17.33000,2.19802e-07,17.33000,0.000114286,17.33000,0.000114286,17.33000,0.000114311
17.34000,2.23574e-07,17.34000,0,17.34000,0,17.34000,0,17.34000,8.94317e-08,17.34000,0,17.34000,0.000114286,17.34000,0,17.34000,0,17.34000,0.000114286,17.34000,0.4,17.34000,1,17.34000,0,17.34000,0.4,17.34000,0,17.34000,5.01232,17.34000,0,17.34000,511.178,17.34000,0,17.34000,0.4,17.34000,0,17.34000,1400,17.34000,2.23574e-07,17.34000,2.23574e-07,17.34000,2.19884e-07,17.34000,0.000114286,17.34000,0.000114286,17.34000,0.000114363
17.35000,2.23574e-07,17.35000,0,17.35000,0,17.35000,0,17.35000,8.94317e-08,17.35000,0,17.35000,0.000114286,17.35000,0,17.35000,0,17.35000,0.000114286,17.35000,0.4,17.35000,1,17.35000,0,17.35000,0.4,17.35000,0,17.35000,5.01232,17.35000,0,17.35000,511.178,17.35000,0,17.35000,0.4,17.35000,0,17.35000,1400,17.35000,2.23574e-07,17.35000,2.23574e-07,17.35000,2.19965e-07,17.35000,0.000114286,17.35000,0.000114286,17.35000,0.000114415
17.36000,2.23574e-07,17.36000,0,17.36000,0,17.36000,0,17.36000,8.94317e-08,17.36000,0,17.36000,0.000114286,17.36000,0,17.36000,0,17.36000,0.000114286,17.36000,0.4,17.36000,1,17.36000,0,17.36000,0.4,17.36000,0,17.36000,5.01232,17.36000,0,17.36000,511.178,17.36000,0,17.36000,0.4,17.36000,0,17.36000,1400,17.36000,2.23574e-07,17.36000,2.23574e-07,17.36000,2.20047e-07,17.36000,0.000114286,17.36000,0.000114286,17.36000,0.000114467
17.37000,2.23574e-07,17.37000,0,17.37000,0,17.37000,0,17.37000,8.94317e-08,17.37000,0,17.37000,0.000114286,17.37000,0,17.37000,0,17.37000,0.000114286,17.37000,0.4,17.37000,1,17.37000,0,17.37000,0.4,17.37000,0,17.37000,5.01232,17.37000,0,17.37000,511.178,17.37000,0,17.37000,0.4,17.37000,0,17.37000,1400,17.37000,2.23574e-07,17.37000,2.23574e-07,17.37000,2.20129e-07,17.37000,0.000114286,17.37000,0.000114286,17.37000,0.000114519
17.38000,2.23574e-07,17.38000,0,17.38000,0,17.38000,0,17.38000,8.94317e-08,17.38000,0,17.38000,0.000114286,17.38000,0,17.38000,0,17.38000,0.000114286,17.38000,0.4,17.38000,1,17.38000,0,17.38000,0.4,17.38000,0,17.38000,5.01232,17.38000,0,17.38000,511.178,17.38000,0,17.38000,0.4,17.38000,0,17.38000,1400,17.38000,2.23574e-07,17.38000,2.23574e-07,17.38000,2.20211e-07,17.38000,0.000114286,17.38000,0.000114286,17.38000,0.000114571
17.39000,2.23574e-07,17.39000,0,17.39000,0,17.39000,0,17.39000,8.94317e-08,17.39000,0,17.39000,0.000114286,17.39000,0,17.39000,0,17.39000,0.000114286,17.39000,0.4,17.39000,1,17.39000,0,17.39000,0.4,17.39000,0,17.39000,5.01232,17.39000,0,17.39000,511.178,17.39000,0,17.39000,0.4,17.39000,0,17.39000,1400,17.39000,2.23574e-07,17.39000,2.23574e-07,17.39000,2.20293e-07,17.39000,0.000114286,17.39000,0.000114286,17.39000,0.000114623
17.40000,2.23574e-07,17.40000,0,17.40000,0,17.40000,0,17.40000,8.94317e-08,17.40000,0,17.40000,0.000114286,17.40000,0,17.40000,0,17.40000,0.000114286,17.40000,0.4,17.40000,1,17.40000,0,17.40000,0.4,17.40000,0,17.40000,5.01232,17.40000,0,17.40000,511.178,17.40000,0,17.40000,0.4,17.40000,0,17.40000,1400,17.40000,2.23574e-07,17.40000,2.23574e-07,17.40000,2.20375e-07,17.40000,0.000114286,17.40000,0.000114286,17.40000,0.000114675
17.41000,2.23574e-07,17.41000,0,17.41000,0,17.41000,0,17.41000,8.94317e-08,17.41000,0,17.41000,0.000114286,17.41000,0,17.41000,0,17.41000,0.000114286,17.41000,0.4,17.41000,1,17.41000,0,17.41000,0.4,17.41000,0,17.41000,5.01232,17.41000,0,17.41000,511.178,17.41000,0,17.41000,0.4,17.41000,0,17.41000,1400,17.41000,2.23574e-07,17.41000,2.23574e-07,17.41000,2.20456e-07,17.41000,0.000114286,17.41000,0.000114286,17.41000,0.000114727
17.42000,2.23574e-07,17.42000,0,17.42000,0,17.42000,0,17.42000,8.94317e-08,17.42000,0,17.42000,0.000114286,17.42000,0,17.42000,0,17.42000,0.000114286,17.42000,0.4,17.42000,1,17.42000,0,17.42000,0.4,17.42000,0,17.42000,5.01232,17.42000,0,17.42000,511.178,17.42000,0,17.42000,0.4,17.42000,0,17.42000,1400,17.42000,2.23574e-07,17.42000,2.23574e-07,17.42000,2.20538e-07,17.42000,0.000114286,17.42000,0.000114286,17.42000,0.000114779
17.43000,2.23574e-07,17.43000,0,17.43000,0,17.43000,0,17.43000,8.94317e-08,17.43000,0,17.43000,0.000114286,17.43000,0,17.43000,0,17.43000,0.000114286,17.43000,0.4,17.43000,1,17.43000,0,17.43000,0.4,17.43000,0,17.43000,5.01232,17.43000,0,17.43000,511.178,17.43000,0,17.43000,0.4,17.43000,0,17.43000,1400,17.43000,2.23574e-07,17.43000,2.23574e-07,17.43000,2.2062e-07,17.43000,0.000114286,17.43000,0.000114286,17.43000,0.000114831
17.44000,2.23574e-07,17.44000,0,17.44000,0,17.44000,0,17.44000,8.94317e-08,17.44000,0,17.44000,0.000114286,17.44000,0,17.44000,0,17.44000,0.000114286,17.44000,0.4,17.44000,1,17.44000,0,17.44000,0.4,17.44000,0,17.44000,5.01232,17.44000,0,17.44000,511.178,17.44000,0,17.44000,0.4,17.44000,0,17.44000,1400,17.44000,2.23574e-07,17.44000,2.23574e-07,17.44000,2.20702e-07,17.44000,0.000114286,17.44000,0.000114286,17.44000,0.000114883
17.45000,2.23574e-07,17.45000,0,17.45000,0,17.45000,0,17.45000,8.94317e-08,17.45000,0,17.45000,0.000114286,17.45000,0,17.45000,0,17.45000,0.000114286,17.45000,0.4,17.45000,1,17.45000,0,17.45000,0.4,17.45000,0,17.45000,5.01232,17.45000,0,17.45000,511.178,17.45000,0,17.45000,0.4,17.45000,0,17.45000,1400,17.45000,2.23574e-07,17.45000,2.23574e-07,17.45000,2.20765e-07,17.45000,0.000114286,17.45000,0.000114286,17.45000,0.000114922
17.46000,2.23574e-07,17.46000,0,17.46000,0,17.46000,0,17.46000,8.94317e-08,17.46000,0,17.46000,0.000114286,17.46000,0,17.46000,0,17.46000,0.000114286,17.46000,0.4,17.46000,1,17.46000,0,17.46000,0.4,17.46000,0,17.46000,5.01232,17.46000,0,17.46000,511.178,17.46000,0,17.46000,0.4,17.46000,0,17.46000,1400,17.46000,2.23574e-07,17.46000,2.23574e-07,17.46000,2.20819e-07,17.46000,0.000114286,17.46000,0.000114286,17.46000,0.000114955
17.47000,2.23574e-07,17.47000,0,17.47000,0,17.47000,0,17.47000,8.94317e-08,17.47000,0,17.47000,0.000114286,17.47000,0,17.47000,0,17.47000,0.000114286,17.47000,0.4,17.47000,1,17.47000,0,17.47000,0.4,17.47000,0,17.47000,5.01232,17.47000,0,17.47000,511.178,17.47000,0,17.47000,0.4,17.47000,0,17.47000,1400,17.47000,2.23574e-07,17.47000,2.23574e-07,17.47000,2.20873e-07,17.47000,0.000114286,17.47000,0.000114286,17.47000,0.000114987
17.48000,2.23574e-07,17.48000,0,17.48000,0,17.48000,0,17.48000,8.94317e-08,17.48000,0,17.48000,0.000114286,17.48000,0,17.48000,0,17.48000,0.000114286,17.48000,0.4,17.48000,1,17.48000,0,17.48000,0.4,17.48000,0,17.48000,5.01232,17.48000,0,17.48000,511.178,17.48000,0,17.48000,0.4,17.48000,0,17.48000,1400,17.48000,2.23574e-07,17.48000,2.23574e-07,17.48000,2.20927e-07,17.48000,0.000114286,17.48000,0.000114286,17.48000,0.00011502
17.49000,2.23574e-07,17.49000,0,17.49000,0,17.49000,0,17.49000,8.94317e-08,17.49000,0,17.49000,0.000114286,17.49000,0,17.49000,0,17.49000,0.000114286,17.49000,0.4,17.49000,1,17.49000,0,17.49000,0.4,17.49000,0,17.49000,5.01232,17.49000,0,17.49000,511.178,17.49000,0,17.49000,0.4,17.49000,0,17.49000,1400,17.49000,2.23574e-07,17.49000,2.23574e-07,17.49000,2.20981e-07,17.49000,0.000114286,17.49000,0.000114286,17.49000,0.000115053
17.50000,2.23574e-07,17.50000,0,17.50000,0,17.50000,0,17.50000,8.94317e-08,17.50000,0,17.50000,0.000114286,17.50000,0,17.50000,0,17.50000,0.000114286,17.50000,0.4,17.50000,1,17.50000,0,17.50000,0.4,17.50000,0,17.50000,5.01232,17.50000,0,17.50000,511.178,17.50000,0,17.50000,0.4,17.50000,0,17.50000,1400,17.50000,2.23574e-07,17.50000,2.23574e-07,17.50000,2.21035e-07,17.50000,0.000114286,17.50000,0.000114286,17.50000,0.000115086
17.51000,2.23574e-07,17.51000,0,17.51000,0,17.51000,0,17.51000,8.94317e-08,17.51000,0,17.51000,0.000114286,17.51000,0,17.51000,0,17.51000,0.000114286,17.51000,0.4,17.51000,1,17.51000,0,17.51000,0.4,17.51000,0,17.51000,5.01232,17.51000,0,17.51000,511.178,17.51000,0,17.51000,0.4,17.51000,0,17.51000,1400,17.51000,2.23574e-07,17.51000,2.23574e-07,17.51000,2.21089e-07,17.51000,0.000114286,17.51000,0.000114286,17.51000,0.000115119
17.52000,2.23574e-07,17.52000,0,17.52000,0,17.52000,0,17.52000,8.94317e-08,17.52000,0,17.52000,0.000114286,17.52000,0,17.52000,0,17.52000,0.000114286,17.52000,0.4,17.52000,1,17.52000,0,17.52000,0.4,17.52000,0,17.52000,5.01232,17.52000,0,17.52000,511.178,17.52000,0,17.52000,0.4,17.52000,0,17.52000,1400,17.52000,2.23574e-07,17.52000,2.23574e-07,17.52000,2.21143e-07,17.52000,0.000114286,17.52000,0.000114286,17.52000,0.000115152
17.53000,2.23574e-07,17.53000,0,17.53000,0,17.53000,0,17.53000,8.94317e-08,17.53000,0,17.53000,0.000114286,17.53000,0,17.53000,0,17.53000,0.000114286,17.53000,0.4,17.53000,1,17.53000,0,17.53000,0.4,17.53000,0,17.53000,5.01232,17.53000,0,17.53000,511.178,17.53000,0,17.53000,0.4,17.53000,0,17.53000,1400,17.53000,2.23574e-07,17.53000,2.23574e-07,17.53000,2.21197e-07,17.53000,0.000114286,17.53000,0.000114286,17.53000,0.000115185
17.54000,2.23574e-07,17.54000,0,17.54000,0,17.54000,0,17.54000,8.94317e-08,17.54000,0,17.54000,0.000114286,17.54000,0,17.54000,0,17.54000,0.000114286,17.54000,0.4,17.54000,1,17.54000,0,17.54000,0.4,17.54000,0,17.54000,5.01232,17.54000,0,17.54000,511.178,17.54000,0,17.54000,0.4,17.54000,0,17.54000,1400,17.54000,2.23574e-07,17.54000,2.23574e-07,17.54000,2.21251e-07,17.54000,0.000114286,17.54000,0.000114286,17.54000,0.000115218
17.55000,2.23574e-07,17.55000,0,17.55000,0,17.55000,0,17.55000,8.94317e-08,17.55000,0,17.55000,0.000114286,17.55000,0,17.55000,0,17.55000,0.000114286,17.55000,0.4,17.55000,1,17.55000,0,17.55000,0.4,17.55000,0,17.55000,5.01232,17.55000,0,17.55000,511.178,17.55000,0,17.55000,0.4,17.55000,0,17.55000,1400,17.55000,2.23574e-07,17.55000,2.23574e-07,17.55000,2.21306e-07,17.55000,0.000114286,17.55000,0.000114286,17.55000,0.000115251
17.56000,2.23574e-07,17.56000,0,17.56000,0,17.56000,0,17.56000,8.94317e-08,17.56000,0,17.56000,0.000114286,17.56000,0,17.56000,0,17.56000,0.000114286,17.56000,0.4,17.56000,1,17.56000,0,17.56000,0.4,17.56000,0,17.56000,5.01232,17.56000,0,17.56000,511.178,17.56000,0,17.56000,0.4,17.56000,0,17.56000,1400,17.56000,2.23574e-07,17.56000,2.23574e-07,17.56000,2.2136e-07,17.56000,0.000114286,17.56000,0.000114286,17.56000,0.000115283
17.57000,2.23574e-07,17.57000,0,17.57000,0,17.57000,0,17.57000,8.94317e-08,17.57000,0,17.57000,0.000114286,17.57000,0,17.57000,0,17.57000,0.000114286,17.57000,0.4,17.57000,1,17.57000,0,17.57000,0.4,17.57000,0,17.57000,5.01232,17.57000,0,17.57000,511.178,17.57000,0,17.57000,0.4,17.57000,0,17.57000,1400,17.57000,2.23574e-07,17.57000,2.23574e-07,17.57000,2.21414e-07,17.57000,0.000114286,17.57000,0.000114286,17.57000,0.000115316
17.58000,2.23574e-07,17.58000,0,17.58000,0,17.58000,0,17.58000,8.94317e-08,17.58000,0,17.58000,0.000114286,17.58000,0,17.58000,0,17.58000,0.000114286,17.58000,0.4,17.58000,1,17.58000,0,17.58000,0.4,17.58000,0,17.58000,5.01232,17.58000,0,17.58000,511.178,17.58000,0,17.58000,0.4,17.58000,0,17.58000,1400,17.58000,2.23574e-07,17.58000,2.23574e-07,17.58000,2.21468e-07,17.58000,0.000114286,17.58000,0.000114286,17.58000,0.000115349
17.59000,2.23574e-07,17.59000,0,17.59000,0,17.59000,0,17.59000,8.94317e-08,17.59000,0,17.59000,0.000114286,17.59000,0,17.59000,0,17.59000,0.000114286,17.59000,0.4,17.59000,1,17.59000,0,17.59000,0.4,17.59000,0,17.59000,5.01232,17.59000,0,17.59000,511.178,17.59000,0,17.59000,0.4,17.59000,0,17.59000,1400,17.59000,2.23574e-07,17.59000,2.23574e-07,17.59000,2.21522e-07,17.59000,0.000114286,17.59000,0.000114286,17.59000,0.000115382
17.60000,2.23574e-07,17.60000,0,17.60000,0,17.60000,0,17.60000,8.94317e-08,17.60000,0,17.60000,0.000114286,17.60000,0,17.60000,0,17.60000,0.000114286,17.60000,0.4,17.60000,1,17.60000,0,17.60000,0.4,17.60000,0,17.60000,5.01232,17.60000,0,17.60000,511.178,17.60000,0,17.60000,0.4,17.60000,0,17.60000,1400,17.60000,2.23574e-07,17.60000,2.23574e-07,17.60000,2.21576e-07,17.60000,0.000114286,17.60000,0.000114286,17.60000,0.000115415
17.61000,2.23574e-07,17.61000,0,17.61000,0,17.61000,0,17.61000,8.94317e-08,17.61000,0,17.61000,0.000114286,17.61000,0,17.61000,0,17.61000,0.000114286,17.61000,0.4,17.61000,1,17.61000,0,17.61000,0.4,17.61000,0,17.61000,5.01232,17.61000,0,17.61000,511.178,17.61000,0,17.61000,0.4,17.61000,0,17.61000,1400,17.61000,2.23574e-07,17.61000,2.23574e-07,17.61000,2.2163e-07,17.61000,0.000114286,17.61000,0.000114286,17.61000,0.000115448
17.62000,2.23574e-07,17.62000,0,17.62000,0,17.62000,0,17.62000,8.94317e-08,17.62000,0,17.62000,0.000114286,17.62000,0,17.62000,0,17.62000,0.000114286,17.62000,0.4,17.62000,1,17.62000,0,17.62000,0.4,17.62000,0,17.62000,5.01232,17.62000,0,17.62000,511.178,17.62000,0,17.62000,0.4,17.62000,0,17.62000,1400,17.62000,2.23574e-07,17.62000,2.23574e-07,17.62000,2.21684e-07,17.62000,0.000114286,17.62000,0.000114286,17.62000,0.000115481
17.63000,2.23574e-07,17.63000,0,17.63000,0,17.63000,0,17.63000,8.94317e-08,17.63000,0,17.63000,0.000114286,17.63000,0,17.63000,0,17.63000,0.000114286,17.63000,0.4,17.63000,1,17.63000,0,17.63000,0.4,17.63000,0,17.63000,5.01232,17.63000,0,17.63000,511.178,17.63000,0,17.63000,0.4,17.63000,0,17.63000,1400,17.63000,2.23574e-07,17.63000,2.23574e-07,17.63000,2.21738e-07,17.63000,0.000114286,17.63000,0.000114286,17.63000,0.000115514
17.64000,2.23574e-07,17.64000,0,17.64000,0,17.64000,0,17.64000,8.94317e-08,17.64000,0,17.64000,0.000114286,17.64000,0,17.64000,0,17.64000,0.000114286,17.64000,0.4,17.64000,1,17.64000,0,17.64000,0.4,17.64000,0,17.64000,5.01232,17.64000,0,17.64000,511.178,17.64000,0,17.64000,0.4,17.64000,0,17.64000,1400,17.64000,2.23574e-07,17.64000,2.23574e-07,17.64000,2.21792e-07,17.64000,0.000114286,17.64000,0.000114286,17.64000,0.000115547
17.65000,2.23574e-07,17.65000,0,17.65000,0,17.65000,0,17.65000,8.94317e-08,17.65000,0,17.65000,0.000114286,17.65000,0,17.65000,0,17.65000,0.000114286,17.65000,0.4,17.65000,1,17.65000,0,17.65000,0.4,17.65000,0,17.65000,5.01232,17.65000,0,17.65000,511.178,17.65000,0,17.65000,0.4,17.65000,0,17.65000,1400,17.65000,2.23574e-07,17.65000,2.23574e-07,17.65000,2.21846e-07,17.65000,0.000114286,17.65000,0.000114286,17.65000,0.000115579
17.66000,2.23574e-07,17.66000,0,17.66000,0,17.66000,0,17.66000,8.94317e-08,17.66000,0,17.66000,0.000114286,17.66000,0,17.66000,0,17.66000,0.000114286,17.66000,0.4,17.66000,1,17.66000,0,17.66000,0.4,17.66000,0,17.66000,5.01232,17.66000,0,17.66000,511.178,17.66000,0,17.66000,0.4,17.66000,0,17.66000,1400,17.66000,2.23574e-07,17.66000,2.23574e-07,17.66000,2.21901e-07,17.66000,0.000114286,17.66000,0.000114286,17.66000,0.000115612
17.67000,2.23574e-07,17.67000,0,17.67000,0,17.67000,0,17.67000,8.94317e-08,17.67000,0,17.67000,0.000114286,17.67000,0,17.67000,0,17.67000,0.000114286,17.67000,0.4,17.67000,1,17.67000,0,17.67000,0.4,17.67000,0,17.67000,5.01232,17.67000,0,17.67000,511.178,17.67000,0,17.67000,0.4,17.67000,0,17.67000,1400,17.67000,2.23574e-07,17.67000,2.23574e-07,17.67000,2.21955e-07,17.67000,0.000114286,17.67000,0.000114286,17.67000,0.000115645
17.68000,2.23574e-07,17.68000,0,17.68000,0,17.68000,0,17.68000,8.94317e-08,17.68000,0,17.68000,0.000114286,17.68000,0,17.68000,0,17.68000,0.000114286,17.68000,0.4,17.68000,1,17.68000,0,17.68000,0.4,17.68000,0,17.68000,5.01232,17.68000,0,17.68000,511.178,17.68000,0,17.68000,0.4,17.68000,0,17.68000,1400,17.68000,2.23574e-07,17.68000,2.23574e-07,17.68000,2.22009e-07,17.68000,0.000114286,17.68000,0.000114286,17.68000,0.000115678
17.69000,2.23574e-07,17.69000,0,17.69000,0,17.69000,0,17.69000,8.94317e-08,17.69000,0,17.69000,0.000114286,17.69000,0,17.69000,0,17.69000,0.000114286,17.69000,0.4,17.69000,1,17.69000,0,17.69000,0.4,17.69000,0,17.69000,5.01232,17.69000,0,17.69000,511.178,17.69000,0,17.69000,0.4,17.69000,0,17.69000,1400,17.69000,2.23574e-07,17.69000,2.23574e-07,17.69000,2.22063e-07,17.69000,0.000114286,17.69000,0.000114286,17.69000,0.000115711
17.70000,2.23574e-07,17.70000,0,17.70000,0,17.70000,0,17.70000,8.94317e-08,17.70000,0,17.70000,0.000114286,17.70000,0,17.70000,0,17.70000,0.000114286,17.70000,0.4,17.70000,1,17.70000,0,17.70000,0.4,17.70000,0,17.70000,5.01232,17.70000,0,17.70000,511.178,17.70000,0,17.70000,0.4,17.70000,0,17.70000,1400,17.70000,2.23574e-07,17.70000,2.23574e-07,17.70000,2.22117e-07,17.70000,0.000114286,17.70000,0.000114286,17.70000,0.000115744
17.71000,2.23574e-07,17.71000,0,17.71000,0,17.71000,0,17.71000,8.94317e-08,17.71000,0,17.71000,0.000114286,17.71000,0,17.71000,0,17.71000,0.000114286,17.71000,0.4,17.71000,1,17.71000,0,17.71000,0.4,17.71000,0,17.71000,5.01232,17.71000,0,17.71000,511.178,17.71000,0,17.71000,0.4,17.71000,0,17.71000,1400,17.71000,2.23574e-07,17.71000,2.23574e-07,17.71000,2.22171e-07,17.71000,0.000114286,17.71000,0.000114286,17.71000,0.000115777
17.72000,2.23574e-07,17.72000,0,17.72000,0,17.72000,0,17.72000,8.94317e-08,17.72000,0,17.72000,0.000114286,17.72000,0,17.72000,0,17.72000,0.000114286,17.72000,0.4,17.72000,1,17.72000,0,17.72000,0.4,17.72000,0,17.72000,5.01232,17.72000,0,17.72000,511.178,17.72000,0,17.72000,0.4,17.72000,0,17.72000,1400,17.72000,2.23574e-07,17.72000,2.23574e-07,17.72000,2.22225e-07,17.72000,0.000114286,17.72000,0.000114286,17.72000,0.00011581
17.73000,2.23574e-07,17.73000,0,17.73000,0,17.73000,0,17.73000,8.94317e-08,17.73000,0,17.73000,0.000114286,17.73000,0,17.73000,0,17.73000,0.000114286,17.73000,0.4,17.73000,1,17.73000,0,17.73000,0.4,17.73000,0,17.73000,5.01232,17.73000,0,17.73000,511.178,17.73000,0,17.73000,0.4,17.73000,0,17.73000,1400,17.73000,2.23574e-07,17.73000,2.23574e-07,17.73000,2.22279e-07,17.73000,0.000114286,17.73000,0.000114286,17.73000,0.000115842
17.74000,2.23574e-07,17.74000,0,17.74000,0,17.74000,0,17.74000,8.94317e-08,17.74000,0,17.74000,0.000114286,17.74000,0,17.74000,0,17.74000,0.000114286,17.74000,0.4,17.74000,1,17.74000,0,17.74000,0.4,17.74000,0,17.74000,5.01232,17.74000,0,17.74000,511.178,17.74000,0,17.74000,0.4,17.74000,0,17.74000,1400,17.74000,2.23574e-07,17.74000,2.23574e-07,17.74000,2.22333e-07,17.74000,0.000114286,17.74000,0.000114286,17.74000,0.000115875
17.75000,2.23574e-07,17.75000,0,17.75000,0,17.75000,0,17.75000,8.94317e-08,17.75000,0,17.75000,0.000114286,17.75000,0,17.75000,0,17.75000,0.000114286,17.75000,0.4,17.75000,1,17.75000,0,17.75000,0.4,17.75000,0,17.75000,5.01232,17.75000,0,17.75000,511.178,17.75000,0,17.75000,0.4,17.75000,0,17.75000,1400,17.75000,2.23574e-07,17.75000,2.23574e-07,17.75000,2.22387e-07,17.75000,0.000114286,17.75000,0.000114286,17.75000,0.000115908
17.76000,2.23574e-07,17.76000,0,17.76000,0,17.76000,0,17.76000,8.94317e-08,17.76000,0,17.76000,0.000114286,17.76000,0,17.76000,0,17.76000,0.000114286,17.76000,0.4,17.76000,1,17.76000,0,17.76000,0.4,17.76000,0,17.76000,5.01232,17.76000,0,17.76000,511.178,17.76000,0,17.76000,0.4,17.76000,0,17.76000,1400,17.76000,2.23574e-07,17.76000,2.23574e-07,17.76000,2.22441e-07,17.76000,0.000114286,17.76000,0.000114286,17.76000,0.000115941
17.77000,2.23574e-07,17.77000,0,17.77000,0,17.77000,0,17.77000,8.94317e-08,17.77000,0,17.77000,0.000114286,17.77000,0,17.77000,0,17.77000,0.000114286,17.77000,0.4,17.77000,1,17.77000,0,17.77000,0.4,17.77000,0,17.77000,5.01232,17.77000,0,17.77000,511.178,17.77000,0,17.77000,0.4,17.77000,0,17.77000,1400,17.77000,2.23574e-07,17.77000,2.23574e-07,17.77000,2.22495e-07,17.77000,0.000114286,17.77000,0.000114286,17.77000,0.000115974
17.78000,2.23574e-07,17.78000,0,17.78000,0,17.78000,0,17.78000,8.94317e-08,17.78000,0,17.78000,0.000114286,17.78000,0,17.78000,0,17.78000,0.000114286,17.78000,0.4,17.78000,1,17.78000,0,17.78000,0.4,17.78000,0,17.78000,5.01232,17.78000,0,17.78000,511.178,17.78000,0,17.78000,0.4,17.78000,0,17.78000,1400,17.78000,2.23574e-07,17.78000,2.23574e-07,17.78000,2.2255e-07,17.78000,0.000114286,17.78000,0.000114286,17.78000,0.000116007
17.79000,2.23574e-07,17.79000,0,17.79000,0,17.79000,0,17.79000,8.94317e-08,17.79000,0,17.79000,0.000114286,17.79000,0,17.79000,0,17.79000,0.000114286,17.79000,0.4,17.79000,1,17.79000,0,17.79000,0.4,17.79000,0,17.79000,5.01232,17.79000,0,17.79000,511.178,17.79000,0,17.79000,0.4,17.79000,0,17.79000,1400,17.79000,2.23574e-07,17.79000,2.23574e-07,17.79000,2.22604e-07,17.79000,0.000114286,17.79000,0.000114286,17.79000,0.00011604
17.80000,2.23574e-07,17.80000,0,17.80000,0,17.80000,0,17.80000,8.94317e-08,17.80000,0,17.80000,0.000114286,17.80000,0,17.80000,0,17.80000,0.000114286,17.80000,0.4,17.80000,1,17.80000,0,17.80000,0.4,17.80000,0,17.80000,5.01232,17.80000,0,17.80000,511.178,17.80000,0,17.80000,0.4,17.80000,0,17.80000,1400,17.80000,2.23574e-07,17.80000,2.23574e-07,17.80000,2.22658e-07,17.80000,0.000114286,17.80000,0.000114286,17.80000,0.000116073
17.81000,2.23574e-07,17.81000,0,17.81000,0,17.81000,0,17.81000,8.94317e-08,17.81000,0,17.81000,0.000114286,17.81000,0,17.81000,0,17.81000,0.000114286,17.81000,0.4,17.81000,1,17.81000,0,17.81000,0.4,17.81000,0,17.81000,5.01232,17.81000,0,17.81000,511.178,17.81000,0,17.81000,0.4,17.81000,0,17.81000,1400,17.81000,2.23574e-07,17.81000,2.23574e-07,17.81000,2.22712e-07,17.81000,0.000114286,17.81000,0.000114286,17.81000,0.000116106
17.82000,2.23574e-07,17.82000,0,17.82000,0,17.82000,0,17.82000,8.94317e-08,17.82000,0,17.82000,0.000114286,17.82000,0,17.82000,0,17.82000,0.000114286,17.82000,0.4,17.82000,1,17.82000,0,17.82000,0.4,17.82000,0,17.82000,5.01232,17.82000,0,17.82000,511.178,17.82000,0,17.82000,0.4,17.82000,0,17.82000,1400,17.82000,2.23574e-07,17.82000,2.23574e-07,17.82000,2.22766e-07,17.82000,0.000114286,17.82000,0.000114286,17.82000,0.000116138
17.83000,2.23574e-07,17.83000,0,17.83000,0,17.83000,0,17.83000,8.94317e-08,17.83000,0,17.83000,0.000114286,17.83000,0,17.83000,0,17.83000,0.000114286,17.83000,0.4,17.83000,1,17.83000,0,17.83000,0.4,17.83000,0,17.83000,5.01232,17.83000,0,17.83000,511.178,17.83000,0,17.83000,0.4,17.83000,0,17.83000,1400,17.83000,2.23574e-07,17.83000,2.23574e-07,17.83000,2.2282e-07,17.83000,0.000114286,17.83000,0.000114286,17.83000,0.000116171
17.84000,2.23574e-07,17.84000,0,17.84000,0,17.84000,0,17.84000,8.94317e-08,17.84000,0,17.84000,0.000114286,17.84000,0,17.84000,0,17.84000,0.000114286,17.84000,0.4,17.84000,1,17.84000,0,17.84000,0.4,17.84000,0,17.84000,5.01232,17.84000,0,17.84000,511.178,17.84000,0,17.84000,0.4,17.84000,0,17.84000,1400,17.84000,2.23574e-07,17.84000,2.23574e-07,17.84000,2.22874e-07,17.84000,0.000114286,17.84000,0.000114286,17.84000,0.000116204
17.85000,2.23574e-07,17.85000,0,17.85000,0,17.85000,0,17.85000,8.94317e-08,17.85000,0,17.85000,0.000114286,17.85000,0,17.85000,0,17.85000,0.000114286,17.85000,0.4,17.85000,1,17.85000,0,17.85000,0.4,17.85000,0,17.85000,5.01232,17.85000,0,17.85000,511.178,17.85000,0,17.85000,0.4,17.85000,0,17.85000,1400,17.85000,2.23574e-07,17.85000,2.23574e-07,17.85000,2.22928e-07,17.85000,0.000114286,17.85000,0.000114286,17.85000,0.000116237
17.86000,2.23574e-07,17.86000,0,17.86000,0,17.86000,0,17.86000,8.94317e-08,17.86000,0,17.86000,0.000114286,17.86000,0,17.86000,0,17.86000,0.000114286,17.86000,0.4,17.86000,1,17.86000,0,17.86000,0.4,17.86000,0,17.86000,5.01232,17.86000,0,17.86000,511.178,17.86000,0,17.86000,0.4,17.86000,0,17.86000,1400,17.86000,2.23574e-07,17.86000,2.23574e-07,17.86000,2.22982e-07,17.86000,0.000114286,17.86000,0.000114286,17.86000,0.00011627
17.87000,2.23574e-07,17.87000,0,17.87000,0,17.87000,0,17.87000,8.94317e-08,17.87000,0,17.87000,0.000114286,17.87000,0,17.87000,0,17.87000,0.000114286,17.87000,0.4,17.87000,1,17.87000,0,17.87000,0.4,17.87000,0,17.87000,5.01232,17.87000,0,17.87000,511.178,17.87000,0,17.87000,0.4,17.87000,0,17.87000,1400,17.87000,2.23574e-07,17.87000,2.23574e-07,17.87000,2.23036e-07,17.87000,0.000114286,17.87000,0.000114286,17.87000,0.000116303
17.88000,2.23574e-07,17.88000,0,17.88000,0,17.88000,0,17.88000,8.94317e-08,17.88000,0,17.88000,0.000114286,17.88000,0,17.88000,0,17.88000,0.000114286,17.88000,0.4,17.88000,1,17.88000,0,17.88000,0.4,17.88000,0,17.88000,5.01232,17.88000,0,17.88000,511.178,17.88000,0,17.88000,0.4,17.88000,0,17.88000,1400,17.88000,2.23574e-07,17.88000,2.23574e-07,17.88000,2.2309e-07,17.88000,0.000114286,17.88000,0.000114286,17.88000,0.000116336
17.89000,2.23574e-07,17.89000,0,17.89000,0,17.89000,0,17.89000,8.94317e-08,17.89000,0,17.89000,0.000114286,17.89000,0,17.89000,0,17.89000,0.000114286,17.89000,0.4,17.89000,1,17.89000,0,17.89000,0.4,17.89000,0,17.89000,5.01232,17.89000,0,17.89000,511.178,17.89000,0,17.89000,0.4,17.89000,0,17.89000,1400,17.89000,2.23574e-07,17.89000,2.23574e-07,17.89000,2.23145e-07,17.89000,0.000114286,17.89000,0.000114286,17.89000,0.000116369
17.90000,2.23574e-07,17.90000,0,17.90000,0,17.90000,0,17.90000,8.94317e-08,17.90000,0,17.90000,0.000114286,17.90000,0,17.90000,0,17.90000,0.000114286,17.90000,0.4,17.90000,1,17.90000,0,17.90000,0.4,17.90000,0,17.90000,5.01232,17.90000,0,17.90000,511.178,17.90000,0,17.90000,0.4,17.90000,0,17.90000,1400,17.90000,2.23574e-07,17.90000,2.23574e-07,17.90000,2.23199e-07,17.90000,0.000114286,17.90000,0.000114286,17.90000,0.000116402
17.91000,2.23574e-07,17.91000,0,17.91000,0,17.91000,0,17.91000,8.94317e-08,17.91000,0,17.91000,0.000114286,17.91000,0,17.91000,0,17.91000,0.000114286,17.91000,0.4,17.91000,1,17.91000,0,17.91000,0.4,17.91000,0,17.91000,5.01232,17.91000,0,17.91000,511.178,17.91000,0,17.91000,0.4,17.91000,0,17.91000,1400,17.91000,2.23574e-07,17.91000,2.23574e-07,17.91000,2.23253e-07,17.91000,0.000114286,17.91000,0.000114286,17.91000,0.000116434
17.92000,2.23574e-07,17.92000,0,17.92000,0,17.92000,0,17.92000,8.94317e-08,17.92000,0,17.92000,0.000114286,17.92000,0,17.92000,0,17.92000,0.000114286,17.92000,0.4,17.92000,1,17.92000,0,17.92000,0.4,17.92000,0,17.92000,5.01232,17.92000,0,17.92000,511.178,17.92000,0,17.92000,0.4,17.92000,0,17.92000,1400,17.92000,2.23574e-07,17.92000,2.23574e-07,17.92000,2.23307e-07,17.92000,0.000114286,17.92000,0.000114286,17.92000,0.000116467
17.93000,2.23574e-07,17.93000,0,17.93000,0,17.93000,0,17.93000,8.94317e-08,17.93000,0,17.93000,0.000114286,17.93000,0,17.93000,0,17.93000,0.000114286,17.93000,0.4,17.93000,1,17.93000,0,17.93000,0.4,17.93000,0,17.93000,5.01232,17.93000,0,17.93000,511.178,17.93000,0,17.93000,0.4,17.93000,0,17.93000,1400,17.93000,2.23574e-07,17.93000,2.23574e-07,17.93000,2.23361e-07,17.93000,0.000114286,17.93000,0.000114286,17.93000,0.0001165
17.94000,2.23574e-07,17.94000,0,17.94000,0,17.94000,0,17.94000,8.94317e-08,17.94000,0,17.94000,0.000114286,17.94000,0,17.94000,0,17.94000,0.000114286,17.94000,0.4,17.94000,1,17.94000,0,17.94000,0.4,17.94000,0,17.94000,5.01232,17.94000,0,17.94000,511.178,17.94000,0,17.94000,0.4,17.94000,0,17.94000,1400,17.94000,2.23574e-07,17.94000,2.23574e-07,17.94000,2.23415e-07,17.94000,0.000114286,17.94000,0.000114286,17.94000,0.000116533
17.95000,2.23574e-07,17.95000,0,17.95000,0,17.95000,0,17.95000,8.94317e-08,17.95000,0,17.95000,0.000114286,17.95000,0,17.95000,0,17.95000,0.000114286,17.95000,0.4,17.95000,1,17.95000,0,17.95000,0.4,17.95000,0,17.95000,5.01232,17.95000,0,17.95000,511.178,17.95000,0,17.95000,0.4,17.95000,0,17.95000,1400,17.95000,2.23574e-07,17.95000,2.23574e-07,17.95000,2.23425e-07,17.95000,0.000114286,17.95000,0.000114286,17.95000,0.000116536
17.96000,2.23574e-07,17.96000,0,17.96000,0,17.96000,0,17.96000,8.94317e-08,17.96000,0,17.96000,0.000114286,17.96000,0,17.96000,0,17.96000,0.000114286,17.96000,0.4,17.96000,1,17.96000,0,17.96000,0.4,17.96000,0,17.96000,5.01232,17.96000,0,17.96000,511.178,17.96000,0,17.96000,0.4,17.96000,0,17.96000,1400,17.96000,2.23574e-07,17.96000,2.23574e-07,17.96000,2.23416e-07,17.96000,0.000114286,17.96000,0.000114286,17.96000,0.000116525
17.97000,2.23574e-07,17.97000,0,17.97000,0,17.97000,0,17.97000,8.94317e-08,17.97000,0,17.97000,0.000114286,17.97000,0,17.97000,0,17.97000,0.000114286,17.97000,0.4,17.97000,1,17.97000,0,17.97000,0.4,17.97000,0,17.97000,5.01232,17.97000,0,17.97000,511.178,17.97000,0,17.97000,0.4,17.97000,0,17.97000,1400,17.97000,2.23574e-07,17.97000,2.23574e-07,17.97000,2.23407e-07,17.97000,0.000114286,17.97000,0.000114286,17.97000,0.000116515
17.98000,2.23574e-07,17.98000,0,17.98000,0,17.98000,0,17.98000,8.94317e-08,17.98000,0,17.98000,0.000114286,17.98000,0,17.98000,0,17.98000,0.000114286,17.98000,0.4,17.98000,1,17.98000,0,17.98000,0.4,17.98000,0,17.98000,5.01232,17.98000,0,17.98000,511.178,17.98000,0,17.98000,0.4,17.98000,0,17.98000,1400,17.98000,2.23574e-07,17.98000,2.23574e-07,17.98000,2.23398e-07,17.98000,0.000114286,17.98000,0.000114286,17.98000,0.000116504
17.99000,2.23574e-07,17.99000,0,17.99000,0,17.99000,0,17.99000,8.94317e-08,17.99000,0,17.99000,0.000114286,17.99000,0,17.99000,0,17.99000,0.000114286,17.99000,0.4,17.99000,1,17.99000,0,17.99000,0.4,17.99000,0,17.99000,5.01232,17.99000,0,17.99000,511.178,17.99000,0,17.99000,0.4,17.99000,0,17.99000,1400,17.99000,2.23574e-07,17.99000,2.23574e-07,17.99000,2.23389e-07,17.99000,0.000114286,17.99000,0.000114286,17.99000,0.000116494
18.00000,2.23574e-07,18.00000,0,18.00000,0,18.00000,0,18.00000,8.94317e-08,18.00000,0,18.00000,0.000114286,18.00000,0,18.00000,0,18.00000,0.000114286,18.00000,0.4,18.00000,1,18.00000,0,18.00000,0.4,18.00000,0,18.00000,5.01232,18.00000,0,18.00000,511.178,18.00000,0,18.00000,0.4,18.00000,0,18.00000,1400,18.00000,2.23574e-07,18.00000,2.23574e-07,18.00000,2.2338e-07,18.00000,0.000114286,18.00000,0.000114286,18.00000,0.000116483
18.01000,2.23574e-07,18.01000,0,18.01000,0,18.01000,0,18.01000,8.94317e-08,18.01000,0,18.01000,0.000114286,18.01000,0,18.01000,0,18.01000,0.000114286,18.01000,0.4,18.01000,1,18.01000,0,18.01000,0.4,18.01000,0,18.01000,5.01232,18.01000,0,18.01000,511.178,18.01000,0,18.01000,0.4,18.01000,0,18.01000,1400,18.01000,2.23574e-07,18.01000,2.23574e-07,18.01000,2.23371e-07,18.01000,0.000114286,18.01000,0.000114286,18.01000,0.000116473
18.02000,2.23574e-07,18.02000,0,18.02000,0,18.02000,0,18.02000,8.94317e-08,18.02000,0,18.02000,0.000114286,18.02000,0,18.02000,0,18.02000,0.000114286,18.02000,0.4,18.02000,1,18.02000,0,18.02000,0.4,18.02000,0,18.02000,5.01232,18.02000,0,18.02000,511.178,18.02000,0,18.02000,0.4,18.02000,0,18.02000,1400,18.02000,2.23574e-07,18.02000,2.23574e-07,18.02000,2.23362e-07,18.02000,0.000114286,18.02000,0.000114286,18.02000,0.000116462
18.03000,2.23574e-07,18.03000,0,18.03000,0,18.03000,0,18.03000,8.94317e-08,18.03000,0,18.03000,0.000114286,18.03000,0,18.03000,0,18.03000,0.000114286,18.03000,0.4,18.03000,1,18.03000,0,18.03000,0.4,18.03000,0,18.03000,5.01232,18.03000,0,18.03000,511.178,18.03000,0,18.03000,0.4,18.03000,0,18.03000,1400,18.03000,2.23574e-07,18.03000,2.23574e-07,18.03000,2.23353e-07,18.03000,0.000114286,18.03000,0.000114286,18.03000,0.000116452
18.04000,2.23574e-07,18.04000,0,18.04000,0,18.04000,0,18.04000,8.94317e-08,18.04000,0,18.04000,0.000114286,18.04000,0,18.04000,0,18.04000,0.000114286,18.04000,0.4,18.04000,1,18.04000,0,18.04000,0.4,18.04000,0,18.04000,5.01232,18.04000,0,18.04000,511.178,18.04000,0,18.04000,0.4,18.04000,0,18.04000,1400,18.04000,2.23574e-07,18.04000,2.23574e-07,18.04000,2.23344e-07,18.04000,0.000114286,18.04000,0.000114286,18.04000,0.000116441
18.05000,2.23574e-07,18.05000,0,18.05000,0,18.05000,0,18.05000,8.94317e-08,18.05000,0,18.05000,0.000114286,18.05000,0,18.05000,0,18.05000,0.000114286,18.05000,0.4,18.05000,1,18.05000,0,18.05000,0.4,18.05000,0,18.05000,5.01232,18.05000,0,18.05000,511.178,18.05000,0,18.05000,0.4,18.05000,0,18.05000,1400,18.05000,2.23574e-07,18.05000,2.23574e-07,18.05000,2.23335e-07,18.05000,0.000114286,18.05000,0.000114286,18.05000,0.000116431
18.06000,2.23574e-07,18.06000,0,18.06000,0,18.06000,0,18.06000,8.94317e-08,18.06000,0,18.06000,0.000114286,18.06000,0,18.06000,0,18.06000,0.000114286,18.06000,0.4,18.06000,1,18.06000,0,18.06000,0.4,18.06000,0,18.06000,5.01232,18.06000,0,18.06000,511.178,18.06000,0,18.06000,0.4,18.06000,0,18.06000,1400,18.06000,2.23574e-07,18.06000,2.23574e-07,18.06000,2.23326e-07,18.06000,0.000114286,18.06000,0.000114286,18.06000,0.00011642
18.07000,2.23574e-07,18.07000,0,18.07000,0,18.07000,0,18.07000,8.94317e-08,18.07000,0,18.07000,0.000114286,18.07000,0,18.07000,0,18.07000,0.000114286,18.07000,0.4,18.07000,1,18.07000,0,18.07000,0.4,18.07000,0,18.07000,5.01232,18.07000,0,18.07000,511.178,18.07000,0,18.07000,0.4,18.07000,0,18.07000,1400,18.07000,2.23574e-07,18.07000,2.23574e-07,18.07000,2.23317e-07,18.07000,0.000114286,18.07000,0.000114286,18.07000,0.000116409
18.08000,2.23574e-07,18.08000,0,18.08000,0,18.08000,0,18.08000,8.94317e-08,18.08000,0,18.08000,0.000114286,18.08000,0,18.08000,0,18.08000,0.000114286,18.08000,0.4,18.08000,1,18.08000,0,18.08000,0.4,18.08000,0,18.08000,5.01232,18.08000,0,18.08000,511.178,18.08000,0,18.08000,0.4,18.08000,0,18.08000,1400,18.08000,2.23574e-07,18.08000,2.23574e-07,18.08000,2.23308e-07,18.08000,0.000114286,18.08000,0.000114286,18.08000,0.000116399
18.09000,2.23574e-07,18.09000,0,18.09000,0,18.09000,0,18.09000,8.94317e-08,18.09000,0,18.09000,0.000114286,18.09000,0,18.09000,0,18.09000,0.000114286,18.09000,0.4,18.09000,1,18.09000,0,18.09000,0.4,18.09000,0,18.09000,5.01232,18.09000,0,18.09000,511.178,18.09000,0,18.09000,0.4,18.09000,0,18.09000,1400,18.09000,2.23574e-07,18.09000,2.23574e-07,18.09000,2.23299e-07,18.09000,0.000114286,18.09000,0.000114286,18.09000,0.000116388
18.10000,2.23574e-07,18.10000,0,18.10000,0,18.10000,0,18.10000,8.94317e-08,18.10000,0,18.10000,0.000114286,18.10000,0,18.10000,0,18.10000,0.000114286,18.10000,0.4,18.10000,1,18.10000,0,18.10000,0.4,18.10000,0,18.10000,5.01232,18.10000,0,18.10000,511.178,18.10000,0,18.10000,0.4,18.10000,0,18.10000,1400,18.10000,2.23574e-07,18.10000,2.23574e-07,18.10000,2.2329e-07,18.10000,0.000114286,18.10000,0.000114286,18.10000,0.000116378
18.11000,2.23574e-07,18.11000,0,18.11000,0,18.11000,0,18.11000,8.94317e-08,18.11000,0,18.11000,0.000114286,18.11000,0,18.11000,0,18.11000,0.000114286,18.11000,0.4,18.11000,1,18.11000,0,18.11000,0.4,18.11000,0,18.11000,5.01232,18.11000,0,18.11000,511.178,18.11000,0,18.11000,0.4,18.11000,0,18.11000,1400,18.11000,2.23574e-07,18.11000,2.23574e-07,18.11000,2.23281e-07,18.11000,0.000114286,18.11000,0.000114286,18.11000,0.000116367
18.12000,2.23574e-07,18.12000,0,18.12000,0,18.12000,0,18.12000,8.94317e-08,18.12000,0,18.12000,0.000114286,18.12000,0,18.12000,0,18.12000,0.000114286,18.12000,0.4,18.12000,1,18.12000,0,18.12000,0.4,18.12000,0,18.12000,5.01232,18.12000,0,18.12000,511.178,18.12000,0,18.12000,0.4,18.12000,0,18.12000,1400,18.12000,2.23574e-07,18.12000,2.23574e-07,18.12000,2.23272e-07,18.12000,0.000114286,18.12000,0.000114286,18.12000,0.000116357
18.13000,2.23574e-07,18.13000,0,18.13000,0,18.13000,0,18.13000,8.94317e-08,18.13000,0,18.13000,0.000114286,18.13000,0,18.13000,0,18.13000,0.000114286,18.13000,0.4,18.13000,1,18.13000,0,18.13000,0.4,18.13000,0,18.13000,5.01232,18.13000,0,18.13000,511.178,18.13000,0,18.13000,0.4,18.13000,0,18.13000,1400,18.13000,2.23574e-07,18.13000,2.23574e-07,18.13000,2.23263e-07,18.13000,0.000114286,18.13000,0.000114286,18.13000,0.000116346
18.14000,2.23574e-07,18.14000,0,18.14000,0,18.14000,0,18.14000,8.94317e-08,18.14000,0,18.14000,0.000114286,18.14000,0,18.14000,0,18.14000,0.000114286,18.14000,0.4,18.14000,1,18.14000,0,18.14000,0.4,18.14000,0,18.14000,5.01232,18.14000,0,18.14000,511.178,18.14000,0,18.14000,0.4,18.14000,0,18.14000,1400,18.14000,2.23574e-07,18.14000,2.23574e-07,18.14000,2.23254e-07,18.14000,0.000114286,18.14000,0.000114286,18.14000,0.000116336
18.15000,2.23574e-07,18.15000,0,18.15000,0,18.15000,0,18.15000,8.94317e-08,18.15000,0,18.15000,0.000114286,18.15000,0,18.15000,0,18.15000,0.000114286,18.15000,0.4,18.15000,1,18.15000,0,18.15000,0.4,18.15000,0,18.15000,5.01232,18.15000,0,18.15000,511.178,18.15000,0,18.15000,0.4,18.15000,0,18.15000,1400,18.15000,2.23574e-07,18.15000,2.23574e-07,18.15000,2.23245e-07,18.15000,0.000114286,18.15000,0.000114286,18.15000,0.000116325
18.16000,2.23574e-07,18.16000,0,18.16000,0,18.16000,0,18.16000,8.94317e-08,18.16000,0,18.16000,0.000114286,18.16000,0,18.16000,0,18.16000,0.000114286,18.16000,0.4,18.16000,1,18.16000,0,18.16000,0.4,18.16000,0,18.16000,5.01232,18.16000,0,18.16000,511.178,18.16000,0,18.16000,0.4,18.16000,0,18.16000,1400,18.16000,2.23574e-07,18.16000,2.23574e-07,18.16000,2.23236e-07,18.16000,0.000114286,18.16000,0.000114286,18.16000,0.000116315
18.17000,2.23574e-07,18.17000,0,18.17000,0,18.17000,0,18.17000,8.94317e-08,18.17000,0,18.17000,0.000114286,18.17000,0,18.17000,0,18.17000,0.000114286,18.17000,0.4,18.17000,1,18.17000,0,18.17000,0.4,18.17000,0,18.17000,5.01232,18.17000,0,18.17000,511.178,18.17000,0,18.17000,0.4,18.17000,0,18.17000,1400,18.17000,2.23574e-07,18.17000,2.23574e-07,18.17000,2.23227e-07,18.17000,0.000114286,18.17000,0.000114286,18.17000,0.000116304
18.18000,2.23574e-07,18.18000,0,18.18000,0,18.18000,0,18.18000,8.94317e-08,18.18000,0,18.18000,0.000114286,18.18000,0,18.18000,0,18.18000,0.000114286,18.18000,0.4,18.18000,1,18.18000,0,18.18000,0.4,18.18000,0,18.18000,5.01232,18.18000,0,18.18000,511.178,18.18000,0,18.18000,0.4,18.18000,0,18.18000,1400,18.18000,2.23574e-07,18.18000,2.23574e-07,18.18000,2.23218e-07,18.18000,0.000114286,18.18000,0.000114286,18.18000,0.000116294
18.19000,2.23574e-07,18.19000,0,18.19000,0,18.19000,0,18.19000,8.94317e-08,18.19000,0,18.19000,0.000114286,18.19000,0,18.19000,0,18.19000,0.000114286,18.19000,0.4,18.19000,1,18.19000,0,18.19000,0.4,18.19000,0,18.19000,5.01232,18.19000,0,18.19000,511.178,18.19000,0,18.19000,0.4,18.19000,0,18.19000,1400,18.19000,2.23574e-07,18.19000,2.23574e-07,18.19000,2.23209e-07,18.19000,0.000114286,18.19000,0.000114286,18.19000,0.000116283
18.20000,2.23574e-07,18.20000,0,18.20000,0,18.20000,0,18.20000,8.94317e-08,18.20000,0,18.20000,0.000114286,18.20000,0,18.20000,0,18.20000,0.000114286,18.20000,0.4,18.20000,1,18.20000,0,18.20000,0.4,18.20000,0,18.20000,5.01232,18.20000,0,18.20000,511.178,18.20000,0,18.20000,0.4,18.20000,0,18.20000,1400,18.20000,2.23574e-07,18.20000,2.23574e-07,18.20000,2.232e-07,18.20000,0.000114286,18.20000,0.000114286,18.20000,0.000116272
18.21000,2.23574e-07,18.21000,0,18.21000,0,18.21000,0,18.21000,8.94317e-08,18.21000,0,18.21000,0.000114286,18.21000,0,18.21000,0,18.21000,0.000114286,18.21000,0.4,18.21000,1,18.21000,0,18.21000,0.4,18.21000,0,18.21000,5.01232,18.21000,0,18.21000,511.178,18.21000,0,18.21000,0.4,18.21000,0,18.21000,1400,18.21000,2.23574e-07,18.21000,2.23574e-07,18.21000,2.23191e-07,18.21000,0.000114286,18.21000,0.000114286,18.21000,0.000116262
18.22000,2.23574e-07,18.22000,0,18.22000,0,18.22000,0,18.22000,8.94317e-08,18.22000,0,18.22000,0.000114286,18.22000,0,18.22000,0,18.22000,0.000114286,18.22000,0.4,18.22000,1,18.22000,0,18.22000,0.4,18.22000,0,18.22000,5.01232,18.22000,0,18.22000,511.178,18.22000,0,18.22000,0.4,18.22000,0,18.22000,1400,18.22000,2.23574e-07,18.22000,2.23574e-07,18.22000,2.23182e-07,18.22000,0.000114286,18.22000,0.000114286,18.22000,0.000116251
18.23000,2.23574e-07,18.23000,0,18.23000,0,18.23000,0,18.23000,8.94317e-08,18.23000,0,18.23000,0.000114286,18.23000,0,18.23000,0,18.23000,0.000114286,18.23000,0.4,18.23000,1,18.23000,0,18.23000,0.4,18.23000,0,18.23000,5.01232,18.23000,0,18.23000,511.178,18.23000,0,18.23000,0.4,18.23000,0,18.23000,1400,18.23000,2.23574e-07,18.23000,2.23574e-07,18.23000,2.23173e-07,18.23000,0.000114286,18.23000,0.000114286,18.23000,0.000116241
18.24000,2.23574e-07,18.24000,0,18.24000,0,18.24000,0,18.24000,8.94317e-08,18.24000,0,18.24000,0.000114286,18.24000,0,18.24000,0,18.24000,0.000114286,18.24000,0.4,18.24000,1,18.24000,0,18.24000,0.4,18.24000,0,18.24000,5.01232,18.24000,0,18.24000,511.178,18.24000,0,18.24000,0.4,18.24000,0,18.24000,1400,18.24000,2.23574e-07,18.24000,2.23574e-07,18.24000,2.23164e-07,18.24000,0.000114286,18.24000,0.000114286,18.24000,0.00011623
18.25000,2.23574e-07,18.25000,0,18.25000,0,18.25000,0,18.25000,8.94317e-08,18.25000,0,18.25000,0.000114286,18.25000,0,18.25000,0,18.25000,0.000114286,18.25000,0.4,18.25000,1,18.25000,0,18.25000,0.4,18.25000,0,18.25000,5.01232,18.25000,0,18.25000,511.178,18.25000,0,18.25000,0.4,18.25000,0,18.25000,1400,18.25000,2.23574e-07,18.25000,2.23574e-07,18.25000,2.23155e-07,18.25000,0.000114286,18.25000,0.000114286,18.25000,0.00011622
18.26000,2.23574e-07,18.26000,0,18.26000,0,18.26000,0,18.26000,8.94317e-08,18.26000,0,18.26000,0.000114286,18.26000,0,18.26000,0,18.26000,0.000114286,18.26000,0.4,18.26000,1,18.26000,0,18.26000,0.4,18.26000,0,18.26000,5.01232,18.26000,0,18.26000,511.178,18.26000,0,18.26000,0.4,18.26000,0,18.26000,1400,18.26000,2.23574e-07,18.26000,2.23574e-07,18.26000,2.23146e-07,18.26000,0.000114286,18.26000,0.000114286,18.26000,0.000116209
18.27000,2.23574e-07,18.27000,0,18.27000,0,18.27000,0,18.27000,8.94317e-08,18.27000,0,18.27000,0.000114286,18.27000,0,18.27000,0,18.27000,0.000114286,18.27000,0.4,18.27000,1,18.27000,0,18.27000,0.4,18.27000,0,18.27000,5.01232,18.27000,0,18.27000,511.178,18.27000,0,18.27000,0.4,18.27000,0,18.27000,1400,18.27000,2.23574e-07,18.27000,2.23574e-07,18.27000,2.23137e-07,18.27000,0.000114286,18.27000,0.000114286,18.27000,0.000116199
18.28000,2.23574e-07,18.28000,0,18.28000,0,18.28000,0,18.28000,8.94317e-08,18.28000,0,18.28000,0.000114286,18.28000,0,18.28000,0,18.28000,0.000114286,18.28000,0.4,18.28000,1,18.28000,0,18.28000,0.4,18.28000,0,18.28000,5.01232,18.28000,0,18.28000,511.178,18.28000,0,18.28000,0.4,18.28000,0,18.28000,1400,18.28000,2.23574e-07,18.28000,2.23574e-07,18.28000,2.23128e-07,18.28000,0.000114286,18.28000,0.000114286,18.28000,0.000116188
18.29000,2.23574e-07,18.29000,0,18.29000,0,18.29000,0,18.29000,8.94317e-08,18.29000,0,18.29000,0.000114286,18.29000,0,18.29000,0,18.29000,0.000114286,18.29000,0.4,18.29000,1,18.29000,0,18.29000,0.4,18.29000,0,18.29000,5.01232,18.29000,0,18.29000,511.178,18.29000,0,18.29000,0.4,18.29000,0,18.29000,1400,18.29000,2.23574e-07,18.29000,2.23574e-07,18.29000,2.23119e-07,18.29000,0.000114286,18.29000,0.000114286,18.29000,0.000116178
18.30000,2.23574e-07,18.30000,0,18.30000,0,18.30000,0,18.30000,8.94317e-08,18.30000,0,18.30000,0.000114286,18.30000,0,18.30000,0,18.30000,0.000114286,18.30000,0.4,18.30000,1,18.30000,0,18.30000,0.4,18.30000,0,18.30000,5.01232,18.30000,0,18.30000,511.178,18.30000,0,18.30000,0.4,18.30000,0,18.30000,1400,18.30000,2.23574e-07,18.30000,2.23574e-07,18.30000,2.2311e-07,18.30000,0.000114286,18.30000,0.000114286,18.30000,0.000116167
18.31000,2.23574e-07,18.31000,0,18.31000,0,18.31000,0,18.31000,8.94317e-08,18.31000,0,18.31000,0.000114286,18.31000,0,18.31000,0,18.31000,0.000114286,18.31000,0.4,18.31000,1,18.31000,0,18.31000,0.4,18.31000,0,18.31000,5.01232,18.31000,0,18.31000,511.178,18.31000,0,18.31000,0.4,18.31000,0,18.31000,1400,18.31000,2.23574e-07,18.31000,2.23574e-07,18.31000,2.23101e-07,18.31000,0.000114286,18.31000,0.000114286,18.31000,0.000116157
18.32000,2.23574e-07,18.32000,0,18.32000,0,18.32000,0,18.32000,8.94317e-08,18.32000,0,18.32000,0.000114286,18.32000,0,18.32000,0,18.32000,0.000114286,18.32000,0.4,18.32000,1,18.32000,0,18.32000,0.4,18.32000,0,18.32000,5.01232,18.32000,0,18.32000,511.178,18.32000,0,18.32000,0.4,18.32000,0,18.32000,1400,18.32000,2.23574e-07,18.32000,2.23574e-07,18.32000,2.23092e-07,18.32000,0.000114286,18.32000,0.000114286,18.32000,0.000116146
18.33000,2.23574e-07,18.33000,0,18.33000,0,18.33000,0,18.33000,8.94317e-08,18.33000,0,18.33000,0.000114286,18.33000,0,18.33000,0,18.33000,0.000114286,18.33000,0.4,18.33000,1,18.33000,0,18.33000,0.4,18.33000,0,18.33000,5.01232,18.33000,0,18.33000,511.178,18.33000,0,18.33000,0.4,18.33000,0,18.33000,1400,18.33000,2.23574e-07,18.33000,2.23574e-07,18.33000,2.23083e-07,18.33000,0.000114286,18.33000,0.000114286,18.33000,0.000116135
18.34000,2.23574e-07,18.34000,0,18.34000,0,18.34000,0,18.34000,8.94317e-08,18.34000,0,18.34000,0.000114286,18.34000,0,18.34000,0,18.34000,0.000114286,18.34000,0.4,18.34000,1,18.34000,0,18.34000,0.4,18.34000,0,18.34000,5.01232,18.34000,0,18.34000,511.178,18.34000,0,18.34000,0.4,18.34000,0,18.34000,1400,18.34000,2.23574e-07,18.34000,2.23574e-07,18.34000,2.23074e-07,18.34000,0.000114286,18.34000,0.000114286,18.34000,0.000116125
18.35000,2.23574e-07,18.35000,0,18.35000,0,18.35000,0,18.35000,8.94317e-08,18.35000,0,18.35000,0.000114286,18.35000,0,18.35000,0,18.35000,0.000114286,18.35000,0.4,18.35000,1,18.35000,0,18.35000,0.4,18.35000,0,18.35000,5.01232,18.35000,0,18.35000,511.178,18.35000,0,18.35000,0.4,18.35000,0,18.35000,1400,18.35000,2.23574e-07,18.35000,2.23574e-07,18.35000,2.23065e-07,18.35000,0.000114286,18.35000,0.000114286,18.35000,0.000116114
18.36000,2.23574e-07,18.36000,0,18.36000,0,18.36000,0,18.36000,8.94317e-08,18.36000,0,18.36000,0.000114286,18.36000,0,18.36000,0,18.36000,0.000114286,18.36000,0.4,18.36000,1,18.36000,0,18.36000,0.4,18.36000,0,18.36000,5.01232,18.36000,0,18.36000,511.178,18.36000,0,18.36000,0.4,18.36000,0,18.36000,1400,18.36000,2.23574e-07,18.36000,2.23574e-07,18.36000,2.23056e-07,18.36000,0.000114286,18.36000,0.000114286,18.36000,0.000116104
18.37000,2.23574e-07,18.37000,0,18.37000,0,18.37000,0,18.37000,8.94317e-08,18.37000,0,18.37000,0.000114286,18.37000,0,18.37000,0,18.37000,0.000114286,18.37000,0.4,18.37000,1,18.37000,0,18.37000,0.4,18.37000,0,18.37000,5.01232,18.37000,0,18.37000,511.178,18.37000,0,18.37000,0.4,18.37000,0,18.37000,1400,18.37000,2.23574e-07,18.37000,2.23574e-07,18.37000,2.23047e-07,18.37000,0.000114286,18.37000,0.000114286,18.37000,0.000116093
18.38000,2.23574e-07,18.38000,0,18.38000,0,18.38000,0,18.38000,8.94317e-08,18.38000,0,18.38000,0.000114286,18.38000,0,18.38000,0,18.38000,0.000114286,18.38000,0.4,18.38000,1,18.38000,0,18.38000,0.4,18.38000,0,18.38000,5.01232,18.38000,0,18.38000,511.178,18.38000,0,18.38000,0.4,18.38000,0,18.38000,1400,18.38000,2.23574e-07,18.38000,2.23574e-07,18.38000,2.23038e-07,18.38000,0.000114286,18.38000,0.000114286,18.38000,0.000116083
18.39000,2.23574e-07,18.39000,0,18.39000,0,18.39000,0,18.39000,8.94317e-08,18.39000,0,18.39000,0.000114286,18.39000,0,18.39000,0,18.39000,0.000114286,18.39000,0.4,18.39000,1,18.39000,0,18.39000,0.4,18.39000,0,18.39000,5.01232,18.39000,0,18.39000,511.178,18.39000,0,18.39000,0.4,18.39000,0,18.39000,1400,18.39000,2.23574e-07,18.39000,2.23574e-07,18.39000,2.23029e-07,18.39000,0.000114286,18.39000,0.000114286,18.39000,0.000116072
18.40000,2.23574e-07,18.40000,0,18.40000,0,18.40000,0,18.40000,8.94317e-08,18.40000,0,18.40000,0.000114286,18.40000,0,18.40000,0,18.40000,0.000114286,18.40000,0.4,18.40000,1,18.40000,0,18.40000,0.4,18.40000,0,18.40000,5.01232,18.40000,0,18.40000,511.178,18.40000,0,18.40000,0.4,18.40000,0,18.40000,1400,18.40000,2.23574e-07,18.40000,2.23574e-07,18.40000,2.2302e-07,18.40000,0.000114286,18.40000,0.000114286,18.40000,0.000116062
18.41000,2.23574e-07,18.41000,0,18.41000,0,18.41000,0,18.41000,8.94317e-08,18.41000,0,18.41000,0.000114286,18.41000,0,18.41000,0,18.41000,0.000114286,18.41000,0.4,18.41000,1,18.41000,0,18.41000,0.4,18.41000,0,18.41000,5.01232,18.41000,0,18.41000,511.178,18.41000,0,18.41000,0.4,18.41000,0,18.41000,1400,18.41000,2.23574e-07,18.41000,2.23574e-07,18.41000,2.23011e-07,18.41000,0.000114286,18.41000,0.000114286,18.41000,0.000116051
18.42000,2.23574e-07,18.42000,0,18.42000,0,18.42000,0,18.42000,8.94317e-08,18.42000,0,18.42000,0.000114286,18.42000,0,18.42000,0,18.42000,0.000114286,18.42000,0.4,18.42000,1,18.42000,0,18.42000,0.4,18.42000,0,18.42000,5.01232,18.42000,0,18.42000,511.178,18.42000,0,18.42000,0.4,18.42000,0,18.42000,1400,18.42000,2.23574e-07,18.42000,2.23574e-07,18.42000,2.23002e-07,18.42000,0.000114286,18.42000,0.000114286,18.42000,0.000116041
18.43000,2.23574e-07,18.43000,0,18.43000,0,18.43000,0,18.43000,8.94317e-08,18.43000,0,18.43000,0.000114286,18.43000,0,18.43000,0,18.43000,0.000114286,18.43000,0.4,18.43000,1,18.43000,0,18.43000,0.4,18.43000,0,18.43000,5.01232,18.43000,0,18.43000,511.178,18.43000,0,18.43000,0.4,18.43000,0,18.43000,1400,18.43000,2.23574e-07,18.43000,2.23574e-07,18.43000,2.22993e-07,18.43000,0.000114286,18.43000,0.000114286,18.43000,0.00011603
18.44000,2.23574e-07,18.44000,0,18.44000,0,18.44000,0,18.44000,8.94317e-08,18.44000,0,18.44000,0.000114286,18.44000,0,18.44000,0,18.44000,0.000114286,18.44000,0.4,18.44000,1,18.44000,0,18.44000,0.4,18.44000,0,18.44000,5.01232,18.44000,0,18.44000,511.178,18.44000,0,18.44000,0.4,18.44000,0,18.44000,1400,18.44000,2.23574e-07,18.44000,2.23574e-07,18.44000,2.22984e-07,18.44000,0.000114286,18.44000,0.000114286,18.44000,0.00011602
18.45000,2.23574e-07,18.45000,0,18.45000,0,18.45000,0,18.45000,8.94317e-08,18.45000,0,18.45000,0.000114286,18.45000,0,18.45000,0,18.45000,0.000114286,18.45000,0.4,18.45000,1,18.45000,0,18.45000,0.4,18.45000,0,18.45000,5.01232,18.45000,0,18.45000,511.178,18.45000,0,18.45000,0.4,18.45000,0,18.45000,1400,18.45000,2.23574e-07,18.45000,2.23574e-07,18.45000,2.22975e-07,18.45000,0.000114286,18.45000,0.000114286,18.45000,0.000116009
18.46000,2.23574e-07,18.46000,0,18.46000,0,18.46000,0,18.46000,8.94317e-08,18.46000,0,18.46000,0.000114286,18.46000,0,18.46000,0,18.46000,0.000114286,18.46000,0.4,18.46000,1,18.46000,0,18.46000,0.4,18.46000,0,18.46000,5.01232,18.46000,0,18.46000,511.178,18.46000,0,18.46000,0.4,18.46000,0,18.46000,1400,18.46000,2.23574e-07,18.46000,2.23574e-07,18.46000,2.22966e-07,18.46000,0.000114286,18.46000,0.000114286,18.46000,0.000115998
18.47000,2.23574e-07,18.47000,0,18.47000,0,18.47000,0,18.47000,8.94317e-08,18.47000,0,18.47000,0.000114286,18.47000,0,18.47000,0,18.47000,0.000114286,18.47000,0.4,18.47000,1,18.47000,0,18.47000,0.4,18.47000,0,18.47000,5.01232,18.47000,0,18.47000,511.178,18.47000,0,18.47000,0.4,18.47000,0,18.47000,1400,18.47000,2.23574e-07,18.47000,2.23574e-07,18.47000,2.22957e-07,18.47000,0.000114286,18.47000,0.000114286,18.47000,0.000115988
18.48000,2.23574e-07,18.48000,0,18.48000,0,18.48000,0,18.48000,8.94317e-08,18.48000,0,18.48000,0.000114286,18.48000,0,18.48000,0,18.48000,0.000114286,18.48000,0.4,18.48000,1,18.48000,0,18.48000,0.4,18.48000,0,18.48000,5.01232,18.48000,0,18.48000,511.178,18.48000,0,18.48000,0.4,18.48000,0,18.48000,1400,18.48000,2.23574e-07,18.48000,2.23574e-07,18.48000,2.22948e-07,18.48000,0.000114286,18.48000,0.000114286,18.48000,0.000115977
18.49000,2.23574e-07,18.49000,0,18.49000,0,18.49000,0,18.49000,8.94317e-08,18.49000,0,18.49000,0.000114286,18.49000,0,18.49000,0,18.49000,0.000114286,18.49000,0.4,18.49000,1,18.49000,0,18.49000,0.4,18.49000,0,18.49000,5.01232,18.49000,0,18.49000,511.178,18.49000,0,18.49000,0.4,18.49000,0,18.49000,1400,18.49000,2.23574e-07,18.49000,2.23574e-07,18.49000,2.22939e-07,18.49000,0.000114286,18.49000,0.000114286,18.49000,0.000115967
18.50000,2.23574e-07,18.50000,0,18.50000,0,18.50000,0,18.50000,8.94317e-08,18.50000,0,18.50000,0.000114286,18.50000,0,18.50000,0,18.50000,0.000114286,18.50000,0.4,18.50000,1,18.50000,0,18.50000,0.4,18.50000,0,18.50000,5.01232,18.50000,0,18.50000,511.178,18.50000,0,18.50000,0.4,18.50000,0,18.50000,1400,18.50000,2.23574e-07,18.50000,2.23574e-07,18.50000,2.2293e-07,18.50000,0.000114286,18.50000,0.000114286,18.50000,0.000115956
18.51000,2.23574e-07,18.51000,0,18.51000,0,18.51000,0,18.51000,8.94317e-08,18.51000,0,18.51000,0.000114286,18.51000,0,18.51000,0,18.51000,0.000114286,18.51000,0.4,18.51000,1,18.51000,0,18.51000,0.4,18.51000,0,18.51000,5.01232,18.51000,0,18.51000,511.178,18.51000,0,18.51000,0.4,18.51000,0,18.51000,1400,18.51000,2.23574e-07,18.51000,2.23574e-07,18.51000,2.22921e-07,18.51000,0.000114286,18.51000,0.000114286,18.51000,0.000115946
18.52000,2.23574e-07,18.52000,0,18.52000,0,18.52000,0,18.52000,8.94317e-08,18.52000,0,18.52000,0.000114286,18.52000,0,18.52000,0,18.52000,0.000114286,18.52000,0.4,18.52000,1,18.52000,0,18.52000,0.4,18.52000,0,18.52000,5.01232,18.52000,0,18.52000,511.178,18.52000,0,18.52000,0.4,18.52000,0,18.52000,1400,18.52000,2.23574e-07,18.52000,2.23574e-07,18.52000,2.22912e-07,18.52000,0.000114286,18.52000,0.000114286,18.52000,0.000115935
18.53000,2.23574e-07,18.53000,0,18.53000,0,18.53000,0,18.53000,8.94317e-08,18.53000,0,18.53000,0.000114286,18.53000,0,18.53000,0,18.53000,0.000114286,18.53000,0.4,18.53000,1,18.53000,0,18.53000,0.4,18.53000,0,18.53000,5.01232,18.53000,0,18.53000,511.178,18.53000,0,18.53000,0.4,18.53000,0,18.53000,1400,18.53000,2.23574e-07,18.53000,2.23574e-07,18.53000,2.22903e-07,18.53000,0.000114286,18.53000,0.000114286,18.53000,0.000115925
18.54000,2.23574e-07,18.54000,0,18.54000,0,18.54000,0,18.54000,8.94317e-08,18.54000,0,18.54000,0.000114286,18.54000,0,18.54000,0,18.54000,0.000114286,18.54000,0.4,18.54000,1,18.54000,0,18.54000,0.4,18.54000,0,18.54000,5.01232,18.54000,0,18.54000,511.178,18.54000,0,18.54000,0.4,18.54000,0,18.54000,1400,18.54000,2.23574e-07,18.54000,2.23574e-07,18.54000,2.22894e-07,18.54000,0.000114286,18.54000,0.000114286,18.54000,0.000115914
18.55000,2.23574e-07,18.55000,0,18.55000,0,18.55000,0,18.55000,8.94317e-08,18.55000,0,18.55000,0.000114286,18.55000,0,18.55000,0,18.55000,0.000114286,18.55000,0.4,18.55000,1,18.55000,0,18.55000,0.4,18.55000,0,18.55000,5.01232,18.55000,0,18.55000,511.178,18.55000,0,18.55000,0.4,18.55000,0,18.55000,1400,18.55000,2.23574e-07,18.55000,2.23574e-07,18.55000,2.22885e-07,18.55000,0.000114286,18.55000,0.000114286,18.55000,0.000115904
18.56000,2.23574e-07,18.56000,0,18.56000,0,18.56000,0,18.56000,8.94317e-08,18.56000,0,18.56000,0.000114286,18.56000,0,18.56000,0,18.56000,0.000114286,18.56000,0.4,18.56000,1,18.56000,0,18.56000,0.4,18.56000,0,18.56000,5.01232,18.56000,0,18.56000,511.178,18.56000,0,18.56000,0.4,18.56000,0,18.56000,1400,18.56000,2.23574e-07,18.56000,2.23574e-07,18.56000,2.22876e-07,18.56000,0.000114286,18.56000,0.000114286,18.56000,0.000115893
18.57000,2.23574e-07,18.57000,0,18.57000,0,18.57000,0,18.57000,8.94317e-08,18.57000,0,18.57000,0.000114286,18.57000,0,18.57000,0,18.57000,0.000114286,18.57000,0.4,18.57000,1,18.57000,0,18.57000,0.4,18.57000,0,18.57000,5.01232,18.57000,0,18.57000,511.178,18.57000,0,18.57000,0.4,18.57000,0,18.57000,1400,18.57000,2.23574e-07,18.57000,2.23574e-07,18.57000,2.22867e-07,18.57000,0.000114286,18.57000,0.000114286,18.57000,0.000115883
18.58000,2.23574e-07,18.58000,0,18.58000,0,18.58000,0,18.58000,8.94317e-08,18.58000,0,18.58000,0.000114286,18.58000,0,18.58000,0,18.58000,0.000114286,18.58000,0.4,18.58000,1,18.58000,0,18.58000,0.4,18.58000,0,18.58000,5.01232,18.58000,0,18.58000,511.178,18.58000,0,18.58000,0.4,18.58000,0,18.58000,1400,18.58000,2.23574e-07,18.58000,2.23574e-07,18.58000,2.22858e-07,18.58000,0.000114286,18.58000,0.000114286,18.58000,0.000115872
18.59000,2.23574e-07,18.59000,0,18.59000,0,18.59000,0,18.59000,8.94317e-08,18.59000,0,18.59000,0.000114286,18.59000,0,18.59000,0,18.59000,0.000114286,18.59000,0.4,18.59000,1,18.59000,0,18.59000,0.4,18.59000,0,18.59000,5.01232,18.59000,0,18.59000,511.178,18.59000,0,18.59000,0.4,18.59000,0,18.59000,1400,18.59000,2.23574e-07,18.59000,2.23574e-07,18.59000,2.22849e-07,18.59000,0.000114286,18.59000,0.000114286,18.59000,0.000115861
18.60000,2.23574e-07,18.60000,0,18.60000,0,18.60000,0,18.60000,8.94317e-08,18.60000,0,18.60000,0.000114286,18.60000,0,18.60000,0,18.60000,0.000114286,18.60000,0.4,18.60000,1,18.60000,0,18.60000,0.4,18.60000,0,18.60000,5.01232,18.60000,0,18.60000,511.178,18.60000,0,18.60000,0.4,18.60000,0,18.60000,1400,18.60000,2.23574e-07,18.60000,2.23574e-07,18.60000,2.2284e-07,18.60000,0.000114286,18.60000,0.000114286,18.60000,0.000115851
18.61000,2.23574e-07,18.61000,0,18.61000,0,18.61000,0,18.61000,8.94317e-08,18.61000,0,18.61000,0.000114286,18.61000,0,18.61000,0,18.61000,0.000114286,18.61000,0.4,18.61000,1,18.61000,0,18.61000,0.4,18.61000,0,18.61000,5.01232,18.61000,0,18.61000,511.178,18.61000,0,18.61000,0.4,18.61000,0,18.61000,1400,18.61000,2.23574e-07,18.61000,2.23574e-07,18.61000,2.22831e-07,18.61000,0.000114286,18.61000,0.000114286,18.61000,0.00011584
18.62000,2.23574e-07,18.62000,0,18.62000,0,18.62000,0,18.62000,8.94317e-08,18.62000,0,18.62000,0.000114286,18.62000,0,18.62000,0,18.62000,0.000114286,18.62000,0.4,18.62000,1,18.62000,0,18.62000,0.4,18.62000,0,18.62000,5.01232,18.62000,0,18.62000,511.178,18.62000,0,18.62000,0.4,18.62000,0,18.62000,1400,18.62000,2.23574e-07,18.62000,2.23574e-07,18.62000,2.22822e-07,18.62000,0.000114286,18.62000,0.000114286,18.62000,0.00011583
18.63000,2.23574e-07,18.63000,0,18.63000,0,18.63000,0,18.63000,8.94317e-08,18.63000,0,18.63000,0.000114286,18.63000,0,18.63000,0,18.63000,0.000114286,18.63000,0.4,18.63000,1,18.63000,0,18.63000,0.4,18.63000,0,18.63000,5.01232,18.63000,0,18.63000,511.178,18.63000,0,18.63000,0.4,18.63000,0,18.63000,1400,18.63000,2.23574e-07,18.63000,2.23574e-07,18.63000,2.22813e-07,18.63000,0.000114286,18.63000,0.000114286,18.63000,0.000115819
18.64000,2.23574e-07,18.64000,0,18.64000,0,18.64000,0,18.64000,8.94317e-08,18.64000,0,18.64000,0.000114286,18.64000,0,18.64000,0,18.64000,0.000114286,18.64000,0.4,18.64000,1,18.64000,0,18.64000,0.4,18.64000,0,18.64000,5.01232,18.64000,0,18.64000,511.178,18.64000,0,18.64000,0.4,18.64000,0,18.64000,1400,18.64000,2.23574e-07,18.64000,2.23574e-07,18.64000,2.22804e-07,18.64000,0.000114286,18.64000,0.000114286,18.64000,0.000115809
18.65000,2.23574e-07,18.65000,0,18.65000,0,18.65000,0,18.65000,8.94317e-08,18.65000,0,18.65000,0.000114286,18.65000,0,18.65000,0,18.65000,0.000114286,18.65000,0.4,18.65000,1,18.65000,0,18.65000,0.4,18.65000,0,18.65000,5.01232,18.65000,0,18.65000,511.178,18.65000,0,18.65000,0.4,18.65000,0,18.65000,1400,18.65000,2.23574e-07,18.65000,2.23574e-07,18.65000,2.22795e-07,18.65000,0.000114286,18.65000,0.000114286,18.65000,0.000115798
18.66000,2.23574e-07,18.66000,0,18.66000,0,18.66000,0,18.66000,8.94317e-08,18.66000,0,18.66000,0.000114286,18.66000,0,18.66000,0,18.66000,0.000114286,18.66000,0.4,18.66000,1,18.66000,0,18.66000,0.4,18.66000,0,18.66000,5.01232,18.66000,0,18.66000,511.178,18.66000,0,18.66000,0.4,18.66000,0,18.66000,1400,18.66000,2.23574e-07,18.66000,2.23574e-07,18.66000,2.22786e-07,18.66000,0.000114286,18.66000,0.000114286,18.66000,0.000115788
18.67000,2.23574e-07,18.67000,0,18.67000,0,18.67000,0,18.67000,8.94317e-08,18.67000,0,18.67000,0.000114286,18.67000,0,18.67000,0,18.67000,0.000114286,18.67000,0.4,18.67000,1,18.67000,0,18.67000,0.4,18.67000,0,18.67000,5.01232,18.67000,0,18.67000,511.178,18.67000,0,18.67000,0.4,18.67000,0,18.67000,1400,18.67000,2.23574e-07,18.67000,2.23574e-07,18.67000,2.22777e-07,18.67000,0.000114286,18.67000,0.000114286,18.67000,0.000115777
18.68000,2.23574e-07,18.68000,0,18.68000,0,18.68000,0,18.68000,8.94317e-08,18.68000,0,18.68000,0.000114286,18.68000,0,18.68000,0,18.68000,0.000114286,18.68000,0.4,18.68000,1,18.68000,0,18.68000,0.4,18.68000,0,18.68000,5.01232,18.68000,0,18.68000,511.178,18.68000,0,18.68000,0.4,18.68000,0,18.68000,1400,18.68000,2.23574e-07,18.68000,2.23574e-07,18.68000,2.22768e-07,18.68000,0.000114286,18.68000,0.000114286,18.68000,0.000115767
18.69000,2.23574e-07,18.69000,0,18.69000,0,18.69000,0,18.69000,8.94317e-08,18.69000,0,18.69000,0.000114286,18.69000,0,18.69000,0,18.69000,0.000114286,18.69000,0.4,18.69000,1,18.69000,0,18.69000,0.4,18.69000,0,18.69000,5.01232,18.69000,0,18.69000,511.178,18.69000,0,18.69000,0.4,18.69000,0,18.69000,1400,18.69000,2.23574e-07,18.69000,2.23574e-07,18.69000,2.22759e-07,18.69000,0.000114286,18.69000,0.000114286,18.69000,0.000115756
18.70000,2.23574e-07,18.70000,0,18.70000,0,18.70000,0,18.70000,8.94317e-08,18.70000,0,18.70000,0.000114286,18.70000,0,18.70000,0,18.70000,0.000114286,18.70000,0.4,18.70000,1,18.70000,0,18.70000,0.4,18.70000,0,18.70000,5.01232,18.70000,0,18.70000,511.178,18.70000,0,18.70000,0.4,18.70000,0,18.70000,1400,18.70000,2.23574e-07,18.70000,2.23574e-07,18.70000,2.2275e-07,18.70000,0.000114286,18.70000,0.000114286,18.70000,0.000115746
18.71000,2.23574e-07,18.71000,0,18.71000,0,18.71000,0,18.71000,8.94317e-08,18.71000,0,18.71000,0.000114286,18.71000,0,18.71000,0,18.71000,0.000114286,18.71000,0.4,18.71000,1,18.71000,0,18.71000,0.4,18.71000,0,18.71000,5.01232,18.71000,0,18.71000,511.178,18.71000,0,18.71000,0.4,18.71000,0,18.71000,1400,18.71000,2.23574e-07,18.71000,2.23574e-07,18.71000,2.22741e-07,18.71000,0.000114286,18.71000,0.000114286,18.71000,0.000115735
18.72000,2.23574e-07,18.72000,0,18.72000,0,18.72000,0,18.72000,8.94317e-08,18.72000,0,18.72000,0.000114286,18.72000,0,18.72000,0,18.72000,0.000114286,18.72000,0.4,18.72000,1,18.72000,0,18.72000,0.4,18.72000,0,18.72000,5.01232,18.72000,0,18.72000,511.178,18.72000,0,18.72000,0.4,18.72000,0,18.72000,1400,18.72000,2.23574e-07,18.72000,2.23574e-07,18.72000,2.22732e-07,18.72000,0.000114286,18.72000,0.000114286,18.72000,0.000115724
18.73000,2.23574e-07,18.73000,0,18.73000,0,18.73000,0,18.73000,8.94317e-08,18.73000,0,18.73000,0.000114286,18.73000,0,18.73000,0,18.73000,0.000114286,18.73000,0.4,18.73000,1,18.73000,0,18.73000,0.4,18.73000,0,18.73000,5.01232,18.73000,0,18.73000,511.178,18.73000,0,18.73000,0.4,18.73000,0,18.73000,1400,18.73000,2.23574e-07,18.73000,2.23574e-07,18.73000,2.22723e-07,18.73000,0.000114286,18.73000,0.000114286,18.73000,0.000115714
18.74000,2.23574e-07,18.74000,0,18.74000,0,18.74000,0,18.74000,8.94317e-08,18.74000,0,18.74000,0.000114286,18.74000,0,18.74000,0,18.74000,0.000114286,18.74000,0.4,18.74000,1,18.74000,0,18.74000,0.4,18.74000,0,18.74000,5.01232,18.74000,0,18.74000,511.178,18.74000,0,18.74000,0.4,18.74000,0,18.74000,1400,18.74000,2.23574e-07,18.74000,2.23574e-07,18.74000,2.22714e-07,18.74000,0.000114286,18.74000,0.000114286,18.74000,0.000115703
18.75000,2.23574e-07,18.75000,0,18.75000,0,18.75000,0,18.75000,8.94317e-08,18.75000,0,18.75000,0.000114286,18.75000,0,18.75000,0,18.75000,0.000114286,18.75000,0.4,18.75000,1,18.75000,0,18.75000,0.4,18.75000,0,18.75000,5.01232,18.75000,0,18.75000,511.178,18.75000,0,18.75000,0.4,18.75000,0,18.75000,1400,18.75000,2.23574e-07,18.75000,2.23574e-07,18.75000,2.22705e-07,18.75000,0.000114286,18.75000,0.000114286,18.75000,0.000115693
18.76000,2.23574e-07,18.76000,0,18.76000,0,18.76000,0,18.76000,8.94317e-08,18.76000,0,18.76000,0.000114286,18.76000,0,18.76000,0,18.76000,0.000114286,18.76000,0.4,18.76000,1,18.76000,0,18.76000,0.4,18.76000,0,18.76000,5.01232,18.76000,0,18.76000,511.178,18.76000,0,18.76000,0.4,18.76000,0,18.76000,1400,18.76000,2.23574e-07,18.76000,2.23574e-07,18.76000,2.22696e-07,18.76000,0.000114286,18.76000,0.000114286,18.76000,0.000115682
18.77000,2.23574e-07,18.77000,0,18.77000,0,18.77000,0,18.77000,8.94317e-08,18.77000,0,18.77000,0.000114286,18.77000,0,18.77000,0,18.77000,0.000114286,18.77000,0.4,18.77000,1,18.77000,0,18.77000,0.4,18.77000,0,18.77000,5.01232,18.77000,0,18.77000,511.178,18.77000,0,18.77000,0.4,18.77000,0,18.77000,1400,18.77000,2.23574e-07,18.77000,2.23574e-07,18.77000,2.22687e-07,18.77000,0.000114286,18.77000,0.000114286,18.77000,0.000115672
18.78000,2.23574e-07,18.78000,0,18.78000,0,18.78000,0,18.78000,8.94317e-08,18.78000,0,18.78000,0.000114286,18.78000,0,18.78000,0,18.78000,0.000114286,18.78000,0.4,18.78000,1,18.78000,0,18.78000,0.4,18.78000,0,18.78000,5.01232,18.78000,0,18.78000,511.178,18.78000,0,18.78000,0.4,18.78000,0,18.78000,1400,18.78000,2.23574e-07,18.78000,2.23574e-07,18.78000,2.22678e-07,18.78000,0.000114286,18.78000,0.000114286,18.78000,0.000115661
18.79000,2.23574e-07,18.79000,0,18.79000,0,18.79000,0,18.79000,8.94317e-08,18.79000,0,18.79000,0.000114286,18.79000,0,18.79000,0,18.79000,0.000114286,18.79000,0.4,18.79000,1,18.79000,0,18.79000,0.4,18.79000,0,18.79000,5.01232,18.79000,0,18.79000,511.178,18.79000,0,18.79000,0.4,18.79000,0,18.79000,1400,18.79000,2.23574e-07,18.79000,2.23574e-07,18.79000,2.22669e-07,18.79000,0.000114286,18.79000,0.000114286,18.79000,0.000115651
18.80000,2.23574e-07,18.80000,0,18.80000,0,18.80000,0,18.80000,8.94317e-08,18.80000,0,18.80000,0.000114286,18.80000,0,18.80000,0,18.80000,0.000114286,18.80000,0.4,18.80000,1,18.80000,0,18.80000,0.4,18.80000,0,18.80000,5.01232,18.80000,0,18.80000,511.178,18.80000,0,18.80000,0.4,18.80000,0,18.80000,1400,18.80000,2.23574e-07,18.80000,2.23574e-07,18.80000,2.2266e-07,18.80000,0.000114286,18.80000,0.000114286,18.80000,0.00011564
18.81000,2.23574e-07,18.81000,0,18.81000,0,18.81000,0,18.81000,8.94317e-08,18.81000,0,18.81000,0.000114286,18.81000,0,18.81000,0,18.81000,0.000114286,18.81000,0.4,18.81000,1,18.81000,0,18.81000,0.4,18.81000,0,18.81000,5.01232,18.81000,0,18.81000,511.178,18.81000,0,18.81000,0.4,18.81000,0,18.81000,1400,18.81000,2.23574e-07,18.81000,2.23574e-07,18.81000,2.22651e-07,18.81000,0.000114286,18.81000,0.000114286,18.81000,0.00011563
18.82000,2.23574e-07,18.82000,0,18.82000,0,18.82000,0,18.82000,8.94317e-08,18.82000,0,18.82000,0.000114286,18.82000,0,18.82000,0,18.82000,0.000114286,18.82000,0.4,18.82000,1,18.82000,0,18.82000,0.4,18.82000,0,18.82000,5.01232,18.82000,0,18.82000,511.178,18.82000,0,18.82000,0.4,18.82000,0,18.82000,1400,18.82000,2.23574e-07,18.82000,2.23574e-07,18.82000,2.22642e-07,18.82000,0.000114286,18.82000,0.000114286,18.82000,0.000115619
18.83000,2.23574e-07,18.83000,0,18.83000,0,18.83000,0,18.83000,8.94317e-08,18.83000,0,18.83000,0.000114286,18.83000,0,18.83000,0,18.83000,0.000114286,18.83000,0.4,18.83000,1,18.83000,0,18.83000,0.4,18.83000,0,18.83000,5.01232,18.83000,0,18.83000,511.178,18.83000,0,18.83000,0.4,18.83000,0,18.83000,1400,18.83000,2.23574e-07,18.83000,2.23574e-07,18.83000,2.22633e-07,18.83000,0.000114286,18.83000,0.000114286,18.83000,0.000115609
18.84000,2.23574e-07,18.84000,0,18.84000,0,18.84000,0,18.84000,8.94317e-08,18.84000,0,18.84000,0.000114286,18.84000,0,18.84000,0,18.84000,0.000114286,18.84000,0.4,18.84000,1,18.84000,0,18.84000,0.4,18.84000,0,18.84000,5.01232,18.84000,0,18.84000,511.178,18.84000,0,18.84000,0.4,18.84000,0,18.84000,1400,18.84000,2.23574e-07,18.84000,2.23574e-07,18.84000,2.22624e-07,18.84000,0.000114286,18.84000,0.000114286,18.84000,0.000115598
18.85000,2.23574e-07,18.85000,0,18.85000,0,18.85000,0,18.85000,8.94317e-08,18.85000,0,18.85000,0.000114286,18.85000,0,18.85000,0,18.85000,0.000114286,18.85000,0.4,18.85000,1,18.85000,0,18.85000,0.4,18.85000,0,18.85000,5.01232,18.85000,0,18.85000,511.178,18.85000,0,18.85000,0.4,18.85000,0,18.85000,1400,18.85000,2.23574e-07,18.85000,2.23574e-07,18.85000,2.22615e-07,18.85000,0.000114286,18.85000,0.000114286,18.85000,0.000115587
18.86000,2.23574e-07,18.86000,0,18.86000,0,18.86000,0,18.86000,8.94317e-08,18.86000,0,18.86000,0.000114286,18.86000,0,18.86000,0,18.86000,0.000114286,18.86000,0.4,18.86000,1,18.86000,0,18.86000,0.4,18.86000,0,18.86000,5.01232,18.86000,0,18.86000,511.178,18.86000,0,18.86000,0.4,18.86000,0,18.86000,1400,18.86000,2.23574e-07,18.86000,2.23574e-07,18.86000,2.22606e-07,18.86000,0.000114286,18.86000,0.000114286,18.86000,0.000115577
18.87000,2.23574e-07,18.87000,0,18.87000,0,18.87000,0,18.87000,8.94317e-08,18.87000,0,18.87000,0.000114286,18.87000,0,18.87000,0,18.87000,0.000114286,18.87000,0.4,18.87000,1,18.87000,0,18.87000,0.4,18.87000,0,18.87000,5.01232,18.87000,0,18.87000,511.178,18.87000,0,18.87000,0.4,18.87000,0,18.87000,1400,18.87000,2.23574e-07,18.87000,2.23574e-07,18.87000,2.22597e-07,18.87000,0.000114286,18.87000,0.000114286,18.87000,0.000115566
18.88000,2.23574e-07,18.88000,0,18.88000,0,18.88000,0,18.88000,8.94317e-08,18.88000,0,18.88000,0.000114286,18.88000,0,18.88000,0,18.88000,0.000114286,18.88000,0.4,18.88000,1,18.88000,0,18.88000,0.4,18.88000,0,18.88000,5.01232,18.88000,0,18.88000,511.178,18.88000,0,18.88000,0.4,18.88000,0,18.88000,1400,18.88000,2.23574e-07,18.88000,2.23574e-07,18.88000,2.22588e-07,18.88000,0.000114286,18.88000,0.000114286,18.88000,0.000115556
18.89000,2.23574e-07,18.89000,0,18.89000,0,18.89000,0,18.89000,8.94317e-08,18.89000,0,18.89000,0.000114286,18.89000,0,18.89000,0,18.89000,0.000114286,18.89000,0.4,18.89000,1,18.89000,0,18.89000,0.4,18.89000,0,18.89000,5.01232,18.89000,0,18.89000,511.178,18.89000,0,18.89000,0.4,18.89000,0,18.89000,1400,18.89000,2.23574e-07,18.89000,2.23574e-07,18.89000,2.22579e-07,18.89000,0.000114286,18.89000,0.000114286,18.89000,0.000115545
18.90000,2.23574e-07,18.90000,0,18.90000,0,18.90000,0,18.90000,8.94317e-08,18.90000,0,18.90000,0.000114286,18.90000,0,18.90000,0,18.90000,0.000114286,18.90000,0.4,18.90000,1,18.90000,0,18.90000,0.4,18.90000,0,18.90000,5.01232,18.90000,0,18.90000,511.178,18.90000,0,18.90000,0.4,18.90000,0,18.90000,1400,18.90000,2.23574e-07,18.90000,2.23574e-07,18.90000,2.2257e-07,18.90000,0.000114286,18.90000,0.000114286,18.90000,0.000115535
18.91000,2.23574e-07,18.91000,0,18.91000,0,18.91000,0,18.91000,8.94317e-08,18.91000,0,18.91000,0.000114286,18.91000,0,18.91000,0,18.91000,0.000114286,18.91000,0.4,18.91000,1,18.91000,0,18.91000,0.4,18.91000,0,18.91000,5.01232,18.91000,0,18.91000,511.178,18.91000,0,18.91000,0.4,18.91000,0,18.91000,1400,18.91000,2.23574e-07,18.91000,2.23574e-07,18.91000,2.22561e-07,18.91000,0.000114286,18.91000,0.000114286,18.91000,0.000115524
18.92000,2.23574e-07,18.92000,0,18.92000,0,18.92000,0,18.92000,8.94317e-08,18.92000,0,18.92000,0.000114286,18.92000,0,18.92000,0,18.92000,0.000114286,18.92000,0.4,18.92000,1,18.92000,0,18.92000,0.4,18.92000,0,18.92000,5.01232,18.92000,0,18.92000,511.178,18.92000,0,18.92000,0.4,18.92000,0,18.92000,1400,18.92000,2.23574e-07,18.92000,2.23574e-07,18.92000,2.22552e-07,18.92000,0.000114286,18.92000,0.000114286,18.92000,0.000115514
18.93000,2.23574e-07,18.93000,0,18.93000,0,18.93000,0,18.93000,8.94317e-08,18.93000,0,18.93000,0.000114286,18.93000,0,18.93000,0,18.93000,0.000114286,18.93000,0.4,18.93000,1,18.93000,0,18.93000,0.4,18.93000,0,18.93000,5.01232,18.93000,0,18.93000,511.178,18.93000,0,18.93000,0.4,18.93000,0,18.93000,1400,18.93000,2.23574e-07,18.93000,2.23574e-07,18.93000,2.22543e-07,18.93000,0.000114286,18.93000,0.000114286,18.93000,0.000115503
18.94000,2.23574e-07,18.94000,0,18.94000,0,18.94000,0,18.94000,8.94317e-08,18.94000,0,18.94000,0.000114286,18.94000,0,18.94000,0,18.94000,0.000114286,18.94000,0.4,18.94000,1,18.94000,0,18.94000,0.4,18.94000,0,18.94000,5.01232,18.94000,0,18.94000,511.178,18.94000,0,18.94000,0.4,18.94000,0,18.94000,1400,18.94000,2.23574e-07,18.94000,2.23574e-07,18.94000,2.22534e-07,18.94000,0.000114286,18.94000,0.000114286,18.94000,0.000115493
18.95000,2.23574e-07,18.95000,0,18.95000,0,18.95000,0,18.95000,8.94317e-08,18.95000,0,18.95000,0.000114286,18.95000,0,18.95000,0,18.95000,0.000114286,18.95000,0.4,18.95000,1,18.95000,0,18.95000,0.4,18.95000,0,18.95000,5.01232,18.95000,0,18.95000,511.178,18.95000,0,18.95000,0.4,18.95000,0,18.95000,1400,18.95000,2.23574e-07,18.95000,2.23574e-07,18.95000,2.22525e-07,18.95000,0.000114286,18.95000,0.000114286,18.95000,0.000115482
18.96000,2.23574e-07,18.96000,0,18.96000,0,18.96000,0,18.96000,8.94317e-08,18.96000,0,18.96000,0.000114286,18.96000,0,18.96000,0,18.96000,0.000114286,18.96000,0.4,18.96000,1,18.96000,0,18.96000,0.4,18.96000,0,18.96000,5.01232,18.96000,0,18.96000,511.178,18.96000,0,18.96000,0.4,18.96000,0,18.96000,1400,18.96000,2.23574e-07,18.96000,2.23574e-07,18.96000,2.22515e-07,18.96000,0.000114286,18.96000,0.000114286,18.96000,0.000115472
18.97000,2.23574e-07,18.97000,0,18.97000,0,18.97000,0,18.97000,8.94317e-08,18.97000,0,18.97000,0.000114286,18.97000,0,18.97000,0,18.97000,0.000114286,18.97000,0.4,18.97000,1,18.97000,0,18.97000,0.4,18.97000,0,18.97000,5.01232,18.97000,0,18.97000,511.178,18.97000,0,18.97000,0.4,18.97000,0,18.97000,1400,18.97000,2.23574e-07,18.97000,2.23574e-07,18.97000,2.22506e-07,18.97000,0.000114286,18.97000,0.000114286,18.97000,0.000115461
18.98000,2.23574e-07,18.98000,0,18.98000,0,18.98000,0,18.98000,8.94317e-08,18.98000,0,18.98000,0.000114286,18.98000,0,18.98000,0,18.98000,0.000114286,18.98000,0.4,18.98000,1,18.98000,0,18.98000,0.4,18.98000,0,18.98000,5.01232,18.98000,0,18.98000,511.178,18.98000,0,18.98000,0.4,18.98000,0,18.98000,1400,18.98000,2.23574e-07,18.98000,2.23574e-07,18.98000,2.22497e-07,18.98000,0.000114286,18.98000,0.000114286,18.98000,0.00011545
18.99000,2.23574e-07,18.99000,0,18.99000,0,18.99000,0,18.99000,8.94317e-08,18.99000,0,18.99000,0.000114286,18.99000,0,18.99000,0,18.99000,0.000114286,18.99000,0.4,18.99000,1,18.99000,0,18.99000,0.4,18.99000,0,18.99000,5.01232,18.99000,0,18.99000,511.178,18.99000,0,18.99000,0.4,18.99000,0,18.99000,1400,18.99000,2.23574e-07,18.99000,2.23574e-07,18.99000,2.22488e-07,18.99000,0.000114286,18.99000,0.000114286,18.99000,0.00011544
19.00000,2.23574e-07,19.00000,0,19.00000,0,19.00000,0,19.00000,8.94317e-08,19.00000,0,19.00000,0.000114286,19.00000,0,19.00000,0,19.00000,0.000114286,19.00000,0.4,19.00000,1,19.00000,0,19.00000,0.4,19.00000,0,19.00000,5.01232,19.00000,0,19.00000,511.178,19.00000,0,19.00000,0.4,19.00000,0,19.00000,1400,19.00000,2.23574e-07,19.00000,2.23574e-07,19.00000,2.22479e-07,19.00000,0.000114286,19.00000,0.000114286,19.00000,0.000115429
19.01000,2.23574e-07,19.01000,0,19.01000,0,19.01000,0,19.01000,8.94317e-08,19.01000,0,19.01000,0.000114286,19.01000,0,19.01000,0,19.01000,0.000114286,19.01000,0.4,19.01000,1,19.01000,0,19.01000,0.4,19.01000,0,19.01000,5.01232,19.01000,0,19.01000,511.178,19.01000,0,19.01000,0.4,19.01000,0,19.01000,1400,19.01000,2.23574e-07,19.01000,2.23574e-07,19.01000,2.2247e-07,19.01000,0.000114286,19.01000,0.000114286,19.01000,0.000115419
19.02000,2.23574e-07,19.02000,0,19.02000,0,19.02000,0,19.02000,8.94317e-08,19.02000,0,19.02000,0.000114286,19.02000,0,19.02000,0,19.02000,0.000114286,19.02000,0.4,19.02000,1,19.02000,0,19.02000,0.4,19.02000,0,19.02000,5.01232,19.02000,0,19.02000,511.178,19.02000,0,19.02000,0.4,19.02000,0,19.02000,1400,19.02000,2.23574e-07,19.02000,2.23574e-07,19.02000,2.22461e-07,19.02000,0.000114286,19.02000,0.000114286,19.02000,0.000115408
19.03000,2.23574e-07,19.03000,0,19.03000,0,19.03000,0,19.03000,8.94317e-08,19.03000,0,19.03000,0.000114286,19.03000,0,19.03000,0,19.03000,0.000114286,19.03000,0.4,19.03000,1,19.03000,0,19.03000,0.4,19.03000,0,19.03000,5.01232,19.03000,0,19.03000,511.178,19.03000,0,19.03000,0.4,19.03000,0,19.03000,1400,19.03000,2.23574e-07,19.03000,2.23574e-07,19.03000,2.22452e-07,19.03000,0.000114286,19.03000,0.000114286,19.03000,0.000115398
19.04000,2.23574e-07,19.04000,0,19.04000,0,19.04000,0,19.04000,8.94317e-08,19.04000,0,19.04000,0.000114286,19.04000,0,19.04000,0,19.04000,0.000114286,19.04000,0.4,19.04000,1,19.04000,0,19.04000,0.4,19.04000,0,19.04000,5.01232,19.04000,0,19.04000,511.178,19.04000,0,19.04000,0.4,19.04000,0,19.04000,1400,19.04000,2.23574e-07,19.04000,2.23574e-07,19.04000,2.22443e-07,19.04000,0.000114286,19.04000,0.000114286,19.04000,0.000115387
19.05000,2.23574e-07,19.05000,0,19.05000,0,19.05000,0,19.05000,8.94317e-08,19.05000,0,19.05000,0.000114286,19.05000,0,19.05000,0,19.05000,0.000114286,19.05000,0.4,19.05000,1,19.05000,0,19.05000,0.4,19.05000,0,19.05000,5.01232,19.05000,0,19.05000,511.178,19.05000,0,19.05000,0.4,19.05000,0,19.05000,1400,19.05000,2.23574e-07,19.05000,2.23574e-07,19.05000,2.22434e-07,19.05000,0.000114286,19.05000,0.000114286,19.05000,0.000115377
19.06000,2.23574e-07,19.06000,0,19.06000,0,19.06000,0,19.06000,8.94317e-08,19.06000,0,19.06000,0.000114286,19.06000,0,19.06000,0,19.06000,0.000114286,19.06000,0.4,19.06000,1,19.06000,0,19.06000,0.4,19.06000,0,19.06000,5.01232,19.06000,0,19.06000,511.178,19.06000,0,19.06000,0.4,19.06000,0,19.06000,1400,19.06000,2.23574e-07,19.06000,2.23574e-07,19.06000,2.22425e-07,19.06000,0.000114286,19.06000,0.000114286,19.06000,0.000115366
19.07000,2.23574e-07,19.07000,0,19.07000,0,19.07000,0,19.07000,8.94317e-08,19.07000,0,19.07000,0.000114286,19.07000,0,19.07000,0,19.07000,0.000114286,19.07000,0.4,19.07000,1,19.07000,0,19.07000,0.4,19.07000,0,19.07000,5.01232,19.07000,0,19.07000,511.178,19.07000,0,19.07000,0.4,19.07000,0,19.07000,1400,19.07000,2.23574e-07,19.07000,2.23574e-07,19.07000,2.22416e-07,19.07000,0.000114286,19.07000,0.000114286,19.07000,0.000115356
19.08000,2.23574e-07,19.08000,0,19.08000,0,19.08000,0,19.08000,8.94317e-08,19.08000,0,19.08000,0.000114286,19.08000,0,19.08000,0,19.08000,0.000114286,19.08000,0.4,19.08000,1,19.08000,0,19.08000,0.4,19.08000,0,19.08000,5.01232,19.08000,0,19.08000,511.178,19.08000,0,19.08000,0.4,19.08000,0,19.08000,1400,19.08000,2.23574e-07,19.08000,2.23574e-07,19.08000,2.22407e-07,19.08000,0.000114286,19.08000,0.000114286,19.08000,0.000115345
19.09000,2.23574e-07,19.09000,0,19.09000,0,19.09000,0,19.09000,8.94317e-08,19.09000,0,19.09000,0.000114286,19.09000,0,19.09000,0,19.09000,0.000114286,19.09000,0.4,19.09000,1,19.09000,0,19.09000,0.4,19.09000,0,19.09000,5.01232,19.09000,0,19.09000,511.178,19.09000,0,19.09000,0.4,19.09000,0,19.09000,1400,19.09000,2.23574e-07,19.09000,2.23574e-07,19.09000,2.22398e-07,19.09000,0.000114286,19.09000,0.000114286,19.09000,0.000115335
19.10000,2.23574e-07,19.10000,0,19.10000,0,19.10000,0,19.10000,8.94317e-08,19.10000,0,19.10000,0.000114286,19.10000,0,19.10000,0,19.10000,0.000114286,19.10000,0.4,19.10000,1,19.10000,0,19.10000,0.4,19.10000,0,19.10000,5.01232,19.10000,0,19.10000,511.178,19.10000,0,19.10000,0.4,19.10000,0,19.10000,1400,19.10000,2.23574e-07,19.10000,2.23574e-07,19.10000,2.22389e-07,19.10000,0.000114286,19.10000,0.000114286,19.10000,0.000115324
19.11000,2.23574e-07,19.11000,0,19.11000,0,19.11000,0,19.11000,8.94317e-08,19.11000,0,19.11000,0.000114286,19.11000,0,19.11000,0,19.11000,0.000114286,19.11000,0.4,19.11000,1,19.11000,0,19.11000,0.4,19.11000,0,19.11000,5.01232,19.11000,0,19.11000,511.178,19.11000,0,19.11000,0.4,19.11000,0,19.11000,1400,19.11000,2.23574e-07,19.11000,2.23574e-07,19.11000,2.2238e-07,19.11000,0.000114286,19.11000,0.000114286,19.11000,0.000115313
19.12000,2.23574e-07,19.12000,0,19.12000,0,19.12000,0,19.12000,8.94317e-08,19.12000,0,19.12000,0.000114286,19.12000,0,19.12000,0,19.12000,0.000114286,19.12000,0.4,19.12000,1,19.12000,0,19.12000,0.4,19.12000,0,19.12000,5.01232,19.12000,0,19.12000,511.178,19.12000,0,19.12000,0.4,19.12000,0,19.12000,1400,19.12000,2.23574e-07,19.12000,2.23574e-07,19.12000,2.22371e-07,19.12000,0.000114286,19.12000,0.000114286,19.12000,0.000115303
19.13000,2.23574e-07,19.13000,0,19.13000,0,19.13000,0,19.13000,8.94317e-08,19.13000,0,19.13000,0.000114286,19.13000,0,19.13000,0,19.13000,0.000114286,19.13000,0.4,19.13000,1,19.13000,0,19.13000,0.4,19.13000,0,19.13000,5.01232,19.13000,0,19.13000,511.178,19.13000,0,19.13000,0.4,19.13000,0,19.13000,1400,19.13000,2.23574e-07,19.13000,2.23574e-07,19.13000,2.22362e-07,19.13000,0.000114286,19.13000,0.000114286,19.13000,0.000115292
19.14000,2.23574e-07,19.14000,0,19.14000,0,19.14000,0,19.14000,8.94317e-08,19.14000,0,19.14000,0.000114286,19.14000,0,19.14000,0,19.14000,0.000114286,19.14000,0.4,19.14000,1,19.14000,0,19.14000,0.4,19.14000,0,19.14000,5.01232,19.14000,0,19.14000,511.178,19.14000,0,19.14000,0.4,19.14000,0,19.14000,1400,19.14000,2.23574e-07,19.14000,2.23574e-07,19.14000,2.22353e-07,19.14000,0.000114286,19.14000,0.000114286,19.14000,0.000115282
19.15000,2.23574e-07,19.15000,0,19.15000,0,19.15000,0,19.15000,8.94317e-08,19.15000,0,19.15000,0.000114286,19.15000,0,19.15000,0,19.15000,0.000114286,19.15000,0.4,19.15000,1,19.15000,0,19.15000,0.4,19.15000,0,19.15000,5.01232,19.15000,0,19.15000,511.178,19.15000,0,19.15000,0.4,19.15000,0,19.15000,1400,19.15000,2.23574e-07,19.15000,2.23574e-07,19.15000,2.22344e-07,19.15000,0.000114286,19.15000,0.000114286,19.15000,0.000115271
19.16000,2.23574e-07,19.16000,0,19.16000,0,19.16000,0,19.16000,8.94317e-08,19.16000,0,19.16000,0.000114286,19.16000,0,19.16000,0,19.16000,0.000114286,19.16000,0.4,19.16000,1,19.16000,0,19.16000,0.4,19.16000,0,19.16000,5.01232,19.16000,0,19.16000,511.178,19.16000,0,19.16000,0.4,19.16000,0,19.16000,1400,19.16000,2.23574e-07,19.16000,2.23574e-07,19.16000,2.22335e-07,19.16000,0.000114286,19.16000,0.000114286,19.16000,0.000115261
19.17000,2.23574e-07,19.17000,0,19.17000,0,19.17000,0,19.17000,8.94317e-08,19.17000,0,19.17000,0.000114286,19.17000,0,19.17000,0,19.17000,0.000114286,19.17000,0.4,19.17000,1,19.17000,0,19.17000,0.4,19.17000,0,19.17000,5.01232,19.17000,0,19.17000,511.178,19.17000,0,19.17000,0.4,19.17000,0,19.17000,1400,19.17000,2.23574e-07,19.17000,2.23574e-07,19.17000,2.22326e-07,19.17000,0.000114286,19.17000,0.000114286,19.17000,0.00011525
19.18000,2.23574e-07,19.18000,0,19.18000,0,19.18000,0,19.18000,8.94317e-08,19.18000,0,19.18000,0.000114286,19.18000,0,19.18000,0,19.18000,0.000114286,19.18000,0.4,19.18000,1,19.18000,0,19.18000,0.4,19.18000,0,19.18000,5.01232,19.18000,0,19.18000,511.178,19.18000,0,19.18000,0.4,19.18000,0,19.18000,1400,19.18000,2.23574e-07,19.18000,2.23574e-07,19.18000,2.22317e-07,19.18000,0.000114286,19.18000,0.000114286,19.18000,0.00011524
19.19000,2.23574e-07,19.19000,0,19.19000,0,19.19000,0,19.19000,8.94317e-08,19.19000,0,19.19000,0.000114286,19.19000,0,19.19000,0,19.19000,0.000114286,19.19000,0.4,19.19000,1,19.19000,0,19.19000,0.4,19.19000,0,19.19000,5.01232,19.19000,0,19.19000,511.178,19.19000,0,19.19000,0.4,19.19000,0,19.19000,1400,19.19000,2.23574e-07,19.19000,2.23574e-07,19.19000,2.22308e-07,19.19000,0.000114286,19.19000,0.000114286,19.19000,0.000115229
19.20000,2.23574e-07,19.20000,0,19.20000,0,19.20000,0,19.20000,8.94317e-08,19.20000,0,19.20000,0.000114286,19.20000,0,19.20000,0,19.20000,0.000114286,19.20000,0.4,19.20000,1,19.20000,0,19.20000,0.4,19.20000,0,19.20000,5.01232,19.20000,0,19.20000,511.178,19.20000,0,19.20000,0.4,19.20000,0,19.20000,1400,19.20000,2.23574e-07,19.20000,2.23574e-07,19.20000,2.22299e-07,19.20000,0.000114286,19.20000,0.000114286,19.20000,0.000115219
19.21000,2.23574e-07,19.21000,0,19.21000,0,19.21000,0,19.21000,8.94317e-08,19.21000,0,19.21000,0.000114286,19.21000,0,19.21000,0,19.21000,0.000114286,19.21000,0.4,19.21000,1,19.21000,0,19.21000,0.4,19.21000,0,19.21000,5.01232,19.21000,0,19.21000,511.178,19.21000,0,19.21000,0.4,19.21000,0,19.21000,1400,19.21000,2.23574e-07,19.21000,2.23574e-07,19.21000,2.2229e-07,19.21000,0.000114286,19.21000,0.000114286,19.21000,0.000115208
19.22000,2.23574e-07,19.22000,0,19.22000,0,19.22000,0,19.22000,8.94317e-08,19.22000,0,19.22000,0.000114286,19.22000,0,19.22000,0,19.22000,0.000114286,19.22000,0.4,19.22000,1,19.22000,0,19.22000,0.4,19.22000,0,19.22000,5.01232,19.22000,0,19.22000,511.178,19.22000,0,19.22000,0.4,19.22000,0,19.22000,1400,19.22000,2.23574e-07,19.22000,2.23574e-07,19.22000,2.22281e-07,19.22000,0.000114286,19.22000,0.000114286,19.22000,0.000115198
19.23000,2.23574e-07,19.23000,0,19.23000,0,19.23000,0,19.23000,8.94317e-08,19.23000,0,19.23000,0.000114286,19.23000,0,19.23000,0,19.23000,0.000114286,19.23000,0.4,19.23000,1,19.23000,0,19.23000,0.4,19.23000,0,19.23000,5.01232,19.23000,0,19.23000,511.178,19.23000,0,19.23000,0.4,19.23000,0,19.23000,1400,19.23000,2.23574e-07,19.23000,2.23574e-07,19.23000,2.22272e-07,19.23000,0.000114286,19.23000,0.000114286,19.23000,0.000115187
19.24000,2.23574e-07,19.24000,0,19.24000,0,19.24000,0,19.24000,8.94317e-08,19.24000,0,19.24000,0.000114286,19.24000,0,19.24000,0,19.24000,0.000114286,19.24000,0.4,19.24000,1,19.24000,0,19.24000,0.4,19.24000,0,19.24000,5.01232,19.24000,0,19.24000,511.178,19.24000,0,19.24000,0.4,19.24000,0,19.24000,1400,19.24000,2.23574e-07,19.24000,2.23574e-07,19.24000,2.22263e-07,19.24000,0.000114286,19.24000,0.000114286,19.24000,0.000115176
19.25000,2.23574e-07,19.25000,0,19.25000,0,19.25000,0,19.25000,8.94317e-08,19.25000,0,19.25000,0.000114286,19.25000,0,19.25000,0,19.25000,0.000114286,19.25000,0.4,19.25000,1,19.25000,0,19.25000,0.4,19.25000,0,19.25000,5.01232,19.25000,0,19.25000,511.178,19.25000,0,19.25000,0.4,19.25000,0,19.25000,1400,19.25000,2.23574e-07,19.25000,2.23574e-07,19.25000,2.22254e-07,19.25000,0.000114286,19.25000,0.000114286,19.25000,0.000115166
19.26000,2.23574e-07,19.26000,0,19.26000,0,19.26000,0,19.26000,8.94317e-08,19.26000,0,19.26000,0.000114286,19.26000,0,19.26000,0,19.26000,0.000114286,19.26000,0.4,19.26000,1,19.26000,0,19.26000,0.4,19.26000,0,19.26000,5.01232,19.26000,0,19.26000,511.178,19.26000,0,19.26000,0.4,19.26000,0,19.26000,1400,19.26000,2.23574e-07,19.26000,2.23574e-07,19.26000,2.22245e-07,19.26000,0.000114286,19.26000,0.000114286,19.26000,0.000115155
19.27000,2.23574e-07,19.27000,0,19.27000,0,19.27000,0,19.27000,8.94317e-08,19.27000,0,19.27000,0.000114286,19.27000,0,19.27000,0,19.27000,0.000114286,19.27000,0.4,19.27000,1,19.27000,0,19.27000,0.4,19.27000,0,19.27000,5.01232,19.27000,0,19.27000,511.178,19.27000,0,19.27000,0.4,19.27000,0,19.27000,1400,19.27000,2.23574e-07,19.27000,2.23574e-07,19.27000,2.22236e-07,19.27000,0.000114286,19.27000,0.000114286,19.27000,0.000115145
19.28000,2.23574e-07,19.28000,0,19.28000,0,19.28000,0,19.28000,8.94317e-08,19.28000,0,19.28000,0.000114286,19.28000,0,19.28000,0,19.28000,0.000114286,19.28000,0.4,19.28000,1,19.28000,0,19.28000,0.4,19.28000,0,19.28000,5.01232,19.28000,0,19.28000,511.178,19.28000,0,19.28000,0.4,19.28000,0,19.28000,1400,19.28000,2.23574e-07,19.28000,2.23574e-07,19.28000,2.22227e-07,19.28000,0.000114286,19.28000,0.000114286,19.28000,0.000115134
19.29000,2.23574e-07,19.29000,0,19.29000,0,19.29000,0,19.29000,8.94317e-08,19.29000,0,19.29000,0.000114286,19.29000,0,19.29000,0,19.29000,0.000114286,19.29000,0.4,19.29000,1,19.29000,0,19.29000,0.4,19.29000,0,19.29000,5.01232,19.29000,0,19.29000,511.178,19.29000,0,19.29000,0.4,19.29000,0,19.29000,1400,19.29000,2.23574e-07,19.29000,2.23574e-07,19.29000,2.22218e-07,19.29000,0.000114286,19.29000,0.000114286,19.29000,0.000115124
19.30000,2.23574e-07,19.30000,0,19.30000,0,19.30000,0,19.30000,8.94317e-08,19.30000,0,19.30000,0.000114286,19.30000,0,19.30000,0,19.30000,0.000114286,19.30000,0.4,19.30000,1,19.30000,0,19.30000,0.4,19.30000,0,19.30000,5.01232,19.30000,0,19.30000,511.178,19.30000,0,19.30000,0.4,19.30000,0,19.30000,1400,19.30000,2.23574e-07,19.30000,2.23574e-07,19.30000,2.22209e-07,19.30000,0.000114286,19.30000,0.000114286,19.30000,0.000115113
19.31000,2.23574e-07,19.31000,0,19.31000,0,19.31000,0,19.31000,8.94317e-08,19.31000,0,19.31000,0.000114286,19.31000,0,19.31000,0,19.31000,0.000114286,19.31000,0.4,19.31000,1,19.31000,0,19.31000,0.4,19.31000,0,19.31000,5.01232,19.31000,0,19.31000,511.178,19.31000,0,19.31000,0.4,19.31000,0,19.31000,1400,19.31000,2.23574e-07,19.31000,2.23574e-07,19.31000,2.222e-07,19.31000,0.000114286,19.31000,0.000114286,19.31000,0.000115103
19.32000,2.23574e-07,19.32000,0,19.32000,0,19.32000,0,19.32000,8.94317e-08,19.32000,0,19.32000,0.000114286,19.32000,0,19.32000,0,19.32000,0.000114286,19.32000,0.4,19.32000,1,19.32000,0,19.32000,0.4,19.32000,0,19.32000,5.01232,19.32000,0,19.32000,511.178,19.32000,0,19.32000,0.4,19.32000,0,19.32000,1400,19.32000,2.23574e-07,19.32000,2.23574e-07,19.32000,2.22191e-07,19.32000,0.000114286,19.32000,0.000114286,19.32000,0.000115092
19.33000,2.23574e-07,19.33000,0,19.33000,0,19.33000,0,19.33000,8.94317e-08,19.33000,0,19.33000,0.000114286,19.33000,0,19.33000,0,19.33000,0.000114286,19.33000,0.4,19.33000,1,19.33000,0,19.33000,0.4,19.33000,0,19.33000,5.01232,19.33000,0,19.33000,511.178,19.33000,0,19.33000,0.4,19.33000,0,19.33000,1400,19.33000,2.23574e-07,19.33000,2.23574e-07,19.33000,2.22182e-07,19.33000,0.000114286,19.33000,0.000114286,19.33000,0.000115082
19.34000,2.23574e-07,19.34000,0,19.34000,0,19.34000,0,19.34000,8.94317e-08,19.34000,0,19.34000,0.000114286,19.34000,0,19.34000,0,19.34000,0.000114286,19.34000,0.4,19.34000,1,19.34000,0,19.34000,0.4,19.34000,0,19.34000,5.01232,19.34000,0,19.34000,511.178,19.34000,0,19.34000,0.4,19.34000,0,19.34000,1400,19.34000,2.23574e-07,19.34000,2.23574e-07,19.34000,2.22173e-07,19.34000,0.000114286,19.34000,0.000114286,19.34000,0.000115071
19.35000,2.23574e-07,19.35000,0,19.35000,0,19.35000,0,19.35000,8.94317e-08,19.35000,0,19.35000,0.000114286,19.35000,0,19.35000,0,19.35000,0.000114286,19.35000,0.4,19.35000,1,19.35000,0,19.35000,0.4,19.35000,0,19.35000,5.01232,19.35000,0,19.35000,511.178,19.35000,0,19.35000,0.4,19.35000,0,19.35000,1400,19.35000,2.23574e-07,19.35000,2.23574e-07,19.35000,2.22164e-07,19.35000,0.000114286,19.35000,0.000114286,19.35000,0.000115061
19.36000,2.23574e-07,19.36000,0,19.36000,0,19.36000,0,19.36000,8.94317e-08,19.36000,0,19.36000,0.000114286,19.36000,0,19.36000,0,19.36000,0.000114286,19.36000,0.4,19.36000,1,19.36000,0,19.36000,0.4,19.36000,0,19.36000,5.01232,19.36000,0,19.36000,511.178,19.36000,0,19.36000,0.4,19.36000,0,19.36000,1400,19.36000,2.23574e-07,19.36000,2.23574e-07,19.36000,2.22155e-07,19.36000,0.000114286,19.36000,0.000114286,19.36000,0.00011505
19.37000,2.23574e-07,19.37000,0,19.37000,0,19.37000,0,19.37000,8.94317e-08,19.37000,0,19.37000,0.000114286,19.37000,0,19.37000,0,19.37000,0.000114286,19.37000,0.4,19.37000,1,19.37000,0,19.37000,0.4,19.37000,0,19.37000,5.01232,19.37000,0,19.37000,511.178,19.37000,0,19.37000,0.4,19.37000,0,19.37000,1400,19.37000,2.23574e-07,19.37000,2.23574e-07,19.37000,2.22146e-07,19.37000,0.000114286,19.37000,0.000114286,19.37000,0.000115039
19.38000,2.23574e-07,19.38000,0,19.38000,0,19.38000,0,19.38000,8.94317e-08,19.38000,0,19.38000,0.000114286,19.38000,0,19.38000,0,19.38000,0.000114286,19.38000,0.4,19.38000,1,19.38000,0,19.38000,0.4,19.38000,0,19.38000,5.01232,19.38000,0,19.38000,511.178,19.38000,0,19.38000,0.4,19.38000,0,19.38000,1400,19.38000,2.23574e-07,19.38000,2.23574e-07,19.38000,2.22137e-07,19.38000,0.000114286,19.38000,0.000114286,19.38000,0.000115029
19.39000,2.23574e-07,19.39000,0,19.39000,0,19.39000,0,19.39000,8.94317e-08,19.39000,0,19.39000,0.000114286,19.39000,0,19.39000,0,19.39000,0.000114286,19.39000,0.4,19.39000,1,19.39000,0,19.39000,0.4,19.39000,0,19.39000,5.01232,19.39000,0,19.39000,511.178,19.39000,0,19.39000,0.4,19.39000,0,19.39000,1400,19.39000,2.23574e-07,19.39000,2.23574e-07,19.39000,2.22128e-07,19.39000,0.000114286,19.39000,0.000114286,19.39000,0.000115018
19.40000,2.23574e-07,19.40000,0,19.40000,0,19.40000,0,19.40000,8.94317e-08,19.40000,0,19.40000,0.000114286,19.40000,0,19.40000,0,19.40000,0.000114286,19.40000,0.4,19.40000,1,19.40000,0,19.40000,0.4,19.40000,0,19.40000,5.01232,19.40000,0,19.40000,511.178,19.40000,0,19.40000,0.4,19.40000,0,19.40000,1400,19.40000,2.23574e-07,19.40000,2.23574e-07,19.40000,2.22119e-07,19.40000,0.000114286,19.40000,0.000114286,19.40000,0.000115008
19.41000,2.23574e-07,19.41000,0,19.41000,0,19.41000,0,19.41000,8.94317e-08,19.41000,0,19.41000,0.000114286,19.41000,0,19.41000,0,19.41000,0.000114286,19.41000,0.4,19.41000,1,19.41000,0,19.41000,0.4,19.41000,0,19.41000,5.01232,19.41000,0,19.41000,511.178,19.41000,0,19.41000,0.4,19.41000,0,19.41000,1400,19.41000,2.23574e-07,19.41000,2.23574e-07,19.41000,2.2211e-07,19.41000,0.000114286,19.41000,0.000114286,19.41000,0.000114997
19.42000,2.23574e-07,19.42000,0,19.42000,0,19.42000,0,19.42000,8.94317e-08,19.42000,0,19.42000,0.000114286,19.42000,0,19.42000,0,19.42000,0.000114286,19.42000,0.4,19.42000,1,19.42000,0,19.42000,0.4,19.42000,0,19.42000,5.01232,19.42000,0,19.42000,511.178,19.42000,0,19.42000,0.4,19.42000,0,19.42000,1400,19.42000,2.23574e-07,19.42000,2.23574e-07,19.42000,2.22101e-07,19.42000,0.000114286,19.42000,0.000114286,19.42000,0.000114987
19.43000,2.23574e-07,19.43000,0,19.43000,0,19.43000,0,19.43000,8.94317e-08,19.43000,0,19.43000,0.000114286,19.43000,0,19.43000,0,19.43000,0.000114286,19.43000,0.4,19.43000,1,19.43000,0,19.43000,0.4,19.43000,0,19.43000,5.01232,19.43000,0,19.43000,511.178,19.43000,0,19.43000,0.4,19.43000,0,19.43000,1400,19.43000,2.23574e-07,19.43000,2.23574e-07,19.43000,2.22092e-07,19.43000,0.000114286,19.43000,0.000114286,19.43000,0.000114976
19.44000,2.23574e-07,19.44000,0,19.44000,0,19.44000,0,19.44000,8.94317e-08,19.44000,0,19.44000,0.000114286,19.44000,0,19.44000,0,19.44000,0.000114286,19.44000,0.4,19.44000,1,19.44000,0,19.44000,0.4,19.44000,0,19.44000,5.01232,19.44000,0,19.44000,511.178,19.44000,0,19.44000,0.4,19.44000,0,19.44000,1400,19.44000,2.23574e-07,19.44000,2.23574e-07,19.44000,2.22083e-07,19.44000,0.000114286,19.44000,0.000114286,19.44000,0.000114966
19.45000,2.23574e-07,19.45000,0,19.45000,0,19.45000,0,19.45000,8.94317e-08,19.45000,0,19.45000,0.000114286,19.45000,0,19.45000,0,19.45000,0.000114286,19.45000,0.4,19.45000,1,19.45000,0,19.45000,0.4,19.45000,0,19.45000,5.01232,19.45000,0,19.45000,511.178,19.45000,0,19.45000,0.4,19.45000,0,19.45000,1400,19.45000,2.23574e-07,19.45000,2.23574e-07,19.45000,2.22074e-07,19.45000,0.000114286,19.45000,0.000114286,19.45000,0.000114955
19.46000,2.23574e-07,19.46000,0,19.46000,0,19.46000,0,19.46000,8.94317e-08,19.46000,0,19.46000,0.000114286,19.46000,0,19.46000,0,19.46000,0.000114286,19.46000,0.4,19.46000,1,19.46000,0,19.46000,0.4,19.46000,0,19.46000,5.01232,19.46000,0,19.46000,511.178,19.46000,0,19.46000,0.4,19.46000,0,19.46000,1400,19.46000,2.23574e-07,19.46000,2.23574e-07,19.46000,2.22065e-07,19.46000,0.000114286,19.46000,0.000114286,19.46000,0.000114945
19.47000,2.23574e-07,19.47000,0,19.47000,0,19.47000,0,19.47000,8.94317e-08,19.47000,0,19.47000,0.000114286,19.47000,0,19.47000,0,19.47000,0.000114286,19.47000,0.4,19.47000,1,19.47000,0,19.47000,0.4,19.47000,0,19.47000,5.01232,19.47000,0,19.47000,511.178,19.47000,0,19.47000,0.4,19.47000,0,19.47000,1400,19.47000,2.23574e-07,19.47000,2.23574e-07,19.47000,2.22056e-07,19.47000,0.000114286,19.47000,0.000114286,19.47000,0.000114934
19.48000,2.23574e-07,19.48000,0,19.48000,0,19.48000,0,19.48000,8.94317e-08,19.48000,0,19.48000,0.000114286,19.48000,0,19.48000,0,19.48000,0.000114286,19.48000,0.4,19.48000,1,19.48000,0,19.48000,0.4,19.48000,0,19.48000,5.01232,19.48000,0,19.48000,511.178,19.48000,0,19.48000,0.4,19.48000,0,19.48000,1400,19.48000,2.23574e-07,19.48000,2.23574e-07,19.48000,2.22047e-07,19.48000,0.000114286,19.48000,0.000114286,19.48000,0.000114924
19.49000,2.23574e-07,19.49000,0,19.49000,0,19.49000,0,19.49000,8.94317e-08,19.49000,0,19.49000,0.000114286,19.49000,0,19.49000,0,19.49000,0.000114286,19.49000,0.4,19.49000,1,19.49000,0,19.49000,0.4,19.49000,0,19.49000,5.01232,19.49000,0,19.49000,511.178,19.49000,0,19.49000,0.4,19.49000,0,19.49000,1400,19.49000,2.23574e-07,19.49000,2.23574e-07,19.49000,2.22038e-07,19.49000,0.000114286,19.49000,0.000114286,19.49000,0.000114913
19.50000,2.23574e-07,19.50000,0,19.50000,0,19.50000,0,19.50000,8.94317e-08,19.50000,0,19.50000,0.000114286,19.50000,0,19.50000,0,19.50000,0.000114286,19.50000,0.4,19.50000,1,19.50000,0,19.50000,0.4,19.50000,0,19.50000,5.01232,19.50000,0,19.50000,511.178,19.50000,0,19.50000,0.4,19.50000,0,19.50000,1400,19.50000,2.23574e-07,19.50000,2.23574e-07,19.50000,2.22029e-07,19.50000,0.000114286,19.50000,0.000114286,19.50000,0.000114902
19.51000,2.23574e-07,19.51000,0,19.51000,0,19.51000,0,19.51000,8.94317e-08,19.51000,0,19.51000,0.000114286,19.51000,0,19.51000,0,19.51000,0.000114286,19.51000,0.4,19.51000,1,19.51000,0,19.51000,0.4,19.51000,0,19.51000,5.01232,19.51000,0,19.51000,511.178,19.51000,0,19.51000,0.4,19.51000,0,19.51000,1400,19.51000,2.23574e-07,19.51000,2.23574e-07,19.51000,2.2202e-07,19.51000,0.000114286,19.51000,0.000114286,19.51000,0.000114892
19.52000,2.23574e-07,19.52000,0,19.52000,0,19.52000,0,19.52000,8.94317e-08,19.52000,0,19.52000,0.000114286,19.52000,0,19.52000,0,19.52000,0.000114286,19.52000,0.4,19.52000,1,19.52000,0,19.52000,0.4,19.52000,0,19.52000,5.01232,19.52000,0,19.52000,511.178,19.52000,0,19.52000,0.4,19.52000,0,19.52000,1400,19.52000,2.23574e-07,19.52000,2.23574e-07,19.52000,2.22011e-07,19.52000,0.000114286,19.52000,0.000114286,19.52000,0.000114881
19.53000,2.23574e-07,19.53000,0,19.53000,0,19.53000,0,19.53000,8.94317e-08,19.53000,0,19.53000,0.000114286,19.53000,0,19.53000,0,19.53000,0.000114286,19.53000,0.4,19.53000,1,19.53000,0,19.53000,0.4,19.53000,0,19.53000,5.01232,19.53000,0,19.53000,511.178,19.53000,0,19.53000,0.4,19.53000,0,19.53000,1400,19.53000,2.23574e-07,19.53000,2.23574e-07,19.53000,2.22002e-07,19.53000,0.000114286,19.53000,0.000114286,19.53000,0.000114871
19.54000,2.23574e-07,19.54000,0,19.54000,0,19.54000,0,19.54000,8.94317e-08,19.54000,0,19.54000,0.000114286,19.54000,0,19.54000,0,19.54000,0.000114286,19.54000,0.4,19.54000,1,19.54000,0,19.54000,0.4,19.54000,0,19.54000,5.01232,19.54000,0,19.54000,511.178,19.54000,0,19.54000,0.4,19.54000,0,19.54000,1400,19.54000,2.23574e-07,19.54000,2.23574e-07,19.54000,2.21993e-07,19.54000,0.000114286,19.54000,0.000114286,19.54000,0.00011486
19.55000,2.23574e-07,19.55000,0,19.55000,0,19.55000,0,19.55000,8.94317e-08,19.55000,0,19.55000,0.000114286,19.55000,0,19.55000,0,19.55000,0.000114286,19.55000,0.4,19.55000,1,19.55000,0,19.55000,0.4,19.55000,0,19.55000,5.01232,19.55000,0,19.55000,511.178,19.55000,0,19.55000,0.4,19.55000,0,19.55000,1400,19.55000,2.23574e-07,19.55000,2.23574e-07,19.55000,2.21984e-07,19.55000,0.000114286,19.55000,0.000114286,19.55000,0.00011485
19.56000,2.23574e-07,19.56000,0,19.56000,0,19.56000,0,19.56000,8.94317e-08,19.56000,0,19.56000,0.000114286,19.56000,0,19.56000,0,19.56000,0.000114286,19.56000,0.4,19.56000,1,19.56000,0,19.56000,0.4,19.56000,0,19.56000,5.01232,19.56000,0,19.56000,511.178,19.56000,0,19.56000,0.4,19.56000,0,19.56000,1400,19.56000,2.23574e-07,19.56000,2.23574e-07,19.56000,2.21975e-07,19.56000,0.000114286,19.56000,0.000114286,19.56000,0.000114839
19.57000,2.23574e-07,19.57000,0,19.57000,0,19.57000,0,19.57000,8.94317e-08,19.57000,0,19.57000,0.000114286,19.57000,0,19.57000,0,19.57000,0.000114286,19.57000,0.4,19.57000,1,19.57000,0,19.57000,0.4,19.57000,0,19.57000,5.01232,19.57000,0,19.57000,511.178,19.57000,0,19.57000,0.4,19.57000,0,19.57000,1400,19.57000,2.23574e-07,19.57000,2.23574e-07,19.57000,2.21966e-07,19.57000,0.000114286,19.57000,0.000114286,19.57000,0.000114829
19.58000,2.23574e-07,19.58000,0,19.58000,0,19.58000,0,19.58000,8.94317e-08,19.58000,0,19.58000,0.000114286,19.58000,0,19.58000,0,19.58000,0.000114286,19.58000,0.4,19.58000,1,19.58000,0,19.58000,0.4,19.58000,0,19.58000,5.01232,19.58000,0,19.58000,511.178,19.58000,0,19.58000,0.4,19.58000,0,19.58000,1400,19.58000,2.23574e-07,19.58000,2.23574e-07,19.58000,2.21957e-07,19.58000,0.000114286,19.58000,0.000114286,19.58000,0.000114818
19.59000,2.23574e-07,19.59000,0,19.59000,0,19.59000,0,19.59000,8.94317e-08,19.59000,0,19.59000,0.000114286,19.59000,0,19.59000,0,19.59000,0.000114286,19.59000,0.4,19.59000,1,19.59000,0,19.59000,0.4,19.59000,0,19.59000,5.01232,19.59000,0,19.59000,511.178,19.59000,0,19.59000,0.4,19.59000,0,19.59000,1400,19.59000,2.23574e-07,19.59000,2.23574e-07,19.59000,2.21948e-07,19.59000,0.000114286,19.59000,0.000114286,19.59000,0.000114808
19.60000,2.23574e-07,19.60000,0,19.60000,0,19.60000,0,19.60000,8.94317e-08,19.60000,0,19.60000,0.000114286,19.60000,0,19.60000,0,19.60000,0.000114286,19.60000,0.4,19.60000,1,19.60000,0,19.60000,0.4,19.60000,0,19.60000,5.01232,19.60000,0,19.60000,511.178,19.60000,0,19.60000,0.4,19.60000,0,19.60000,1400,19.60000,2.23574e-07,19.60000,2.23574e-07,19.60000,2.21939e-07,19.60000,0.000114286,19.60000,0.000114286,19.60000,0.000114797
19.61000,2.23574e-07,19.61000,0,19.61000,0,19.61000,0,19.61000,8.94317e-08,19.61000,0,19.61000,0.000114286,19.61000,0,19.61000,0,19.61000,0.000114286,19.61000,0.4,19.61000,1,19.61000,0,19.61000,0.4,19.61000,0,19.61000,5.01232,19.61000,0,19.61000,511.178,19.61000,0,19.61000,0.4,19.61000,0,19.61000,1400,19.61000,2.23574e-07,19.61000,2.23574e-07,19.61000,2.2193e-07,19.61000,0.000114286,19.61000,0.000114286,19.61000,0.000114787
19.62000,2.23574e-07,19.62000,0,19.62000,0,19.62000,0,19.62000,8.94317e-08,19.62000,0,19.62000,0.000114286,19.62000,0,19.62000,0,19.62000,0.000114286,19.62000,0.4,19.62000,1,19.62000,0,19.62000,0.4,19.62000,0,19.62000,5.01232,19.62000,0,19.62000,511.178,19.62000,0,19.62000,0.4,19.62000,0,19.62000,1400,19.62000,2.23574e-07,19.62000,2.23574e-07,19.62000,2.21921e-07,19.62000,0.000114286,19.62000,0.000114286,19.62000,0.000114776
19.63000,2.23574e-07,19.63000,0,19.63000,0,19.63000,0,19.63000,8.94317e-08,19.63000,0,19.63000,0.000114286,19.63000,0,19.63000,0,19.63000,0.000114286,19.63000,0.4,19.63000,1,19.63000,0,19.63000,0.4,19.63000,0,19.63000,5.01232,19.63000,0,19.63000,511.178,19.63000,0,19.63000,0.4,19.63000,0,19.63000,1400,19.63000,2.23574e-07,19.63000,2.23574e-07,19.63000,2.21912e-07,19.63000,0.000114286,19.63000,0.000114286,19.63000,0.000114765
19.64000,2.23574e-07,19.64000,0,19.64000,0,19.64000,0,19.64000,8.94317e-08,19.64000,0,19.64000,0.000114286,19.64000,0,19.64000,0,19.64000,0.000114286,19.64000,0.4,19.64000,1,19.64000,0,19.64000,0.4,19.64000,0,19.64000,5.01232,19.64000,0,19.64000,511.178,19.64000,0,19.64000,0.4,19.64000,0,19.64000,1400,19.64000,2.23574e-07,19.64000,2.23574e-07,19.64000,2.21903e-07,19.64000,0.000114286,19.64000,0.000114286,19.64000,0.000114755
19.65000,2.23574e-07,19.65000,0,19.65000,0,19.65000,0,19.65000,8.94317e-08,19.65000,0,19.65000,0.000114286,19.65000,0,19.65000,0,19.65000,0.000114286,19.65000,0.4,19.65000,1,19.65000,0,19.65000,0.4,19.65000,0,19.65000,5.01232,19.65000,0,19.65000,511.178,19.65000,0,19.65000,0.4,19.65000,0,19.65000,1400,19.65000,2.23574e-07,19.65000,2.23574e-07,19.65000,2.21894e-07,19.65000,0.000114286,19.65000,0.000114286,19.65000,0.000114744
19.66000,2.23574e-07,19.66000,0,19.66000,0,19.66000,0,19.66000,8.94317e-08,19.66000,0,19.66000,0.000114286,19.66000,0,19.66000,0,19.66000,0.000114286,19.66000,0.4,19.66000,1,19.66000,0,19.66000,0.4,19.66000,0,19.66000,5.01232,19.66000,0,19.66000,511.178,19.66000,0,19.66000,0.4,19.66000,0,19.66000,1400,19.66000,2.23574e-07,19.66000,2.23574e-07,19.66000,2.21885e-07,19.66000,0.000114286,19.66000,0.000114286,19.66000,0.000114734
19.67000,2.23574e-07,19.67000,0,19.67000,0,19.67000,0,19.67000,8.94317e-08,19.67000,0,19.67000,0.000114286,19.67000,0,19.67000,0,19.67000,0.000114286,19.67000,0.4,19.67000,1,19.67000,0,19.67000,0.4,19.67000,0,19.67000,5.01232,19.67000,0,19.67000,511.178,19.67000,0,19.67000,0.4,19.67000,0,19.67000,1400,19.67000,2.23574e-07,19.67000,2.23574e-07,19.67000,2.21876e-07,19.67000,0.000114286,19.67000,0.000114286,19.67000,0.000114723
19.68000,2.23574e-07,19.68000,0,19.68000,0,19.68000,0,19.68000,8.94317e-08,19.68000,0,19.68000,0.000114286,19.68000,0,19.68000,0,19.68000,0.000114286,19.68000,0.4,19.68000,1,19.68000,0,19.68000,0.4,19.68000,0,19.68000,5.01232,19.68000,0,19.68000,511.178,19.68000,0,19.68000,0.4,19.68000,0,19.68000,1400,19.68000,2.23574e-07,19.68000,2.23574e-07,19.68000,2.21867e-07,19.68000,0.000114286,19.68000,0.000114286,19.68000,0.000114713
19.69000,2.23574e-07,19.69000,0,19.69000,0,19.69000,0,19.69000,8.94317e-08,19.69000,0,19.69000,0.000114286,19.69000,0,19.69000,0,19.69000,0.000114286,19.69000,0.4,19.69000,1,19.69000,0,19.69000,0.4,19.69000,0,19.69000,5.01232,19.69000,0,19.69000,511.178,19.69000,0,19.69000,0.4,19.69000,0,19.69000,1400,19.69000,2.23574e-07,19.69000,2.23574e-07,19.69000,2.21858e-07,19.69000,0.000114286,19.69000,0.000114286,19.69000,0.000114702
19.70000,2.23574e-07,19.70000,0,19.70000,0,19.70000,0,19.70000,8.94317e-08,19.70000,0,19.70000,0.000114286,19.70000,0,19.70000,0,19.70000,0.000114286,19.70000,0.4,19.70000,1,19.70000,0,19.70000,0.4,19.70000,0,19.70000,5.01232,19.70000,0,19.70000,511.178,19.70000,0,19.70000,0.4,19.70000,0,19.70000,1400,19.70000,2.23574e-07,19.70000,2.23574e-07,19.70000,2.21849e-07,19.70000,0.000114286,19.70000,0.000114286,19.70000,0.000114692
19.71000,2.23574e-07,19.71000,0,19.71000,0,19.71000,0,19.71000,8.94317e-08,19.71000,0,19.71000,0.000114286,19.71000,0,19.71000,0,19.71000,0.000114286,19.71000,0.4,19.71000,1,19.71000,0,19.71000,0.4,19.71000,0,19.71000,5.01232,19.71000,0,19.71000,511.178,19.71000,0,19.71000,0.4,19.71000,0,19.71000,1400,19.71000,2.23574e-07,19.71000,2.23574e-07,19.71000,2.2184e-07,19.71000,0.000114286,19.71000,0.000114286,19.71000,0.000114681
19.72000,2.23574e-07,19.72000,0,19.72000,0,19.72000,0,19.72000,8.94317e-08,19.72000,0,19.72000,0.000114286,19.72000,0,19.72000,0,19.72000,0.000114286,19.72000,0.4,19.72000,1,19.72000,0,19.72000,0.4,19.72000,0,19.72000,5.01232,19.72000,0,19.72000,511.178,19.72000,0,19.72000,0.4,19.72000,0,19.72000,1400,19.72000,2.23574e-07,19.72000,2.23574e-07,19.72000,2.21831e-07,19.72000,0.000114286,19.72000,0.000114286,19.72000,0.000114671
19.73000,2.23574e-07,19.73000,0,19.73000,0,19.73000,0,19.73000,8.94317e-08,19.73000,0,19.73000,0.000114286,19.73000,0,19.73000,0,19.73000,0.000114286,19.73000,0.4,19.73000,1,19.73000,0,19.73000,0.4,19.73000,0,19.73000,5.01232,19.73000,0,19.73000,511.178,19.73000,0,19.73000,0.4,19.73000,0,19.73000,1400,19.73000,2.23574e-07,19.73000,2.23574e-07,19.73000,2.21822e-07,19.73000,0.000114286,19.73000,0.000114286,19.73000,0.00011466
19.74000,2.23574e-07,19.74000,0,19.74000,0,19.74000,0,19.74000,8.94317e-08,19.74000,0,19.74000,0.000114286,19.74000,0,19.74000,0,19.74000,0.000114286,19.74000,0.4,19.74000,1,19.74000,0,19.74000,0.4,19.74000,0,19.74000,5.01232,19.74000,0,19.74000,511.178,19.74000,0,19.74000,0.4,19.74000,0,19.74000,1400,19.74000,2.23574e-07,19.74000,2.23574e-07,19.74000,2.21813e-07,19.74000,0.000114286,19.74000,0.000114286,19.74000,0.00011465
19.75000,2.23574e-07,19.75000,0,19.75000,0,19.75000,0,19.75000,8.94317e-08,19.75000,0,19.75000,0.000114286,19.75000,0,19.75000,0,19.75000,0.000114286,19.75000,0.4,19.75000,1,19.75000,0,19.75000,0.4,19.75000,0,19.75000,5.01232,19.75000,0,19.75000,511.178,19.75000,0,19.75000,0.4,19.75000,0,19.75000,1400,19.75000,2.23574e-07,19.75000,2.23574e-07,19.75000,2.21804e-07,19.75000,0.000114286,19.75000,0.000114286,19.75000,0.000114639
19.76000,2.23574e-07,19.76000,0,19.76000,0,19.76000,0,19.76000,8.94317e-08,19.76000,0,19.76000,0.000114286,19.76000,0,19.76000,0,19.76000,0.000114286,19.76000,0.4,19.76000,1,19.76000,0,19.76000,0.4,19.76000,0,19.76000,5.01232,19.76000,0,19.76000,511.178,19.76000,0,19.76000,0.4,19.76000,0,19.76000,1400,19.76000,2.23574e-07,19.76000,2.23574e-07,19.76000,2.21795e-07,19.76000,0.000114286,19.76000,0.000114286,19.76000,0.000114628
19.77000,2.23574e-07,19.77000,0,19.77000,0,19.77000,0,19.77000,8.94317e-08,19.77000,0,19.77000,0.000114286,19.77000,0,19.77000,0,19.77000,0.000114286,19.77000,0.4,19.77000,1,19.77000,0,19.77000,0.4,19.77000,0,19.77000,5.01232,19.77000,0,19.77000,511.178,19.77000,0,19.77000,0.4,19.77000,0,19.77000,1400,19.77000,2.23574e-07,19.77000,2.23574e-07,19.77000,2.21786e-07,19.77000,0.000114286,19.77000,0.000114286,19.77000,0.000114618
19.78000,2.23574e-07,19.78000,0,19.78000,0,19.78000,0,19.78000,8.94317e-08,19.78000,0,19.78000,0.000114286,19.78000,0,19.78000,0,19.78000,0.000114286,19.78000,0.4,19.78000,1,19.78000,0,19.78000,0.4,19.78000,0,19.78000,5.01232,19.78000,0,19.78000,511.178,19.78000,0,19.78000,0.4,19.78000,0,19.78000,1400,19.78000,2.23574e-07,19.78000,2.23574e-07,19.78000,2.21777e-07,19.78000,0.000114286,19.78000,0.000114286,19.78000,0.000114607
19.79000,2.23574e-07,19.79000,0,19.79000,0,19.79000,0,19.79000,8.94317e-08,19.79000,0,19.79000,0.000114286,19.79000,0,19.79000,0,19.79000,0.000114286,19.79000,0.4,19.79000,1,19.79000,0,19.79000,0.4,19.79000,0,19.79000,5.01232,19.79000,0,19.79000,511.178,19.79000,0,19.79000,0.4,19.79000,0,19.79000,1400,19.79000,2.23574e-07,19.79000,2.23574e-07,19.79000,2.21768e-07,19.79000,0.000114286,19.79000,0.000114286,19.79000,0.000114597
19.80000,2.23574e-07,19.80000,0,19.80000,0,19.80000,0,19.80000,8.94317e-08,19.80000,0,19.80000,0.000114286,19.80000,0,19.80000,0,19.80000,0.000114286,19.80000,0.4,19.80000,1,19.80000,0,19.80000,0.4,19.80000,0,19.80000,5.01232,19.80000,0,19.80000,511.178,19.80000,0,19.80000,0.4,19.80000,0,19.80000,1400,19.80000,2.23574e-07,19.80000,2.23574e-07,19.80000,2.21759e-07,19.80000,0.000114286,19.80000,0.000114286,19.80000,0.000114586
19.81000,2.23574e-07,19.81000,0,19.81000,0,19.81000,0,19.81000,8.94317e-08,19.81000,0,19.81000,0.000114286,19.81000,0,19.81000,0,19.81000,0.000114286,19.81000,0.4,19.81000,1,19.81000,0,19.81000,0.4,19.81000,0,19.81000,5.01232,19.81000,0,19.81000,511.178,19.81000,0,19.81000,0.4,19.81000,0,19.81000,1400,19.81000,2.23574e-07,19.81000,2.23574e-07,19.81000,2.2175e-07,19.81000,0.000114286,19.81000,0.000114286,19.81000,0.000114576
19.82000,2.23574e-07,19.82000,0,19.82000,0,19.82000,0,19.82000,8.94317e-08,19.82000,0,19.82000,0.000114286,19.82000,0,19.82000,0,19.82000,0.000114286,19.82000,0.4,19.82000,1,19.82000,0,19.82000,0.4,19.82000,0,19.82000,5.01232,19.82000,0,19.82000,511.178,19.82000,0,19.82000,0.4,19.82000,0,19.82000,1400,19.82000,2.23574e-07,19.82000,2.23574e-07,19.82000,2.21741e-07,19.82000,0.000114286,19.82000,0.000114286,19.82000,0.000114565
19.83000,2.23574e-07,19.83000,0,19.83000,0,19.83000,0,19.83000,8.94317e-08,19.83000,0,19.83000,0.000114286,19.83000,0,19.83000,0,19.83000,0.000114286,19.83000,0.4,19.83000,1,19.83000,0,19.83000,0.4,19.83000,0,19.83000,5.01232,19.83000,0,19.83000,511.178,19.83000,0,19.83000,0.4,19.83000,0,19.83000,1400,19.83000,2.23574e-07,19.83000,2.23574e-07,19.83000,2.21732e-07,19.83000,0.000114286,19.83000,0.000114286,19.83000,0.000114555
19.84000,2.23574e-07,19.84000,0,19.84000,0,19.84000,0,19.84000,8.94317e-08,19.84000,0,19.84000,0.000114286,19.84000,0,19.84000,0,19.84000,0.000114286,19.84000,0.4,19.84000,1,19.84000,0,19.84000,0.4,19.84000,0,19.84000,5.01232,19.84000,0,19.84000,511.178,19.84000,0,19.84000,0.4,19.84000,0,19.84000,1400,19.84000,2.23574e-07,19.84000,2.23574e-07,19.84000,2.21723e-07,19.84000,0.000114286,19.84000,0.000114286,19.84000,0.000114544
19.85000,2.23574e-07,19.85000,0,19.85000,0,19.85000,0,19.85000,8.94317e-08,19.85000,0,19.85000,0.000114286,19.85000,0,19.85000,0,19.85000,0.000114286,19.85000,0.4,19.85000,1,19.85000,0,19.85000,0.4,19.85000,0,19.85000,5.01232,19.85000,0,19.85000,511.178,19.85000,0,19.85000,0.4,19.85000,0,19.85000,1400,19.85000,2.23574e-07,19.85000,2.23574e-07,19.85000,2.21714e-07,19.85000,0.000114286,19.85000,0.000114286,19.85000,0.000114534
19.86000,2.23574e-07,19.86000,0,19.86000,0,19.86000,0,19.86000,8.94317e-08,19.86000,0,19.86000,0.000114286,19.86000,0,19.86000,0,19.86000,0.000114286,19.86000,0.4,19.86000,1,19.86000,0,19.86000,0.4,19.86000,0,19.86000,5.01232,19.86000,0,19.86000,511.178,19.86000,0,19.86000,0.4,19.86000,0,19.86000,1400,19.86000,2.23574e-07,19.86000,2.23574e-07,19.86000,2.21705e-07,19.86000,0.000114286,19.86000,0.000114286,19.86000,0.000114523
19.87000,2.23574e-07,19.87000,0,19.87000,0,19.87000,0,19.87000,8.94317e-08,19.87000,0,19.87000,0.000114286,19.87000,0,19.87000,0,19.87000,0.000114286,19.87000,0.4,19.87000,1,19.87000,0,19.87000,0.4,19.87000,0,19.87000,5.01232,19.87000,0,19.87000,511.178,19.87000,0,19.87000,0.4,19.87000,0,19.87000,1400,19.87000,2.23574e-07,19.87000,2.23574e-07,19.87000,2.21696e-07,19.87000,0.000114286,19.87000,0.000114286,19.87000,0.000114513
19.88000,2.23574e-07,19.88000,0,19.88000,0,19.88000,0,19.88000,8.94317e-08,19.88000,0,19.88000,0.000114286,19.88000,0,19.88000,0,19.88000,0.000114286,19.88000,0.4,19.88000,1,19.88000,0,19.88000,0.4,19.88000,0,19.88000,5.01232,19.88000,0,19.88000,511.178,19.88000,0,19.88000,0.4,19.88000,0,19.88000,1400,19.88000,2.23574e-07,19.88000,2.23574e-07,19.88000,2.21687e-07,19.88000,0.000114286,19.88000,0.000114286,19.88000,0.000114502
19.89000,2.23574e-07,19.89000,0,19.89000,0,19.89000,0,19.89000,8.94317e-08,19.89000,0,19.89000,0.000114286,19.89000,0,19.89000,0,19.89000,0.000114286,19.89000,0.4,19.89000,1,19.89000,0,19.89000,0.4,19.89000,0,19.89000,5.01232,19.89000,0,19.89000,511.178,19.89000,0,19.89000,0.4,19.89000,0,19.89000,1400,19.89000,2.23574e-07,19.89000,2.23574e-07,19.89000,2.21678e-07,19.89000,0.000114286,19.89000,0.000114286,19.89000,0.000114491
19.90000,2.23574e-07,19.90000,0,19.90000,0,19.90000,0,19.90000,8.94317e-08,19.90000,0,19.90000,0.000114286,19.90000,0,19.90000,0,19.90000,0.000114286,19.90000,0.4,19.90000,1,19.90000,0,19.90000,0.4,19.90000,0,19.90000,5.01232,19.90000,0,19.90000,511.178,19.90000,0,19.90000,0.4,19.90000,0,19.90000,1400,19.90000,2.23574e-07,19.90000,2.23574e-07,19.90000,2.21669e-07,19.90000,0.000114286,19.90000,0.000114286,19.90000,0.000114481
19.91000,2.23574e-07,19.91000,0,19.91000,0,19.91000,0,19.91000,8.94317e-08,19.91000,0,19.91000,0.000114286,19.91000,0,19.91000,0,19.91000,0.000114286,19.91000,0.4,19.91000,1,19.91000,0,19.91000,0.4,19.91000,0,19.91000,5.01232,19.91000,0,19.91000,511.178,19.91000,0,19.91000,0.4,19.91000,0,19.91000,1400,19.91000,2.23574e-07,19.91000,2.23574e-07,19.91000,2.2166e-07,19.91000,0.000114286,19.91000,0.000114286,19.91000,0.00011447
19.92000,2.23574e-07,19.92000,0,19.92000,0,19.92000,0,19.92000,8.94317e-08,19.92000,0,19.92000,0.000114286,19.92000,0,19.92000,0,19.92000,0.000114286,19.92000,0.4,19.92000,1,19.92000,0,19.92000,0.4,19.92000,0,19.92000,5.01232,19.92000,0,19.92000,511.178,19.92000,0,19.92000,0.4,19.92000,0,19.92000,1400,19.92000,2.23574e-07,19.92000,2.23574e-07,19.92000,2.21651e-07,19.92000,0.000114286,19.92000,0.000114286,19.92000,0.00011446
19.93000,2.23574e-07,19.93000,0,19.93000,0,19.93000,0,19.93000,8.94317e-08,19.93000,0,19.93000,0.000114286,19.93000,0,19.93000,0,19.93000,0.000114286,19.93000,0.4,19.93000,1,19.93000,0,19.93000,0.4,19.93000,0,19.93000,5.01232,19.93000,0,19.93000,511.178,19.93000,0,19.93000,0.4,19.93000,0,19.93000,1400,19.93000,2.23574e-07,19.93000,2.23574e-07,19.93000,2.21642e-07,19.93000,0.000114286,19.93000,0.000114286,19.93000,0.000114449
19.94000,2.23574e-07,19.94000,0,19.94000,0,19.94000,0,19.94000,8.94317e-08,19.94000,0,19.94000,0.000114286,19.94000,0,19.94000,0,19.94000,0.000114286,19.94000,0.4,19.94000,1,19.94000,0,19.94000,0.4,19.94000,0,19.94000,5.01232,19.94000,0,19.94000,511.178,19.94000,0,19.94000,0.4,19.94000,0,19.94000,1400,19.94000,2.23574e-07,19.94000,2.23574e-07,19.94000,2.21633e-07,19.94000,0.000114286,19.94000,0.000114286,19.94000,0.000114439
19.95000,2.23574e-07,19.95000,0,19.95000,0,19.95000,0,19.95000,8.94317e-08,19.95000,0,19.95000,0.000114286,19.95000,0,19.95000,0,19.95000,0.000114286,19.95000,0.4,19.95000,1,19.95000,0,19.95000,0.4,19.95000,0,19.95000,5.01232,19.95000,0,19.95000,511.178,19.95000,0,19.95000,0.4,19.95000,0,19.95000,1400,19.95000,2.23574e-07,19.95000,2.23574e-07,19.95000,2.21629e-07,19.95000,0.000114286,19.95000,0.000114286,19.95000,0.000114435
19.96000,2.23574e-07,19.96000,0,19.96000,0,19.96000,0,19.96000,8.94317e-08,19.96000,0,19.96000,0.000114286,19.96000,0,19.96000,0,19.96000,0.000114286,19.96000,0.4,19.96000,1,19.96000,0,19.96000,0.4,19.96000,0,19.96000,5.01232,19.96000,0,19.96000,511.178,19.96000,0,19.96000,0.4,19.96000,0,19.96000,1400,19.96000,2.23574e-07,19.96000,2.23574e-07,19.96000,2.21628e-07,19.96000,0.000114286,19.96000,0.000114286,19.96000,0.000114433
19.97000,2.23574e-07,19.97000,0,19.97000,0,19.97000,0,19.97000,8.94317e-08,19.97000,0,19.97000,0.000114286,19.97000,0,19.97000,0,19.97000,0.000114286,19.97000,0.4,19.97000,1,19.97000,0,19.97000,0.4,19.97000,0,19.97000,5.01232,19.97000,0,19.97000,511.178,19.97000,0,19.97000,0.4,19.97000,0,19.97000,1400,19.97000,2.23574e-07,19.97000,2.23574e-07,19.97000,2.21627e-07,19.97000,0.000114286,19.97000,0.000114286,19.97000,0.000114432
19.98000,2.23574e-07,19.98000,0,19.98000,0,19.98000,0,19.98000,8.94317e-08,19.98000,0,19.98000,0.000114286,19.98000,0,19.98000,0,19.98000,0.000114286,19.98000,0.4,19.98000,1,19.98000,0,19.98000,0.4,19.98000,0,19.98000,5.01232,19.98000,0,19.98000,511.178,19.98000,0,19.98000,0.4,19.98000,0,19.98000,1400,19.98000,2.23574e-07,19.98000,2.23574e-07,19.98000,2.21626e-07,19.98000,0.000114286,19.98000,0.000114286,19.98000,0.000114431
19.99000,2.23574e-07,19.99000,0,19.99000,0,19.99000,0,19.99000,8.94317e-08,19.99000,0,19.99000,0.000114286,19.99000,0,19.99000,0,19.99000,0.000114286,19.99000,0.4,19.99000,1,19.99000,0,19.99000,0.4,19.99000,0,19.99000,5.01232,19.99000,0,19.99000,511.178,19.99000,0,19.99000,0.4,19.99000,0,19.99000,1400,19.99000,2.23574e-07,19.99000,2.23574e-07,19.99000,2.21625e-07,19.99000,0.000114286,19.99000,0.000114286,19.99000,0.00011443
20.00000,2.23574e-07,20.00000,0,20.00000,0,20.00000,0,20.00000,8.94317e-08,20.00000,0,20.00000,0.000114286,20.00000,0,20.00000,0,20.00000,0.000114286,20.00000,0.4,20.00000,1,20.00000,0,20.00000,0.4,20.00000,0,20.00000,5.01232,20.00000,0,20.00000,511.178,20.00000,0,20.00000,0.4,20.00000,0,20.00000,1400,20.00000,2.23574e-07,20.00000,2.23574e-07,20.00000,2.21624e-07,20.00000,0.000114286,20.00000,0.000114286,20.00000,0.000114429
20.01000,2.23574e-07,20.01000,0,20.01000,0,20.01000,0,20.01000,8.94317e-08,20.01000,0,20.01000,0.000114286,20.01000,0,20.01000,0,20.01000,0.000114286,20.01000,0.4,20.01000,1,20.01000,0,20.01000,0.4,20.01000,0,20.01000,5.01232,20.01000,0,20.01000,511.178,20.01000,0,20.01000,0.4,20.01000,0,20.01000,1400,20.01000,2.23574e-07,20.01000,2.23574e-07,20.01000,2.21623e-07,20.01000,0.000114286,20.01000,0.000114286,20.01000,0.000114427
20.02000,2.23574e-07,20.02000,0,20.02000,0,20.02000,0,20.02000,8.94317e-08,20.02000,0,20.02000,0.000114286,20.02000,0,20.02000,0,20.02000,0.000114286,20.02000,0.4,20.02000,1,20.02000,0,20.02000,0.4,20.02000,0,20.02000,5.01232,20.02000,0,20.02000,511.178,20.02000,0,20.02000,0.4,20.02000,0,20.02000,1400,20.02000,2.23574e-07,20.02000,2.23574e-07,20.02000,2.21622e-07,20.02000,0.000114286,20.02000,0.000114286,20.02000,0.000114426
20.03000,2.23574e-07,20.03000,0,20.03000,0,20.03000,0,20.03000,8.94317e-08,20.03000,0,20.03000,0.000114286,20.03000,0,20.03000,0,20.03000,0.000114286,20.03000,0.4,20.03000,1,20.03000,0,20.03000,0.4,20.03000,0,20.03000,5.01232,20.03000,0,20.03000,511.178,20.03000,0,20.03000,0.4,20.03000,0,20.03000,1400,20.03000,2.23574e-07,20.03000,2.23574e-07,20.03000,2.21621e-07,20.03000,0.000114286,20.03000,0.000114286,20.03000,0.000114425
20.04000,2.23574e-07,20.04000,0,20.04000,0,20.04000,0,20.04000,8.94317e-08,20.04000,0,20.04000,0.000114286,20.04000,0,20.04000,0,20.04000,0.000114286,20.04000,0.4,20.04000,1,20.04000,0,20.04000,0.4,20.04000,0,20.04000,5.01232,20.04000,0,20.04000,511.178,20.04000,0,20.04000,0.4,20.04000,0,20.04000,1400,20.04000,2.23574e-07,20.04000,2.23574e-07,20.04000,2.2162e-07,20.04000,0.000114286,20.04000,0.000114286,20.04000,0.000114424
20.05000,2.23574e-07,20.05000,0,20.05000,0,20.05000,0,20.05000,8.94317e-08,20.05000,0,20.05000,0.000114286,20.05000,0,20.05000,0,20.05000,0.000114286,20.05000,0.4,20.05000,1,20.05000,0,20.05000,0.4,20.05000,0,20.05000,5.01232,20.05000,0,20.05000,511.178,20.05000,0,20.05000,0.4,20.05000,0,20.05000,1400,20.05000,2.23574e-07,20.05000,2.23574e-07,20.05000,2.21619e-07,20.05000,0.000114286,20.05000,0.000114286,20.05000,0.000114423
20.06000,2.23574e-07,20.06000,0,20.06000,0,20.06000,0,20.06000,8.94317e-08,20.06000,0,20.06000,0.000114286,20.06000,0,20.06000,0,20.06000,0.000114286,20.06000,0.4,20.06000,1,20.06000,0,20.06000,0.4,20.06000,0,20.06000,5.01232,20.06000,0,20.06000,511.178,20.06000,0,20.06000,0.4,20.06000,0,20.06000,1400,20.06000,2.23574e-07,20.06000,2.23574e-07,20.06000,2.21618e-07,20.06000,0.000114286,20.06000,0.000114286,20.06000,0.000114421
20.07000,2.23574e-07,20.07000,0,20.07000,0,20.07000,0,20.07000,8.94317e-08,20.07000,0,20.07000,0.000114286,20.07000,0,20.07000,0,20.07000,0.000114286,20.07000,0.4,20.07000,1,20.07000,0,20.07000,0.4,20.07000,0,20.07000,5.01232,20.07000,0,20.07000,511.178,20.07000,0,20.07000,0.4,20.07000,0,20.07000,1400,20.07000,2.23574e-07,20.07000,2.23574e-07,20.07000,2.21617e-07,20.07000,0.000114286,20.07000,0.000114286,20.07000,0.00011442
20.08000,2.23574e-07,20.08000,0,20.08000,0,20.08000,0,20.08000,8.94317e-08,20.08000,0,20.08000,0.000114286,20.08000,0,20.08000,0,20.08000,0.000114286,20.08000,0.4,20.08000,1,20.08000,0,20.08000,0.4,20.08000,0,20.08000,5.01232,20.08000,0,20.08000,511.178,20.08000,0,20.08000,0.4,20.08000,0,20.08000,1400,20.08000,2.23574e-07,20.08000,2.23574e-07,20.08000,2.21616e-07,20.08000,0.000114286,20.08000,0.000114286,20.08000,0.000114419
20.09000,2.23574e-07,20.09000,0,20.09000,0,20.09000,0,20.09000,8.94317e-08,20.09000,0,20.09000,0.000114286,20.09000,0,20.09000,0,20.09000,0.000114286,20.09000,0.4,20.09000,1,20.09000,0,20.09000,0.4,20.09000,0,20.09000,5.01232,20.09000,0,20.09000,511.178,20.09000,0,20.09000,0.4,20.09000,0,20.09000,1400,20.09000,2.23574e-07,20.09000,2.23574e-07,20.09000,2.21615e-07,20.09000,0.000114286,20.09000,0.000114286,20.09000,0.000114418
20.10000,2.23574e-07,20.10000,0,20.10000,0,20.10000,0,20.10000,8.94317e-08,20.10000,0,20.10000,0.000114286,20.10000,0,20.10000,0,20.10000,0.000114286,20.10000,0.4,20.10000,1,20.10000,0,20.10000,0.4,20.10000,0,20.10000,5.01232,20.10000,0,20.10000,511.178,20.10000,0,20.10000,0.4,20.10000,0,20.10000,1400,20.10000,2.23574e-07,20.10000,2.23574e-07,20.10000,2.21614e-07,20.10000,0.000114286,20.10000,0.000114286,20.10000,0.000114417
20.11000,2.23574e-07,20.11000,0,20.11000,0,20.11000,0,20.11000,8.94317e-08,20.11000,0,20.11000,0.000114286,20.11000,0,20.11000,0,20.11000,0.000114286,20.11000,0.4,20.11000,1,20.11000,0,20.11000,0.4,20.11000,0,20.11000,5.01232,20.11000,0,20.11000,511.178,20.11000,0,20.11000,0.4,20.11000,0,20.11000,1400,20.11000,2.23574e-07,20.11000,2.23574e-07,20.11000,2.21613e-07,20.11000,0.000114286,20.11000,0.000114286,20.11000,0.000114415
20.12000,2.23574e-07,20.12000,0,20.12000,0,20.12000,0,20.12000,8.94317e-08,20.12000,0,20.12000,0.000114286,20.12000,0,20.12000,0,20.12000,0.000114286,20.12000,0.4,20.12000,1,20.12000,0,20.12000,0.4,20.12000,0,20.12000,5.01232,20.12000,0,20.12000,511.178,20.12000,0,20.12000,0.4,20.12000,0,20.12000,1400,20.12000,2.23574e-07,20.12000,2.23574e-07,20.12000,2.21612e-07,20.12000,0.000114286,20.12000,0.000114286,20.12000,0.000114414
20.13000,2.23574e-07,20.13000,0,20.13000,0,20.13000,0,20.13000,8.94317e-08,20.13000,0,20.13000,0.000114286,20.13000,0,20.13000,0,20.13000,0.000114286,20.13000,0.4,20.13000,1,20.13000,0,20.13000,0.4,20.13000,0,20.13000,5.01232,20.13000,0,20.13000,511.178,20.13000,0,20.13000,0.4,20.13000,0,20.13000,1400,20.13000,2.23574e-07,20.13000,2.23574e-07,20.13000,2.21611e-07,20.13000,0.000114286,20.13000,0.000114286,20.13000,0.000114413
20.14000,2.23574e-07,20.14000,0,20.14000,0,20.14000,0,20.14000,8.94317e-08,20.14000,0,20.14000,0.000114286,20.14000,0,20.14000,0,20.14000,0.000114286,20.14000,0.4,20.14000,1,20.14000,0,20.14000,0.4,20.14000,0,20.14000,5.01232,20.14000,0,20.14000,511.178,20.14000,0,20.14000,0.4,20.14000,0,20.14000,1400,20.14000,2.23574e-07,20.14000,2.23574e-07,20.14000,2.2161e-07,20.14000,0.000114286,20.14000,0.000114286,20.14000,0.000114412
20.15000,2.23574e-07,20.15000,0,20.15000,0,20.15000,0,20.15000,8.94317e-08,20.15000,0,20.15000,0.000114286,20.15000,0,20.15000,0,20.15000,0.000114286,20.15000,0.4,20.15000,1,20.15000,0,20.15000,0.4,20.15000,0,20.15000,5.01232,20.15000,0,20.15000,511.178,20.15000,0,20.15000,0.4,20.15000,0,20.15000,1400,20.15000,2.23574e-07,20.15000,2.23574e-07,20.15000,2.21609e-07,20.15000,0.000114286,20.15000,0.000114286,20.15000,0.000114411
20.16000,2.23574e-07,20.16000,0,20.16000,0,20.16000,0,20.16000,8.94317e-08,20.16000,0,20.16000,0.000114286,20.16000,0,20.16000,0,20.16000,0.000114286,20.16000,0.4,20.16000,1,20.16000,0,20.16000,0.4,20.16000,0,20.16000,5.01232,20.16000,0,20.16000,511.178,20.16000,0,20.16000,0.4,20.16000,0,20.16000,1400,20.16000,2.23574e-07,20.16000,2.23574e-07,20.16000,2.21608e-07,20.16000,0.000114286,20.16000,0.000114286,20.16000,0.000114409
20.17000,2.23574e-07,20.17000,0,20.17000,0,20.17000,0,20.17000,8.94317e-08,20.17000,0,20.17000,0.000114286,20.17000,0,20.17000,0,20.17000,0.000114286,20.17000,0.4,20.17000,1,20.17000,0,20.17000,0.4,20.17000,0,20.17000,5.01232,20.17000,0,20.17000,511.178,20.17000,0,20.17000,0.4,20.17000,0,20.17000,1400,20.17000,2.23574e-07,20.17000,2.23574e-07,20.17000,2.21607e-07,20.17000,0.000114286,20.17000,0.000114286,20.17000,0.000114408
20.18000,2.23574e-07,20.18000,0,20.18000,0,20.18000,0,20.18000,8.94317e-08,20.18000,0,20.18000,0.000114286,20.18000,0,20.18000,0,20.18000,0.000114286,20.18000,0.4,20.18000,1,20.18000,0,20.18000,0.4,20.18000,0,20.18000,5.01232,20.18000,0,20.18000,511.178,20.18000,0,20.18000,0.4,20.18000,0,20.18000,1400,20.18000,2.23574e-07,20.18000,2.23574e-07,20.18000,2.21606e-07,20.18000,0.000114286,20.18000,0.000114286,20.18000,0.000114407
20.19000,2.23574e-07,20.19000,0,20.19000,0,20.19000,0,20.19000,8.94317e-08,20.19000,0,20.19000,0.000114286,20.19000,0,20.19000,0,20.19000,0.000114286,20.19000,0.4,20.19000,1,20.19000,0,20.19000,0.4,20.19000,0,20.19000,5.01232,20.19000,0,20.19000,511.178,20.19000,0,20.19000,0.4,20.19000,0,20.19000,1400,20.19000,2.23574e-07,20.19000,2.23574e-07,20.19000,2.21605e-07,20.19000,0.000114286,20.19000,0.000114286,20.19000,0.000114406
20.20000,2.23574e-07,20.20000,0,20.20000,0,20.20000,0,20.20000,8.94317e-08,20.20000,0,20.20000,0.000114286,20.20000,0,20.20000,0,20.20000,0.000114286,20.20000,0.4,20.20000,1,20.20000,0,20.20000,0.4,20.20000,0,20.20000,5.01232,20.20000,0,20.20000,511.178,20.20000,0,20.20000,0.4,20.20000,0,20.20000,1400,20.20000,2.23574e-07,20.20000,2.23574e-07,20.20000,2.21604e-07,20.20000,0.000114286,20.20000,0.000114286,20.20000,0.000114405
20.21000,2.23574e-07,20.21000,0,20.21000,0,20.21000,0,20.21000,8.94317e-08,20.21000,0,20.21000,0.000114286,20.21000,0,20.21000,0,20.21000,0.000114286,20.21000,0.4,20.21000,1,20.21000,0,20.21000,0.4,20.21000,0,20.21000,5.01232,20.21000,0,20.21000,511.178,20.21000,0,20.21000,0.4,20.21000,0,20.21000,1400,20.21000,2.23574e-07,20.21000,2.23574e-07,20.21000,2.21603e-07,20.21000,0.000114286,20.21000,0.000114286,20.21000,0.000114403
20.22000,2.23574e-07,20.22000,0,20.22000,0,20.22000,0,20.22000,8.94317e-08,20.22000,0,20.22000,0.000114286,20.22000,0,20.22000,0,20.22000,0.000114286,20.22000,0.4,20.22000,1,20.22000,0,20.22000,0.4,20.22000,0,20.22000,5.01232,20.22000,0,20.22000,511.178,20.22000,0,20.22000,0.4,20.22000,0,20.22000,1400,20.22000,2.23574e-07,20.22000,2.23574e-07,20.22000,2.21601e-07,20.22000,0.000114286,20.22000,0.000114286,20.22000,0.000114402
20.23000,2.23574e-07,20.23000,0,20.23000,0,20.23000,0,20.23000,8.94317e-08,20.23000,0,20.23000,0.000114286,20.23000,0,20.23000,0,20.23000,0.000114286,20.23000,0.4,20.23000,1,20.23000,0,20.23000,0.4,20.23000,0,20.23000,5.01232,20.23000,0,20.23000,511.178,20.23000,0,20.23000,0.4,20.23000,0,20.23000,1400,20.23000,2.23574e-07,20.23000,2.23574e-07,20.23000,2.216e-07,20.23000,0.000114286,20.23000,0.000114286,20.23000,0.000114401
20.24000,2.23574e-07,20.24000,0,20.24000,0,20.24000,0,20.24000,8.94317e-08,20.24000,0,20.24000,0.000114286,20.24000,0,20.24000,0,20.24000,0.000114286,20.24000,0.4,20.24000,1,20.24000,0,20.24000,0.4,20.24000,0,20.24000,5.01232,20.24000,0,20.24000,511.178,20.24000,0,20.24000,0.4,20.24000,0,20.24000,1400,20.24000,2.23574e-07,20.24000,2.23574e-07,20.24000,2.21599e-07,20.24000,0.000114286,20.24000,0.000114286,20.24000,0.0001144
20.25000,2.23574e-07,20.25000,0,20.25000,0,20.25000,0,20.25000,8.94317e-08,20.25000,0,20.25000,0.000114286,20.25000,0,20.25000,0,20.25000,0.000114286,20.25000,0.4,20.25000,1,20.25000,0,20.25000,0.4,20.25000,0,20.25000,5.01232,20.25000,0,20.25000,511.178,20.25000,0,20.25000,0.4,20.25000,0,20.25000,1400,20.25000,2.23574e-07,20.25000,2.23574e-07,20.25000,2.21598e-07,20.25000,0.000114286,20.25000,0.000114286,20.25000,0.000114399
20.26000,2.23574e-07,20.26000,0,20.26000,0,20.26000,0,20.26000,8.94317e-08,20.26000,0,20.26000,0.000114286,20.26000,0,20.26000,0,20.26000,0.000114286,20.26000,0.4,20.26000,1,20.26000,0,20.26000,0.4,20.26000,0,20.26000,5.01232,20.26000,0,20.26000,511.178,20.26000,0,20.26000,0.4,20.26000,0,20.26000,1400,20.26000,2.23574e-07,20.26000,2.23574e-07,20.26000,2.21597e-07,20.26000,0.000114286,20.26000,0.000114286,20.26000,0.000114397
20.27000,2.23574e-07,20.27000,0,20.27000,0,20.27000,0,20.27000,8.94317e-08,20.27000,0,20.27000,0.000114286,20.27000,0,20.27000,0,20.27000,0.000114286,20.27000,0.4,20.27000,1,20.27000,0,20.27000,0.4,20.27000,0,20.27000,5.01232,20.27000,0,20.27000,511.178,20.27000,0,20.27000,0.4,20.27000,0,20.27000,1400,20.27000,2.23574e-07,20.27000,2.23574e-07,20.27000,2.21596e-07,20.27000,0.000114286,20.27000,0.000114286,20.27000,0.000114396
20.28000,2.23574e-07,20.28000,0,20.28000,0,20.28000,0,20.28000,8.94317e-08,20.28000,0,20.28000,0.000114286,20.28000,0,20.28000,0,20.28000,0.000114286,20.28000,0.4,20.28000,1,20.28000,0,20.28000,0.4,20.28000,0,20.28000,5.01232,20.28000,0,20.28000,511.178,20.28000,0,20.28000,0.4,20.28000,0,20.28000,1400,20.28000,2.23574e-07,20.28000,2.23574e-07,20.28000,2.21595e-07,20.28000,0.000114286,20.28000,0.000114286,20.28000,0.000114395
20.29000,2.23574e-07,20.29000,0,20.29000,0,20.29000,0,20.29000,8.94317e-08,20.29000,0,20.29000,0.000114286,20.29000,0,20.29000,0,20.29000,0.000114286,20.29000,0.4,20.29000,1,20.29000,0,20.29000,0.4,20.29000,0,20.29000,5.01232,20.29000,0,20.29000,511.178,20.29000,0,20.29000,0.4,20.29000,0,20.29000,1400,20.29000,2.23574e-07,20.29000,2.23574e-07,20.29000,2.21594e-07,20.29000,0.000114286,20.29000,0.000114286,20.29000,0.000114394
20.30000,2.23574e-07,20.30000,0,20.30000,0,20.30000,0,20.30000,8.94317e-08,20.30000,0,20.30000,0.000114286,20.30000,0,20.30000,0,20.30000,0.000114286,20.30000,0.4,20.30000,1,20.30000,0,20.30000,0.4,20.30000,0,20.30000,5.01232,20.30000,0,20.30000,511.178,20.30000,0,20.30000,0.4,20.30000,0,20.30000,1400,20.30000,2.23574e-07,20.30000,2.23574e-07,20.30000,2.21593e-07,20.30000,0.000114286,20.30000,0.000114286,20.30000,0.000114393
20.31000,2.23574e-07,20.31000,0,20.31000,0,20.31000,0,20.31000,8.94317e-08,20.31000,0,20.31000,0.000114286,20.31000,0,20.31000,0,20.31000,0.000114286,20.31000,0.4,20.31000,1,20.31000,0,20.31000,0.4,20.31000,0,20.31000,5.01232,20.31000,0,20.31000,511.178,20.31000,0,20.31000,0.4,20.31000,0,20.31000,1400,20.31000,2.23574e-07,20.31000,2.23574e-07,20.31000,2.21592e-07,20.31000,0.000114286,20.31000,0.000114286,20.31000,0.000114391
20.32000,2.23574e-07,20.32000,0,20.32000,0,20.32000,0,20.32000,8.94317e-08,20.32000,0,20.32000,0.000114286,20.32000,0,20.32000,0,20.32000,0.000114286,20.32000,0.4,20.32000,1,20.32000,0,20.32000,0.4,20.32000,0,20.32000,5.01232,20.32000,0,20.32000,511.178,20.32000,0,20.32000,0.4,20.32000,0,20.32000,1400,20.32000,2.23574e-07,20.32000,2.23574e-07,20.32000,2.21591e-07,20.32000,0.000114286,20.32000,0.000114286,20.32000,0.00011439
20.33000,2.23574e-07,20.33000,0,20.33000,0,20.33000,0,20.33000,8.94317e-08,20.33000,0,20.33000,0.000114286,20.33000,0,20.33000,0,20.33000,0.000114286,20.33000,0.4,20.33000,1,20.33000,0,20.33000,0.4,20.33000,0,20.33000,5.01232,20.33000,0,20.33000,511.178,20.33000,0,20.33000,0.4,20.33000,0,20.33000,1400,20.33000,2.23574e-07,20.33000,2.23574e-07,20.33000,2.2159e-07,20.33000,0.000114286,20.33000,0.000114286,20.33000,0.000114389
20.34000,2.23574e-07,20.34000,0,20.34000,0,20.34000,0,20.34000,8.94317e-08,20.34000,0,20.34000,0.000114286,20.34000,0,20.34000,0,20.34000,0.000114286,20.34000,0.4,20.34000,1,20.34000,0,20.34000,0.4,20.34000,0,20.34000,5.01232,20.34000,0,20.34000,511.178,20.34000,0,20.34000,0.4,20.34000,0,20.34000,1400,20.34000,2.23574e-07,20.34000,2.23574e-07,20.34000,2.21589e-07,20.34000,0.000114286,20.34000,0.000114286,20.34000,0.000114388
20.35000,2.23574e-07,20.35000,0,20.35000,0,20.35000,0,20.35000,8.94317e-08,20.35000,0,20.35000,0.000114286,20.35000,0,20.35000,0,20.35000,0.000114286,20.35000,0.4,20.35000,1,20.35000,0,20.35000,0.4,20.35000,0,20.35000,5.01232,20.35000,0,20.35000,511.178,20.35000,0,20.35000,0.4,20.35000,0,20.35000,1400,20.35000,2.23574e-07,20.35000,2.23574e-07,20.35000,2.21588e-07,20.35000,0.000114286,20.35000,0.000114286,20.35000,0.000114387
20.36000,2.23574e-07,20.36000,0,20.36000,0,20.36000,0,20.36000,8.94317e-08,20.36000,0,20.36000,0.000114286,20.36000,0,20.36000,0,20.36000,0.000114286,20.36000,0.4,20.36000,1,20.36000,0,20.36000,0.4,20.36000,0,20.36000,5.01232,20.36000,0,20.36000,511.178,20.36000,0,20.36000,0.4,20.36000,0,20.36000,1400,20.36000,2.23574e-07,20.36000,2.23574e-07,20.36000,2.21587e-07,20.36000,0.000114286,20.36000,0.000114286,20.36000,0.000114385
20.37000,2.23574e-07,20.37000,0,20.37000,0,20.37000,0,20.37000,8.94317e-08,20.37000,0,20.37000,0.000114286,20.37000,0,20.37000,0,20.37000,0.000114286,20.37000,0.4,20.37000,1,20.37000,0,20.37000,0.4,20.37000,0,20.37000,5.01232,20.37000,0,20.37000,511.178,20.37000,0,20.37000,0.4,20.37000,0,20.37000,1400,20.37000,2.23574e-07,20.37000,2.23574e-07,20.37000,2.21586e-07,20.37000,0.000114286,20.37000,0.000114286,20.37000,0.000114384
20.38000,2.23574e-07,20.38000,0,20.38000,0,20.38000,0,20.38000,8.94317e-08,20.38000,0,20.38000,0.000114286,20.38000,0,20.38000,0,20.38000,0.000114286,20.38000,0.4,20.38000,1,20.38000,0,20.38000,0.4,20.38000,0,20.38000,5.01232,20.38000,0,20.38000,511.178,20.38000,0,20.38000,0.4,20.38000,0,20.38000,1400,20.38000,2.23574e-07,20.38000,2.23574e-07,20.38000,2.21585e-07,20.38000,0.000114286,20.38000,0.000114286,20.38000,0.000114383
20.39000,2.23574e-07,20.39000,0,20.39000,0,20.39000,0,20.39000,8.94317e-08,20.39000,0,20.39000,0.000114286,20.39000,0,20.39000,0,20.39000,0.000114286,20.39000,0.4,20.39000,1,20.39000,0,20.39000,0.4,20.39000,0,20.39000,5.01232,20.39000,0,20.39000,511.178,20.39000,0,20.39000,0.4,20.39000,0,20.39000,1400,20.39000,2.23574e-07,20.39000,2.23574e-07,20.39000,2.21584e-07,20.39000,0.000114286,20.39000,0.000114286,20.39000,0.000114382
20.40000,2.23574e-07,20.40000,0,20.40000,0,20.40000,0,20.40000,8.94317e-08,20.40000,0,20.40000,0.000114286,20.40000,0,20.40000,0,20.40000,0.000114286,20.40000,0.4,20.40000,1,20.40000,0,20.40000,0.4,20.40000,0,20.40000,5.01232,20.40000,0,20.40000,511.178,20.40000,0,20.40000,0.4,20.40000,0,20.40000,1400,20.40000,2.23574e-07,20.40000,2.23574e-07,20.40000,2.21583e-07,20.40000,0.000114286,20.40000,0.000114286,20.40000,0.000114381
20.41000,2.23574e-07,20.41000,0,20.41000,0,20.41000,0,20.41000,8.94317e-08,20.41000,0,20.41000,0.000114286,20.41000,0,20.41000,0,20.41000,0.000114286,20.41000,0.4,20.41000,1,20.41000,0,20.41000,0.4,20.41000,0,20.41000,5.01232,20.41000,0,20.41000,511.178,20.41000,0,20.41000,0.4,20.41000,0,20.41000,1400,20.41000,2.23574e-07,20.41000,2.23574e-07,20.41000,2.21582e-07,20.41000,0.000114286,20.41000,0.000114286,20.41000,0.000114379
20.42000,2.23574e-07,20.42000,0,20.42000,0,20.42000,0,20.42000,8.94317e-08,20.42000,0,20.42000,0.000114286,20.42000,0,20.42000,0,20.42000,0.000114286,20.42000,0.4,20.42000,1,20.42000,0,20.42000,0.4,20.42000,0,20.42000,5.01232,20.42000,0,20.42000,511.178,20.42000,0,20.42000,0.4,20.42000,0,20.42000,1400,20.42000,2.23574e-07,20.42000,2.23574e-07,20.42000,2.21581e-07,20.42000,0.000114286,20.42000,0.000114286,20.42000,0.000114378
20.43000,2.23574e-07,20.43000,0,20.43000,0,20.43000,0,20.43000,8.94317e-08,20.43000,0,20.43000,0.000114286,20.43000,0,20.43000,0,20.43000,0.000114286,20.43000,0.4,20.43000,1,20.43000,0,20.43000,0.4,20.43000,0,20.43000,5.01232,20.43000,0,20.43000,511.178,20.43000,0,20.43000,0.4,20.43000,0,20.43000,1400,20.43000,2.23574e-07,20.43000,2.23574e-07,20.43000,2.2158e-07,20.43000,0.000114286,20.43000,0.000114286,20.43000,0.000114377
20.44000,2.23574e-07,20.44000,0,20.44000,0,20.44000,0,20.44000,8.94317e-08,20.44000,0,20.44000,0.000114286,20.44000,0,20.44000,0,20.44000,0.000114286,20.44000,0.4,20.44000,1,20.44000,0,20.44000,0.4,20.44000,0,20.44000,5.01232,20.44000,0,20.44000,511.178,20.44000,0,20.44000,0.4,20.44000,0,20.44000,1400,20.44000,2.23574e-07,20.44000,2.23574e-07,20.44000,2.21579e-07,20.44000,0.000114286,20.44000,0.000114286,20.44000,0.000114376
