36526.000000,36526.041667,0.000000
36526.041667,36526.083333,0.000000
36526.083333,36526.125000,0.000000
36526.125000,36526.166667,0.000000
36526.166667,36526.208333,0.000000
36526.208333,36526.250000,0.000000
36526.250000,36526.291667,0.000000
36526.291667,36526.333333,0.000000
36526.333333,36526.375000,0.000000
36526.375000,36526.416667,0.000000
36526.416667,36526.458333,0.000000
36526.458333,36526.500000,0.000000
36526.500000,36526.541667,0.000000
36526.541667,36526.583333,0.000000
36526.583333,36526.625000,0.000000
36526.625000,36526.666667,0.000000
36526.666667,36526.708333,0.000000
36526.708333,36526.750000,0.000000
36526.750000,36526.791667,0.000000
36526.791667,36526.833333,0.000000
36526.833333,36526.875000,0.000000
36526.875000,36526.916667,0.000000
36526.916667,36526.958333,0.000000
36526.958333,36527.000000,0.000000
36527.000000,36527.041667,0.000000
36527.041667,36527.083333,0.000000
36527.083333,36527.125000,0.000000
36527.125000,36527.166667,0.000000
36527.166667,36527.208333,0.000000
36527.208333,36527.250000,0.000000
36527.250000,36527.291667,0.040000
36527.291667,36527.333333,0.040000
36527.333333,36527.375000,0.040000
36527.375000,36527.416667,0.040000
36527.416667,36527.458333,0.040000
36527.458333,36527.500000,0.040000
36527.500000,36527.541667,0.040000
36527.541667,36527.583333,0.040000
36527.583333,36527.625000,0.040000
36527.625000,36527.666667,0.040000
36527.666667,36527.708333,0.040000
36527.708333,36527.750000,0.040000
36527.750000,36527.791667,0.000000
36527.791667,36527.833333,0.000000
36527.833333,36527.875000,0.000000
36527.875000,36527.916667,0.000000
36527.916667,36527.958333,0.000000
36527.958333,36528.000000,0.000000
36528.000000,36528.041667,0.000000
36528.041667,36528.083333,0.000000
36528.083333,36528.125000,0.000000
36528.125000,36528.166667,0.000000
36528.166667,36528.208333,0.000000
36528.208333,36528.250000,0.000000
36528.250000,36528.291667,0.000000
36528.291667,36528.333333,0.000000
36528.333333,36528.375000,0.000000
36528.375000,36528.416667,0.000000
36528.416667,36528.458333,0.000000
36528.458333,36528.500000,0.000000
36528.500000,36528.541667,0.000000
36528.541667,36528.583333,0.000000
36528.583333,36528.625000,0.000000
36528.625000,36528.666667,0.000000
36528.666667,36528.708333,0.000000
36528.708333,36528.750000,0.000000
36528.750000,36528.791667,0.000000
36528.791667,36528.833333,0.000000
36528.833333,36528.875000,0.000000
36528.875000,36528.916667,0.000000
36528.916667,36528.958333,0.000000
36528.958333,36529.000000,0.000000
36529.000000,36529.041667,0.000000
36529.041667,36529.083333,0.000000
36529.083333,36529.125000,0.000000
36529.125000,36529.166667,0.000000
36529.166667,36529.208333,0.000000
36529.208333,36529.250000,0.000000
36529.250000,36529.291667,0.000000
36529.291667,36529.333333,0.000000
36529.333333,36529.375000,0.000000
36529.375000,36529.416667,0.000000
36529.416667,36529.458333,0.000000
36529.458333,36529.500000,0.000000
36529.500000,36529.541667,0.000000
36529.541667,36529.583333,0.000000
36529.583333,36529.625000,0.000000
36529.625000,36529.666667,0.000000
36529.666667,36529.708333,0.000000
36529.708333,36529.750000,0.000000
36529.750000,36529.791667,0.000000
36529.791667,36529.833333,0.000000
36529.833333,36529.875000,0.000000
36529.875000,36529.916667,0.000000
36529.916667,36529.958333,0.000000
36529.958333,36530.000000,0.000000
36530.000000,36530.041667,0.000000
36530.041667,36530.083333,0.000000
36530.083333,36530.125000,0.000000
36530.125000,36530.166667,0.000000
36530.166667,36530.208333,0.000000
36530.208333,36530.250000,0.000000
36530.250000,36530.291667,0.040000
36530.291667,36530.333333,0.040000
36530.333333,36530.375000,0.040000
36530.375000,36530.416667,0.040000
36530.416667,36530.458333,0.040000
36530.458333,36530.500000,0.040000
36530.500000,36530.541667,0.040000
36530.541667,36530.583333,0.040000
36530.583333,36530.625000,0.040000
36530.625000,36530.666667,0.040000
36530.666667,36530.708333,0.040000
36530.708333,36530.750000,0.040000
36530.750000,36530.791667,0.000000
36530.791667,36530.833333,0.000000
36530.833333,36530.875000,0.000000
36530.875000,36530.916667,0.000000
36530.916667,36530.958333,0.000000
36530.958333,36531.000000,0.000000
36531.000000,36531.041667,0.000000
36531.041667,36531.083333,0.000000
36531.083333,36531.125000,0.000000
36531.125000,36531.166667,0.000000
36531.166667,36531.208333,0.000000
36531.208333,36531.250000,0.000000
36531.250000,36531.291667,0.000000
36531.291667,36531.333333,0.000000
36531.333333,36531.375000,0.000000
36531.375000,36531.416667,0.000000
36531.416667,36531.458333,0.000000
36531.458333,36531.500000,0.000000
36531.500000,36531.541667,0.000000
36531.541667,36531.583333,0.000000
36531.583333,36531.625000,0.000000
36531.625000,36531.666667,0.000000
36531.666667,36531.708333,0.000000
36531.708333,36531.750000,0.000000
36531.750000,36531.791667,0.000000
36531.791667,36531.833333,0.000000
36531.833333,36531.875000,0.000000
36531.875000,36531.916667,0.000000
36531.916667,36531.958333,0.000000
36531.958333,36532.000000,0.000000
36532.000000,36532.041667,0.000000
36532.041667,36532.083333,0.000000
36532.083333,36532.125000,0.000000
36532.125000,36532.166667,0.000000
36532.166667,36532.208333,0.000000
36532.208333,36532.250000,0.000000
36532.250000,36532.291667,0.000000
36532.291667,36532.333333,0.000000
36532.333333,36532.375000,0.000000
36532.375000,36532.416667,0.000000
36532.416667,36532.458333,0.000000
36532.458333,36532.500000,0.000000
36532.500000,36532.541667,0.000000
36532.541667,36532.583333,0.000000
36532.583333,36532.625000,0.000000
36532.625000,36532.666667,0.000000
36532.666667,36532.708333,0.000000
36532.708333,36532.750000,0.000000
36532.750000,36532.791667,0.000000
36532.791667,36532.833333,0.000000
36532.833333,36532.875000,0.000000
36532.875000,36532.916667,0.000000
36532.916667,36532.958333,0.000000
36532.958333,36533.000000,0.000000
36533.000000,36533.041667,0.000000
36533.041667,36533.083333,0.000000
36533.083333,36533.125000,0.000000
36533.125000,36533.166667,0.000000
36533.166667,36533.208333,0.000000
36533.208333,36533.250000,0.000000
36533.250000,36533.291667,0.040000
36533.291667,36533.333333,0.040000
36533.333333,36533.375000,0.040000
36533.375000,36533.416667,0.040000
36533.416667,36533.458333,0.040000
36533.458333,36533.500000,0.040000
36533.500000,36533.541667,0.040000
36533.541667,36533.583333,0.040000
36533.583333,36533.625000,0.040000
36533.625000,36533.666667,0.040000
36533.666667,36533.708333,0.040000
36533.708333,36533.750000,0.040000
36533.750000,36533.791667,0.000000
36533.791667,36533.833333,0.000000
36533.833333,36533.875000,0.000000
36533.875000,36533.916667,0.000000
36533.916667,36533.958333,0.000000
36533.958333,36534.000000,0.000000
36534.000000,36534.041667,0.000000
36534.041667,36534.083333,0.000000
36534.083333,36534.125000,0.000000
36534.125000,36534.166667,0.000000
36534.166667,36534.208333,0.000000
36534.208333,36534.250000,0.000000
36534.250000,36534.291667,0.000000
36534.291667,36534.333333,0.000000
36534.333333,36534.375000,0.000000
36534.375000,36534.416667,0.000000
36534.416667,36534.458333,0.000000
36534.458333,36534.500000,0.000000
36534.500000,36534.541667,0.000000
36534.541667,36534.583333,0.000000
36534.583333,36534.625000,0.000000
36534.625000,36534.666667,0.000000
36534.666667,36534.708333,0.000000
36534.708333,36534.750000,0.000000
36534.750000,36534.791667,0.000000
36534.791667,36534.833333,0.000000
36534.833333,36534.875000,0.000000
36534.875000,36534.916667,0.000000
36534.916667,36534.958333,0.000000
36534.958333,36535.000000,0.000000
36535.000000,36535.041667,0.000000
36535.041667,36535.083333,0.000000
36535.083333,36535.125000,0.000000
36535.125000,36535.166667,0.000000
36535.166667,36535.208333,0.000000
36535.208333,36535.250000,0.000000
36535.250000,36535.291667,0.000000
36535.291667,36535.333333,0.000000
36535.333333,36535.375000,0.000000
36535.375000,36535.416667,0.000000
36535.416667,36535.458333,0.000000
36535.458333,36535.500000,0.000000
36535.500000,36535.541667,0.000000
36535.541667,36535.583333,0.000000
36535.583333,36535.625000,0.000000
36535.625000,36535.666667,0.000000
36535.666667,36535.708333,0.000000
36535.708333,36535.750000,0.000000
36535.750000,36535.791667,0.000000
36535.791667,36535.833333,0.000000
36535.833333,36535.875000,0.000000
36535.875000,36535.916667,0.000000
36535.916667,36535.958333,0.000000
36535.958333,36536.000000,0.000000
36536.000000,36536.041667,0.000000
36536.041667,36536.083333,0.000000
36536.083333,36536.125000,0.000000
36536.125000,36536.166667,0.000000
36536.166667,36536.208333,0.000000
36536.208333,36536.250000,0.000000
36536.250000,36536.291667,0.040000
36536.291667,36536.333333,0.040000
36536.333333,36536.375000,0.040000
36536.375000,36536.416667,0.040000
36536.416667,36536.458333,0.040000
36536.458333,36536.500000,0.040000
36536.500000,36536.541667,0.040000
36536.541667,36536.583333,0.040000
36536.583333,36536.625000,0.040000
36536.625000,36536.666667,0.040000
36536.666667,36536.708333,0.040000
36536.708333,36536.750000,0.040000
36536.750000,36536.791667,0.000000
36536.791667,36536.833333,0.000000
36536.833333,36536.875000,0.000000
36536.875000,36536.916667,0.000000
36536.916667,36536.958333,0.000000
36536.958333,36537.000000,0.000000
36537.000000,36537.041667,0.000000
36537.041667,36537.083333,0.000000
36537.083333,36537.125000,0.000000
36537.125000,36537.166667,0.000000
36537.166667,36537.208333,0.000000
36537.208333,36537.250000,0.000000
36537.250000,36537.291667,0.000000
36537.291667,36537.333333,0.000000
36537.333333,36537.375000,0.000000
36537.375000,36537.416667,0.000000
36537.416667,36537.458333,0.000000
36537.458333,36537.500000,0.000000
36537.500000,36537.541667,0.000000
36537.541667,36537.583333,0.000000
36537.583333,36537.625000,0.000000
36537.625000,36537.666667,0.000000
36537.666667,36537.708333,0.000000
36537.708333,36537.750000,0.000000
36537.750000,36537.791667,0.000000
36537.791667,36537.833333,0.000000
36537.833333,36537.875000,0.000000
36537.875000,36537.916667,0.000000
36537.916667,36537.958333,0.000000
36537.958333,36538.000000,0.000000
36538.000000,36538.041667,0.000000
36538.041667,36538.083333,0.000000
36538.083333,36538.125000,0.000000
36538.125000,36538.166667,0.000000
36538.166667,36538.208333,0.000000
36538.208333,36538.250000,0.000000
36538.250000,36538.291667,0.000000
36538.291667,36538.333333,0.000000
36538.333333,36538.375000,0.000000
36538.375000,36538.416667,0.000000
36538.416667,36538.458333,0.000000
36538.458333,36538.500000,0.000000
36538.500000,36538.541667,0.000000
36538.541667,36538.583333,0.000000
36538.583333,36538.625000,0.000000
36538.625000,36538.666667,0.000000
36538.666667,36538.708333,0.000000
36538.708333,36538.750000,0.000000
36538.750000,36538.791667,0.000000
36538.791667,36538.833333,0.000000
36538.833333,36538.875000,0.000000
36538.875000,36538.916667,0.000000
36538.916667,36538.958333,0.000000
36538.958333,36539.000000,0.000000
36539.000000,36539.041667,0.000000
36539.041667,36539.083333,0.000000
36539.083333,36539.125000,0.000000
36539.125000,36539.166667,0.000000
36539.166667,36539.208333,0.000000
36539.208333,36539.250000,0.000000
36539.250000,36539.291667,0.040000
36539.291667,36539.333333,0.040000
36539.333333,36539.375000,0.040000
36539.375000,36539.416667,0.040000
36539.416667,36539.458333,0.040000
36539.458333,36539.500000,0.040000
36539.500000,36539.541667,0.040000
36539.541667,36539.583333,0.040000
36539.583333,36539.625000,0.040000
36539.625000,36539.666667,0.040000
36539.666667,36539.708333,0.040000
36539.708333,36539.750000,0.040000
36539.750000,36539.791667,0.000000
36539.791667,36539.833333,0.000000
36539.833333,36539.875000,0.000000
36539.875000,36539.916667,0.000000
36539.916667,36539.958333,0.000000
36539.958333,36540.000000,0.000000
36540.000000,36540.041667,0.000000
36540.041667,36540.083333,0.000000
36540.083333,36540.125000,0.000000
36540.125000,36540.166667,0.000000
36540.166667,36540.208333,0.000000
36540.208333,36540.250000,0.000000
36540.250000,36540.291667,0.000000
36540.291667,36540.333333,0.000000
36540.333333,36540.375000,0.000000
36540.375000,36540.416667,0.000000
36540.416667,36540.458333,0.000000
36540.458333,36540.500000,0.000000
36540.500000,36540.541667,0.000000
36540.541667,36540.583333,0.000000
36540.583333,36540.625000,0.000000
36540.625000,36540.666667,0.000000
36540.666667,36540.708333,0.000000
36540.708333,36540.750000,0.000000
36540.750000,36540.791667,0.000000
36540.791667,36540.833333,0.000000
36540.833333,36540.875000,0.000000
36540.875000,36540.916667,0.000000
36540.916667,36540.958333,0.000000
36540.958333,36541.000000,0.000000
36541.000000,36541.041667,0.000000
36541.041667,36541.083333,0.000000
36541.083333,36541.125000,0.000000
36541.125000,36541.166667,0.000000
36541.166667,36541.208333,0.000000
36541.208333,36541.250000,0.000000
36541.250000,36541.291667,0.000000
36541.291667,36541.333333,0.000000
36541.333333,36541.375000,0.000000
36541.375000,36541.416667,0.000000
36541.416667,36541.458333,0.000000
36541.458333,36541.500000,0.000000
36541.500000,36541.541667,0.000000
36541.541667,36541.583333,0.000000
36541.583333,36541.625000,0.000000
36541.625000,36541.666667,0.000000
36541.666667,36541.708333,0.000000
36541.708333,36541.750000,0.000000
36541.750000,36541.791667,0.000000
36541.791667,36541.833333,0.000000
36541.833333,36541.875000,0.000000
36541.875000,36541.916667,0.000000
36541.916667,36541.958333,0.000000
36541.958333,36542.000000,0.000000
36542.000000,36542.041667,0.000000
36542.041667,36542.083333,0.000000
36542.083333,36542.125000,0.000000
36542.125000,36542.166667,0.000000
36542.166667,36542.208333,0.000000
36542.208333,36542.250000,0.000000
36542.250000,36542.291667,0.000000
36542.291667,36542.333333,0.000000
36542.333333,36542.375000,0.000000
36542.375000,36542.416667,0.000000
36542.416667,36542.458333,0.000000
36542.458333,36542.500000,0.000000
36542.500000,36542.541667,0.000000
36542.541667,36542.583333,0.000000
36542.583333,36542.625000,0.000000
36542.625000,36542.666667,0.000000
36542.666667,36542.708333,0.000000
36542.708333,36542.750000,0.000000
36542.750000,36542.791667,0.000000
36542.791667,36542.833333,0.000000
36542.833333,36542.875000,0.000000
36542.875000,36542.916667,0.000000
36542.916667,36542.958333,0.000000
36542.958333,36543.000000,0.000000
36543.000000,36543.041667,0.000000
36543.041667,36543.083333,0.000000
36543.083333,36543.125000,0.000000
36543.125000,36543.166667,0.000000
36543.166667,36543.208333,0.000000
36543.208333,36543.250000,0.000000
36543.250000,36543.291667,0.000000
36543.291667,36543.333333,0.000000
36543.333333,36543.375000,0.000000
36543.375000,36543.416667,0.000000
36543.416667,36543.458333,0.000000
36543.458333,36543.500000,0.000000
36543.500000,36543.541667,0.000000
36543.541667,36543.583333,0.000000
36543.583333,36543.625000,0.000000
36543.625000,36543.666667,0.000000
36543.666667,36543.708333,0.000000
36543.708333,36543.750000,0.000000
36543.750000,36543.791667,0.000000
36543.791667,36543.833333,0.000000
36543.833333,36543.875000,0.000000
36543.875000,36543.916667,0.000000
36543.916667,36543.958333,0.000000
36543.958333,36544.000000,0.000000
36544.000000,36544.041667,0.000000
36544.041667,36544.083333,0.000000
36544.083333,36544.125000,0.000000
36544.125000,36544.166667,0.000000
36544.166667,36544.208333,0.000000
36544.208333,36544.250000,0.000000
36544.250000,36544.291667,0.000000
36544.291667,36544.333333,0.000000
36544.333333,36544.375000,0.000000
36544.375000,36544.416667,0.000000
36544.416667,36544.458333,0.000000
36544.458333,36544.500000,0.000000
36544.500000,36544.541667,0.000000
36544.541667,36544.583333,0.000000
36544.583333,36544.625000,0.000000
36544.625000,36544.666667,0.000000
36544.666667,36544.708333,0.000000
36544.708333,36544.750000,0.000000
36544.750000,36544.791667,0.000000
36544.791667,36544.833333,0.000000
36544.833333,36544.875000,0.000000
36544.875000,36544.916667,0.000000
36544.916667,36544.958333,0.000000
36544.958333,36545.000000,0.000000
36545.000000,36545.041667,0.000000
36545.041667,36545.083333,0.000000
36545.083333,36545.125000,0.000000
36545.125000,36545.166667,0.000000
36545.166667,36545.208333,0.000000
36545.208333,36545.250000,0.000000
36545.250000,36545.291667,0.000000
36545.291667,36545.333333,0.000000
36545.333333,36545.375000,0.000000
36545.375000,36545.416667,0.000000
36545.416667,36545.458333,0.000000
36545.458333,36545.500000,0.000000
36545.500000,36545.541667,0.000000
36545.541667,36545.583333,0.000000
36545.583333,36545.625000,0.000000
36545.625000,36545.666667,0.000000
36545.666667,36545.708333,0.000000
36545.708333,36545.750000,0.000000
36545.750000,36545.791667,0.000000
36545.791667,36545.833333,0.000000
36545.833333,36545.875000,0.000000
36545.875000,36545.916667,0.000000
36545.916667,36545.958333,0.000000
36545.958333,36546.000000,0.000000
36546.000000,36546.041667,0.000000
36546.041667,36546.083333,0.000000
36546.083333,36546.125000,0.000000
36546.125000,36546.166667,0.000000
36546.166667,36546.208333,0.000000
36546.208333,36546.250000,0.000000
36546.250000,36546.291667,0.000000
36546.291667,36546.333333,0.000000
36546.333333,36546.375000,0.000000
36546.375000,36546.416667,0.000000
36546.416667,36546.458333,0.000000
36546.458333,36546.500000,0.000000
36546.500000,36546.541667,0.000000
36546.541667,36546.583333,0.000000
36546.583333,36546.625000,0.000000
36546.625000,36546.666667,0.000000
36546.666667,36546.708333,0.000000
36546.708333,36546.750000,0.000000
36546.750000,36546.791667,0.000000
36546.791667,36546.833333,0.000000
36546.833333,36546.875000,0.000000
36546.875000,36546.916667,0.000000
36546.916667,36546.958333,0.000000
36546.958333,36547.000000,0.000000
36547.000000,36547.041667,0.000000
36547.041667,36547.083333,0.000000
36547.083333,36547.125000,0.000000
36547.125000,36547.166667,0.000000
36547.166667,36547.208333,0.000000
36547.208333,36547.250000,0.000000
36547.250000,36547.291667,0.000000
36547.291667,36547.333333,0.000000
36547.333333,36547.375000,0.000000
36547.375000,36547.416667,0.000000
36547.416667,36547.458333,0.000000
36547.458333,36547.500000,0.000000
36547.500000,36547.541667,0.000000
36547.541667,36547.583333,0.000000
36547.583333,36547.625000,0.000000
36547.625000,36547.666667,0.000000
36547.666667,36547.708333,0.000000
36547.708333,36547.750000,0.000000
36547.750000,36547.791667,0.000000
36547.791667,36547.833333,0.000000
36547.833333,36547.875000,0.000000
36547.875000,36547.916667,0.000000
36547.916667,36547.958333,0.000000
36547.958333,36548.000000,0.000000
36548.000000,36548.041667,0.000000
36548.041667,36548.083333,0.000000
36548.083333,36548.125000,0.000000
36548.125000,36548.166667,0.000000
36548.166667,36548.208333,0.000000
36548.208333,36548.250000,0.000000
36548.250000,36548.291667,0.000000
36548.291667,36548.333333,0.000000
36548.333333,36548.375000,0.000000
36548.375000,36548.416667,0.000000
36548.416667,36548.458333,0.000000
36548.458333,36548.500000,0.000000
36548.500000,36548.541667,0.000000
36548.541667,36548.583333,0.000000
36548.583333,36548.625000,0.000000
36548.625000,36548.666667,0.000000
36548.666667,36548.708333,0.000000
36548.708333,36548.750000,0.000000
36548.750000,36548.791667,0.000000
36548.791667,36548.833333,0.000000
36548.833333,36548.875000,0.000000
36548.875000,36548.916667,0.000000
36548.916667,36548.958333,0.000000
36548.958333,36549.000000,0.000000
36549.000000,36549.041667,0.000000
36549.041667,36549.083333,0.000000
36549.083333,36549.125000,0.000000
36549.125000,36549.166667,0.000000
36549.166667,36549.208333,0.000000
36549.208333,36549.250000,0.000000
36549.250000,36549.291667,0.000000
36549.291667,36549.333333,0.000000
36549.333333,36549.375000,0.000000
36549.375000,36549.416667,0.000000
36549.416667,36549.458333,0.000000
36549.458333,36549.500000,0.000000
36549.500000,36549.541667,0.000000
36549.541667,36549.583333,0.000000
36549.583333,36549.625000,0.000000
36549.625000,36549.666667,0.000000
36549.666667,36549.708333,0.000000
36549.708333,36549.750000,0.000000
36549.750000,36549.791667,0.000000
36549.791667,36549.833333,0.000000
36549.833333,36549.875000,0.000000
36549.875000,36549.916667,0.000000
36549.916667,36549.958333,0.000000
36549.958333,36550.000000,0.000000
36550.000000,36550.041667,0.000000
36550.041667,36550.083333,0.000000
36550.083333,36550.125000,0.000000
36550.125000,36550.166667,0.000000
36550.166667,36550.208333,0.000000
36550.208333,36550.250000,0.000000
36550.250000,36550.291667,0.000000
36550.291667,36550.333333,0.000000
36550.333333,36550.375000,0.000000
36550.375000,36550.416667,0.000000
36550.416667,36550.458333,0.000000
36550.458333,36550.500000,0.000000
36550.500000,36550.541667,0.000000
36550.541667,36550.583333,0.000000
36550.583333,36550.625000,0.000000
36550.625000,36550.666667,0.000000
36550.666667,36550.708333,0.000000
36550.708333,36550.750000,0.000000
36550.750000,36550.791667,0.000000
36550.791667,36550.833333,0.000000
36550.833333,36550.875000,0.000000
36550.875000,36550.916667,0.000000
36550.916667,36550.958333,0.000000
36550.958333,36551.000000,0.000000
36551.000000,36551.041667,0.000000
36551.041667,36551.083333,0.000000
36551.083333,36551.125000,0.000000
36551.125000,36551.166667,0.000000
36551.166667,36551.208333,0.000000
36551.208333,36551.250000,0.000000
36551.250000,36551.291667,0.000000
36551.291667,36551.333333,0.000000
36551.333333,36551.375000,0.000000
36551.375000,36551.416667,0.000000
36551.416667,36551.458333,0.000000
36551.458333,36551.500000,0.000000
36551.500000,36551.541667,0.000000
36551.541667,36551.583333,0.000000
36551.583333,36551.625000,0.000000
36551.625000,36551.666667,0.000000
36551.666667,36551.708333,0.000000
36551.708333,36551.750000,0.000000
36551.750000,36551.791667,0.000000
36551.791667,36551.833333,0.000000
36551.833333,36551.875000,0.000000
36551.875000,36551.916667,0.000000
36551.916667,36551.958333,0.000000
36551.958333,36552.000000,0.000000
36552.000000,36552.041667,0.000000
36552.041667,36552.083333,0.000000
36552.083333,36552.125000,0.000000
36552.125000,36552.166667,0.000000
36552.166667,36552.208333,0.000000
36552.208333,36552.250000,0.000000
36552.250000,36552.291667,0.000000
36552.291667,36552.333333,0.000000
36552.333333,36552.375000,0.000000
36552.375000,36552.416667,0.000000
36552.416667,36552.458333,0.000000
36552.458333,36552.500000,0.000000
36552.500000,36552.541667,0.000000
36552.541667,36552.583333,0.000000
36552.583333,36552.625000,0.000000
36552.625000,36552.666667,0.000000
36552.666667,36552.708333,0.000000
36552.708333,36552.750000,0.000000
36552.750000,36552.791667,0.000000
36552.791667,36552.833333,0.000000
36552.833333,36552.875000,0.000000
36552.875000,36552.916667,0.000000
36552.916667,36552.958333,0.000000
36552.958333,36553.000000,0.000000
36553.000000,36553.041667,0.000000
36553.041667,36553.083333,0.000000
36553.083333,36553.125000,0.000000
36553.125000,36553.166667,0.000000
36553.166667,36553.208333,0.000000
36553.208333,36553.250000,0.000000
36553.250000,36553.291667,0.000000
36553.291667,36553.333333,0.000000
36553.333333,36553.375000,0.000000
36553.375000,36553.416667,0.000000
36553.416667,36553.458333,0.000000
36553.458333,36553.500000,0.000000
36553.500000,36553.541667,0.000000
36553.541667,36553.583333,0.000000
36553.583333,36553.625000,0.000000
36553.625000,36553.666667,0.000000
36553.666667,36553.708333,0.000000
36553.708333,36553.750000,0.000000
36553.750000,36553.791667,0.000000
36553.791667,36553.833333,0.000000
36553.833333,36553.875000,0.000000
36553.875000,36553.916667,0.000000
36553.916667,36553.958333,0.000000
36553.958333,36554.000000,0.000000
36554.000000,36554.041667,0.000000
36554.041667,36554.083333,0.000000
36554.083333,36554.125000,0.000000
36554.125000,36554.166667,0.000000
36554.166667,36554.208333,0.000000
36554.208333,36554.250000,0.000000
36554.250000,36554.291667,0.000000
36554.291667,36554.333333,0.000000
36554.333333,36554.375000,0.000000
36554.375000,36554.416667,0.000000
36554.416667,36554.458333,0.000000
36554.458333,36554.500000,0.000000
36554.500000,36554.541667,0.000000
36554.541667,36554.583333,0.000000
36554.583333,36554.625000,0.000000
36554.625000,36554.666667,0.000000
36554.666667,36554.708333,0.000000
36554.708333,36554.750000,0.000000
36554.750000,36554.791667,0.000000
36554.791667,36554.833333,0.000000
36554.833333,36554.875000,0.000000
36554.875000,36554.916667,0.000000
36554.916667,36554.958333,0.000000
36554.958333,36555.000000,0.000000
36555.000000,36555.041667,0.000000
36555.041667,36555.083333,0.000000
36555.083333,36555.125000,0.000000
36555.125000,36555.166667,0.000000
36555.166667,36555.208333,0.000000
36555.208333,36555.250000,0.000000
36555.250000,36555.291667,0.000000
36555.291667,36555.333333,0.000000
36555.333333,36555.375000,0.000000
36555.375000,36555.416667,0.000000
36555.416667,36555.458333,0.000000
36555.458333,36555.500000,0.000000
36555.500000,36555.541667,0.000000
36555.541667,36555.583333,0.000000
36555.583333,36555.625000,0.000000
36555.625000,36555.666667,0.000000
36555.666667,36555.708333,0.000000
36555.708333,36555.750000,0.000000
36555.750000,36555.791667,0.000000
36555.791667,36555.833333,0.000000
36555.833333,36555.875000,0.000000
36555.875000,36555.916667,0.000000
36555.916667,36555.958333,0.000000
36555.958333,36556.000000,0.000000
36556.000000,36556.041667,0.000000
36556.041667,36556.083333,0.000000
36556.083333,36556.125000,0.000000
36556.125000,36556.166667,0.000000
36556.166667,36556.208333,0.000000
36556.208333,36556.250000,0.000000
36556.250000,36556.291667,0.000000
36556.291667,36556.333333,0.000000
36556.333333,36556.375000,0.000000
36556.375000,36556.416667,0.000000
36556.416667,36556.458333,0.000000
36556.458333,36556.500000,0.000000
36556.500000,36556.541667,0.000000
36556.541667,36556.583333,0.000000
36556.583333,36556.625000,0.000000
36556.625000,36556.666667,0.000000
36556.666667,36556.708333,0.000000
36556.708333,36556.750000,0.000000
36556.750000,36556.791667,0.000000
36556.791667,36556.833333,0.000000
36556.833333,36556.875000,0.000000
36556.875000,36556.916667,0.000000
36556.916667,36556.958333,0.000000
36556.958333,36557.000000,0.000000
36557.000000,36557.041667,0.000000
36557.041667,36557.083333,0.000000
36557.083333,36557.125000,0.000000
36557.125000,36557.166667,0.000000
36557.166667,36557.208333,0.000000
36557.208333,36557.250000,0.000000
36557.250000,36557.291667,0.000000
36557.291667,36557.333333,0.000000
36557.333333,36557.375000,0.000000
36557.375000,36557.416667,0.000000
36557.416667,36557.458333,0.000000
36557.458333,36557.500000,0.000000
36557.500000,36557.541667,0.000000
36557.541667,36557.583333,0.000000
36557.583333,36557.625000,0.000000
36557.625000,36557.666667,0.000000
36557.666667,36557.708333,0.000000
36557.708333,36557.750000,0.000000
36557.750000,36557.791667,0.000000
36557.791667,36557.833333,0.000000
36557.833333,36557.875000,0.000000
36557.875000,36557.916667,0.000000
36557.916667,36557.958333,0.000000
36557.958333,36558.000000,0.000000
36558.000000,36558.041667,0.000000
36558.041667,36558.083333,0.000000
36558.083333,36558.125000,0.000000
36558.125000,36558.166667,0.000000
36558.166667,36558.208333,0.000000
36558.208333,36558.250000,0.000000
36558.250000,36558.291667,0.000000
36558.291667,36558.333333,0.000000
36558.333333,36558.375000,0.000000
36558.375000,36558.416667,0.000000
36558.416667,36558.458333,0.000000
36558.458333,36558.500000,0.000000
36558.500000,36558.541667,0.000000
36558.541667,36558.583333,0.000000
36558.583333,36558.625000,0.000000
36558.625000,36558.666667,0.000000
36558.666667,36558.708333,0.000000
36558.708333,36558.750000,0.000000
36558.750000,36558.791667,0.000000
36558.791667,36558.833333,0.000000
36558.833333,36558.875000,0.000000
36558.875000,36558.916667,0.000000
36558.916667,36558.958333,0.000000
36558.958333,36559.000000,0.000000
36559.000000,36559.041667,0.000000
36559.041667,36559.083333,0.000000
36559.083333,36559.125000,0.000000
36559.125000,36559.166667,0.000000
36559.166667,36559.208333,0.000000
36559.208333,36559.250000,0.000000
36559.250000,36559.291667,0.000000
36559.291667,36559.333333,0.000000
36559.333333,36559.375000,0.000000
36559.375000,36559.416667,0.000000
36559.416667,36559.458333,0.000000
36559.458333,36559.500000,0.000000
36559.500000,36559.541667,0.000000
36559.541667,36559.583333,0.000000
36559.583333,36559.625000,0.000000
36559.625000,36559.666667,0.000000
36559.666667,36559.708333,0.000000
36559.708333,36559.750000,0.000000
36559.750000,36559.791667,0.000000
36559.791667,36559.833333,0.000000
36559.833333,36559.875000,0.000000
36559.875000,36559.916667,0.000000
36559.916667,36559.958333,0.000000
36559.958333,36560.000000,0.000000
36560.000000,36560.041667,0.000000
36560.041667,36560.083333,0.000000
36560.083333,36560.125000,0.000000
36560.125000,36560.166667,0.000000
36560.166667,36560.208333,0.000000
36560.208333,36560.250000,0.000000
36560.250000,36560.291667,0.000000
36560.291667,36560.333333,0.000000
36560.333333,36560.375000,0.000000
36560.375000,36560.416667,0.000000
36560.416667,36560.458333,0.000000
36560.458333,36560.500000,0.000000
36560.500000,36560.541667,0.000000
36560.541667,36560.583333,0.000000
36560.583333,36560.625000,0.000000
36560.625000,36560.666667,0.000000
36560.666667,36560.708333,0.000000
36560.708333,36560.750000,0.000000
36560.750000,36560.791667,0.000000
36560.791667,36560.833333,0.000000
36560.833333,36560.875000,0.000000
36560.875000,36560.916667,0.000000
36560.916667,36560.958333,0.000000
36560.958333,36561.000000,0.000000
36561.000000,36561.041667,0.000000
36561.041667,36561.083333,0.000000
36561.083333,36561.125000,0.000000
36561.125000,36561.166667,0.000000
36561.166667,36561.208333,0.000000
36561.208333,36561.250000,0.000000
36561.250000,36561.291667,0.000000
36561.291667,36561.333333,0.000000
36561.333333,36561.375000,0.000000
36561.375000,36561.416667,0.000000
36561.416667,36561.458333,0.000000
36561.458333,36561.500000,0.000000
36561.500000,36561.541667,0.000000
36561.541667,36561.583333,0.000000
36561.583333,36561.625000,0.000000
36561.625000,36561.666667,0.000000
36561.666667,36561.708333,0.000000
36561.708333,36561.750000,0.000000
36561.750000,36561.791667,0.000000
36561.791667,36561.833333,0.000000
36561.833333,36561.875000,0.000000
36561.875000,36561.916667,0.000000
36561.916667,36561.958333,0.000000
36561.958333,36562.000000,0.000000
36562.000000,36562.041667,0.000000
36562.041667,36562.083333,0.000000
36562.083333,36562.125000,0.000000
36562.125000,36562.166667,0.000000
36562.166667,36562.208333,0.000000
36562.208333,36562.250000,0.000000
36562.250000,36562.291667,0.000000
36562.291667,36562.333333,0.000000
36562.333333,36562.375000,0.000000
36562.375000,36562.416667,0.000000
36562.416667,36562.458333,0.000000
36562.458333,36562.500000,0.000000
36562.500000,36562.541667,0.000000
36562.541667,36562.583333,0.000000
36562.583333,36562.625000,0.000000
36562.625000,36562.666667,0.000000
36562.666667,36562.708333,0.000000
36562.708333,36562.750000,0.000000
36562.750000,36562.791667,0.000000
36562.791667,36562.833333,0.000000
36562.833333,36562.875000,0.000000
36562.875000,36562.916667,0.000000
36562.916667,36562.958333,0.000000
36562.958333,36563.000000,0.000000
36563.000000,36563.041667,0.000000
36563.041667,36563.083333,0.000000
36563.083333,36563.125000,0.000000
36563.125000,36563.166667,0.000000
36563.166667,36563.208333,0.000000
36563.208333,36563.250000,0.000000
36563.250000,36563.291667,0.000000
36563.291667,36563.333333,0.000000
36563.333333,36563.375000,0.000000
36563.375000,36563.416667,0.000000
36563.416667,36563.458333,0.000000
36563.458333,36563.500000,0.000000
36563.500000,36563.541667,0.000000
36563.541667,36563.583333,0.000000
36563.583333,36563.625000,0.000000
36563.625000,36563.666667,0.000000
36563.666667,36563.708333,0.000000
36563.708333,36563.750000,0.000000
36563.750000,36563.791667,0.000000
36563.791667,36563.833333,0.000000
36563.833333,36563.875000,0.000000
36563.875000,36563.916667,0.000000
36563.916667,36563.958333,0.000000
36563.958333,36564.000000,0.000000
36564.000000,36564.041667,0.000000
36564.041667,36564.083333,0.000000
36564.083333,36564.125000,0.000000
36564.125000,36564.166667,0.000000
36564.166667,36564.208333,0.000000
36564.208333,36564.250000,0.000000
36564.250000,36564.291667,0.000000
36564.291667,36564.333333,0.000000
36564.333333,36564.375000,0.000000
36564.375000,36564.416667,0.000000
36564.416667,36564.458333,0.000000
36564.458333,36564.500000,0.000000
36564.500000,36564.541667,0.000000
36564.541667,36564.583333,0.000000
36564.583333,36564.625000,0.000000
36564.625000,36564.666667,0.000000
36564.666667,36564.708333,0.000000
36564.708333,36564.750000,0.000000
36564.750000,36564.791667,0.000000
36564.791667,36564.833333,0.000000
36564.833333,36564.875000,0.000000
36564.875000,36564.916667,0.000000
36564.916667,36564.958333,0.000000
36564.958333,36565.000000,0.000000
36565.000000,36565.041667,0.000000
36565.041667,36565.083333,0.000000
36565.083333,36565.125000,0.000000
36565.125000,36565.166667,0.000000
36565.166667,36565.208333,0.000000
36565.208333,36565.250000,0.000000
36565.250000,36565.291667,0.000000
36565.291667,36565.333333,0.000000
36565.333333,36565.375000,0.000000
36565.375000,36565.416667,0.000000
36565.416667,36565.458333,0.000000
36565.458333,36565.500000,0.000000
36565.500000,36565.541667,0.000000
36565.541667,36565.583333,0.000000
36565.583333,36565.625000,0.000000
36565.625000,36565.666667,0.000000
36565.666667,36565.708333,0.000000
36565.708333,36565.750000,0.000000
36565.750000,36565.791667,0.000000
36565.791667,36565.833333,0.000000
36565.833333,36565.875000,0.000000
36565.875000,36565.916667,0.000000
36565.916667,36565.958333,0.000000
36565.958333,36566.000000,0.000000
36566.000000,36566.041667,0.000000
36566.041667,36566.083333,0.000000
36566.083333,36566.125000,0.000000
36566.125000,36566.166667,0.000000
36566.166667,36566.208333,0.000000
36566.208333,36566.250000,0.000000
36566.250000,36566.291667,0.000000
36566.291667,36566.333333,0.000000
36566.333333,36566.375000,0.000000
36566.375000,36566.416667,0.000000
36566.416667,36566.458333,0.000000
36566.458333,36566.500000,0.000000
36566.500000,36566.541667,0.000000
36566.541667,36566.583333,0.000000
36566.583333,36566.625000,0.000000
36566.625000,36566.666667,0.000000
36566.666667,36566.708333,0.000000
36566.708333,36566.750000,0.000000
36566.750000,36566.791667,0.000000
36566.791667,36566.833333,0.000000
36566.833333,36566.875000,0.000000
36566.875000,36566.916667,0.000000
36566.916667,36566.958333,0.000000
36566.958333,36567.000000,0.000000
36567.000000,36567.041667,0.000000
36567.041667,36567.083333,0.000000
36567.083333,36567.125000,0.000000
36567.125000,36567.166667,0.000000
36567.166667,36567.208333,0.000000
36567.208333,36567.250000,0.000000
36567.250000,36567.291667,0.000000
36567.291667,36567.333333,0.000000
36567.333333,36567.375000,0.000000
36567.375000,36567.416667,0.000000
36567.416667,36567.458333,0.000000
36567.458333,36567.500000,0.000000
36567.500000,36567.541667,0.000000
36567.541667,36567.583333,0.000000
36567.583333,36567.625000,0.000000
36567.625000,36567.666667,0.000000
36567.666667,36567.708333,0.000000
36567.708333,36567.750000,0.000000
36567.750000,36567.791667,0.000000
36567.791667,36567.833333,0.000000
36567.833333,36567.875000,0.000000
36567.875000,36567.916667,0.000000
36567.916667,36567.958333,0.000000
36567.958333,36568.000000,0.000000
36568.000000,36568.041667,0.000000
36568.041667,36568.083333,0.000000
36568.083333,36568.125000,0.000000
36568.125000,36568.166667,0.000000
36568.166667,36568.208333,0.000000
36568.208333,36568.250000,0.000000
36568.250000,36568.291667,0.000000
36568.291667,36568.333333,0.000000
36568.333333,36568.375000,0.000000
36568.375000,36568.416667,0.000000
36568.416667,36568.458333,0.000000
36568.458333,36568.500000,0.000000
36568.500000,36568.541667,0.000000
36568.541667,36568.583333,0.000000
36568.583333,36568.625000,0.000000
36568.625000,36568.666667,0.000000
36568.666667,36568.708333,0.000000
36568.708333,36568.750000,0.000000
36568.750000,36568.791667,0.000000
36568.791667,36568.833333,0.000000
36568.833333,36568.875000,0.000000
36568.875000,36568.916667,0.000000
36568.916667,36568.958333,0.000000
36568.958333,36569.000000,0.000000
36569.000000,36569.041667,0.000000
36569.041667,36569.083333,0.000000
36569.083333,36569.125000,0.000000
36569.125000,36569.166667,0.000000
36569.166667,36569.208333,0.000000
36569.208333,36569.250000,0.000000
36569.250000,36569.291667,0.000000
36569.291667,36569.333333,0.000000
36569.333333,36569.375000,0.000000
36569.375000,36569.416667,0.000000
36569.416667,36569.458333,0.000000
36569.458333,36569.500000,0.000000
36569.500000,36569.541667,0.000000
36569.541667,36569.583333,0.000000
36569.583333,36569.625000,0.000000
36569.625000,36569.666667,0.000000
36569.666667,36569.708333,0.000000
36569.708333,36569.750000,0.000000
36569.750000,36569.791667,0.000000
36569.791667,36569.833333,0.000000
36569.833333,36569.875000,0.000000
36569.875000,36569.916667,0.000000
36569.916667,36569.958333,0.000000
36569.958333,36570.000000,0.000000
36570.000000,36570.041667,0.000000
36570.041667,36570.083333,0.000000
36570.083333,36570.125000,0.000000
36570.125000,36570.166667,0.000000
36570.166667,36570.208333,0.000000
36570.208333,36570.250000,0.000000
36570.250000,36570.291667,0.000000
36570.291667,36570.333333,0.000000
36570.333333,36570.375000,0.000000
36570.375000,36570.416667,0.000000
36570.416667,36570.458333,0.000000
36570.458333,36570.500000,0.000000
36570.500000,36570.541667,0.000000
36570.541667,36570.583333,0.000000
36570.583333,36570.625000,0.000000
36570.625000,36570.666667,0.000000
36570.666667,36570.708333,0.000000
36570.708333,36570.750000,0.000000
36570.750000,36570.791667,0.000000
36570.791667,36570.833333,0.000000
36570.833333,36570.875000,0.000000
36570.875000,36570.916667,0.000000
36570.916667,36570.958333,0.000000
36570.958333,36571.000000,0.000000
36571.000000,36571.041667,0.000000
36571.041667,36571.083333,0.000000
36571.083333,36571.125000,0.000000
36571.125000,36571.166667,0.000000
36571.166667,36571.208333,0.000000
36571.208333,36571.250000,0.000000
36571.250000,36571.291667,0.000000
36571.291667,36571.333333,0.000000
36571.333333,36571.375000,0.000000
36571.375000,36571.416667,0.000000
36571.416667,36571.458333,0.000000
36571.458333,36571.500000,0.000000
36571.500000,36571.541667,0.000000
36571.541667,36571.583333,0.000000
36571.583333,36571.625000,0.000000
36571.625000,36571.666667,0.000000
36571.666667,36571.708333,0.000000
36571.708333,36571.750000,0.000000
36571.750000,36571.791667,0.000000
36571.791667,36571.833333,0.000000
36571.833333,36571.875000,0.000000
36571.875000,36571.916667,0.000000
36571.916667,36571.958333,0.000000
36571.958333,36572.000000,0.000000
36572.000000,36572.041667,0.000000
36572.041667,36572.083333,0.000000
36572.083333,36572.125000,0.000000
36572.125000,36572.166667,0.000000
36572.166667,36572.208333,0.000000
36572.208333,36572.250000,0.000000
36572.250000,36572.291667,0.000000
36572.291667,36572.333333,0.000000
36572.333333,36572.375000,0.000000
36572.375000,36572.416667,0.000000
36572.416667,36572.458333,0.000000
36572.458333,36572.500000,0.000000
36572.500000,36572.541667,0.000000
36572.541667,36572.583333,0.000000
36572.583333,36572.625000,0.000000
36572.625000,36572.666667,0.000000
36572.666667,36572.708333,0.000000
36572.708333,36572.750000,0.000000
36572.750000,36572.791667,0.000000
36572.791667,36572.833333,0.000000
36572.833333,36572.875000,0.000000
36572.875000,36572.916667,0.000000
36572.916667,36572.958333,0.000000
36572.958333,36573.000000,0.000000
36573.000000,36573.041667,0.000000
36573.041667,36573.083333,0.000000
36573.083333,36573.125000,0.000000
36573.125000,36573.166667,0.000000
36573.166667,36573.208333,0.000000
36573.208333,36573.250000,0.000000
36573.250000,36573.291667,0.000000
36573.291667,36573.333333,0.000000
36573.333333,36573.375000,0.000000
36573.375000,36573.416667,0.000000
36573.416667,36573.458333,0.000000
36573.458333,36573.500000,0.000000
36573.500000,36573.541667,0.000000
36573.541667,36573.583333,0.000000
36573.583333,36573.625000,0.000000
36573.625000,36573.666667,0.000000
36573.666667,36573.708333,0.000000
36573.708333,36573.750000,0.000000
36573.750000,36573.791667,0.000000
36573.791667,36573.833333,0.000000
36573.833333,36573.875000,0.000000
36573.875000,36573.916667,0.000000
36573.916667,36573.958333,0.000000
36573.958333,36574.000000,0.000000
36574.000000,36574.041667,0.000000
36574.041667,36574.083333,0.000000
36574.083333,36574.125000,0.000000
36574.125000,36574.166667,0.000000
36574.166667,36574.208333,0.000000
36574.208333,36574.250000,0.000000
36574.250000,36574.291667,0.000000
36574.291667,36574.333333,0.000000
36574.333333,36574.375000,0.000000
36574.375000,36574.416667,0.000000
36574.416667,36574.458333,0.000000
36574.458333,36574.500000,0.000000
36574.500000,36574.541667,0.000000
36574.541667,36574.583333,0.000000
36574.583333,36574.625000,0.000000
36574.625000,36574.666667,0.000000
36574.666667,36574.708333,0.000000
36574.708333,36574.750000,0.000000
36574.750000,36574.791667,0.000000
36574.791667,36574.833333,0.000000
36574.833333,36574.875000,0.000000
36574.875000,36574.916667,0.000000
36574.916667,36574.958333,0.000000
36574.958333,36575.000000,0.000000
36575.000000,36575.041667,0.000000
36575.041667,36575.083333,0.000000
36575.083333,36575.125000,0.000000
36575.125000,36575.166667,0.000000
36575.166667,36575.208333,0.000000
36575.208333,36575.250000,0.000000
36575.250000,36575.291667,0.000000
36575.291667,36575.333333,0.000000
36575.333333,36575.375000,0.000000
36575.375000,36575.416667,0.000000
36575.416667,36575.458333,0.000000
36575.458333,36575.500000,0.000000
36575.500000,36575.541667,0.000000
36575.541667,36575.583333,0.000000
36575.583333,36575.625000,0.000000
36575.625000,36575.666667,0.000000
36575.666667,36575.708333,0.000000
36575.708333,36575.750000,0.000000
36575.750000,36575.791667,0.000000
36575.791667,36575.833333,0.000000
36575.833333,36575.875000,0.000000
36575.875000,36575.916667,0.000000
36575.916667,36575.958333,0.000000
36575.958333,36576.000000,0.000000
36576.000000,36576.041667,0.000000
36576.041667,36576.083333,0.000000
36576.083333,36576.125000,0.000000
36576.125000,36576.166667,0.000000
36576.166667,36576.208333,0.000000
36576.208333,36576.250000,0.000000
36576.250000,36576.291667,0.000000
36576.291667,36576.333333,0.000000
36576.333333,36576.375000,0.000000
36576.375000,36576.416667,0.000000
36576.416667,36576.458333,0.000000
36576.458333,36576.500000,0.000000
36576.500000,36576.541667,0.000000
36576.541667,36576.583333,0.000000
36576.583333,36576.625000,0.000000
36576.625000,36576.666667,0.000000
36576.666667,36576.708333,0.000000
36576.708333,36576.750000,0.000000
36576.750000,36576.791667,0.000000
36576.791667,36576.833333,0.000000
36576.833333,36576.875000,0.000000
36576.875000,36576.916667,0.000000
36576.916667,36576.958333,0.000000
36576.958333,36577.000000,0.000000
36577.000000,36577.041667,0.000000
36577.041667,36577.083333,0.000000
36577.083333,36577.125000,0.000000
36577.125000,36577.166667,0.000000
36577.166667,36577.208333,0.000000
36577.208333,36577.250000,0.000000
36577.250000,36577.291667,0.000000
36577.291667,36577.333333,0.000000
36577.333333,36577.375000,0.000000
36577.375000,36577.416667,0.000000
36577.416667,36577.458333,0.000000
36577.458333,36577.500000,0.000000
36577.500000,36577.541667,0.000000
36577.541667,36577.583333,0.000000
36577.583333,36577.625000,0.000000
36577.625000,36577.666667,0.000000
36577.666667,36577.708333,0.000000
36577.708333,36577.750000,0.000000
36577.750000,36577.791667,0.000000
36577.791667,36577.833333,0.000000
36577.833333,36577.875000,0.000000
36577.875000,36577.916667,0.000000
36577.916667,36577.958333,0.000000
36577.958333,36578.000000,0.000000
36578.000000,36578.041667,0.000000
36578.041667,36578.083333,0.000000
36578.083333,36578.125000,0.000000
36578.125000,36578.166667,0.000000
36578.166667,36578.208333,0.000000
36578.208333,36578.250000,0.000000
36578.250000,36578.291667,0.000000
36578.291667,36578.333333,0.000000
36578.333333,36578.375000,0.000000
36578.375000,36578.416667,0.000000
36578.416667,36578.458333,0.000000
36578.458333,36578.500000,0.000000
36578.500000,36578.541667,0.000000
36578.541667,36578.583333,0.000000
36578.583333,36578.625000,0.000000
36578.625000,36578.666667,0.000000
36578.666667,36578.708333,0.000000
36578.708333,36578.750000,0.000000
36578.750000,36578.791667,0.000000
36578.791667,36578.833333,0.000000
36578.833333,36578.875000,0.000000
36578.875000,36578.916667,0.000000
36578.916667,36578.958333,0.000000
36578.958333,36579.000000,0.000000
36579.000000,36579.041667,0.000000
36579.041667,36579.083333,0.000000
36579.083333,36579.125000,0.000000
36579.125000,36579.166667,0.000000
36579.166667,36579.208333,0.000000
36579.208333,36579.250000,0.000000
36579.250000,36579.291667,0.000000
36579.291667,36579.333333,0.000000
36579.333333,36579.375000,0.000000
36579.375000,36579.416667,0.000000
36579.416667,36579.458333,0.000000
36579.458333,36579.500000,0.000000
36579.500000,36579.541667,0.000000
36579.541667,36579.583333,0.000000
36579.583333,36579.625000,0.000000
36579.625000,36579.666667,0.000000
36579.666667,36579.708333,0.000000
36579.708333,36579.750000,0.000000
36579.750000,36579.791667,0.000000
36579.791667,36579.833333,0.000000
36579.833333,36579.875000,0.000000
36579.875000,36579.916667,0.000000
36579.916667,36579.958333,0.000000
36579.958333,36580.000000,0.000000
36580.000000,36580.041667,0.000000
36580.041667,36580.083333,0.000000
36580.083333,36580.125000,0.000000
36580.125000,36580.166667,0.000000
36580.166667,36580.208333,0.000000
36580.208333,36580.250000,0.000000
36580.250000,36580.291667,0.000000
36580.291667,36580.333333,0.000000
36580.333333,36580.375000,0.000000
36580.375000,36580.416667,0.000000
36580.416667,36580.458333,0.000000
36580.458333,36580.500000,0.000000
36580.500000,36580.541667,0.000000
36580.541667,36580.583333,0.000000
36580.583333,36580.625000,0.000000
36580.625000,36580.666667,0.000000
36580.666667,36580.708333,0.000000
36580.708333,36580.750000,0.000000
36580.750000,36580.791667,0.000000
36580.791667,36580.833333,0.000000
36580.833333,36580.875000,0.000000
36580.875000,36580.916667,0.000000
36580.916667,36580.958333,0.000000
36580.958333,36581.000000,0.000000
36581.000000,36581.041667,0.000000
36581.041667,36581.083333,0.000000
36581.083333,36581.125000,0.000000
36581.125000,36581.166667,0.000000
36581.166667,36581.208333,0.000000
36581.208333,36581.250000,0.000000
36581.250000,36581.291667,0.000000
36581.291667,36581.333333,0.000000
36581.333333,36581.375000,0.000000
36581.375000,36581.416667,0.000000
36581.416667,36581.458333,0.000000
36581.458333,36581.500000,0.000000
36581.500000,36581.541667,0.000000
36581.541667,36581.583333,0.000000
36581.583333,36581.625000,0.000000
36581.625000,36581.666667,0.000000
36581.666667,36581.708333,0.000000
36581.708333,36581.750000,0.000000
36581.750000,36581.791667,0.000000
36581.791667,36581.833333,0.000000
36581.833333,36581.875000,0.000000
36581.875000,36581.916667,0.000000
36581.916667,36581.958333,0.000000
36581.958333,36582.000000,0.000000
36582.000000,36582.041667,0.000000
36582.041667,36582.083333,0.000000
36582.083333,36582.125000,0.000000
36582.125000,36582.166667,0.000000
36582.166667,36582.208333,0.000000
36582.208333,36582.250000,0.000000
36582.250000,36582.291667,0.000000
36582.291667,36582.333333,0.000000
36582.333333,36582.375000,0.000000
36582.375000,36582.416667,0.000000
36582.416667,36582.458333,0.000000
36582.458333,36582.500000,0.000000
36582.500000,36582.541667,0.000000
36582.541667,36582.583333,0.000000
36582.583333,36582.625000,0.000000
36582.625000,36582.666667,0.000000
36582.666667,36582.708333,0.000000
36582.708333,36582.750000,0.000000
36582.750000,36582.791667,0.000000
36582.791667,36582.833333,0.000000
36582.833333,36582.875000,0.000000
36582.875000,36582.916667,0.000000
36582.916667,36582.958333,0.000000
36582.958333,36583.000000,0.000000
36583.000000,36583.041667,0.000000
36583.041667,36583.083333,0.000000
36583.083333,36583.125000,0.000000
36583.125000,36583.166667,0.000000
36583.166667,36583.208333,0.000000
36583.208333,36583.250000,0.000000
36583.250000,36583.291667,0.000000
36583.291667,36583.333333,0.000000
36583.333333,36583.375000,0.000000
36583.375000,36583.416667,0.000000
36583.416667,36583.458333,0.000000
36583.458333,36583.500000,0.000000
36583.500000,36583.541667,0.000000
36583.541667,36583.583333,0.000000
36583.583333,36583.625000,0.000000
36583.625000,36583.666667,0.000000
36583.666667,36583.708333,0.000000
36583.708333,36583.750000,0.000000
36583.750000,36583.791667,0.000000
36583.791667,36583.833333,0.000000
36583.833333,36583.875000,0.000000
36583.875000,36583.916667,0.000000
36583.916667,36583.958333,0.000000
36583.958333,36584.000000,0.000000
36584.000000,36584.041667,0.000000
36584.041667,36584.083333,0.000000
36584.083333,36584.125000,0.000000
36584.125000,36584.166667,0.000000
36584.166667,36584.208333,0.000000
36584.208333,36584.250000,0.000000
36584.250000,36584.291667,0.000000
36584.291667,36584.333333,0.000000
36584.333333,36584.375000,0.000000
36584.375000,36584.416667,0.000000
36584.416667,36584.458333,0.000000
36584.458333,36584.500000,0.000000
36584.500000,36584.541667,0.000000
36584.541667,36584.583333,0.000000
36584.583333,36584.625000,0.000000
36584.625000,36584.666667,0.000000
36584.666667,36584.708333,0.000000
36584.708333,36584.750000,0.000000
36584.750000,36584.791667,0.000000
36584.791667,36584.833333,0.000000
36584.833333,36584.875000,0.000000
36584.875000,36584.916667,0.000000
36584.916667,36584.958333,0.000000
36584.958333,36585.000000,0.000000
36585.000000,36585.041667,0.000000
36585.041667,36585.083333,0.000000
36585.083333,36585.125000,0.000000
36585.125000,36585.166667,0.000000
36585.166667,36585.208333,0.000000
36585.208333,36585.250000,0.000000
36585.250000,36585.291667,0.000000
36585.291667,36585.333333,0.000000
36585.333333,36585.375000,0.000000
36585.375000,36585.416667,0.000000
36585.416667,36585.458333,0.000000
36585.458333,36585.500000,0.000000
36585.500000,36585.541667,0.000000
36585.541667,36585.583333,0.000000
36585.583333,36585.625000,0.000000
36585.625000,36585.666667,0.000000
36585.666667,36585.708333,0.000000
36585.708333,36585.750000,0.000000
36585.750000,36585.791667,0.000000
36585.791667,36585.833333,0.000000
36585.833333,36585.875000,0.000000
36585.875000,36585.916667,0.000000
36585.916667,36585.958333,0.000000
36585.958333,36586.000000,0.000000
36586.000000,36586.041667,0.000000
36586.041667,36586.083333,0.000000
36586.083333,36586.125000,0.000000
36586.125000,36586.166667,0.000000
36586.166667,36586.208333,0.000000
36586.208333,36586.250000,0.000000
36586.250000,36586.291667,0.000000
36586.291667,36586.333333,0.000000
36586.333333,36586.375000,0.000000
36586.375000,36586.416667,0.000000
36586.416667,36586.458333,0.000000
36586.458333,36586.500000,0.000000
36586.500000,36586.541667,0.000000
36586.541667,36586.583333,0.000000
36586.583333,36586.625000,0.000000
36586.625000,36586.666667,0.000000
36586.666667,36586.708333,0.000000
36586.708333,36586.750000,0.000000
36586.750000,36586.791667,0.000000
36586.791667,36586.833333,0.000000
36586.833333,36586.875000,0.000000
36586.875000,36586.916667,0.000000
36586.916667,36586.958333,0.000000
36586.958333,36587.000000,0.000000
36587.000000,36587.041667,0.000000
36587.041667,36587.083333,0.000000
36587.083333,36587.125000,0.000000
36587.125000,36587.166667,0.000000
36587.166667,36587.208333,0.000000
36587.208333,36587.250000,0.000000
36587.250000,36587.291667,0.000000
36587.291667,36587.333333,0.000000
36587.333333,36587.375000,0.000000
36587.375000,36587.416667,0.000000
36587.416667,36587.458333,0.000000
36587.458333,36587.500000,0.000000
36587.500000,36587.541667,0.000000
36587.541667,36587.583333,0.000000
36587.583333,36587.625000,0.000000
36587.625000,36587.666667,0.000000
36587.666667,36587.708333,0.000000
36587.708333,36587.750000,0.000000
36587.750000,36587.791667,0.000000
36587.791667,36587.833333,0.000000
36587.833333,36587.875000,0.000000
36587.875000,36587.916667,0.000000
36587.916667,36587.958333,0.000000
36587.958333,36588.000000,0.000000
36588.000000,36588.041667,0.000000
36588.041667,36588.083333,0.000000
36588.083333,36588.125000,0.000000
36588.125000,36588.166667,0.000000
36588.166667,36588.208333,0.000000
36588.208333,36588.250000,0.000000
36588.250000,36588.291667,0.000000
36588.291667,36588.333333,0.000000
36588.333333,36588.375000,0.000000
36588.375000,36588.416667,0.000000
36588.416667,36588.458333,0.000000
36588.458333,36588.500000,0.000000
36588.500000,36588.541667,0.000000
36588.541667,36588.583333,0.000000
36588.583333,36588.625000,0.000000
36588.625000,36588.666667,0.000000
36588.666667,36588.708333,0.000000
36588.708333,36588.750000,0.000000
36588.750000,36588.791667,0.000000
36588.791667,36588.833333,0.000000
36588.833333,36588.875000,0.000000
36588.875000,36588.916667,0.000000
36588.916667,36588.958333,0.000000
36588.958333,36589.000000,0.000000
36589.000000,36589.041667,0.000000
36589.041667,36589.083333,0.000000
36589.083333,36589.125000,0.000000
36589.125000,36589.166667,0.000000
36589.166667,36589.208333,0.000000
36589.208333,36589.250000,0.000000
36589.250000,36589.291667,0.000000
36589.291667,36589.333333,0.000000
36589.333333,36589.375000,0.000000
36589.375000,36589.416667,0.000000
36589.416667,36589.458333,0.000000
36589.458333,36589.500000,0.000000
36589.500000,36589.541667,0.000000
36589.541667,36589.583333,0.000000
36589.583333,36589.625000,0.000000
36589.625000,36589.666667,0.000000
36589.666667,36589.708333,0.000000
36589.708333,36589.750000,0.000000
36589.750000,36589.791667,0.000000
36589.791667,36589.833333,0.000000
36589.833333,36589.875000,0.000000
36589.875000,36589.916667,0.000000
36589.916667,36589.958333,0.000000
36589.958333,36590.000000,0.000000
36590.000000,36590.041667,0.000000
36590.041667,36590.083333,0.000000
36590.083333,36590.125000,0.000000
36590.125000,36590.166667,0.000000
36590.166667,36590.208333,0.000000
36590.208333,36590.250000,0.000000
36590.250000,36590.291667,0.000000
36590.291667,36590.333333,0.000000
36590.333333,36590.375000,0.000000
36590.375000,36590.416667,0.000000
36590.416667,36590.458333,0.000000
36590.458333,36590.500000,0.000000
36590.500000,36590.541667,0.000000
36590.541667,36590.583333,0.000000
36590.583333,36590.625000,0.000000
36590.625000,36590.666667,0.000000
36590.666667,36590.708333,0.000000
36590.708333,36590.750000,0.000000
36590.750000,36590.791667,0.000000
36590.791667,36590.833333,0.000000
36590.833333,36590.875000,0.000000
36590.875000,36590.916667,0.000000
36590.916667,36590.958333,0.000000
36590.958333,36591.000000,0.000000
36591.000000,36591.041667,0.000000
36591.041667,36591.083333,0.000000
36591.083333,36591.125000,0.000000
36591.125000,36591.166667,0.000000
36591.166667,36591.208333,0.000000
36591.208333,36591.250000,0.000000
36591.250000,36591.291667,0.000000
36591.291667,36591.333333,0.000000
36591.333333,36591.375000,0.000000
36591.375000,36591.416667,0.000000
36591.416667,36591.458333,0.000000
36591.458333,36591.500000,0.000000
36591.500000,36591.541667,0.000000
36591.541667,36591.583333,0.000000
36591.583333,36591.625000,0.000000
36591.625000,36591.666667,0.000000
36591.666667,36591.708333,0.000000
36591.708333,36591.750000,0.000000
36591.750000,36591.791667,0.000000
36591.791667,36591.833333,0.000000
36591.833333,36591.875000,0.000000
36591.875000,36591.916667,0.000000
36591.916667,36591.958333,0.000000
36591.958333,36592.000000,0.000000
36592.000000,36592.041667,0.000000
36592.041667,36592.083333,0.000000
36592.083333,36592.125000,0.000000
36592.125000,36592.166667,0.000000
36592.166667,36592.208333,0.000000
36592.208333,36592.250000,0.000000
36592.250000,36592.291667,0.000000
36592.291667,36592.333333,0.000000
36592.333333,36592.375000,0.000000
36592.375000,36592.416667,0.000000
36592.416667,36592.458333,0.000000
36592.458333,36592.500000,0.000000
36592.500000,36592.541667,0.000000
36592.541667,36592.583333,0.000000
36592.583333,36592.625000,0.000000
36592.625000,36592.666667,0.000000
36592.666667,36592.708333,0.000000
36592.708333,36592.750000,0.000000
36592.750000,36592.791667,0.000000
36592.791667,36592.833333,0.000000
36592.833333,36592.875000,0.000000
36592.875000,36592.916667,0.000000
36592.916667,36592.958333,0.000000
36592.958333,36593.000000,0.000000
36593.000000,36593.041667,0.000000
36593.041667,36593.083333,0.000000
36593.083333,36593.125000,0.000000
36593.125000,36593.166667,0.000000
36593.166667,36593.208333,0.000000
36593.208333,36593.250000,0.000000
36593.250000,36593.291667,0.000000
36593.291667,36593.333333,0.000000
36593.333333,36593.375000,0.000000
36593.375000,36593.416667,0.000000
36593.416667,36593.458333,0.000000
36593.458333,36593.500000,0.000000
36593.500000,36593.541667,0.000000
36593.541667,36593.583333,0.000000
36593.583333,36593.625000,0.000000
36593.625000,36593.666667,0.000000
36593.666667,36593.708333,0.000000
36593.708333,36593.750000,0.000000
36593.750000,36593.791667,0.000000
36593.791667,36593.833333,0.000000
36593.833333,36593.875000,0.000000
36593.875000,36593.916667,0.000000
36593.916667,36593.958333,0.000000
36593.958333,36594.000000,0.000000
36594.000000,36594.041667,0.000000
36594.041667,36594.083333,0.000000
36594.083333,36594.125000,0.000000
36594.125000,36594.166667,0.000000
36594.166667,36594.208333,0.000000
36594.208333,36594.250000,0.000000
36594.250000,36594.291667,0.000000
36594.291667,36594.333333,0.000000
36594.333333,36594.375000,0.000000
36594.375000,36594.416667,0.000000
36594.416667,36594.458333,0.000000
36594.458333,36594.500000,0.000000
36594.500000,36594.541667,0.000000
36594.541667,36594.583333,0.000000
36594.583333,36594.625000,0.000000
36594.625000,36594.666667,0.000000
36594.666667,36594.708333,0.000000
36594.708333,36594.750000,0.000000
36594.750000,36594.791667,0.000000
36594.791667,36594.833333,0.000000
36594.833333,36594.875000,0.000000
36594.875000,36594.916667,0.000000
36594.916667,36594.958333,0.000000
36594.958333,36595.000000,0.000000
36595.000000,36595.041667,0.000000
36595.041667,36595.083333,0.000000
36595.083333,36595.125000,0.000000
36595.125000,36595.166667,0.000000
36595.166667,36595.208333,0.000000
36595.208333,36595.250000,0.000000
36595.250000,36595.291667,0.000000
36595.291667,36595.333333,0.000000
36595.333333,36595.375000,0.000000
36595.375000,36595.416667,0.000000
36595.416667,36595.458333,0.000000
36595.458333,36595.500000,0.000000
36595.500000,36595.541667,0.000000
36595.541667,36595.583333,0.000000
36595.583333,36595.625000,0.000000
36595.625000,36595.666667,0.000000
36595.666667,36595.708333,0.000000
36595.708333,36595.750000,0.000000
36595.750000,36595.791667,0.000000
36595.791667,36595.833333,0.000000
36595.833333,36595.875000,0.000000
36595.875000,36595.916667,0.000000
36595.916667,36595.958333,0.000000
36595.958333,36596.000000,0.000000
36596.000000,36596.041667,0.000000
36596.041667,36596.083333,0.000000
36596.083333,36596.125000,0.000000
36596.125000,36596.166667,0.000000
36596.166667,36596.208333,0.000000
36596.208333,36596.250000,0.000000
36596.250000,36596.291667,0.000000
36596.291667,36596.333333,0.000000
36596.333333,36596.375000,0.000000
36596.375000,36596.416667,0.000000
36596.416667,36596.458333,0.000000
36596.458333,36596.500000,0.000000
36596.500000,36596.541667,0.000000
36596.541667,36596.583333,0.000000
36596.583333,36596.625000,0.000000
36596.625000,36596.666667,0.000000
36596.666667,36596.708333,0.000000
36596.708333,36596.750000,0.000000
36596.750000,36596.791667,0.000000
36596.791667,36596.833333,0.000000
36596.833333,36596.875000,0.000000
36596.875000,36596.916667,0.000000
36596.916667,36596.958333,0.000000
36596.958333,36597.000000,0.000000
36597.000000,36597.041667,0.000000
36597.041667,36597.083333,0.000000
36597.083333,36597.125000,0.000000
36597.125000,36597.166667,0.000000
36597.166667,36597.208333,0.000000
36597.208333,36597.250000,0.000000
36597.250000,36597.291667,0.000000
36597.291667,36597.333333,0.000000
36597.333333,36597.375000,0.000000
36597.375000,36597.416667,0.000000
36597.416667,36597.458333,0.000000
36597.458333,36597.500000,0.000000
36597.500000,36597.541667,0.000000
36597.541667,36597.583333,0.000000
36597.583333,36597.625000,0.000000
36597.625000,36597.666667,0.000000
36597.666667,36597.708333,0.000000
36597.708333,36597.750000,0.000000
36597.750000,36597.791667,0.000000
36597.791667,36597.833333,0.000000
36597.833333,36597.875000,0.000000
36597.875000,36597.916667,0.000000
36597.916667,36597.958333,0.000000
36597.958333,36598.000000,0.000000
36598.000000,36598.041667,0.000000
36598.041667,36598.083333,0.000000
36598.083333,36598.125000,0.000000
36598.125000,36598.166667,0.000000
36598.166667,36598.208333,0.000000
36598.208333,36598.250000,0.000000
36598.250000,36598.291667,0.000000
36598.291667,36598.333333,0.000000
36598.333333,36598.375000,0.000000
36598.375000,36598.416667,0.000000
36598.416667,36598.458333,0.000000
36598.458333,36598.500000,0.000000
36598.500000,36598.541667,0.000000
36598.541667,36598.583333,0.000000
36598.583333,36598.625000,0.000000
36598.625000,36598.666667,0.000000
36598.666667,36598.708333,0.000000
36598.708333,36598.750000,0.000000
36598.750000,36598.791667,0.000000
36598.791667,36598.833333,0.000000
36598.833333,36598.875000,0.000000
36598.875000,36598.916667,0.000000
36598.916667,36598.958333,0.000000
36598.958333,36599.000000,0.000000
36599.000000,36599.041667,0.000000
36599.041667,36599.083333,0.000000
36599.083333,36599.125000,0.000000
36599.125000,36599.166667,0.000000
36599.166667,36599.208333,0.000000
36599.208333,36599.250000,0.000000
36599.250000,36599.291667,0.000000
36599.291667,36599.333333,0.000000
36599.333333,36599.375000,0.000000
36599.375000,36599.416667,0.000000
36599.416667,36599.458333,0.000000
36599.458333,36599.500000,0.000000
36599.500000,36599.541667,0.000000
36599.541667,36599.583333,0.000000
36599.583333,36599.625000,0.000000
36599.625000,36599.666667,0.000000
36599.666667,36599.708333,0.000000
36599.708333,36599.750000,0.000000
36599.750000,36599.791667,0.000000
36599.791667,36599.833333,0.000000
36599.833333,36599.875000,0.000000
36599.875000,36599.916667,0.000000
36599.916667,36599.958333,0.000000
36599.958333,36600.000000,0.000000
36600.000000,36600.041667,0.000000
36600.041667,36600.083333,0.000000
36600.083333,36600.125000,0.000000
36600.125000,36600.166667,0.000000
36600.166667,36600.208333,0.000000
36600.208333,36600.250000,0.000000
36600.250000,36600.291667,0.000000
36600.291667,36600.333333,0.000000
36600.333333,36600.375000,0.000000
36600.375000,36600.416667,0.000000
36600.416667,36600.458333,0.000000
36600.458333,36600.500000,0.000000
36600.500000,36600.541667,0.000000
36600.541667,36600.583333,0.000000
36600.583333,36600.625000,0.000000
36600.625000,36600.666667,0.000000
36600.666667,36600.708333,0.000000
36600.708333,36600.750000,0.000000
36600.750000,36600.791667,0.000000
36600.791667,36600.833333,0.000000
36600.833333,36600.875000,0.000000
36600.875000,36600.916667,0.000000
36600.916667,36600.958333,0.000000
36600.958333,36601.000000,0.000000
36601.000000,36601.041667,0.000000
36601.041667,36601.083333,0.000000
36601.083333,36601.125000,0.000000
36601.125000,36601.166667,0.000000
36601.166667,36601.208333,0.000000
36601.208333,36601.250000,0.000000
36601.250000,36601.291667,0.000000
36601.291667,36601.333333,0.000000
36601.333333,36601.375000,0.000000
36601.375000,36601.416667,0.000000
36601.416667,36601.458333,0.000000
36601.458333,36601.500000,0.000000
36601.500000,36601.541667,0.000000
36601.541667,36601.583333,0.000000
36601.583333,36601.625000,0.000000
36601.625000,36601.666667,0.000000
36601.666667,36601.708333,0.000000
36601.708333,36601.750000,0.000000
36601.750000,36601.791667,0.000000
36601.791667,36601.833333,0.000000
36601.833333,36601.875000,0.000000
36601.875000,36601.916667,0.000000
36601.916667,36601.958333,0.000000
36601.958333,36602.000000,0.000000
36602.000000,36602.041667,0.000000
36602.041667,36602.083333,0.000000
36602.083333,36602.125000,0.000000
36602.125000,36602.166667,0.000000
36602.166667,36602.208333,0.000000
36602.208333,36602.250000,0.000000
36602.250000,36602.291667,0.000000
36602.291667,36602.333333,0.000000
36602.333333,36602.375000,0.000000
36602.375000,36602.416667,0.000000
36602.416667,36602.458333,0.000000
36602.458333,36602.500000,0.000000
36602.500000,36602.541667,0.000000
36602.541667,36602.583333,0.000000
36602.583333,36602.625000,0.000000
36602.625000,36602.666667,0.000000
36602.666667,36602.708333,0.000000
36602.708333,36602.750000,0.000000
36602.750000,36602.791667,0.000000
36602.791667,36602.833333,0.000000
36602.833333,36602.875000,0.000000
36602.875000,36602.916667,0.000000
36602.916667,36602.958333,0.000000
36602.958333,36603.000000,0.000000
36603.000000,36603.041667,0.000000
36603.041667,36603.083333,0.000000
36603.083333,36603.125000,0.000000
36603.125000,36603.166667,0.000000
36603.166667,36603.208333,0.000000
36603.208333,36603.250000,0.000000
36603.250000,36603.291667,0.000000
36603.291667,36603.333333,0.000000
36603.333333,36603.375000,0.000000
36603.375000,36603.416667,0.000000
36603.416667,36603.458333,0.000000
36603.458333,36603.500000,0.000000
36603.500000,36603.541667,0.000000
36603.541667,36603.583333,0.000000
36603.583333,36603.625000,0.000000
36603.625000,36603.666667,0.000000
36603.666667,36603.708333,0.000000
36603.708333,36603.750000,0.000000
36603.750000,36603.791667,0.000000
36603.791667,36603.833333,0.000000
36603.833333,36603.875000,0.000000
36603.875000,36603.916667,0.000000
36603.916667,36603.958333,0.000000
36603.958333,36604.000000,0.000000
36604.000000,36604.041667,0.000000
36604.041667,36604.083333,0.000000
36604.083333,36604.125000,0.000000
36604.125000,36604.166667,0.000000
36604.166667,36604.208333,0.000000
36604.208333,36604.250000,0.000000
36604.250000,36604.291667,0.000000
36604.291667,36604.333333,0.000000
36604.333333,36604.375000,0.000000
36604.375000,36604.416667,0.000000
36604.416667,36604.458333,0.000000
36604.458333,36604.500000,0.000000
36604.500000,36604.541667,0.000000
36604.541667,36604.583333,0.000000
36604.583333,36604.625000,0.000000
36604.625000,36604.666667,0.000000
36604.666667,36604.708333,0.000000
36604.708333,36604.750000,0.000000
36604.750000,36604.791667,0.000000
36604.791667,36604.833333,0.000000
36604.833333,36604.875000,0.000000
36604.875000,36604.916667,0.000000
36604.916667,36604.958333,0.000000
36604.958333,36605.000000,0.000000
36605.000000,36605.041667,0.000000
36605.041667,36605.083333,0.000000
36605.083333,36605.125000,0.000000
36605.125000,36605.166667,0.000000
36605.166667,36605.208333,0.000000
36605.208333,36605.250000,0.000000
36605.250000,36605.291667,0.000000
36605.291667,36605.333333,0.000000
36605.333333,36605.375000,0.000000
36605.375000,36605.416667,0.000000
36605.416667,36605.458333,0.000000
36605.458333,36605.500000,0.000000
36605.500000,36605.541667,0.000000
36605.541667,36605.583333,0.000000
36605.583333,36605.625000,0.000000
36605.625000,36605.666667,0.000000
36605.666667,36605.708333,0.000000
36605.708333,36605.750000,0.000000
36605.750000,36605.791667,0.000000
36605.791667,36605.833333,0.000000
36605.833333,36605.875000,0.000000
36605.875000,36605.916667,0.000000
36605.916667,36605.958333,0.000000
36605.958333,36606.000000,0.000000
36606.000000,36606.041667,0.000000
36606.041667,36606.083333,0.000000
36606.083333,36606.125000,0.000000
36606.125000,36606.166667,0.000000
36606.166667,36606.208333,0.000000
36606.208333,36606.250000,0.000000
36606.250000,36606.291667,0.000000
36606.291667,36606.333333,0.000000
36606.333333,36606.375000,0.000000
36606.375000,36606.416667,0.000000
36606.416667,36606.458333,0.000000
36606.458333,36606.500000,0.000000
36606.500000,36606.541667,0.000000
36606.541667,36606.583333,0.000000
36606.583333,36606.625000,0.000000
36606.625000,36606.666667,0.000000
36606.666667,36606.708333,0.000000
36606.708333,36606.750000,0.000000
36606.750000,36606.791667,0.000000
36606.791667,36606.833333,0.000000
36606.833333,36606.875000,0.000000
36606.875000,36606.916667,0.000000
36606.916667,36606.958333,0.000000
36606.958333,36607.000000,0.000000
36607.000000,36607.041667,0.000000
36607.041667,36607.083333,0.000000
36607.083333,36607.125000,0.000000
36607.125000,36607.166667,0.000000
36607.166667,36607.208333,0.000000
36607.208333,36607.250000,0.000000
36607.250000,36607.291667,0.000000
36607.291667,36607.333333,0.000000
36607.333333,36607.375000,0.000000
36607.375000,36607.416667,0.000000
36607.416667,36607.458333,0.000000
36607.458333,36607.500000,0.000000
36607.500000,36607.541667,0.000000
36607.541667,36607.583333,0.000000
36607.583333,36607.625000,0.000000
36607.625000,36607.666667,0.000000
36607.666667,36607.708333,0.000000
36607.708333,36607.750000,0.000000
36607.750000,36607.791667,0.000000
36607.791667,36607.833333,0.000000
36607.833333,36607.875000,0.000000
36607.875000,36607.916667,0.000000
36607.916667,36607.958333,0.000000
36607.958333,36608.000000,0.000000
36608.000000,36608.041667,0.000000
36608.041667,36608.083333,0.000000
36608.083333,36608.125000,0.000000
36608.125000,36608.166667,0.000000
36608.166667,36608.208333,0.000000
36608.208333,36608.250000,0.000000
36608.250000,36608.291667,0.000000
36608.291667,36608.333333,0.000000
36608.333333,36608.375000,0.000000
36608.375000,36608.416667,0.000000
36608.416667,36608.458333,0.000000
36608.458333,36608.500000,0.000000
36608.500000,36608.541667,0.000000
36608.541667,36608.583333,0.000000
36608.583333,36608.625000,0.000000
36608.625000,36608.666667,0.000000
36608.666667,36608.708333,0.000000
36608.708333,36608.750000,0.000000
36608.750000,36608.791667,0.000000
36608.791667,36608.833333,0.000000
36608.833333,36608.875000,0.000000
36608.875000,36608.916667,0.000000
36608.916667,36608.958333,0.000000
36608.958333,36609.000000,0.000000
36609.000000,36609.041667,0.000000
36609.041667,36609.083333,0.000000
36609.083333,36609.125000,0.000000
36609.125000,36609.166667,0.000000
36609.166667,36609.208333,0.000000
36609.208333,36609.250000,0.000000
36609.250000,36609.291667,0.000000
36609.291667,36609.333333,0.000000
36609.333333,36609.375000,0.000000
36609.375000,36609.416667,0.000000
36609.416667,36609.458333,0.000000
36609.458333,36609.500000,0.000000
36609.500000,36609.541667,0.000000
36609.541667,36609.583333,0.000000
36609.583333,36609.625000,0.000000
36609.625000,36609.666667,0.000000
36609.666667,36609.708333,0.000000
36609.708333,36609.750000,0.000000
36609.750000,36609.791667,0.000000
36609.791667,36609.833333,0.000000
36609.833333,36609.875000,0.000000
36609.875000,36609.916667,0.000000
36609.916667,36609.958333,0.000000
36609.958333,36610.000000,0.000000
36610.000000,36610.041667,0.000000
36610.041667,36610.083333,0.000000
36610.083333,36610.125000,0.000000
36610.125000,36610.166667,0.000000
36610.166667,36610.208333,0.000000
36610.208333,36610.250000,0.000000
36610.250000,36610.291667,0.000000
36610.291667,36610.333333,0.000000
36610.333333,36610.375000,0.000000
36610.375000,36610.416667,0.000000
36610.416667,36610.458333,0.000000
36610.458333,36610.500000,0.000000
36610.500000,36610.541667,0.000000
36610.541667,36610.583333,0.000000
36610.583333,36610.625000,0.000000
36610.625000,36610.666667,0.000000
36610.666667,36610.708333,0.000000
36610.708333,36610.750000,0.000000
36610.750000,36610.791667,0.000000
36610.791667,36610.833333,0.000000
36610.833333,36610.875000,0.000000
36610.875000,36610.916667,0.000000
36610.916667,36610.958333,0.000000
36610.958333,36611.000000,0.000000
36611.000000,36611.041667,0.000000
36611.041667,36611.083333,0.000000
36611.083333,36611.125000,0.000000
36611.125000,36611.166667,0.000000
36611.166667,36611.208333,0.000000
36611.208333,36611.250000,0.000000
36611.250000,36611.291667,0.000000
36611.291667,36611.333333,0.000000
36611.333333,36611.375000,0.000000
36611.375000,36611.416667,0.000000
36611.416667,36611.458333,0.000000
36611.458333,36611.500000,0.000000
36611.500000,36611.541667,0.000000
36611.541667,36611.583333,0.000000
36611.583333,36611.625000,0.000000
36611.625000,36611.666667,0.000000
36611.666667,36611.708333,0.000000
36611.708333,36611.750000,0.000000
36611.750000,36611.791667,0.000000
36611.791667,36611.833333,0.000000
36611.833333,36611.875000,0.000000
36611.875000,36611.916667,0.000000
36611.916667,36611.958333,0.000000
36611.958333,36612.000000,0.000000
36612.000000,36612.041667,0.000000
36612.041667,36612.083333,0.000000
36612.083333,36612.125000,0.000000
36612.125000,36612.166667,0.000000
36612.166667,36612.208333,0.000000
36612.208333,36612.250000,0.000000
36612.250000,36612.291667,0.000000
36612.291667,36612.333333,0.000000
36612.333333,36612.375000,0.000000
36612.375000,36612.416667,0.000000
36612.416667,36612.458333,0.000000
36612.458333,36612.500000,0.000000
36612.500000,36612.541667,0.000000
36612.541667,36612.583333,0.000000
36612.583333,36612.625000,0.000000
36612.625000,36612.666667,0.000000
36612.666667,36612.708333,0.000000
36612.708333,36612.750000,0.000000
36612.750000,36612.791667,0.000000
36612.791667,36612.833333,0.000000
36612.833333,36612.875000,0.000000
36612.875000,36612.916667,0.000000
36612.916667,36612.958333,0.000000
36612.958333,36613.000000,0.000000
36613.000000,36613.041667,0.000000
36613.041667,36613.083333,0.000000
36613.083333,36613.125000,0.000000
36613.125000,36613.166667,0.000000
36613.166667,36613.208333,0.000000
36613.208333,36613.250000,0.000000
36613.250000,36613.291667,0.000000
36613.291667,36613.333333,0.000000
36613.333333,36613.375000,0.000000
36613.375000,36613.416667,0.000000
36613.416667,36613.458333,0.000000
36613.458333,36613.500000,0.000000
36613.500000,36613.541667,0.000000
36613.541667,36613.583333,0.000000
36613.583333,36613.625000,0.000000
36613.625000,36613.666667,0.000000
36613.666667,36613.708333,0.000000
36613.708333,36613.750000,0.000000
36613.750000,36613.791667,0.000000
36613.791667,36613.833333,0.000000
36613.833333,36613.875000,0.000000
36613.875000,36613.916667,0.000000
36613.916667,36613.958333,0.000000
36613.958333,36614.000000,0.000000
36614.000000,36614.041667,0.000000
36614.041667,36614.083333,0.000000
36614.083333,36614.125000,0.000000
36614.125000,36614.166667,0.000000
36614.166667,36614.208333,0.000000
36614.208333,36614.250000,0.000000
36614.250000,36614.291667,0.000000
36614.291667,36614.333333,0.000000
36614.333333,36614.375000,0.000000
36614.375000,36614.416667,0.000000
36614.416667,36614.458333,0.000000
36614.458333,36614.500000,0.000000
36614.500000,36614.541667,0.000000
36614.541667,36614.583333,0.000000
36614.583333,36614.625000,0.000000
36614.625000,36614.666667,0.000000
36614.666667,36614.708333,0.000000
36614.708333,36614.750000,0.000000
36614.750000,36614.791667,0.000000
36614.791667,36614.833333,0.000000
36614.833333,36614.875000,0.000000
36614.875000,36614.916667,0.000000
36614.916667,36614.958333,0.000000
36614.958333,36615.000000,0.000000
36615.000000,36615.041667,0.000000
36615.041667,36615.083333,0.000000
36615.083333,36615.125000,0.000000
36615.125000,36615.166667,0.000000
36615.166667,36615.208333,0.000000
36615.208333,36615.250000,0.000000
36615.250000,36615.291667,0.000000
36615.291667,36615.333333,0.000000
36615.333333,36615.375000,0.000000
36615.375000,36615.416667,0.000000
36615.416667,36615.458333,0.000000
36615.458333,36615.500000,0.000000
36615.500000,36615.541667,0.000000
36615.541667,36615.583333,0.000000
36615.583333,36615.625000,0.000000
36615.625000,36615.666667,0.000000
36615.666667,36615.708333,0.000000
36615.708333,36615.750000,0.000000
36615.750000,36615.791667,0.000000
36615.791667,36615.833333,0.000000
36615.833333,36615.875000,0.000000
36615.875000,36615.916667,0.000000
36615.916667,36615.958333,0.000000
36615.958333,36616.000000,0.000000
36616.000000,36616.041667,0.000000
36616.041667,36616.083333,0.000000
36616.083333,36616.125000,0.000000
36616.125000,36616.166667,0.000000
36616.166667,36616.208333,0.000000
36616.208333,36616.250000,0.000000
36616.250000,36616.291667,0.000000
36616.291667,36616.333333,0.000000
36616.333333,36616.375000,0.000000
36616.375000,36616.416667,0.000000
36616.416667,36616.458333,0.000000
36616.458333,36616.500000,0.000000
36616.500000,36616.541667,0.000000
36616.541667,36616.583333,0.000000
36616.583333,36616.625000,0.000000
36616.625000,36616.666667,0.000000
36616.666667,36616.708333,0.000000
36616.708333,36616.750000,0.000000
36616.750000,36616.791667,0.000000
36616.791667,36616.833333,0.000000
36616.833333,36616.875000,0.000000
36616.875000,36616.916667,0.000000
36616.916667,36616.958333,0.000000
36616.958333,36617.000000,0.000000
36617.000000,36617.041667,0.000000
36617.041667,36617.083333,0.000000
36617.083333,36617.125000,0.000000
36617.125000,36617.166667,0.000000
36617.166667,36617.208333,0.000000
36617.208333,36617.250000,0.000000
36617.250000,36617.291667,0.000000
36617.291667,36617.333333,0.000000
36617.333333,36617.375000,0.000000
36617.375000,36617.416667,0.000000
36617.416667,36617.458333,0.000000
36617.458333,36617.500000,0.000000
36617.500000,36617.541667,0.000000
36617.541667,36617.583333,0.000000
36617.583333,36617.625000,0.000000
36617.625000,36617.666667,0.000000
36617.666667,36617.708333,0.000000
36617.708333,36617.750000,0.000000
36617.750000,36617.791667,0.000000
36617.791667,36617.833333,0.000000
36617.833333,36617.875000,0.000000
36617.875000,36617.916667,0.000000
36617.916667,36617.958333,0.000000
36617.958333,36618.000000,0.000000
36618.000000,36618.041667,0.000000
36618.041667,36618.083333,0.000000
36618.083333,36618.125000,0.000000
36618.125000,36618.166667,0.000000
36618.166667,36618.208333,0.000000
36618.208333,36618.250000,0.000000
36618.250000,36618.291667,0.000000
36618.291667,36618.333333,0.000000
36618.333333,36618.375000,0.000000
36618.375000,36618.416667,0.000000
36618.416667,36618.458333,0.000000
36618.458333,36618.500000,0.000000
36618.500000,36618.541667,0.000000
36618.541667,36618.583333,0.000000
36618.583333,36618.625000,0.000000
36618.625000,36618.666667,0.000000
36618.666667,36618.708333,0.000000
36618.708333,36618.750000,0.000000
36618.750000,36618.791667,0.000000
36618.791667,36618.833333,0.000000
36618.833333,36618.875000,0.000000
36618.875000,36618.916667,0.000000
36618.916667,36618.958333,0.000000
36618.958333,36619.000000,0.000000
36619.000000,36619.041667,0.000000
36619.041667,36619.083333,0.000000
36619.083333,36619.125000,0.000000
36619.125000,36619.166667,0.000000
36619.166667,36619.208333,0.000000
36619.208333,36619.250000,0.000000
36619.250000,36619.291667,0.000000
36619.291667,36619.333333,0.000000
36619.333333,36619.375000,0.000000
36619.375000,36619.416667,0.000000
36619.416667,36619.458333,0.000000
36619.458333,36619.500000,0.000000
36619.500000,36619.541667,0.000000
36619.541667,36619.583333,0.000000
36619.583333,36619.625000,0.000000
36619.625000,36619.666667,0.000000
36619.666667,36619.708333,0.000000
36619.708333,36619.750000,0.000000
36619.750000,36619.791667,0.000000
36619.791667,36619.833333,0.000000
36619.833333,36619.875000,0.000000
36619.875000,36619.916667,0.000000
36619.916667,36619.958333,0.000000
36619.958333,36620.000000,0.000000
36620.000000,36620.041667,0.000000
36620.041667,36620.083333,0.000000
36620.083333,36620.125000,0.000000
36620.125000,36620.166667,0.000000
36620.166667,36620.208333,0.000000
36620.208333,36620.250000,0.000000
36620.250000,36620.291667,0.000000
36620.291667,36620.333333,0.000000
36620.333333,36620.375000,0.000000
36620.375000,36620.416667,0.000000
36620.416667,36620.458333,0.000000
36620.458333,36620.500000,0.000000
36620.500000,36620.541667,0.000000
36620.541667,36620.583333,0.000000
36620.583333,36620.625000,0.000000
36620.625000,36620.666667,0.000000
36620.666667,36620.708333,0.000000
36620.708333,36620.750000,0.000000
36620.750000,36620.791667,0.000000
36620.791667,36620.833333,0.000000
36620.833333,36620.875000,0.000000
36620.875000,36620.916667,0.000000
36620.916667,36620.958333,0.000000
36620.958333,36621.000000,0.000000
36621.000000,36621.041667,0.000000
36621.041667,36621.083333,0.000000
36621.083333,36621.125000,0.000000
36621.125000,36621.166667,0.000000
36621.166667,36621.208333,0.000000
36621.208333,36621.250000,0.000000
36621.250000,36621.291667,0.000000
36621.291667,36621.333333,0.000000
36621.333333,36621.375000,0.000000
36621.375000,36621.416667,0.000000
36621.416667,36621.458333,0.000000
36621.458333,36621.500000,0.000000
36621.500000,36621.541667,0.000000
36621.541667,36621.583333,0.000000
36621.583333,36621.625000,0.000000
36621.625000,36621.666667,0.000000
36621.666667,36621.708333,0.000000
36621.708333,36621.750000,0.000000
36621.750000,36621.791667,0.000000
36621.791667,36621.833333,0.000000
36621.833333,36621.875000,0.000000
36621.875000,36621.916667,0.000000
36621.916667,36621.958333,0.000000
36621.958333,36622.000000,0.000000
36622.000000,36622.041667,0.000000
36622.041667,36622.083333,0.000000
36622.083333,36622.125000,0.000000
36622.125000,36622.166667,0.000000
36622.166667,36622.208333,0.000000
36622.208333,36622.250000,0.000000
36622.250000,36622.291667,0.000000
36622.291667,36622.333333,0.000000
36622.333333,36622.375000,0.000000
36622.375000,36622.416667,0.000000
36622.416667,36622.458333,0.000000
36622.458333,36622.500000,0.000000
36622.500000,36622.541667,0.000000
36622.541667,36622.583333,0.000000
36622.583333,36622.625000,0.000000
36622.625000,36622.666667,0.000000
36622.666667,36622.708333,0.000000
36622.708333,36622.750000,0.000000
36622.750000,36622.791667,0.000000
36622.791667,36622.833333,0.000000
36622.833333,36622.875000,0.000000
36622.875000,36622.916667,0.000000
36622.916667,36622.958333,0.000000
36622.958333,36623.000000,0.000000
36623.000000,36623.041667,0.000000
36623.041667,36623.083333,0.000000
36623.083333,36623.125000,0.000000
36623.125000,36623.166667,0.000000
36623.166667,36623.208333,0.000000
36623.208333,36623.250000,0.000000
36623.250000,36623.291667,0.000000
36623.291667,36623.333333,0.000000
36623.333333,36623.375000,0.000000
36623.375000,36623.416667,0.000000
36623.416667,36623.458333,0.000000
36623.458333,36623.500000,0.000000
36623.500000,36623.541667,0.000000
36623.541667,36623.583333,0.000000
36623.583333,36623.625000,0.000000
36623.625000,36623.666667,0.000000
36623.666667,36623.708333,0.000000
36623.708333,36623.750000,0.000000
36623.750000,36623.791667,0.000000
36623.791667,36623.833333,0.000000
36623.833333,36623.875000,0.000000
36623.875000,36623.916667,0.000000
36623.916667,36623.958333,0.000000
36623.958333,36624.000000,0.000000
36624.000000,36624.041667,0.000000
36624.041667,36624.083333,0.000000
36624.083333,36624.125000,0.000000
36624.125000,36624.166667,0.000000
36624.166667,36624.208333,0.000000
36624.208333,36624.250000,0.000000
36624.250000,36624.291667,0.000000
36624.291667,36624.333333,0.000000
36624.333333,36624.375000,0.000000
36624.375000,36624.416667,0.000000
36624.416667,36624.458333,0.000000
36624.458333,36624.500000,0.000000
36624.500000,36624.541667,0.000000
36624.541667,36624.583333,0.000000
36624.583333,36624.625000,0.000000
36624.625000,36624.666667,0.000000
36624.666667,36624.708333,0.000000
36624.708333,36624.750000,0.000000
36624.750000,36624.791667,0.000000
36624.791667,36624.833333,0.000000
36624.833333,36624.875000,0.000000
36624.875000,36624.916667,0.000000
36624.916667,36624.958333,0.000000
36624.958333,36625.000000,0.000000
36625.000000,36625.041667,0.000000
36625.041667,36625.083333,0.000000
36625.083333,36625.125000,0.000000
36625.125000,36625.166667,0.000000
36625.166667,36625.208333,0.000000
36625.208333,36625.250000,0.000000
36625.250000,36625.291667,0.000000
36625.291667,36625.333333,0.000000
36625.333333,36625.375000,0.000000
36625.375000,36625.416667,0.000000
36625.416667,36625.458333,0.000000
36625.458333,36625.500000,0.000000
36625.500000,36625.541667,0.000000
36625.541667,36625.583333,0.000000
36625.583333,36625.625000,0.000000
36625.625000,36625.666667,0.000000
36625.666667,36625.708333,0.000000
36625.708333,36625.750000,0.000000
36625.750000,36625.791667,0.000000
36625.791667,36625.833333,0.000000
36625.833333,36625.875000,0.000000
36625.875000,36625.916667,0.000000
36625.916667,36625.958333,0.000000
36625.958333,36626.000000,0.000000
36626.000000,36626.041667,0.000000
36626.041667,36626.083333,0.000000
36626.083333,36626.125000,0.000000
36626.125000,36626.166667,0.000000
36626.166667,36626.208333,0.000000
36626.208333,36626.250000,0.000000
36626.250000,36626.291667,0.000000
36626.291667,36626.333333,0.000000
36626.333333,36626.375000,0.000000
36626.375000,36626.416667,0.000000
36626.416667,36626.458333,0.000000
36626.458333,36626.500000,0.000000
36626.500000,36626.541667,0.000000
36626.541667,36626.583333,0.000000
36626.583333,36626.625000,0.000000
36626.625000,36626.666667,0.000000
36626.666667,36626.708333,0.000000
36626.708333,36626.750000,0.000000
36626.750000,36626.791667,0.000000
36626.791667,36626.833333,0.000000
36626.833333,36626.875000,0.000000
36626.875000,36626.916667,0.000000
36626.916667,36626.958333,0.000000
36626.958333,36627.000000,0.000000
36627.000000,36627.041667,0.000000
36627.041667,36627.083333,0.000000
36627.083333,36627.125000,0.000000
36627.125000,36627.166667,0.000000
36627.166667,36627.208333,0.000000
36627.208333,36627.250000,0.000000
36627.250000,36627.291667,0.000000
36627.291667,36627.333333,0.000000
36627.333333,36627.375000,0.000000
36627.375000,36627.416667,0.000000
36627.416667,36627.458333,0.000000
36627.458333,36627.500000,0.000000
36627.500000,36627.541667,0.000000
36627.541667,36627.583333,0.000000
36627.583333,36627.625000,0.000000
36627.625000,36627.666667,0.000000
36627.666667,36627.708333,0.000000
36627.708333,36627.750000,0.000000
36627.750000,36627.791667,0.000000
36627.791667,36627.833333,0.000000
36627.833333,36627.875000,0.000000
36627.875000,36627.916667,0.000000
36627.916667,36627.958333,0.000000
36627.958333,36628.000000,0.000000
36628.000000,36628.041667,0.000000
36628.041667,36628.083333,0.000000
36628.083333,36628.125000,0.000000
36628.125000,36628.166667,0.000000
36628.166667,36628.208333,0.000000
36628.208333,36628.250000,0.000000
36628.250000,36628.291667,0.000000
36628.291667,36628.333333,0.000000
36628.333333,36628.375000,0.000000
36628.375000,36628.416667,0.000000
36628.416667,36628.458333,0.000000
36628.458333,36628.500000,0.000000
36628.500000,36628.541667,0.000000
36628.541667,36628.583333,0.000000
36628.583333,36628.625000,0.000000
36628.625000,36628.666667,0.000000
36628.666667,36628.708333,0.000000
36628.708333,36628.750000,0.000000
36628.750000,36628.791667,0.000000
36628.791667,36628.833333,0.000000
36628.833333,36628.875000,0.000000
36628.875000,36628.916667,0.000000
36628.916667,36628.958333,0.000000
36628.958333,36629.000000,0.000000
36629.000000,36629.041667,0.000000
36629.041667,36629.083333,0.000000
36629.083333,36629.125000,0.000000
36629.125000,36629.166667,0.000000
36629.166667,36629.208333,0.000000
36629.208333,36629.250000,0.000000
36629.250000,36629.291667,0.000000
36629.291667,36629.333333,0.000000
36629.333333,36629.375000,0.000000
36629.375000,36629.416667,0.000000
36629.416667,36629.458333,0.000000
36629.458333,36629.500000,0.000000
36629.500000,36629.541667,0.000000
36629.541667,36629.583333,0.000000
36629.583333,36629.625000,0.000000
36629.625000,36629.666667,0.000000
36629.666667,36629.708333,0.000000
36629.708333,36629.750000,0.000000
36629.750000,36629.791667,0.000000
36629.791667,36629.833333,0.000000
36629.833333,36629.875000,0.000000
36629.875000,36629.916667,0.000000
36629.916667,36629.958333,0.000000
36629.958333,36630.000000,0.000000
36630.000000,36630.041667,0.000000
36630.041667,36630.083333,0.000000
36630.083333,36630.125000,0.000000
36630.125000,36630.166667,0.000000
36630.166667,36630.208333,0.000000
36630.208333,36630.250000,0.000000
36630.250000,36630.291667,0.000000
36630.291667,36630.333333,0.000000
36630.333333,36630.375000,0.000000
36630.375000,36630.416667,0.000000
36630.416667,36630.458333,0.000000
36630.458333,36630.500000,0.000000
36630.500000,36630.541667,0.000000
36630.541667,36630.583333,0.000000
36630.583333,36630.625000,0.000000
36630.625000,36630.666667,0.000000
36630.666667,36630.708333,0.000000
36630.708333,36630.750000,0.000000
36630.750000,36630.791667,0.000000
36630.791667,36630.833333,0.000000
36630.833333,36630.875000,0.000000
36630.875000,36630.916667,0.000000
36630.916667,36630.958333,0.000000
36630.958333,36631.000000,0.000000
36631.000000,36631.041667,0.000000
36631.041667,36631.083333,0.000000
36631.083333,36631.125000,0.000000
36631.125000,36631.166667,0.000000
36631.166667,36631.208333,0.000000
36631.208333,36631.250000,0.000000
36631.250000,36631.291667,0.000000
36631.291667,36631.333333,0.000000
36631.333333,36631.375000,0.000000
36631.375000,36631.416667,0.000000
36631.416667,36631.458333,0.000000
36631.458333,36631.500000,0.000000
36631.500000,36631.541667,0.000000
36631.541667,36631.583333,0.000000
36631.583333,36631.625000,0.000000
36631.625000,36631.666667,0.000000
36631.666667,36631.708333,0.000000
36631.708333,36631.750000,0.000000
36631.750000,36631.791667,0.000000
36631.791667,36631.833333,0.000000
36631.833333,36631.875000,0.000000
36631.875000,36631.916667,0.000000
36631.916667,36631.958333,0.000000
36631.958333,36632.000000,0.000000
36632.000000,36632.041667,0.000000
36632.041667,36632.083333,0.000000
36632.083333,36632.125000,0.000000
36632.125000,36632.166667,0.000000
36632.166667,36632.208333,0.000000
36632.208333,36632.250000,0.000000
36632.250000,36632.291667,0.000000
36632.291667,36632.333333,0.000000
36632.333333,36632.375000,0.000000
36632.375000,36632.416667,0.000000
36632.416667,36632.458333,0.000000
36632.458333,36632.500000,0.000000
36632.500000,36632.541667,0.000000
36632.541667,36632.583333,0.000000
36632.583333,36632.625000,0.000000
36632.625000,36632.666667,0.000000
36632.666667,36632.708333,0.000000
36632.708333,36632.750000,0.000000
36632.750000,36632.791667,0.000000
36632.791667,36632.833333,0.000000
36632.833333,36632.875000,0.000000
36632.875000,36632.916667,0.000000
36632.916667,36632.958333,0.000000
36632.958333,36633.000000,0.000000
36633.000000,36633.041667,0.000000
36633.041667,36633.083333,0.000000
36633.083333,36633.125000,0.000000
36633.125000,36633.166667,0.000000
36633.166667,36633.208333,0.000000
36633.208333,36633.250000,0.000000
36633.250000,36633.291667,0.000000
36633.291667,36633.333333,0.000000
36633.333333,36633.375000,0.000000
36633.375000,36633.416667,0.000000
36633.416667,36633.458333,0.000000
36633.458333,36633.500000,0.000000
36633.500000,36633.541667,0.000000
36633.541667,36633.583333,0.000000
36633.583333,36633.625000,0.000000
36633.625000,36633.666667,0.000000
36633.666667,36633.708333,0.000000
36633.708333,36633.750000,0.000000
36633.750000,36633.791667,0.000000
36633.791667,36633.833333,0.000000
36633.833333,36633.875000,0.000000
36633.875000,36633.916667,0.000000
36633.916667,36633.958333,0.000000
36633.958333,36634.000000,0.000000
36634.000000,36634.041667,0.000000
36634.041667,36634.083333,0.000000
36634.083333,36634.125000,0.000000
36634.125000,36634.166667,0.000000
36634.166667,36634.208333,0.000000
36634.208333,36634.250000,0.000000
36634.250000,36634.291667,0.000000
36634.291667,36634.333333,0.000000
36634.333333,36634.375000,0.000000
36634.375000,36634.416667,0.000000
36634.416667,36634.458333,0.000000
36634.458333,36634.500000,0.000000
36634.500000,36634.541667,0.000000
36634.541667,36634.583333,0.000000
36634.583333,36634.625000,0.000000
36634.625000,36634.666667,0.000000
36634.666667,36634.708333,0.000000
36634.708333,36634.750000,0.000000
36634.750000,36634.791667,0.000000
36634.791667,36634.833333,0.000000
36634.833333,36634.875000,0.000000
36634.875000,36634.916667,0.000000
36634.916667,36634.958333,0.000000
36634.958333,36635.000000,0.000000
36635.000000,36635.041667,0.000000
36635.041667,36635.083333,0.000000
36635.083333,36635.125000,0.000000
36635.125000,36635.166667,0.000000
36635.166667,36635.208333,0.000000
36635.208333,36635.250000,0.000000
36635.250000,36635.291667,0.000000
36635.291667,36635.333333,0.000000
36635.333333,36635.375000,0.000000
36635.375000,36635.416667,0.000000
36635.416667,36635.458333,0.000000
36635.458333,36635.500000,0.000000
36635.500000,36635.541667,0.000000
36635.541667,36635.583333,0.000000
36635.583333,36635.625000,0.000000
36635.625000,36635.666667,0.000000
36635.666667,36635.708333,0.000000
36635.708333,36635.750000,0.000000
36635.750000,36635.791667,0.000000
36635.791667,36635.833333,0.000000
36635.833333,36635.875000,0.000000
36635.875000,36635.916667,0.000000
36635.916667,36635.958333,0.000000
36635.958333,36636.000000,0.000000
36636.000000,36636.041667,0.000000
36636.041667,36636.083333,0.000000
36636.083333,36636.125000,0.000000
36636.125000,36636.166667,0.000000
36636.166667,36636.208333,0.000000
36636.208333,36636.250000,0.000000
36636.250000,36636.291667,0.000000
36636.291667,36636.333333,0.000000
36636.333333,36636.375000,0.000000
36636.375000,36636.416667,0.000000
36636.416667,36636.458333,0.000000
36636.458333,36636.500000,0.000000
36636.500000,36636.541667,0.000000
36636.541667,36636.583333,0.000000
36636.583333,36636.625000,0.000000
36636.625000,36636.666667,0.000000
36636.666667,36636.708333,0.000000
36636.708333,36636.750000,0.000000
36636.750000,36636.791667,0.000000
36636.791667,36636.833333,0.000000
36636.833333,36636.875000,0.000000
36636.875000,36636.916667,0.000000
36636.916667,36636.958333,0.000000
36636.958333,36637.000000,0.000000
36637.000000,36637.041667,0.000000
36637.041667,36637.083333,0.000000
36637.083333,36637.125000,0.000000
36637.125000,36637.166667,0.000000
36637.166667,36637.208333,0.000000
36637.208333,36637.250000,0.000000
36637.250000,36637.291667,0.000000
36637.291667,36637.333333,0.000000
36637.333333,36637.375000,0.000000
36637.375000,36637.416667,0.000000
36637.416667,36637.458333,0.000000
36637.458333,36637.500000,0.000000
36637.500000,36637.541667,0.000000
36637.541667,36637.583333,0.000000
36637.583333,36637.625000,0.000000
36637.625000,36637.666667,0.000000
36637.666667,36637.708333,0.000000
36637.708333,36637.750000,0.000000
36637.750000,36637.791667,0.000000
36637.791667,36637.833333,0.000000
36637.833333,36637.875000,0.000000
36637.875000,36637.916667,0.000000
36637.916667,36637.958333,0.000000
36637.958333,36638.000000,0.000000
36638.000000,36638.041667,0.000000
36638.041667,36638.083333,0.000000
36638.083333,36638.125000,0.000000
36638.125000,36638.166667,0.000000
36638.166667,36638.208333,0.000000
36638.208333,36638.250000,0.000000
36638.250000,36638.291667,0.000000
36638.291667,36638.333333,0.000000
36638.333333,36638.375000,0.000000
36638.375000,36638.416667,0.000000
36638.416667,36638.458333,0.000000
36638.458333,36638.500000,0.000000
36638.500000,36638.541667,0.000000
36638.541667,36638.583333,0.000000
36638.583333,36638.625000,0.000000
36638.625000,36638.666667,0.000000
36638.666667,36638.708333,0.000000
36638.708333,36638.750000,0.000000
36638.750000,36638.791667,0.000000
36638.791667,36638.833333,0.000000
36638.833333,36638.875000,0.000000
36638.875000,36638.916667,0.000000
36638.916667,36638.958333,0.000000
36638.958333,36639.000000,0.000000
36639.000000,36639.041667,0.000000
36639.041667,36639.083333,0.000000
36639.083333,36639.125000,0.000000
36639.125000,36639.166667,0.000000
36639.166667,36639.208333,0.000000
36639.208333,36639.250000,0.000000
36639.250000,36639.291667,0.000000
36639.291667,36639.333333,0.000000
36639.333333,36639.375000,0.000000
36639.375000,36639.416667,0.000000
36639.416667,36639.458333,0.000000
36639.458333,36639.500000,0.000000
36639.500000,36639.541667,0.000000
36639.541667,36639.583333,0.000000
36639.583333,36639.625000,0.000000
36639.625000,36639.666667,0.000000
36639.666667,36639.708333,0.000000
36639.708333,36639.750000,0.000000
36639.750000,36639.791667,0.000000
36639.791667,36639.833333,0.000000
36639.833333,36639.875000,0.000000
36639.875000,36639.916667,0.000000
36639.916667,36639.958333,0.000000
36639.958333,36640.000000,0.000000
36640.000000,36640.041667,0.000000
36640.041667,36640.083333,0.000000
36640.083333,36640.125000,0.000000
36640.125000,36640.166667,0.000000
36640.166667,36640.208333,0.000000
36640.208333,36640.250000,0.000000
36640.250000,36640.291667,0.000000
36640.291667,36640.333333,0.000000
36640.333333,36640.375000,0.000000
36640.375000,36640.416667,0.000000
36640.416667,36640.458333,0.000000
36640.458333,36640.500000,0.000000
36640.500000,36640.541667,0.000000
36640.541667,36640.583333,0.000000
36640.583333,36640.625000,0.000000
36640.625000,36640.666667,0.000000
36640.666667,36640.708333,0.000000
36640.708333,36640.750000,0.000000
36640.750000,36640.791667,0.000000
36640.791667,36640.833333,0.000000
36640.833333,36640.875000,0.000000
36640.875000,36640.916667,0.000000
36640.916667,36640.958333,0.000000
36640.958333,36641.000000,0.000000
36641.000000,36641.041667,0.000000
36641.041667,36641.083333,0.000000
36641.083333,36641.125000,0.000000
36641.125000,36641.166667,0.000000
36641.166667,36641.208333,0.000000
36641.208333,36641.250000,0.000000
36641.250000,36641.291667,0.000000
36641.291667,36641.333333,0.000000
36641.333333,36641.375000,0.000000
36641.375000,36641.416667,0.000000
36641.416667,36641.458333,0.000000
36641.458333,36641.500000,0.000000
36641.500000,36641.541667,0.000000
36641.541667,36641.583333,0.000000
36641.583333,36641.625000,0.000000
36641.625000,36641.666667,0.000000
36641.666667,36641.708333,0.000000
36641.708333,36641.750000,0.000000
36641.750000,36641.791667,0.000000
36641.791667,36641.833333,0.000000
36641.833333,36641.875000,0.000000
36641.875000,36641.916667,0.000000
36641.916667,36641.958333,0.000000
36641.958333,36642.000000,0.000000
36642.000000,36642.041667,0.000000
36642.041667,36642.083333,0.000000
36642.083333,36642.125000,0.000000
36642.125000,36642.166667,0.000000
36642.166667,36642.208333,0.000000
36642.208333,36642.250000,0.000000
36642.250000,36642.291667,0.000000
36642.291667,36642.333333,0.000000
36642.333333,36642.375000,0.000000
36642.375000,36642.416667,0.000000
36642.416667,36642.458333,0.000000
36642.458333,36642.500000,0.000000
36642.500000,36642.541667,0.000000
36642.541667,36642.583333,0.000000
36642.583333,36642.625000,0.000000
36642.625000,36642.666667,0.000000
36642.666667,36642.708333,0.000000
36642.708333,36642.750000,0.000000
36642.750000,36642.791667,0.000000
36642.791667,36642.833333,0.000000
36642.833333,36642.875000,0.000000
36642.875000,36642.916667,0.000000
36642.916667,36642.958333,0.000000
36642.958333,36643.000000,0.000000
36643.000000,36643.041667,0.000000
36643.041667,36643.083333,0.000000
36643.083333,36643.125000,0.000000
36643.125000,36643.166667,0.000000
36643.166667,36643.208333,0.000000
36643.208333,36643.250000,0.000000
36643.250000,36643.291667,0.000000
36643.291667,36643.333333,0.000000
36643.333333,36643.375000,0.000000
36643.375000,36643.416667,0.000000
36643.416667,36643.458333,0.000000
36643.458333,36643.500000,0.000000
36643.500000,36643.541667,0.000000
36643.541667,36643.583333,0.000000
36643.583333,36643.625000,0.000000
36643.625000,36643.666667,0.000000
36643.666667,36643.708333,0.000000
36643.708333,36643.750000,0.000000
36643.750000,36643.791667,0.000000
36643.791667,36643.833333,0.000000
36643.833333,36643.875000,0.000000
36643.875000,36643.916667,0.000000
36643.916667,36643.958333,0.000000
36643.958333,36644.000000,0.000000
36644.000000,36644.041667,0.000000
36644.041667,36644.083333,0.000000
36644.083333,36644.125000,0.000000
36644.125000,36644.166667,0.000000
36644.166667,36644.208333,0.000000
36644.208333,36644.250000,0.000000
36644.250000,36644.291667,0.000000
36644.291667,36644.333333,0.000000
36644.333333,36644.375000,0.000000
36644.375000,36644.416667,0.000000
36644.416667,36644.458333,0.000000
36644.458333,36644.500000,0.000000
36644.500000,36644.541667,0.000000
36644.541667,36644.583333,0.000000
36644.583333,36644.625000,0.000000
36644.625000,36644.666667,0.000000
36644.666667,36644.708333,0.000000
36644.708333,36644.750000,0.000000
36644.750000,36644.791667,0.000000
36644.791667,36644.833333,0.000000
36644.833333,36644.875000,0.000000
36644.875000,36644.916667,0.000000
36644.916667,36644.958333,0.000000
36644.958333,36645.000000,0.000000
36645.000000,36645.041667,0.000000
36645.041667,36645.083333,0.000000
36645.083333,36645.125000,0.000000
36645.125000,36645.166667,0.000000
36645.166667,36645.208333,0.000000
36645.208333,36645.250000,0.000000
36645.250000,36645.291667,0.000000
36645.291667,36645.333333,0.000000
36645.333333,36645.375000,0.000000
36645.375000,36645.416667,0.000000
36645.416667,36645.458333,0.000000
36645.458333,36645.500000,0.000000
36645.500000,36645.541667,0.000000
36645.541667,36645.583333,0.000000
36645.583333,36645.625000,0.000000
36645.625000,36645.666667,0.000000
36645.666667,36645.708333,0.000000
36645.708333,36645.750000,0.000000
36645.750000,36645.791667,0.000000
36645.791667,36645.833333,0.000000
36645.833333,36645.875000,0.000000
36645.875000,36645.916667,0.000000
36645.916667,36645.958333,0.000000
36645.958333,36646.000000,0.000000
36646.000000,36646.041667,0.000000
36646.041667,36646.083333,0.000000
36646.083333,36646.125000,0.000000
36646.125000,36646.166667,0.000000
36646.166667,36646.208333,0.000000
36646.208333,36646.250000,0.000000
36646.250000,36646.291667,0.000000
36646.291667,36646.333333,0.000000
36646.333333,36646.375000,0.000000
36646.375000,36646.416667,0.000000
36646.416667,36646.458333,0.000000
36646.458333,36646.500000,0.000000
36646.500000,36646.541667,0.000000
36646.541667,36646.583333,0.000000
36646.583333,36646.625000,0.000000
36646.625000,36646.666667,0.000000
36646.666667,36646.708333,0.000000
36646.708333,36646.750000,0.000000
36646.750000,36646.791667,0.000000
36646.791667,36646.833333,0.000000
36646.833333,36646.875000,0.000000
36646.875000,36646.916667,0.000000
36646.916667,36646.958333,0.000000
36646.958333,36647.000000,0.000000
36647.000000,36647.041667,0.000000
36647.041667,36647.083333,0.000000
36647.083333,36647.125000,0.000000
36647.125000,36647.166667,0.000000
36647.166667,36647.208333,0.000000
36647.208333,36647.250000,0.000000
36647.250000,36647.291667,0.000000
36647.291667,36647.333333,0.000000
36647.333333,36647.375000,0.000000
36647.375000,36647.416667,0.000000
36647.416667,36647.458333,0.000000
36647.458333,36647.500000,0.000000
36647.500000,36647.541667,0.000000
36647.541667,36647.583333,0.000000
36647.583333,36647.625000,0.000000
36647.625000,36647.666667,0.000000
36647.666667,36647.708333,0.000000
36647.708333,36647.750000,0.000000
36647.750000,36647.791667,0.000000
36647.791667,36647.833333,0.000000
36647.833333,36647.875000,0.000000
36647.875000,36647.916667,0.000000
36647.916667,36647.958333,0.000000
36647.958333,36648.000000,0.000000
36648.000000,36648.041667,0.000000
36648.041667,36648.083333,0.000000
36648.083333,36648.125000,0.000000
36648.125000,36648.166667,0.000000
36648.166667,36648.208333,0.000000
36648.208333,36648.250000,0.000000
36648.250000,36648.291667,0.000000
36648.291667,36648.333333,0.000000
36648.333333,36648.375000,0.000000
36648.375000,36648.416667,0.000000
36648.416667,36648.458333,0.000000
36648.458333,36648.500000,0.000000
36648.500000,36648.541667,0.000000
36648.541667,36648.583333,0.000000
36648.583333,36648.625000,0.000000
36648.625000,36648.666667,0.000000
36648.666667,36648.708333,0.000000
36648.708333,36648.750000,0.000000
36648.750000,36648.791667,0.000000
36648.791667,36648.833333,0.000000
36648.833333,36648.875000,0.000000
36648.875000,36648.916667,0.000000
36648.916667,36648.958333,0.000000
36648.958333,36649.000000,0.000000
36649.000000,36649.041667,0.000000
36649.041667,36649.083333,0.000000
36649.083333,36649.125000,0.000000
36649.125000,36649.166667,0.000000
36649.166667,36649.208333,0.000000
36649.208333,36649.250000,0.000000
36649.250000,36649.291667,0.000000
36649.291667,36649.333333,0.000000
36649.333333,36649.375000,0.000000
36649.375000,36649.416667,0.000000
36649.416667,36649.458333,0.000000
36649.458333,36649.500000,0.000000
36649.500000,36649.541667,0.000000
36649.541667,36649.583333,0.000000
36649.583333,36649.625000,0.000000
36649.625000,36649.666667,0.000000
36649.666667,36649.708333,0.000000
36649.708333,36649.750000,0.000000
36649.750000,36649.791667,0.000000
36649.791667,36649.833333,0.000000
36649.833333,36649.875000,0.000000
36649.875000,36649.916667,0.000000
36649.916667,36649.958333,0.000000
36649.958333,36650.000000,0.000000
36650.000000,36650.041667,0.000000
36650.041667,36650.083333,0.000000
36650.083333,36650.125000,0.000000
36650.125000,36650.166667,0.000000
36650.166667,36650.208333,0.000000
36650.208333,36650.250000,0.000000
36650.250000,36650.291667,0.000000
36650.291667,36650.333333,0.000000
36650.333333,36650.375000,0.000000
36650.375000,36650.416667,0.000000
36650.416667,36650.458333,0.000000
36650.458333,36650.500000,0.000000
36650.500000,36650.541667,0.000000
36650.541667,36650.583333,0.000000
36650.583333,36650.625000,0.000000
36650.625000,36650.666667,0.000000
36650.666667,36650.708333,0.000000
36650.708333,36650.750000,0.000000
36650.750000,36650.791667,0.000000
36650.791667,36650.833333,0.000000
36650.833333,36650.875000,0.000000
36650.875000,36650.916667,0.000000
36650.916667,36650.958333,0.000000
36650.958333,36651.000000,0.000000
36651.000000,36651.041667,0.000000
36651.041667,36651.083333,0.000000
36651.083333,36651.125000,0.000000
36651.125000,36651.166667,0.000000
36651.166667,36651.208333,0.000000
36651.208333,36651.250000,0.000000
36651.250000,36651.291667,0.000000
36651.291667,36651.333333,0.000000
36651.333333,36651.375000,0.000000
36651.375000,36651.416667,0.000000
36651.416667,36651.458333,0.000000
36651.458333,36651.500000,0.000000
36651.500000,36651.541667,0.000000
36651.541667,36651.583333,0.000000
36651.583333,36651.625000,0.000000
36651.625000,36651.666667,0.000000
36651.666667,36651.708333,0.000000
36651.708333,36651.750000,0.000000
36651.750000,36651.791667,0.000000
36651.791667,36651.833333,0.000000
36651.833333,36651.875000,0.000000
36651.875000,36651.916667,0.000000
36651.916667,36651.958333,0.000000
36651.958333,36652.000000,0.000000
36652.000000,36652.041667,0.000000
36652.041667,36652.083333,0.000000
36652.083333,36652.125000,0.000000
36652.125000,36652.166667,0.000000
36652.166667,36652.208333,0.000000
36652.208333,36652.250000,0.000000
36652.250000,36652.291667,0.000000
36652.291667,36652.333333,0.000000
36652.333333,36652.375000,0.000000
36652.375000,36652.416667,0.000000
36652.416667,36652.458333,0.000000
36652.458333,36652.500000,0.000000
36652.500000,36652.541667,0.000000
36652.541667,36652.583333,0.000000
36652.583333,36652.625000,0.000000
36652.625000,36652.666667,0.000000
36652.666667,36652.708333,0.000000
36652.708333,36652.750000,0.000000
36652.750000,36652.791667,0.000000
36652.791667,36652.833333,0.000000
36652.833333,36652.875000,0.000000
36652.875000,36652.916667,0.000000
36652.916667,36652.958333,0.000000
36652.958333,36653.000000,0.000000
36653.000000,36653.041667,0.000000
36653.041667,36653.083333,0.000000
36653.083333,36653.125000,0.000000
36653.125000,36653.166667,0.000000
36653.166667,36653.208333,0.000000
36653.208333,36653.250000,0.000000
36653.250000,36653.291667,0.000000
36653.291667,36653.333333,0.000000
36653.333333,36653.375000,0.000000
36653.375000,36653.416667,0.000000
36653.416667,36653.458333,0.000000
36653.458333,36653.500000,0.000000
36653.500000,36653.541667,0.000000
36653.541667,36653.583333,0.000000
36653.583333,36653.625000,0.000000
36653.625000,36653.666667,0.000000
36653.666667,36653.708333,0.000000
36653.708333,36653.750000,0.000000
36653.750000,36653.791667,0.000000
36653.791667,36653.833333,0.000000
36653.833333,36653.875000,0.000000
36653.875000,36653.916667,0.000000
36653.916667,36653.958333,0.000000
36653.958333,36654.000000,0.000000
36654.000000,36654.041667,0.000000
36654.041667,36654.083333,0.000000
36654.083333,36654.125000,0.000000
36654.125000,36654.166667,0.000000
36654.166667,36654.208333,0.000000
36654.208333,36654.250000,0.000000
36654.250000,36654.291667,0.000000
36654.291667,36654.333333,0.000000
36654.333333,36654.375000,0.000000
36654.375000,36654.416667,0.000000
36654.416667,36654.458333,0.000000
36654.458333,36654.500000,0.000000
36654.500000,36654.541667,0.000000
36654.541667,36654.583333,0.000000
36654.583333,36654.625000,0.000000
36654.625000,36654.666667,0.000000
36654.666667,36654.708333,0.000000
36654.708333,36654.750000,0.000000
36654.750000,36654.791667,0.000000
36654.791667,36654.833333,0.000000
36654.833333,36654.875000,0.000000
36654.875000,36654.916667,0.000000
36654.916667,36654.958333,0.000000
36654.958333,36655.000000,0.000000
36655.000000,36655.041667,0.000000
36655.041667,36655.083333,0.000000
36655.083333,36655.125000,0.000000
36655.125000,36655.166667,0.000000
36655.166667,36655.208333,0.000000
36655.208333,36655.250000,0.000000
36655.250000,36655.291667,0.000000
36655.291667,36655.333333,0.000000
36655.333333,36655.375000,0.000000
36655.375000,36655.416667,0.000000
36655.416667,36655.458333,0.000000
36655.458333,36655.500000,0.000000
36655.500000,36655.541667,0.000000
36655.541667,36655.583333,0.000000
36655.583333,36655.625000,0.000000
36655.625000,36655.666667,0.000000
36655.666667,36655.708333,0.000000
36655.708333,36655.750000,0.000000
36655.750000,36655.791667,0.000000
36655.791667,36655.833333,0.000000
36655.833333,36655.875000,0.000000
36655.875000,36655.916667,0.000000
36655.916667,36655.958333,0.000000
36655.958333,36656.000000,0.000000
36656.000000,36656.041667,0.000000
36656.041667,36656.083333,0.000000
36656.083333,36656.125000,0.000000
36656.125000,36656.166667,0.000000
36656.166667,36656.208333,0.000000
36656.208333,36656.250000,0.000000
36656.250000,36656.291667,0.000000
36656.291667,36656.333333,0.000000
36656.333333,36656.375000,0.000000
36656.375000,36656.416667,0.000000
36656.416667,36656.458333,0.000000
36656.458333,36656.500000,0.000000
36656.500000,36656.541667,0.000000
36656.541667,36656.583333,0.000000
36656.583333,36656.625000,0.000000
36656.625000,36656.666667,0.000000
36656.666667,36656.708333,0.000000
36656.708333,36656.750000,0.000000
36656.750000,36656.791667,0.000000
36656.791667,36656.833333,0.000000
36656.833333,36656.875000,0.000000
36656.875000,36656.916667,0.000000
36656.916667,36656.958333,0.000000
36656.958333,36657.000000,0.000000
36657.000000,36657.041667,0.000000
36657.041667,36657.083333,0.000000
36657.083333,36657.125000,0.000000
36657.125000,36657.166667,0.000000
36657.166667,36657.208333,0.000000
36657.208333,36657.250000,0.000000
36657.250000,36657.291667,0.000000
36657.291667,36657.333333,0.000000
36657.333333,36657.375000,0.000000
36657.375000,36657.416667,0.000000
36657.416667,36657.458333,0.000000
36657.458333,36657.500000,0.000000
36657.500000,36657.541667,0.000000
36657.541667,36657.583333,0.000000
36657.583333,36657.625000,0.000000
36657.625000,36657.666667,0.000000
36657.666667,36657.708333,0.000000
36657.708333,36657.750000,0.000000
36657.750000,36657.791667,0.000000
36657.791667,36657.833333,0.000000
36657.833333,36657.875000,0.000000
36657.875000,36657.916667,0.000000
36657.916667,36657.958333,0.000000
36657.958333,36658.000000,0.000000
36658.000000,36658.041667,0.000000
36658.041667,36658.083333,0.000000
36658.083333,36658.125000,0.000000
36658.125000,36658.166667,0.000000
36658.166667,36658.208333,0.000000
36658.208333,36658.250000,0.000000
36658.250000,36658.291667,0.000000
36658.291667,36658.333333,0.000000
36658.333333,36658.375000,0.000000
36658.375000,36658.416667,0.000000
36658.416667,36658.458333,0.000000
36658.458333,36658.500000,0.000000
36658.500000,36658.541667,0.000000
36658.541667,36658.583333,0.000000
36658.583333,36658.625000,0.000000
36658.625000,36658.666667,0.000000
36658.666667,36658.708333,0.000000
36658.708333,36658.750000,0.000000
36658.750000,36658.791667,0.000000
36658.791667,36658.833333,0.000000
36658.833333,36658.875000,0.000000
36658.875000,36658.916667,0.000000
36658.916667,36658.958333,0.000000
36658.958333,36659.000000,0.000000
36659.000000,36659.041667,0.000000
36659.041667,36659.083333,0.000000
36659.083333,36659.125000,0.000000
36659.125000,36659.166667,0.000000
36659.166667,36659.208333,0.000000
36659.208333,36659.250000,0.000000
36659.250000,36659.291667,0.000000
36659.291667,36659.333333,0.000000
36659.333333,36659.375000,0.000000
36659.375000,36659.416667,0.000000
36659.416667,36659.458333,0.000000
36659.458333,36659.500000,0.000000
36659.500000,36659.541667,0.000000
36659.541667,36659.583333,0.000000
36659.583333,36659.625000,0.000000
36659.625000,36659.666667,0.000000
36659.666667,36659.708333,0.000000
36659.708333,36659.750000,0.000000
36659.750000,36659.791667,0.000000
36659.791667,36659.833333,0.000000
36659.833333,36659.875000,0.000000
36659.875000,36659.916667,0.000000
36659.916667,36659.958333,0.000000
36659.958333,36660.000000,0.000000
36660.000000,36660.041667,0.000000
36660.041667,36660.083333,0.000000
36660.083333,36660.125000,0.000000
36660.125000,36660.166667,0.000000
36660.166667,36660.208333,0.000000
36660.208333,36660.250000,0.000000
36660.250000,36660.291667,0.000000
36660.291667,36660.333333,0.000000
36660.333333,36660.375000,0.000000
36660.375000,36660.416667,0.000000
36660.416667,36660.458333,0.000000
36660.458333,36660.500000,0.000000
36660.500000,36660.541667,0.000000
36660.541667,36660.583333,0.000000
36660.583333,36660.625000,0.000000
36660.625000,36660.666667,0.000000
36660.666667,36660.708333,0.000000
36660.708333,36660.750000,0.000000
36660.750000,36660.791667,0.000000
36660.791667,36660.833333,0.000000
36660.833333,36660.875000,0.000000
36660.875000,36660.916667,0.000000
36660.916667,36660.958333,0.000000
36660.958333,36661.000000,0.000000
36661.000000,36661.041667,0.000000
36661.041667,36661.083333,0.000000
36661.083333,36661.125000,0.000000
36661.125000,36661.166667,0.000000
36661.166667,36661.208333,0.000000
36661.208333,36661.250000,0.000000
36661.250000,36661.291667,0.000000
36661.291667,36661.333333,0.000000
36661.333333,36661.375000,0.000000
36661.375000,36661.416667,0.000000
36661.416667,36661.458333,0.000000
36661.458333,36661.500000,0.000000
36661.500000,36661.541667,0.000000
36661.541667,36661.583333,0.000000
36661.583333,36661.625000,0.000000
36661.625000,36661.666667,0.000000
36661.666667,36661.708333,0.000000
36661.708333,36661.750000,0.000000
36661.750000,36661.791667,0.000000
36661.791667,36661.833333,0.000000
36661.833333,36661.875000,0.000000
36661.875000,36661.916667,0.000000
36661.916667,36661.958333,0.000000
36661.958333,36662.000000,0.000000
36662.000000,36662.041667,0.000000
36662.041667,36662.083333,0.000000
36662.083333,36662.125000,0.000000
36662.125000,36662.166667,0.000000
36662.166667,36662.208333,0.000000
36662.208333,36662.250000,0.000000
36662.250000,36662.291667,0.000000
36662.291667,36662.333333,0.000000
36662.333333,36662.375000,0.000000
36662.375000,36662.416667,0.000000
36662.416667,36662.458333,0.000000
36662.458333,36662.500000,0.000000
36662.500000,36662.541667,0.000000
36662.541667,36662.583333,0.000000
36662.583333,36662.625000,0.000000
36662.625000,36662.666667,0.000000
36662.666667,36662.708333,0.000000
36662.708333,36662.750000,0.000000
36662.750000,36662.791667,0.000000
36662.791667,36662.833333,0.000000
36662.833333,36662.875000,0.000000
36662.875000,36662.916667,0.000000
36662.916667,36662.958333,0.000000
36662.958333,36663.000000,0.000000
36663.000000,36663.041667,0.000000
36663.041667,36663.083333,0.000000
36663.083333,36663.125000,0.000000
36663.125000,36663.166667,0.000000
36663.166667,36663.208333,0.000000
36663.208333,36663.250000,0.000000
36663.250000,36663.291667,0.000000
36663.291667,36663.333333,0.000000
36663.333333,36663.375000,0.000000
36663.375000,36663.416667,0.000000
36663.416667,36663.458333,0.000000
36663.458333,36663.500000,0.000000
36663.500000,36663.541667,0.000000
36663.541667,36663.583333,0.000000
36663.583333,36663.625000,0.000000
36663.625000,36663.666667,0.000000
36663.666667,36663.708333,0.000000
36663.708333,36663.750000,0.000000
36663.750000,36663.791667,0.000000
36663.791667,36663.833333,0.000000
36663.833333,36663.875000,0.000000
36663.875000,36663.916667,0.000000
36663.916667,36663.958333,0.000000
36663.958333,36664.000000,0.000000
36664.000000,36664.041667,0.000000
36664.041667,36664.083333,0.000000
36664.083333,36664.125000,0.000000
36664.125000,36664.166667,0.000000
36664.166667,36664.208333,0.000000
36664.208333,36664.250000,0.000000
36664.250000,36664.291667,0.000000
36664.291667,36664.333333,0.000000
36664.333333,36664.375000,0.000000
36664.375000,36664.416667,0.000000
36664.416667,36664.458333,0.000000
36664.458333,36664.500000,0.000000
36664.500000,36664.541667,0.000000
36664.541667,36664.583333,0.000000
36664.583333,36664.625000,0.000000
36664.625000,36664.666667,0.000000
36664.666667,36664.708333,0.000000
36664.708333,36664.750000,0.000000
36664.750000,36664.791667,0.000000
36664.791667,36664.833333,0.000000
36664.833333,36664.875000,0.000000
36664.875000,36664.916667,0.000000
36664.916667,36664.958333,0.000000
36664.958333,36665.000000,0.000000
36665.000000,36665.041667,0.000000
36665.041667,36665.083333,0.000000
36665.083333,36665.125000,0.000000
36665.125000,36665.166667,0.000000
36665.166667,36665.208333,0.000000
36665.208333,36665.250000,0.000000
36665.250000,36665.291667,0.000000
36665.291667,36665.333333,0.000000
36665.333333,36665.375000,0.000000
36665.375000,36665.416667,0.000000
36665.416667,36665.458333,0.000000
36665.458333,36665.500000,0.000000
36665.500000,36665.541667,0.000000
36665.541667,36665.583333,0.000000
36665.583333,36665.625000,0.000000
36665.625000,36665.666667,0.000000
36665.666667,36665.708333,0.000000
36665.708333,36665.750000,0.000000
36665.750000,36665.791667,0.000000
36665.791667,36665.833333,0.000000
36665.833333,36665.875000,0.000000
36665.875000,36665.916667,0.000000
36665.916667,36665.958333,0.000000
36665.958333,36666.000000,0.000000
36666.000000,36666.041667,0.000000
36666.041667,36666.083333,0.000000
36666.083333,36666.125000,0.000000
36666.125000,36666.166667,0.000000
36666.166667,36666.208333,0.000000
36666.208333,36666.250000,0.000000
36666.250000,36666.291667,0.000000
36666.291667,36666.333333,0.000000
36666.333333,36666.375000,0.000000
36666.375000,36666.416667,0.000000
36666.416667,36666.458333,0.000000
36666.458333,36666.500000,0.000000
36666.500000,36666.541667,0.000000
36666.541667,36666.583333,0.000000
36666.583333,36666.625000,0.000000
36666.625000,36666.666667,0.000000
36666.666667,36666.708333,0.000000
36666.708333,36666.750000,0.000000
36666.750000,36666.791667,0.000000
36666.791667,36666.833333,0.000000
36666.833333,36666.875000,0.000000
36666.875000,36666.916667,0.000000
36666.916667,36666.958333,0.000000
36666.958333,36667.000000,0.000000
36667.000000,36667.041667,0.000000
36667.041667,36667.083333,0.000000
36667.083333,36667.125000,0.000000
36667.125000,36667.166667,0.000000
36667.166667,36667.208333,0.000000
36667.208333,36667.250000,0.000000
36667.250000,36667.291667,0.000000
36667.291667,36667.333333,0.000000
36667.333333,36667.375000,0.000000
36667.375000,36667.416667,0.000000
36667.416667,36667.458333,0.000000
36667.458333,36667.500000,0.000000
36667.500000,36667.541667,0.000000
36667.541667,36667.583333,0.000000
36667.583333,36667.625000,0.000000
36667.625000,36667.666667,0.000000
36667.666667,36667.708333,0.000000
36667.708333,36667.750000,0.000000
36667.750000,36667.791667,0.000000
36667.791667,36667.833333,0.000000
36667.833333,36667.875000,0.000000
36667.875000,36667.916667,0.000000
36667.916667,36667.958333,0.000000
36667.958333,36668.000000,0.000000
36668.000000,36668.041667,0.000000
36668.041667,36668.083333,0.000000
36668.083333,36668.125000,0.000000
36668.125000,36668.166667,0.000000
36668.166667,36668.208333,0.000000
36668.208333,36668.250000,0.000000
36668.250000,36668.291667,0.000000
36668.291667,36668.333333,0.000000
36668.333333,36668.375000,0.000000
36668.375000,36668.416667,0.000000
36668.416667,36668.458333,0.000000
36668.458333,36668.500000,0.000000
36668.500000,36668.541667,0.000000
36668.541667,36668.583333,0.000000
36668.583333,36668.625000,0.000000
36668.625000,36668.666667,0.000000
36668.666667,36668.708333,0.000000
36668.708333,36668.750000,0.000000
36668.750000,36668.791667,0.000000
36668.791667,36668.833333,0.000000
36668.833333,36668.875000,0.000000
36668.875000,36668.916667,0.000000
36668.916667,36668.958333,0.000000
36668.958333,36669.000000,0.000000
36669.000000,36669.041667,0.000000
36669.041667,36669.083333,0.000000
36669.083333,36669.125000,0.000000
36669.125000,36669.166667,0.000000
36669.166667,36669.208333,0.000000
36669.208333,36669.250000,0.000000
36669.250000,36669.291667,0.000000
36669.291667,36669.333333,0.000000
36669.333333,36669.375000,0.000000
36669.375000,36669.416667,0.000000
36669.416667,36669.458333,0.000000
36669.458333,36669.500000,0.000000
36669.500000,36669.541667,0.000000
36669.541667,36669.583333,0.000000
36669.583333,36669.625000,0.000000
36669.625000,36669.666667,0.000000
36669.666667,36669.708333,0.000000
36669.708333,36669.750000,0.000000
36669.750000,36669.791667,0.000000
36669.791667,36669.833333,0.000000
36669.833333,36669.875000,0.000000
36669.875000,36669.916667,0.000000
36669.916667,36669.958333,0.000000
36669.958333,36670.000000,0.000000
36670.000000,36670.041667,0.000000
36670.041667,36670.083333,0.000000
36670.083333,36670.125000,0.000000
36670.125000,36670.166667,0.000000
36670.166667,36670.208333,0.000000
36670.208333,36670.250000,0.000000
36670.250000,36670.291667,0.000000
36670.291667,36670.333333,0.000000
36670.333333,36670.375000,0.000000
36670.375000,36670.416667,0.000000
36670.416667,36670.458333,0.000000
36670.458333,36670.500000,0.000000
36670.500000,36670.541667,0.000000
36670.541667,36670.583333,0.000000
36670.583333,36670.625000,0.000000
36670.625000,36670.666667,0.000000
36670.666667,36670.708333,0.000000
36670.708333,36670.750000,0.000000
36670.750000,36670.791667,0.000000
36670.791667,36670.833333,0.000000
36670.833333,36670.875000,0.000000
36670.875000,36670.916667,0.000000
36670.916667,36670.958333,0.000000
36670.958333,36671.000000,0.000000
36671.000000,36671.041667,0.000000
36671.041667,36671.083333,0.000000
36671.083333,36671.125000,0.000000
36671.125000,36671.166667,0.000000
36671.166667,36671.208333,0.000000
36671.208333,36671.250000,0.000000
36671.250000,36671.291667,0.000000
36671.291667,36671.333333,0.000000
36671.333333,36671.375000,0.000000
36671.375000,36671.416667,0.000000
36671.416667,36671.458333,0.000000
36671.458333,36671.500000,0.000000
36671.500000,36671.541667,0.000000
36671.541667,36671.583333,0.000000
36671.583333,36671.625000,0.000000
36671.625000,36671.666667,0.000000
36671.666667,36671.708333,0.000000
36671.708333,36671.750000,0.000000
36671.750000,36671.791667,0.000000
36671.791667,36671.833333,0.000000
36671.833333,36671.875000,0.000000
36671.875000,36671.916667,0.000000
36671.916667,36671.958333,0.000000
36671.958333,36672.000000,0.000000
36672.000000,36672.041667,0.000000
36672.041667,36672.083333,0.000000
36672.083333,36672.125000,0.000000
36672.125000,36672.166667,0.000000
36672.166667,36672.208333,0.000000
36672.208333,36672.250000,0.000000
36672.250000,36672.291667,0.000000
36672.291667,36672.333333,0.000000
36672.333333,36672.375000,0.000000
36672.375000,36672.416667,0.000000
36672.416667,36672.458333,0.000000
36672.458333,36672.500000,0.000000
36672.500000,36672.541667,0.000000
36672.541667,36672.583333,0.000000
36672.583333,36672.625000,0.000000
36672.625000,36672.666667,0.000000
36672.666667,36672.708333,0.000000
36672.708333,36672.750000,0.000000
36672.750000,36672.791667,0.000000
36672.791667,36672.833333,0.000000
36672.833333,36672.875000,0.000000
36672.875000,36672.916667,0.000000
36672.916667,36672.958333,0.000000
36672.958333,36673.000000,0.000000
36673.000000,36673.041667,0.000000
36673.041667,36673.083333,0.000000
36673.083333,36673.125000,0.000000
36673.125000,36673.166667,0.000000
36673.166667,36673.208333,0.000000
36673.208333,36673.250000,0.000000
36673.250000,36673.291667,0.000000
36673.291667,36673.333333,0.000000
36673.333333,36673.375000,0.000000
36673.375000,36673.416667,0.000000
36673.416667,36673.458333,0.000000
36673.458333,36673.500000,0.000000
36673.500000,36673.541667,0.000000
36673.541667,36673.583333,0.000000
36673.583333,36673.625000,0.000000
36673.625000,36673.666667,0.000000
36673.666667,36673.708333,0.000000
36673.708333,36673.750000,0.000000
36673.750000,36673.791667,0.000000
36673.791667,36673.833333,0.000000
36673.833333,36673.875000,0.000000
36673.875000,36673.916667,0.000000
36673.916667,36673.958333,0.000000
36673.958333,36674.000000,0.000000
36674.000000,36674.041667,0.000000
36674.041667,36674.083333,0.000000
36674.083333,36674.125000,0.000000
36674.125000,36674.166667,0.000000
36674.166667,36674.208333,0.000000
36674.208333,36674.250000,0.000000
36674.250000,36674.291667,0.000000
36674.291667,36674.333333,0.000000
36674.333333,36674.375000,0.000000
36674.375000,36674.416667,0.000000
36674.416667,36674.458333,0.000000
36674.458333,36674.500000,0.000000
36674.500000,36674.541667,0.000000
36674.541667,36674.583333,0.000000
36674.583333,36674.625000,0.000000
36674.625000,36674.666667,0.000000
36674.666667,36674.708333,0.000000
36674.708333,36674.750000,0.000000
36674.750000,36674.791667,0.000000
36674.791667,36674.833333,0.000000
36674.833333,36674.875000,0.000000
36674.875000,36674.916667,0.000000
36674.916667,36674.958333,0.000000
36674.958333,36675.000000,0.000000
36675.000000,36675.041667,0.000000
36675.041667,36675.083333,0.000000
36675.083333,36675.125000,0.000000
36675.125000,36675.166667,0.000000
36675.166667,36675.208333,0.000000
36675.208333,36675.250000,0.000000
36675.250000,36675.291667,0.000000
36675.291667,36675.333333,0.000000
36675.333333,36675.375000,0.000000
36675.375000,36675.416667,0.000000
36675.416667,36675.458333,0.000000
36675.458333,36675.500000,0.000000
36675.500000,36675.541667,0.000000
36675.541667,36675.583333,0.000000
36675.583333,36675.625000,0.000000
36675.625000,36675.666667,0.000000
36675.666667,36675.708333,0.000000
36675.708333,36675.750000,0.000000
36675.750000,36675.791667,0.000000
36675.791667,36675.833333,0.000000
36675.833333,36675.875000,0.000000
36675.875000,36675.916667,0.000000
36675.916667,36675.958333,0.000000
36675.958333,36676.000000,0.000000
