40178.97917,0
40179,0
40179.02083,0
40179.04167,0
40179.0625,0
40179.08333,0
40179.10417,0
40179.125,0
40179.14583,0
40179.16667,0
40179.1875,0
40179.20833,0
40179.22917,0
40179.25,0
40179.27083,0
40179.29167,0
40179.3125,0
40179.33333,50
40179.35417,126
40179.375,204
40179.39583,279
40179.41667,344
40179.4375,399
40179.45833,442
40179.47917,470
40179.5,484
40179.52083,483
40179.54167,467
40179.5625,436
40179.58333,392
40179.60417,335
40179.625,269
40179.64583,195
40179.66667,118
40179.6875,65
40179.70833,0
40179.72917,0
40179.75,0
40179.77083,0
40179.79167,0
40179.8125,0
40179.83333,0
40179.85417,0
40179.875,0
40179.89583,0
40179.91667,0
40179.9375,0
40179.95833,0
40179.97917,0
40180,0
40180.02083,0
40180.04167,0
40180.0625,0
40180.08333,0
40180.10417,0
40180.125,0
40180.14583,0
40180.16667,0
40180.1875,0
40180.20833,0
40180.22917,0
40180.25,0
40180.27083,0
40180.29167,0
40180.3125,0
40180.33333,53
40180.35417,132
40180.375,214
40180.39583,291
40180.41667,359
40180.4375,415
40180.45833,459
40180.47917,488
40180.5,502
40180.52083,501
40180.54167,485
40180.5625,453
40180.58333,408
40180.60417,350
40180.625,282
40180.64583,206
40180.66667,127
40180.6875,67
40180.70833,0
40180.72917,0
40180.75,0
40180.77083,0
40180.79167,0
40180.8125,0
40180.83333,0
40180.85417,0
40180.875,0
40180.89583,0
40180.91667,0
40180.9375,0
40180.95833,0
40180.97917,0
40181,0
40181.02083,0
40181.04167,0
40181.0625,0
40181.08333,0
40181.10417,0
40181.125,0
40181.14583,0
40181.16667,0
40181.1875,0
40181.20833,0
40181.22917,0
40181.25,0
40181.27083,0
40181.29167,0
40181.3125,0
40181.33333,54
40181.35417,133
40181.375,215
40181.39583,292
40181.41667,359
40181.4375,415
40181.45833,458
40181.47917,486
40181.5,500
40181.52083,498
40181.54167,481
40181.5625,449
40181.58333,403
40181.60417,346
40181.625,278
40181.64583,202
40181.66667,124
40181.6875,64
40181.70833,0
40181.72917,0
40181.75,0
40181.77083,0
40181.79167,0
40181.8125,0
40181.83333,0
40181.85417,0
40181.875,0
40181.89583,0
40181.91667,0
40181.9375,0
40181.95833,0
40181.97917,0
40182,0
40182.02083,0
40182.04167,0
40182.0625,0
40182.08333,0
40182.10417,0
40182.125,0
40182.14583,0
40182.16667,0
40182.1875,0
40182.20833,0
40182.22917,0
40182.25,0
40182.27083,0
40182.29167,0
40182.3125,0
40182.33333,51
40182.35417,127
40182.375,207
40182.39583,282
40182.41667,349
40182.4375,405
40182.45833,448
40182.47917,477
40182.5,491
40182.52083,490
40182.54167,474
40182.5625,444
40182.58333,400
40182.60417,343
40182.625,276
40182.64583,202
40182.66667,125
40182.6875,63
40182.70833,0
40182.72917,0
40182.75,0
40182.77083,0
40182.79167,0
40182.8125,0
40182.83333,0
40182.85417,0
40182.875,0
40182.89583,0
40182.91667,0
40182.9375,0
40182.95833,0
40182.97917,0
40183,0
40183.02083,0
40183.04167,0
40183.0625,0
40183.08333,0
40183.10417,0
40183.125,0
40183.14583,0
40183.16667,0
40183.1875,0
40183.20833,0
40183.22917,0
40183.25,0
40183.27083,0
40183.29167,0
40183.3125,0
40183.33333,52
40183.35417,131
40183.375,212
40183.39583,289
40183.41667,357
40183.4375,413
40183.45833,457
40183.47917,486
40183.5,500
40183.52083,499
40183.54167,483
40183.5625,453
40183.58333,408
40183.60417,351
40183.625,284
40183.64583,209
40183.66667,130
40183.6875,65
40183.70833,0
40183.72917,0
40183.75,0
40183.77083,0
40183.79167,0
40183.8125,0
40183.83333,0
40183.85417,0
40183.875,0
40183.89583,0
40183.91667,0
40183.9375,0
40183.95833,0
40183.97917,0
40184,0
40184.02083,0
40184.04167,0
40184.0625,0
40184.08333,0
40184.10417,0
40184.125,0
40184.14583,0
40184.16667,0
40184.1875,0
40184.20833,0
40184.22917,0
40184.25,0
40184.27083,0
40184.29167,0
40184.3125,0
40184.33333,51
40184.35417,129
40184.375,210
40184.39583,287
40184.41667,356
40184.4375,414
40184.45833,459
40184.47917,489
40184.5,505
40184.52083,506
40184.54167,491
40184.5625,461
40184.58333,417
40184.60417,360
40184.625,292
40184.64583,215
40184.66667,136
40184.6875,68
40184.70833,0
40184.72917,0
40184.75,0
40184.77083,0
40184.79167,0
40184.8125,0
40184.83333,0
40184.85417,0
40184.875,0
40184.89583,0
40184.91667,0
40184.9375,0
40184.95833,0
40184.97917,0
40185,0
40185.02083,0
40185.04167,0
40185.0625,0
40185.08333,0
40185.10417,0
40185.125,0
40185.14583,0
40185.16667,0
40185.1875,0
40185.20833,0
40185.22917,0
40185.25,0
40185.27083,0
40185.29167,0
40185.3125,0
40185.33333,53
40185.35417,131
40185.375,213
40185.39583,289
40185.41667,357
40185.4375,413
40185.45833,457
40185.47917,486
40185.5,501
40185.52083,500
40185.54167,484
40185.5625,454
40185.58333,410
40185.60417,353
40185.625,286
40185.64583,211
40185.66667,132
40185.6875,65
40185.70833,0
40185.72917,0
40185.75,0
40185.77083,0
40185.79167,0
40185.8125,0
40185.83333,0
40185.85417,0
40185.875,0
40185.89583,0
40185.91667,0
40185.9375,0
40185.95833,0
40185.97917,0
40186,0
40186.02083,0
40186.04167,0
40186.0625,0
40186.08333,0
40186.10417,0
40186.125,0
40186.14583,0
40186.16667,0
40186.1875,0
40186.20833,0
40186.22917,0
40186.25,0
40186.27083,0
40186.29167,0
40186.3125,0
40186.33333,53
40186.35417,133
40186.375,216
40186.39583,294
40186.41667,364
40186.4375,423
40186.45833,468
40186.47917,499
40186.5,514
40186.52083,514
40186.54167,499
40186.5625,468
40186.58333,424
40186.60417,366
40186.625,298
40186.64583,222
40186.66667,141
40186.6875,70
40186.70833,0
40186.72917,0
40186.75,0
40186.77083,0
40186.79167,0
40186.8125,0
40186.83333,0
40186.85417,0
40186.875,0
40186.89583,0
40186.91667,0
40186.9375,0
40186.95833,0
40186.97917,0
40187,0
40187.02083,0
40187.04167,0
40187.0625,0
40187.08333,0
40187.10417,0
40187.125,0
40187.14583,0
40187.16667,0
40187.1875,0
40187.20833,0
40187.22917,0
40187.25,0
40187.27083,0
40187.29167,0
40187.3125,0
40187.33333,53
40187.35417,132
40187.375,213
40187.39583,291
40187.41667,360
40187.4375,418
40187.45833,463
40187.47917,495
40187.5,511
40187.52083,513
40187.54167,499
40187.5625,470
40187.58333,426
40187.60417,370
40187.625,302
40187.64583,226
40187.66667,145
40187.6875,73
40187.70833,0
40187.72917,0
40187.75,0
40187.77083,0
40187.79167,0
40187.8125,0
40187.83333,0
40187.85417,0
40187.875,0
40187.89583,0
40187.91667,0
40187.9375,0
40187.95833,0
40187.97917,0
40188,0
40188.02083,0
40188.04167,0
40188.0625,0
40188.08333,0
40188.10417,0
40188.125,0
40188.14583,0
40188.16667,0
40188.1875,0
40188.20833,0
40188.22917,0
40188.25,0
40188.27083,0
40188.29167,0
40188.3125,0
40188.33333,57
40188.35417,138
40188.375,223
40188.39583,302
40188.41667,372
40188.4375,430
40188.45833,475
40188.47917,505
40188.5,521
40188.52083,521
40188.54167,506
40188.5625,476
40188.58333,431
40188.60417,374
40188.625,306
40188.64583,229
40188.66667,148
40188.6875,75
40188.70833,0
40188.72917,0
40188.75,0
40188.77083,0
40188.79167,0
40188.8125,0
40188.83333,0
40188.85417,0
40188.875,0
40188.89583,0
40188.91667,0
40188.9375,0
40188.95833,0
40188.97917,0
40189,0
40189.02083,0
40189.04167,0
40189.0625,0
40189.08333,0
40189.10417,0
40189.125,0
40189.14583,0
40189.16667,0
40189.1875,0
40189.20833,0
40189.22917,0
40189.25,0
40189.27083,0
40189.29167,0
40189.3125,0
40189.33333,55
40189.35417,135
40189.375,219
40189.39583,297
40189.41667,367
40189.4375,425
40189.45833,470
40189.47917,502
40189.5,518
40189.52083,518
40189.54167,503
40189.5625,473
40189.58333,429
40189.60417,371
40189.625,303
40189.64583,227
40189.66667,147
40189.6875,74
40189.70833,0
40189.72917,0
40189.75,0
40189.77083,0
40189.79167,0
40189.8125,0
40189.83333,0
40189.85417,0
40189.875,0
40189.89583,0
40189.91667,0
40189.9375,0
40189.95833,0
40189.97917,0
40190,0
40190.02083,0
40190.04167,0
40190.0625,0
40190.08333,0
40190.10417,0
40190.125,0
40190.14583,0
40190.16667,0
40190.1875,0
40190.20833,0
40190.22917,0
40190.25,0
40190.27083,0
40190.29167,0
40190.3125,0
40190.33333,54
40190.35417,133
40190.375,215
40190.39583,293
40190.41667,362
40190.4375,420
40190.45833,465
40190.47917,496
40190.5,512
40190.52083,513
40190.54167,499
40190.5625,470
40190.58333,427
40190.60417,371
40190.625,305
40190.64583,230
40190.66667,150
40190.6875,76
40190.70833,0
40190.72917,0
40190.75,0
40190.77083,0
40190.79167,0
40190.8125,0
40190.83333,0
40190.85417,0
40190.875,0
40190.89583,0
40190.91667,0
40190.9375,0
40190.95833,0
40190.97917,0
40191,0
40191.02083,0
40191.04167,0
40191.0625,0
40191.08333,0
40191.10417,0
40191.125,0
40191.14583,0
40191.16667,0
40191.1875,0
40191.20833,0
40191.22917,0
40191.25,0
40191.27083,0
40191.29167,0
40191.3125,0
40191.33333,55
40191.35417,133
40191.375,215
40191.39583,292
40191.41667,361
40191.4375,419
40191.45833,464
40191.47917,495
40191.5,512
40191.52083,513
40191.54167,499
40191.5625,470
40191.58333,427
40191.60417,372
40191.625,305
40191.64583,230
40191.66667,151
40191.6875,76
40191.70833,0
40191.72917,0
40191.75,0
40191.77083,0
40191.79167,0
40191.8125,0
40191.83333,0
40191.85417,0
40191.875,0
40191.89583,0
40191.91667,0
40191.9375,0
40191.95833,0
40191.97917,0
40192,0
40192.02083,0
40192.04167,0
40192.0625,0
40192.08333,0
40192.10417,0
40192.125,0
40192.14583,0
40192.16667,0
40192.1875,0
40192.20833,0
40192.22917,0
40192.25,0
40192.27083,0
40192.29167,0
40192.3125,0
40192.33333,55
40192.35417,134
40192.375,215
40192.39583,293
40192.41667,362
40192.4375,421
40192.45833,467
40192.47917,499
40192.5,517
40192.52083,519
40192.54167,505
40192.5625,477
40192.58333,434
40192.60417,379
40192.625,312
40192.64583,237
40192.66667,156
40192.6875,80
40192.70833,0
40192.72917,0
40192.75,0
40192.77083,0
40192.79167,0
40192.8125,0
40192.83333,0
40192.85417,0
40192.875,0
40192.89583,0
40192.91667,0
40192.9375,0
40192.95833,0
40192.97917,0
40193,0
40193.02083,0
40193.04167,0
40193.0625,0
40193.08333,0
40193.10417,0
40193.125,0
40193.14583,0
40193.16667,0
40193.1875,0
40193.20833,0
40193.22917,0
40193.25,0
40193.27083,0
40193.29167,0
40193.3125,0
40193.33333,56
40193.35417,134
40193.375,214
40193.39583,291
40193.41667,359
40193.4375,416
40193.45833,460
40193.47917,492
40193.5,508
40193.52083,510
40193.54167,496
40193.5625,468
40193.58333,426
40193.60417,371
40193.625,306
40193.64583,232
40193.66667,154
40193.6875,79
40193.70833,0
40193.72917,0
40193.75,0
40193.77083,0
40193.79167,0
40193.8125,0
40193.83333,0
40193.85417,0
40193.875,0
40193.89583,0
40193.91667,0
40193.9375,0
40193.95833,0
40193.97917,0
40194,0
40194.02083,0
40194.04167,0
40194.0625,0
40194.08333,0
40194.10417,0
40194.125,0
40194.14583,0
40194.16667,0
40194.1875,0
40194.20833,0
40194.22917,0
40194.25,0
40194.27083,0
40194.29167,0
40194.3125,0
40194.33333,57
40194.35417,135
40194.375,216
40194.39583,293
40194.41667,361
40194.4375,419
40194.45833,464
40194.47917,496
40194.5,513
40194.52083,514
40194.54167,501
40194.5625,473
40194.58333,431
40194.60417,376
40194.625,310
40194.64583,236
40194.66667,157
40194.6875,82
40194.70833,0
40194.72917,0
40194.75,0
40194.77083,0
40194.79167,0
40194.8125,0
40194.83333,0
40194.85417,0
40194.875,0
40194.89583,0
40194.91667,0
40194.9375,0
40194.95833,0
40194.97917,0
40195,0
40195.02083,0
40195.04167,0
40195.0625,0
40195.08333,0
40195.10417,0
40195.125,0
40195.14583,0
40195.16667,0
40195.1875,0
40195.20833,0
40195.22917,0
40195.25,0
40195.27083,0
40195.29167,0
40195.3125,0
40195.33333,54
40195.35417,129
40195.375,207
40195.39583,281
40195.41667,347
40195.4375,403
40195.45833,446
40195.47917,476
40195.5,492
40195.52083,493
40195.54167,480
40195.5625,455
40195.58333,415
40195.60417,363
40195.625,301
40195.64583,229
40195.66667,154
40195.6875,80
40195.70833,0
40195.72917,0
40195.75,0
40195.77083,0
40195.79167,0
40195.8125,0
40195.83333,0
40195.85417,0
40195.875,0
40195.89583,0
40195.91667,0
40195.9375,0
40195.95833,0
40195.97917,0
40196,0
40196.02083,0
40196.04167,0
40196.0625,0
40196.08333,0
40196.10417,0
40196.125,0
40196.14583,0
40196.16667,0
40196.1875,0
40196.20833,0
40196.22917,0
40196.25,0
40196.27083,0
40196.29167,0
40196.3125,0
40196.33333,59
40196.35417,138
40196.375,221
40196.39583,300
40196.41667,370
40196.4375,430
40196.45833,476
40196.47917,508
40196.5,525
40196.52083,527
40196.54167,514
40196.5625,485
40196.58333,443
40196.60417,387
40196.625,321
40196.64583,246
40196.66667,165
40196.6875,88
40196.70833,0
40196.72917,0
40196.75,0
40196.77083,0
40196.79167,0
40196.8125,0
40196.83333,0
40196.85417,0
40196.875,0
40196.89583,0
40196.91667,0
40196.9375,0
40196.95833,0
40196.97917,0
40197,0
40197.02083,0
40197.04167,0
40197.0625,0
40197.08333,0
40197.10417,0
40197.125,0
40197.14583,0
40197.16667,0
40197.1875,0
40197.20833,0
40197.22917,0
40197.25,0
40197.27083,0
40197.29167,0
40197.3125,0
40197.33333,60
40197.35417,138
40197.375,219
40197.39583,296
40197.41667,365
40197.4375,424
40197.45833,470
40197.47917,502
40197.5,520
40197.52083,522
40197.54167,509
40197.5625,481
40197.58333,439
40197.60417,385
40197.625,319
40197.64583,245
40197.66667,166
40197.6875,89
40197.70833,0
40197.72917,0
40197.75,0
40197.77083,0
40197.79167,0
40197.8125,0
40197.83333,0
40197.85417,0
40197.875,0
40197.89583,0
40197.91667,0
40197.9375,0
40197.95833,0
40197.97917,0
40198,0
40198.02083,0
40198.04167,0
40198.0625,0
40198.08333,0
40198.10417,0
40198.125,0
40198.14583,0
40198.16667,0
40198.1875,0
40198.20833,0
40198.22917,0
40198.25,0
40198.27083,0
40198.29167,0
40198.3125,0
40198.33333,63
40198.35417,144
40198.375,228
40198.39583,308
40198.41667,379
40198.4375,439
40198.45833,487
40198.47917,520
40198.5,538
40198.52083,540
40198.54167,527
40198.5625,499
40198.58333,457
40198.60417,401
40198.625,334
40198.64583,257
40198.66667,175
40198.6875,95
40198.70833,0
40198.72917,0
40198.75,0
40198.77083,0
40198.79167,0
40198.8125,0
40198.83333,0
40198.85417,0
40198.875,0
40198.89583,0
40198.91667,0
40198.9375,0
40198.95833,0
40198.97917,0
40199,0
40199.02083,0
40199.04167,0
40199.0625,0
40199.08333,0
40199.10417,0
40199.125,0
40199.14583,0
40199.16667,0
40199.1875,0
40199.20833,0
40199.22917,0
40199.25,0
40199.27083,0
40199.29167,0
40199.3125,0
40199.33333,66
40199.35417,150
40199.375,237
40199.39583,318
40199.41667,391
40199.4375,452
40199.45833,500
40199.47917,532
40199.5,550
40199.52083,551
40199.54167,538
40199.5625,508
40199.58333,464
40199.60417,406
40199.625,338
40199.64583,260
40199.66667,177
40199.6875,97
40199.70833,0
40199.72917,0
40199.75,0
40199.77083,0
40199.79167,0
40199.8125,0
40199.83333,0
40199.85417,0
40199.875,0
40199.89583,0
40199.91667,0
40199.9375,0
40199.95833,0
40199.97917,0
40200,0
40200.02083,0
40200.04167,0
40200.0625,0
40200.08333,0
40200.10417,0
40200.125,0
40200.14583,0
40200.16667,0
40200.1875,0
40200.20833,0
40200.22917,0
40200.25,0
40200.27083,0
40200.29167,0
40200.3125,0
40200.33333,63
40200.35417,142
40200.375,224
40200.39583,302
40200.41667,372
40200.4375,431
40200.45833,477
40200.47917,510
40200.5,529
40200.52083,532
40200.54167,520
40200.5625,493
40200.58333,452
40200.60417,398
40200.625,332
40200.64583,258
40200.66667,178
40200.6875,99
40200.70833,0
40200.72917,0
40200.75,0
40200.77083,0
40200.79167,0
40200.8125,0
40200.83333,0
40200.85417,0
40200.875,0
40200.89583,0
40200.91667,0
40200.9375,0
40200.95833,0
40200.97917,0
40201,0
40201.02083,0
40201.04167,0
40201.0625,0
40201.08333,0
40201.10417,0
40201.125,0
40201.14583,0
40201.16667,0
40201.1875,0
40201.20833,0
40201.22917,0
40201.25,0
40201.27083,0
40201.29167,0
40201.3125,0
40201.33333,69
40201.35417,153
40201.375,239
40201.39583,321
40201.41667,393
40201.4375,455
40201.45833,503
40201.47917,537
40201.5,556
40201.52083,559
40201.54167,547
40201.5625,519
40201.58333,476
40201.60417,420
40201.625,352
40201.64583,274
40201.66667,191
40201.6875,108
40201.70833,0
40201.72917,0
40201.75,0
40201.77083,0
40201.79167,0
40201.8125,0
40201.83333,0
40201.85417,0
40201.875,0
40201.89583,0
40201.91667,0
40201.9375,0
40201.95833,0
40201.97917,0
40202,0
40202.02083,0
40202.04167,0
40202.0625,0
40202.08333,0
40202.10417,0
40202.125,0
40202.14583,0
40202.16667,0
40202.1875,0
40202.20833,0
40202.22917,0
40202.25,0
40202.27083,0
40202.29167,0
40202.3125,0
40202.33333,68
40202.35417,149
40202.375,233
40202.39583,312
40202.41667,382
40202.4375,440
40202.45833,485
40202.47917,516
40202.5,533
40202.52083,534
40202.54167,520
40202.5625,492
40202.58333,450
40202.60417,395
40202.625,330
40202.64583,256
40202.66667,177
40202.6875,99
40202.70833,0
40202.72917,0
40202.75,0
40202.77083,0
40202.79167,0
40202.8125,0
40202.83333,0
40202.85417,0
40202.875,0
40202.89583,0
40202.91667,0
40202.9375,0
40202.95833,0
40202.97917,0
40203,0
40203.02083,0
40203.04167,0
40203.0625,0
40203.08333,0
40203.10417,0
40203.125,0
40203.14583,0
40203.16667,0
40203.1875,0
40203.20833,0
40203.22917,0
40203.25,0
40203.27083,0
40203.29167,0
40203.3125,0
40203.33333,64
40203.35417,141
40203.375,220
40203.39583,296
40203.41667,365
40203.4375,425
40203.45833,473
40203.47917,509
40203.5,532
40203.52083,538
40203.54167,529
40203.5625,504
40203.58333,464
40203.60417,411
40203.625,345
40203.64583,271
40203.66667,190
40203.6875,109
40203.70833,0
40203.72917,0
40203.75,0
40203.77083,0
40203.79167,0
40203.8125,0
40203.83333,0
40203.85417,0
40203.875,0
40203.89583,0
40203.91667,0
40203.9375,0
40203.95833,0
40203.97917,0
40204,0
40204.02083,0
40204.04167,0
40204.0625,0
40204.08333,0
40204.10417,0
40204.125,0
40204.14583,0
40204.16667,0
40204.1875,0
40204.20833,0
40204.22917,0
40204.25,0
40204.27083,0
40204.29167,0
40204.3125,8
40204.33333,75
40204.35417,159
40204.375,246
40204.39583,326
40204.41667,398
40204.4375,459
40204.45833,507
40204.47917,541
40204.5,560
40204.52083,563
40204.54167,551
40204.5625,523
40204.58333,481
40204.60417,425
40204.625,358
40204.64583,281
40204.66667,198
40204.6875,115
40204.70833,0
40204.72917,0
40204.75,0
40204.77083,0
40204.79167,0
40204.8125,0
40204.83333,0
40204.85417,0
40204.875,0
40204.89583,0
40204.91667,0
40204.9375,0
40204.95833,0
40204.97917,0
40205,0
40205.02083,0
40205.04167,0
40205.0625,0
40205.08333,0
40205.10417,0
40205.125,0
40205.14583,0
40205.16667,0
40205.1875,0
40205.20833,0
40205.22917,0
40205.25,0
40205.27083,0
40205.29167,0
40205.3125,9
40205.33333,79
40205.35417,165
40205.375,253
40205.39583,335
40205.41667,409
40205.4375,471
40205.45833,520
40205.47917,554
40205.5,573
40205.52083,575
40205.54167,562
40205.5625,533
40205.58333,490
40205.60417,433
40205.625,365
40205.64583,287
40205.66667,203
40205.6875,119
40205.70833,0
40205.72917,0
40205.75,0
40205.77083,0
40205.79167,0
40205.8125,0
40205.83333,0
40205.85417,0
40205.875,0
40205.89583,0
40205.91667,0
40205.9375,0
40205.95833,0
40205.97917,0
40206,0
40206.02083,0
40206.04167,0
40206.0625,0
40206.08333,0
40206.10417,0
40206.125,0
40206.14583,0
40206.16667,0
40206.1875,0
40206.20833,0
40206.22917,0
40206.25,0
40206.27083,0
40206.29167,0
40206.3125,10
40206.33333,79
40206.35417,164
40206.375,251
40206.39583,332
40206.41667,406
40206.4375,468
40206.45833,517
40206.47917,552
40206.5,573
40206.52083,576
40206.54167,565
40206.5625,537
40206.58333,495
40206.60417,440
40206.625,373
40206.64583,296
40206.66667,213
40206.6875,127
40206.70833,0
40206.72917,0
40206.75,0
40206.77083,0
40206.79167,0
40206.8125,0
40206.83333,0
40206.85417,0
40206.875,0
40206.89583,0
40206.91667,0
40206.9375,0
40206.95833,0
40206.97917,0
40207,0
40207.02083,0
40207.04167,0
40207.0625,0
40207.08333,0
40207.10417,0
40207.125,0
40207.14583,0
40207.16667,0
40207.1875,0
40207.20833,0
40207.22917,0
40207.25,0
40207.27083,0
40207.29167,0
40207.3125,12
40207.33333,85
40207.35417,173
40207.375,263
40207.39583,346
40207.41667,420
40207.4375,483
40207.45833,532
40207.47917,567
40207.5,586
40207.52083,589
40207.54167,577
40207.5625,549
40207.58333,506
40207.60417,450
40207.625,382
40207.64583,303
40207.66667,217
40207.6875,131
40207.70833,70
40207.72917,0
40207.75,0
40207.77083,0
40207.79167,0
40207.8125,0
40207.83333,0
40207.85417,0
40207.875,0
40207.89583,0
40207.91667,0
40207.9375,0
40207.95833,0
40207.97917,0
40208,0
40208.02083,0
40208.04167,0
40208.0625,0
40208.08333,0
40208.10417,0
40208.125,0
40208.14583,0
40208.16667,0
40208.1875,0
40208.20833,0
40208.22917,0
40208.25,0
40208.27083,0
40208.29167,0
40208.3125,13
40208.33333,84
40208.35417,170
40208.375,257
40208.39583,338
40208.41667,411
40208.4375,472
40208.45833,520
40208.47917,554
40208.5,573
40208.52083,576
40208.54167,564
40208.5625,537
40208.58333,495
40208.60417,440
40208.625,373
40208.64583,296
40208.66667,212
40208.6875,128
40208.70833,65
40208.72917,0
40208.75,0
40208.77083,0
40208.79167,0
40208.8125,0
40208.83333,0
40208.85417,0
40208.875,0
40208.89583,0
40208.91667,0
40208.9375,0
40208.95833,0
40208.97917,0
40209,0
40209.02083,0
40209.04167,0
40209.0625,0
40209.08333,0
40209.10417,0
40209.125,0
40209.14583,0
40209.16667,0
40209.1875,0
40209.20833,0
40209.22917,0
40209.25,0
40209.27083,0
40209.29167,0
40209.3125,16
40209.33333,93
40209.35417,184
40209.375,276
40209.39583,361
40209.41667,437
40209.4375,501
40209.45833,551
40209.47917,586
40209.5,605
40209.52083,608
40209.54167,595
40209.5625,566
40209.58333,522
40209.60417,465
40209.625,395
40209.64583,315
40209.66667,228
40209.6875,140
40209.70833,70
40209.72917,0
40209.75,0
40209.77083,0
40209.79167,0
40209.8125,0
40209.83333,0
40209.85417,0
40209.875,0
40209.89583,0
40209.91667,0
40209.9375,0
40209.95833,0
40209.97917,0
40210,0
40210.02083,0
40210.04167,0
40210.0625,0
40210.08333,0
40210.10417,0
40210.125,0
40210.14583,0
40210.16667,0
40210.1875,0
40210.20833,0
40210.22917,0
40210.25,0
40210.27083,0
40210.29167,0
40210.3125,17
40210.33333,94
40210.35417,184
40210.375,274
40210.39583,358
40210.41667,433
40210.4375,496
40210.45833,546
40210.47917,581
40210.5,600
40210.52083,603
40210.54167,590
40210.5625,561
40210.58333,517
40210.60417,459
40210.625,389
40210.64583,310
40210.66667,225
40210.6875,138
40210.70833,67
40210.72917,0
40210.75,0
40210.77083,0
40210.79167,0
40210.8125,0
40210.83333,0
40210.85417,0
40210.875,0
40210.89583,0
40210.91667,0
40210.9375,0
40210.95833,0
40210.97917,0
40211,0
40211.02083,0
40211.04167,0
40211.0625,0
40211.08333,0
40211.10417,0
40211.125,0
40211.14583,0
40211.16667,0
40211.1875,0
40211.20833,0
40211.22917,0
40211.25,0
40211.27083,0
40211.29167,0
40211.3125,18
40211.33333,91
40211.35417,178
40211.375,265
40211.39583,347
40211.41667,419
40211.4375,481
40211.45833,529
40211.47917,563
40211.5,582
40211.52083,585
40211.54167,573
40211.5625,545
40211.58333,503
40211.60417,447
40211.625,380
40211.64583,303
40211.66667,220
40211.6875,135
40211.70833,64
40211.72917,0
40211.75,0
40211.77083,0
40211.79167,0
40211.8125,0
40211.83333,0
40211.85417,0
40211.875,0
40211.89583,0
40211.91667,0
40211.9375,0
40211.95833,0
40211.97917,0
40212,0
40212.02083,0
40212.04167,0
40212.0625,0
40212.08333,0
40212.10417,0
40212.125,0
40212.14583,0
40212.16667,0
40212.1875,0
40212.20833,0
40212.22917,0
40212.25,0
40212.27083,0
40212.29167,0
40212.3125,20
40212.33333,96
40212.35417,184
40212.375,274
40212.39583,357
40212.41667,431
40212.4375,494
40212.45833,544
40212.47917,579
40212.5,598
40212.52083,602
40212.54167,590
40212.5625,562
40212.58333,519
40212.60417,463
40212.625,395
40212.64583,316
40212.66667,231
40212.6875,144
40212.70833,69
40212.72917,0
40212.75,0
40212.77083,0
40212.79167,0
40212.8125,0
40212.83333,0
40212.85417,0
40212.875,0
40212.89583,0
40212.91667,0
40212.9375,0
40212.95833,0
40212.97917,0
40213,0
40213.02083,0
40213.04167,0
40213.0625,0
40213.08333,0
40213.10417,0
40213.125,0
40213.14583,0
40213.16667,0
40213.1875,0
40213.20833,0
40213.22917,0
40213.25,0
40213.27083,0
40213.29167,0
40213.3125,23
40213.33333,103
40213.35417,194
40213.375,286
40213.39583,371
40213.41667,447
40213.4375,510
40213.45833,560
40213.47917,595
40213.5,614
40213.52083,617
40213.54167,604
40213.5625,576
40213.58333,532
40213.60417,474
40213.625,405
40213.64583,325
40213.66667,238
40213.6875,150
40213.70833,72
40213.72917,0
40213.75,0
40213.77083,0
40213.79167,0
40213.8125,0
40213.83333,0
40213.85417,0
40213.875,0
40213.89583,0
40213.91667,0
40213.9375,0
40213.95833,0
40213.97917,0
40214,0
40214.02083,0
40214.04167,0
40214.0625,0
40214.08333,0
40214.10417,0
40214.125,0
40214.14583,0
40214.16667,0
40214.1875,0
40214.20833,0
40214.22917,0
40214.25,0
40214.27083,0
40214.29167,0
40214.3125,23
40214.33333,99
40214.35417,186
40214.375,274
40214.39583,355
40214.41667,428
40214.4375,489
40214.45833,538
40214.47917,572
40214.5,591
40214.52083,594
40214.54167,582
40214.5625,554
40214.58333,512
40214.60417,457
40214.625,390
40214.64583,313
40214.66667,229
40214.6875,144
40214.70833,69
40214.72917,0
40214.75,0
40214.77083,0
40214.79167,0
40214.8125,0
40214.83333,0
40214.85417,0
40214.875,0
40214.89583,0
40214.91667,0
40214.9375,0
40214.95833,0
40214.97917,0
40215,0
40215.02083,0
40215.04167,0
40215.0625,0
40215.08333,0
40215.10417,0
40215.125,0
40215.14583,0
40215.16667,0
40215.1875,0
40215.20833,0
40215.22917,0
40215.25,0
40215.27083,0
40215.29167,0
40215.3125,26
40215.33333,102
40215.35417,191
40215.375,279
40215.39583,362
40215.41667,436
40215.4375,499
40215.45833,549
40215.47917,584
40215.5,604
40215.52083,609
40215.54167,598
40215.5625,571
40215.58333,529
40215.60417,473
40215.625,406
40215.64583,327
40215.66667,242
40215.6875,154
40215.70833,75
40215.72917,0
40215.75,0
40215.77083,0
40215.79167,0
40215.8125,0
40215.83333,0
40215.85417,0
40215.875,0
40215.89583,0
40215.91667,0
40215.9375,0
40215.95833,0
40215.97917,0
40216,0
40216.02083,0
40216.04167,0
40216.0625,0
40216.08333,0
40216.10417,0
40216.125,0
40216.14583,0
40216.16667,0
40216.1875,0
40216.20833,0
40216.22917,0
40216.25,0
40216.27083,0
40216.29167,0
40216.3125,31
40216.33333,114
40216.35417,208
40216.375,301
40216.39583,387
40216.41667,464
40216.4375,528
40216.45833,579
40216.47917,615
40216.5,634
40216.52083,638
40216.54167,625
40216.5625,597
40216.58333,553
40216.60417,495
40216.625,425
40216.64583,344
40216.66667,256
40216.6875,165
40216.70833,82
40216.72917,0
40216.75,0
40216.77083,0
40216.79167,0
40216.8125,0
40216.83333,0
40216.85417,0
40216.875,0
40216.89583,0
40216.91667,0
40216.9375,0
40216.95833,0
40216.97917,0
40217,0
40217.02083,0
40217.04167,0
40217.0625,0
40217.08333,0
40217.10417,0
40217.125,0
40217.14583,0
40217.16667,0
40217.1875,0
40217.20833,0
40217.22917,0
40217.25,0
40217.27083,0
40217.29167,0
40217.3125,33
40217.33333,117
40217.35417,211
40217.375,305
40217.39583,392
40217.41667,470
40217.4375,535
40217.45833,587
40217.47917,623
40217.5,643
40217.52083,647
40217.54167,634
40217.5625,605
40217.58333,561
40217.60417,502
40217.625,431
40217.64583,350
40217.66667,261
40217.6875,169
40217.70833,84
40217.72917,0
40217.75,0
40217.77083,0
40217.79167,0
40217.8125,0
40217.83333,0
40217.85417,0
40217.875,0
40217.89583,0
40217.91667,0
40217.9375,0
40217.95833,0
40217.97917,0
40218,0
40218.02083,0
40218.04167,0
40218.0625,0
40218.08333,0
40218.10417,0
40218.125,0
40218.14583,0
40218.16667,0
40218.1875,0
40218.20833,0
40218.22917,0
40218.25,0
40218.27083,0
40218.29167,0
40218.3125,33
40218.33333,114
40218.35417,204
40218.375,293
40218.39583,377
40218.41667,450
40218.4375,513
40218.45833,562
40218.47917,596
40218.5,614
40218.52083,617
40218.54167,604
40218.5625,577
40218.58333,534
40218.60417,478
40218.625,410
40218.64583,332
40218.66667,247
40218.6875,159
40218.70833,78
40218.72917,0
40218.75,0
40218.77083,0
40218.79167,0
40218.8125,0
40218.83333,0
40218.85417,0
40218.875,0
40218.89583,0
40218.91667,0
40218.9375,0
40218.95833,0
40218.97917,0
40219,0
40219.02083,0
40219.04167,0
40219.0625,0
40219.08333,0
40219.10417,0
40219.125,0
40219.14583,0
40219.16667,0
40219.1875,0
40219.20833,0
40219.22917,0
40219.25,0
40219.27083,0
40219.29167,0
40219.3125,36
40219.33333,118
40219.35417,210
40219.375,302
40219.39583,388
40219.41667,464
40219.4375,529
40219.45833,580
40219.47917,616
40219.5,637
40219.52083,641
40219.54167,629
40219.5625,601
40219.58333,557
40219.60417,500
40219.625,430
40219.64583,349
40219.66667,261
40219.6875,170
40219.70833,85
40219.72917,0
40219.75,0
40219.77083,0
40219.79167,0
40219.8125,0
40219.83333,0
40219.85417,0
40219.875,0
40219.89583,0
40219.91667,0
40219.9375,0
40219.95833,0
40219.97917,0
40220,0
40220.02083,0
40220.04167,0
40220.0625,0
40220.08333,0
40220.10417,0
40220.125,0
40220.14583,0
40220.16667,0
40220.1875,0
40220.20833,0
40220.22917,0
40220.25,0
40220.27083,0
40220.29167,0
40220.3125,40
40220.33333,125
40220.35417,219
40220.375,312
40220.39583,398
40220.41667,475
40220.4375,540
40220.45833,591
40220.47917,627
40220.5,647
40220.52083,651
40220.54167,639
40220.5625,611
40220.58333,567
40220.60417,509
40220.625,439
40220.64583,358
40220.66667,269
40220.6875,177
40220.70833,90
40220.72917,0
40220.75,0
40220.77083,0
40220.79167,0
40220.8125,0
40220.83333,0
40220.85417,0
40220.875,0
40220.89583,0
40220.91667,0
40220.9375,0
40220.95833,0
40220.97917,0
40221,0
40221.02083,0
40221.04167,0
40221.0625,0
40221.08333,0
40221.10417,0
40221.125,0
40221.14583,0
40221.16667,0
40221.1875,0
40221.20833,0
40221.22917,0
40221.25,0
40221.27083,0
40221.29167,0
40221.3125,44
40221.33333,130
40221.35417,225
40221.375,319
40221.39583,406
40221.41667,483
40221.4375,547
40221.45833,599
40221.47917,635
40221.5,655
40221.52083,659
40221.54167,647
40221.5625,619
40221.58333,575
40221.60417,517
40221.625,446
40221.64583,365
40221.66667,275
40221.6875,183
40221.70833,95
40221.72917,0
40221.75,0
40221.77083,0
40221.79167,0
40221.8125,0
40221.83333,0
40221.85417,0
40221.875,0
40221.89583,0
40221.91667,0
40221.9375,0
40221.95833,0
40221.97917,0
40222,0
40222.02083,0
40222.04167,0
40222.0625,0
40222.08333,0
40222.10417,0
40222.125,0
40222.14583,0
40222.16667,0
40222.1875,0
40222.20833,0
40222.22917,0
40222.25,0
40222.27083,0
40222.29167,0
40222.3125,45
40222.33333,131
40222.35417,225
40222.375,318
40222.39583,404
40222.41667,480
40222.4375,545
40222.45833,596
40222.47917,633
40222.5,653
40222.52083,658
40222.54167,646
40222.5625,619
40222.58333,576
40222.60417,519
40222.625,449
40222.64583,368
40222.66667,279
40222.6875,186
40222.70833,98
40222.72917,0
40222.75,0
40222.77083,0
40222.79167,0
40222.8125,0
40222.83333,0
40222.85417,0
40222.875,0
40222.89583,0
40222.91667,0
40222.9375,0
40222.95833,0
40222.97917,0
40223,0
40223.02083,0
40223.04167,0
40223.0625,0
40223.08333,0
40223.10417,0
40223.125,0
40223.14583,0
40223.16667,0
40223.1875,0
40223.20833,0
40223.22917,0
40223.25,0
40223.27083,0
40223.29167,0
40223.3125,50
40223.33333,138
40223.35417,234
40223.375,327
40223.39583,414
40223.41667,490
40223.4375,555
40223.45833,606
40223.47917,642
40223.5,662
40223.52083,666
40223.54167,654
40223.5625,626
40223.58333,582
40223.60417,525
40223.625,454
40223.64583,373
40223.66667,283
40223.6875,190
40223.70833,101
40223.72917,0
40223.75,0
40223.77083,0
40223.79167,0
40223.8125,0
40223.83333,0
40223.85417,0
40223.875,0
40223.89583,0
40223.91667,0
40223.9375,0
40223.95833,0
40223.97917,0
40224,0
40224.02083,0
40224.04167,0
40224.0625,0
40224.08333,0
40224.10417,0
40224.125,0
40224.14583,0
40224.16667,0
40224.1875,0
40224.20833,0
40224.22917,0
40224.25,0
40224.27083,0
40224.29167,0
40224.3125,52
40224.33333,140
40224.35417,235
40224.375,328
40224.39583,413
40224.41667,489
40224.4375,553
40224.45833,603
40224.47917,636
40224.5,655
40224.52083,657
40224.54167,644
40224.5625,615
40224.58333,571
40224.60417,514
40224.625,444
40224.64583,364
40224.66667,276
40224.6875,185
40224.70833,98
40224.72917,0
40224.75,0
40224.77083,0
40224.79167,0
40224.8125,0
40224.83333,0
40224.85417,0
40224.875,0
40224.89583,0
40224.91667,0
40224.9375,0
40224.95833,0
40224.97917,0
40225,0
40225.02083,0
40225.04167,0
40225.0625,0
40225.08333,0
40225.10417,0
40225.125,0
40225.14583,0
40225.16667,0
40225.1875,0
40225.20833,0
40225.22917,0
40225.25,0
40225.27083,0
40225.29167,0
40225.3125,57
40225.33333,148
40225.35417,245
40225.375,340
40225.39583,427
40225.41667,504
40225.4375,569
40225.45833,620
40225.47917,656
40225.5,676
40225.52083,680
40225.54167,667
40225.5625,639
40225.58333,594
40225.60417,536
40225.625,464
40225.64583,382
40225.66667,292
40225.6875,198
40225.70833,107
40225.72917,0
40225.75,0
40225.77083,0
40225.79167,0
40225.8125,0
40225.83333,0
40225.85417,0
40225.875,0
40225.89583,0
40225.91667,0
40225.9375,0
40225.95833,0
40225.97917,0
40226,0
40226.02083,0
40226.04167,0
40226.0625,0
40226.08333,0
40226.10417,0
40226.125,0
40226.14583,0
40226.16667,0
40226.1875,0
40226.20833,0
40226.22917,0
40226.25,0
40226.27083,0
40226.29167,0
40226.3125,59
40226.33333,149
40226.35417,245
40226.375,339
40226.39583,426
40226.41667,503
40226.4375,568
40226.45833,619
40226.47917,655
40226.5,675
40226.52083,678
40226.54167,666
40226.5625,637
40226.58333,593
40226.60417,535
40226.625,464
40226.64583,383
40226.66667,293
40226.6875,199
40226.70833,108
40226.72917,0
40226.75,0
40226.77083,0
40226.79167,0
40226.8125,0
40226.83333,0
40226.85417,0
40226.875,0
40226.89583,0
40226.91667,0
40226.9375,0
40226.95833,0
40226.97917,0
40227,0
40227.02083,0
40227.04167,0
40227.0625,0
40227.08333,0
40227.10417,0
40227.125,0
40227.14583,0
40227.16667,0
40227.1875,0
40227.20833,0
40227.22917,0
40227.25,0
40227.27083,0
40227.29167,0
40227.3125,62
40227.33333,152
40227.35417,248
40227.375,342
40227.39583,430
40227.41667,507
40227.4375,572
40227.45833,624
40227.47917,661
40227.5,681
40227.52083,686
40227.54167,674
40227.5625,646
40227.58333,602
40227.60417,544
40227.625,473
40227.64583,391
40227.66667,301
40227.6875,206
40227.70833,114
40227.72917,0
40227.75,0
40227.77083,0
40227.79167,0
40227.8125,0
40227.83333,0
40227.85417,0
40227.875,0
40227.89583,0
40227.91667,0
40227.9375,0
40227.95833,0
40227.97917,0
40228,0
40228.02083,0
40228.04167,0
40228.0625,0
40228.08333,0
40228.10417,0
40228.125,0
40228.14583,0
40228.16667,0
40228.1875,0
40228.20833,0
40228.22917,0
40228.25,0
40228.27083,0
40228.29167,0
40228.3125,67
40228.33333,159
40228.35417,256
40228.375,351
40228.39583,438
40228.41667,515
40228.4375,581
40228.45833,632
40228.47917,668
40228.5,688
40228.52083,692
40228.54167,679
40228.5625,651
40228.58333,607
40228.60417,548
40228.625,477
40228.64583,395
40228.66667,304
40228.6875,209
40228.70833,117
40228.72917,0
40228.75,0
40228.77083,0
40228.79167,0
40228.8125,0
40228.83333,0
40228.85417,0
40228.875,0
40228.89583,0
40228.91667,0
40228.9375,0
40228.95833,0
40228.97917,0
40229,0
40229.02083,0
40229.04167,0
40229.0625,0
40229.08333,0
40229.10417,0
40229.125,0
40229.14583,0
40229.16667,0
40229.1875,0
40229.20833,0
40229.22917,0
40229.25,0
40229.27083,0
40229.29167,0
40229.3125,72
40229.33333,165
40229.35417,264
40229.375,359
40229.39583,447
40229.41667,525
40229.4375,589
40229.45833,640
40229.47917,676
40229.5,695
40229.52083,699
40229.54167,686
40229.5625,657
40229.58333,613
40229.60417,554
40229.625,482
40229.64583,400
40229.66667,309
40229.6875,213
40229.70833,120
40229.72917,0
40229.75,0
40229.77083,0
40229.79167,0
40229.8125,0
40229.83333,0
40229.85417,0
40229.875,0
40229.89583,0
40229.91667,0
40229.9375,0
40229.95833,0
40229.97917,0
40230,0
40230.02083,0
40230.04167,0
40230.0625,0
40230.08333,0
40230.10417,0
40230.125,0
40230.14583,0
40230.16667,0
40230.1875,0
40230.20833,0
40230.22917,0
40230.25,0
40230.27083,0
40230.29167,0
40230.3125,73
40230.33333,165
40230.35417,261
40230.375,354
40230.39583,440
40230.41667,516
40230.4375,580
40230.45833,631
40230.47917,666
40230.5,685
40230.52083,689
40230.54167,676
40230.5625,647
40230.58333,603
40230.60417,545
40230.625,474
40230.64583,393
40230.66667,303
40230.6875,210
40230.70833,119
40230.72917,0
40230.75,0
40230.77083,0
40230.79167,0
40230.8125,0
40230.83333,0
40230.85417,0
40230.875,0
40230.89583,0
40230.91667,0
40230.9375,0
40230.95833,0
40230.97917,0
40231,0
40231.02083,0
40231.04167,0
40231.0625,0
40231.08333,0
40231.10417,0
40231.125,0
40231.14583,0
40231.16667,0
40231.1875,0
40231.20833,0
40231.22917,0
40231.25,0
40231.27083,0
40231.29167,0
40231.3125,75
40231.33333,166
40231.35417,261
40231.375,354
40231.39583,439
40231.41667,514
40231.4375,577
40231.45833,627
40231.47917,661
40231.5,680
40231.52083,683
40231.54167,669
40231.5625,640
40231.58333,596
40231.60417,538
40231.625,468
40231.64583,388
40231.66667,300
40231.6875,208
40231.70833,118
40231.72917,0
40231.75,0
40231.77083,0
40231.79167,0
40231.8125,0
40231.83333,0
40231.85417,0
40231.875,0
40231.89583,0
40231.91667,0
40231.9375,0
40231.95833,0
40231.97917,0
40232,0
40232.02083,0
40232.04167,0
40232.0625,0
40232.08333,0
40232.10417,0
40232.125,0
40232.14583,0
40232.16667,0
40232.1875,0
40232.20833,0
40232.22917,0
40232.25,0
40232.27083,0
40232.29167,9
40232.3125,80
40232.33333,172
40232.35417,268
40232.375,361
40232.39583,447
40232.41667,523
40232.4375,588
40232.45833,638
40232.47917,674
40232.5,693
40232.52083,697
40232.54167,685
40232.5625,656
40232.58333,613
40232.60417,555
40232.625,484
40232.64583,403
40232.66667,314
40232.6875,219
40232.70833,127
40232.72917,0
40232.75,0
40232.77083,0
40232.79167,0
40232.8125,0
40232.83333,0
40232.85417,0
40232.875,0
40232.89583,0
40232.91667,0
40232.9375,0
40232.95833,0
40232.97917,0
40233,0
40233.02083,0
40233.04167,0
40233.0625,0
40233.08333,0
40233.10417,0
40233.125,0
40233.14583,0
40233.16667,0
40233.1875,0
40233.20833,0
40233.22917,0
40233.25,0
40233.27083,0
40233.29167,11
40233.3125,87
40233.33333,182
40233.35417,281
40233.375,376
40233.39583,464
40233.41667,541
40233.4375,605
40233.45833,656
40233.47917,690
40233.5,708
40233.52083,709
40233.54167,694
40233.5625,663
40233.58333,618
40233.60417,559
40233.625,487
40233.64583,405
40233.66667,316
40233.6875,222
40233.70833,129
40233.72917,65
40233.75,0
40233.77083,0
40233.79167,0
40233.8125,0
40233.83333,0
40233.85417,0
40233.875,0
40233.89583,0
40233.91667,0
40233.9375,0
40233.95833,0
40233.97917,0
40234,0
40234.02083,0
40234.04167,0
40234.0625,0
40234.08333,0
40234.10417,0
40234.125,0
40234.14583,0
40234.16667,0
40234.1875,0
40234.20833,0
40234.22917,0
40234.25,0
40234.27083,0
40234.29167,14
40234.3125,90
40234.33333,186
40234.35417,285
40234.375,381
40234.39583,470
40234.41667,549
40234.4375,615
40234.45833,667
40234.47917,704
40234.5,725
40234.52083,728
40234.54167,716
40234.5625,687
40234.58333,642
40234.60417,582
40234.625,510
40234.64583,426
40234.66667,334
40234.6875,236
40234.70833,140
40234.72917,68
40234.75,0
40234.77083,0
40234.79167,0
40234.8125,0
40234.83333,0
40234.85417,0
40234.875,0
40234.89583,0
40234.91667,0
40234.9375,0
40234.95833,0
40234.97917,0
40235,0
40235.02083,0
40235.04167,0
40235.0625,0
40235.08333,0
40235.10417,0
40235.125,0
40235.14583,0
40235.16667,0
40235.1875,0
40235.20833,0
40235.22917,0
40235.25,0
40235.27083,0
40235.29167,17
40235.3125,94
40235.33333,190
40235.35417,288
40235.375,383
40235.39583,470
40235.41667,547
40235.4375,612
40235.45833,663
40235.47917,698
40235.5,718
40235.52083,722
40235.54167,709
40235.5625,680
40235.58333,635
40235.60417,576
40235.625,505
40235.64583,422
40235.66667,331
40235.6875,235
40235.70833,140
40235.72917,66
40235.75,0
40235.77083,0
40235.79167,0
40235.8125,0
40235.83333,0
40235.85417,0
40235.875,0
40235.89583,0
40235.91667,0
40235.9375,0
40235.95833,0
40235.97917,0
40236,0
40236.02083,0
40236.04167,0
40236.0625,0
40236.08333,0
40236.10417,0
40236.125,0
40236.14583,0
40236.16667,0
40236.1875,0
40236.20833,0
40236.22917,0
40236.25,0
40236.27083,0
40236.29167,20
40236.3125,101
40236.33333,198
40236.35417,298
40236.375,395
40236.39583,483
40236.41667,560
40236.4375,625
40236.45833,675
40236.47917,710
40236.5,729
40236.52083,732
40236.54167,718
40236.5625,688
40236.58333,643
40236.60417,583
40236.625,511
40236.64583,427
40236.66667,335
40236.6875,239
40236.70833,143
40236.72917,66
40236.75,0
40236.77083,0
40236.79167,0
40236.8125,0
40236.83333,0
40236.85417,0
40236.875,0
40236.89583,0
40236.91667,0
40236.9375,0
40236.95833,0
40236.97917,0
40237,0
40237.02083,0
40237.04167,0
40237.0625,0
40237.08333,0
40237.10417,0
40237.125,0
40237.14583,0
40237.16667,0
40237.1875,0
40237.20833,0
40237.22917,0
40237.25,0
40237.27083,0
40237.29167,23
40237.3125,104
40237.33333,201
40237.35417,300
40237.375,396
40237.39583,483
40237.41667,560
40237.4375,625
40237.45833,676
40237.47917,711
40237.5,731
40237.52083,734
40237.54167,722
40237.5625,693
40237.58333,648
40237.60417,589
40237.625,516
40237.64583,433
40237.66667,341
40237.6875,244
40237.70833,147
40237.72917,68
40237.75,0
40237.77083,0
40237.79167,0
40237.8125,0
40237.83333,0
40237.85417,0
40237.875,0
40237.89583,0
40237.91667,0
40237.9375,0
40237.95833,0
40237.97917,0
40238,0
40238.02083,0
40238.04167,0
40238.0625,0
40238.08333,0
40238.10417,0
40238.125,0
40238.14583,0
40238.16667,0
40238.1875,0
40238.20833,0
40238.22917,0
40238.25,0
40238.27083,0
40238.29167,26
40238.3125,109
40238.33333,206
40238.35417,306
40238.375,402
40238.39583,489
40238.41667,567
40238.4375,632
40238.45833,683
40238.47917,718
40238.5,738
40238.52083,742
40238.54167,728
40238.5625,699
40238.58333,654
40238.60417,594
40238.625,522
40238.64583,438
40238.66667,346
40238.6875,249
40238.70833,151
40238.72917,70
40238.75,0
40238.77083,0
40238.79167,0
40238.8125,0
40238.83333,0
40238.85417,0
40238.875,0
40238.89583,0
40238.91667,0
40238.9375,0
40238.95833,0
40238.97917,0
40239,0
40239.02083,0
40239.04167,0
40239.0625,0
40239.08333,0
40239.10417,0
40239.125,0
40239.14583,0
40239.16667,0
40239.1875,0
40239.20833,0
40239.22917,0
40239.25,0
40239.27083,0
40239.29167,28
40239.3125,111
40239.33333,207
40239.35417,306
40239.375,400
40239.39583,486
40239.41667,562
40239.4375,626
40239.45833,676
40239.47917,710
40239.5,729
40239.52083,732
40239.54167,718
40239.5625,689
40239.58333,644
40239.60417,586
40239.625,514
40239.64583,432
40239.66667,341
40239.6875,246
40239.70833,150
40239.72917,69
40239.75,0
40239.77083,0
40239.79167,0
40239.8125,0
40239.83333,0
40239.85417,0
40239.875,0
40239.89583,0
40239.91667,0
40239.9375,0
40239.95833,0
40239.97917,0
40240,0
40240.02083,0
40240.04167,0
40240.0625,0
40240.08333,0
40240.10417,0
40240.125,0
40240.14583,0
40240.16667,0
40240.1875,0
40240.20833,0
40240.22917,0
40240.25,0
40240.27083,0
40240.29167,32
40240.3125,115
40240.33333,213
40240.35417,311
40240.375,406
40240.39583,493
40240.41667,569
40240.4375,633
40240.45833,683
40240.47917,718
40240.5,737
40240.52083,739
40240.54167,726
40240.5625,696
40240.58333,651
40240.60417,592
40240.625,520
40240.64583,437
40240.66667,346
40240.6875,250
40240.70833,154
40240.72917,71
40240.75,0
40240.77083,0
40240.79167,0
40240.8125,0
40240.83333,0
40240.85417,0
40240.875,0
40240.89583,0
40240.91667,0
40240.9375,0
40240.95833,0
40240.97917,0
40241,0
40241.02083,0
40241.04167,0
40241.0625,0
40241.08333,0
40241.10417,0
40241.125,0
40241.14583,0
40241.16667,0
40241.1875,0
40241.20833,0
40241.22917,0
40241.25,0
40241.27083,0
40241.29167,37
40241.3125,125
40241.33333,226
40241.35417,327
40241.375,424
40241.39583,513
40241.41667,591
40241.4375,657
40241.45833,707
40241.47917,743
40241.5,762
40241.52083,765
40241.54167,752
40241.5625,722
40241.58333,676
40241.60417,616
40241.625,543
40241.64583,458
40241.66667,364
40241.6875,265
40241.70833,165
40241.72917,78
40241.75,0
40241.77083,0
40241.79167,0
40241.8125,0
40241.83333,0
40241.85417,0
40241.875,0
40241.89583,0
40241.91667,0
40241.9375,0
40241.95833,0
40241.97917,0
40242,0
40242.02083,0
40242.04167,0
40242.0625,0
40242.08333,0
40242.10417,0
40242.125,0
40242.14583,0
40242.16667,0
40242.1875,0
40242.20833,0
40242.22917,0
40242.25,0
40242.27083,0
40242.29167,40
40242.3125,128
40242.33333,227
40242.35417,327
40242.375,422
40242.39583,510
40242.41667,587
40242.4375,651
40242.45833,702
40242.47917,738
40242.5,757
40242.52083,760
40242.54167,746
40242.5625,716
40242.58333,671
40242.60417,610
40242.625,537
40242.64583,453
40242.66667,360
40242.6875,262
40242.70833,164
40242.72917,77
40242.75,0
40242.77083,0
40242.79167,0
40242.8125,0
40242.83333,0
40242.85417,0
40242.875,0
40242.89583,0
40242.91667,0
40242.9375,0
40242.95833,0
40242.97917,0
40243,0
40243.02083,0
40243.04167,0
40243.0625,0
40243.08333,0
40243.10417,0
40243.125,0
40243.14583,0
40243.16667,0
40243.1875,0
40243.20833,0
40243.22917,0
40243.25,0
40243.27083,0
40243.29167,47
40243.3125,141
40243.33333,246
40243.35417,351
40243.375,450
40243.39583,541
40243.41667,620
40243.4375,685
40243.45833,736
40243.47917,771
40243.5,789
40243.52083,790
40243.54167,774
40243.5625,741
40243.58333,693
40243.60417,631
40243.625,555
40243.64583,468
40243.66667,373
40243.6875,273
40243.70833,172
40243.72917,82
40243.75,0
40243.77083,0
40243.79167,0
40243.8125,0
40243.83333,0
40243.85417,0
40243.875,0
40243.89583,0
40243.91667,0
40243.9375,0
40243.95833,0
40243.97917,0
40244,0
40244.02083,0
40244.04167,0
40244.0625,0
40244.08333,0
40244.10417,0
40244.125,0
40244.14583,0
40244.16667,0
40244.1875,0
40244.20833,0
40244.22917,0
40244.25,0
40244.27083,0
40244.29167,50
40244.3125,144
40244.33333,247
40244.35417,351
40244.375,449
40244.39583,538
40244.41667,617
40244.4375,682
40244.45833,732
40244.47917,767
40244.5,785
40244.52083,786
40244.54167,771
40244.5625,739
40244.58333,692
40244.60417,630
40244.625,556
40244.64583,470
40244.66667,376
40244.6875,276
40244.70833,176
40244.72917,85
40244.75,0
40244.77083,0
40244.79167,0
40244.8125,0
40244.83333,0
40244.85417,0
40244.875,0
40244.89583,0
40244.91667,0
40244.9375,0
40244.95833,0
40244.97917,0
40245,0
40245.02083,0
40245.04167,0
40245.0625,0
40245.08333,0
40245.10417,0
40245.125,0
40245.14583,0
40245.16667,0
40245.1875,0
40245.20833,0
40245.22917,0
40245.25,0
40245.27083,0
40245.29167,55
40245.3125,150
40245.33333,255
40245.35417,359
40245.375,457
40245.39583,547
40245.41667,625
40245.4375,690
40245.45833,741
40245.47917,775
40245.5,793
40245.52083,794
40245.54167,779
40245.5625,747
40245.58333,699
40245.60417,636
40245.625,561
40245.64583,475
40245.66667,380
40245.6875,280
40245.70833,179
40245.72917,88
40245.75,0
40245.77083,0
40245.79167,0
40245.8125,0
40245.83333,0
40245.85417,0
40245.875,0
40245.89583,0
40245.91667,0
40245.9375,0
40245.95833,0
40245.97917,0
40246,0
40246.02083,0
40246.04167,0
40246.0625,0
40246.08333,0
40246.10417,0
40246.125,0
40246.14583,0
40246.16667,0
40246.1875,0
40246.20833,0
40246.22917,0
40246.25,0
40246.27083,0
40246.29167,58
40246.3125,152
40246.33333,255
40246.35417,358
40246.375,455
40246.39583,544
40246.41667,622
40246.4375,686
40246.45833,736
40246.47917,771
40246.5,789
40246.52083,791
40246.54167,777
40246.5625,746
40246.58333,699
40246.60417,638
40246.625,564
40246.64583,478
40246.66667,384
40246.6875,284
40246.70833,183
40246.72917,91
40246.75,0
40246.77083,0
40246.79167,0
40246.8125,0
40246.83333,0
40246.85417,0
40246.875,0
40246.89583,0
40246.91667,0
40246.9375,0
40246.95833,0
40246.97917,0
40247,0
40247.02083,0
40247.04167,0
40247.0625,0
40247.08333,0
40247.10417,0
40247.125,0
40247.14583,0
40247.16667,0
40247.1875,0
40247.20833,0
40247.22917,0
40247.25,0
40247.27083,0
40247.29167,58
40247.3125,148
40247.33333,247
40247.35417,345
40247.375,439
40247.39583,525
40247.41667,600
40247.4375,663
40247.45833,712
40247.47917,746
40247.5,764
40247.52083,765
40247.54167,751
40247.5625,721
40247.58333,676
40247.60417,616
40247.625,544
40247.64583,461
40247.66667,369
40247.6875,273
40247.70833,175
40247.72917,86
40247.75,0
40247.77083,0
40247.79167,0
40247.8125,0
40247.83333,0
40247.85417,0
40247.875,0
40247.89583,0
40247.91667,0
40247.9375,0
40247.95833,0
40247.97917,0
40248,0
40248.02083,0
40248.04167,0
40248.0625,0
40248.08333,0
40248.10417,0
40248.125,0
40248.14583,0
40248.16667,0
40248.1875,0
40248.20833,0
40248.22917,0
40248.25,0
40248.27083,0
40248.29167,61
40248.3125,151
40248.33333,249
40248.35417,347
40248.375,440
40248.39583,525
40248.41667,600
40248.4375,662
40248.45833,711
40248.47917,744
40248.5,761
40248.52083,762
40248.54167,747
40248.5625,717
40248.58333,672
40248.60417,614
40248.625,543
40248.64583,461
40248.66667,370
40248.6875,273
40248.70833,176
40248.72917,87
40248.75,0
40248.77083,0
40248.79167,0
40248.8125,0
40248.83333,0
40248.85417,0
40248.875,0
40248.89583,0
40248.91667,0
40248.9375,0
40248.95833,0
40248.97917,0
40249,0
40249.02083,0
40249.04167,0
40249.0625,0
40249.08333,0
40249.10417,0
40249.125,0
40249.14583,0
40249.16667,0
40249.1875,0
40249.20833,0
40249.22917,0
40249.25,0
40249.27083,0
40249.29167,63
40249.3125,152
40249.33333,249
40249.35417,346
40249.375,437
40249.39583,521
40249.41667,595
40249.4375,656
40249.45833,704
40249.47917,737
40249.5,754
40249.52083,756
40249.54167,742
40249.5625,712
40249.58333,667
40249.60417,609
40249.625,538
40249.64583,456
40249.66667,366
40249.6875,272
40249.70833,176
40249.72917,88
40249.75,0
40249.77083,0
40249.79167,0
40249.8125,0
40249.83333,0
40249.85417,0
40249.875,0
40249.89583,0
40249.91667,0
40249.9375,0
40249.95833,0
40249.97917,0
40250,0
40250.02083,0
40250.04167,0
40250.0625,0
40250.08333,0
40250.10417,0
40250.125,0
40250.14583,0
40250.16667,0
40250.1875,0
40250.20833,0
40250.22917,0
40250.25,0
40250.27083,0
40250.29167,68
40250.3125,158
40250.33333,256
40250.35417,354
40250.375,446
40250.39583,531
40250.41667,605
40250.4375,667
40250.45833,716
40250.47917,749
40250.5,767
40250.52083,770
40250.54167,756
40250.5625,726
40250.58333,681
40250.60417,622
40250.625,551
40250.64583,468
40250.66667,378
40250.6875,281
40250.70833,184
40250.72917,94
40250.75,0
40250.77083,0
40250.79167,0
40250.8125,0
40250.83333,0
40250.85417,0
40250.875,0
40250.89583,0
40250.91667,0
40250.9375,0
40250.95833,0
40250.97917,0
40251,0
40251.02083,0
40251.04167,0
40251.0625,0
40251.08333,0
40251.10417,0
40251.125,0
40251.14583,0
40251.16667,0
40251.1875,0
40251.20833,0
40251.22917,0
40251.25,0
40251.27083,0
40251.29167,75
40251.3125,168
40251.33333,268
40251.35417,367
40251.375,461
40251.39583,547
40251.41667,622
40251.4375,684
40251.45833,733
40251.47917,767
40251.5,784
40251.52083,786
40251.54167,771
40251.5625,741
40251.58333,695
40251.60417,635
40251.625,562
40251.64583,479
40251.66667,386
40251.6875,289
40251.70833,190
40251.72917,98
40251.75,0
40251.77083,0
40251.79167,0
40251.8125,0
40251.83333,0
40251.85417,0
40251.875,0
40251.89583,0
40251.91667,0
40251.9375,0
40251.95833,0
40251.97917,0
40252,0
40252.02083,0
40252.04167,0
40252.0625,0
40252.08333,0
40252.10417,0
40252.125,0
40252.14583,0
40252.16667,0
40252.1875,0
40252.20833,0
40252.22917,0
40252.25,0
40252.27083,8
40252.29167,80
40252.3125,175
40252.33333,276
40252.35417,376
40252.375,472
40252.39583,558
40252.41667,634
40252.4375,698
40252.45833,747
40252.47917,781
40252.5,799
40252.52083,800
40252.54167,785
40252.5625,753
40252.58333,706
40252.60417,644
40252.625,570
40252.64583,485
40252.66667,392
40252.6875,293
40252.70833,193
40252.72917,100
40252.75,0
40252.77083,0
40252.79167,0
40252.8125,0
40252.83333,0
40252.85417,0
40252.875,0
40252.89583,0
40252.91667,0
40252.9375,0
40252.95833,0
40252.97917,0
40253,0
40253.02083,0
40253.04167,0
40253.0625,0
40253.08333,0
40253.10417,0
40253.125,0
40253.14583,0
40253.16667,0
40253.1875,0
40253.20833,0
40253.22917,0
40253.25,0
40253.27083,11
40253.29167,85
40253.3125,181
40253.33333,282
40253.35417,383
40253.375,478
40253.39583,564
40253.41667,641
40253.4375,704
40253.45833,753
40253.47917,788
40253.5,806
40253.52083,808
40253.54167,794
40253.5625,764
40253.58333,718
40253.60417,658
40253.625,585
40253.64583,500
40253.66667,406
40253.6875,307
40253.70833,205
40253.72917,109
40253.75,0
40253.77083,0
40253.79167,0
40253.8125,0
40253.83333,0
40253.85417,0
40253.875,0
40253.89583,0
40253.91667,0
40253.9375,0
40253.95833,0
40253.97917,0
40254,0
40254.02083,0
40254.04167,0
40254.0625,0
40254.08333,0
40254.10417,0
40254.125,0
40254.14583,0
40254.16667,0
40254.1875,0
40254.20833,0
40254.22917,0
40254.25,0
40254.27083,15
40254.29167,95
40254.3125,196
40254.33333,302
40254.35417,406
40254.375,505
40254.39583,594
40254.41667,672
40254.4375,736
40254.45833,786
40254.47917,820
40254.5,838
40254.52083,838
40254.54167,822
40254.5625,789
40254.58333,741
40254.60417,677
40254.625,601
40254.64583,514
40254.66667,417
40254.6875,315
40254.70833,212
40254.72917,114
40254.75,0
40254.77083,0
40254.79167,0
40254.8125,0
40254.83333,0
40254.85417,0
40254.875,0
40254.89583,0
40254.91667,0
40254.9375,0
40254.95833,0
40254.97917,0
40255,0
40255.02083,0
40255.04167,0
40255.0625,0
40255.08333,0
40255.10417,0
40255.125,0
40255.14583,0
40255.16667,0
40255.1875,0
40255.20833,0
40255.22917,0
40255.25,0
40255.27083,17
40255.29167,99
40255.3125,200
40255.33333,305
40255.35417,409
40255.375,507
40255.39583,596
40255.41667,673
40255.4375,737
40255.45833,786
40255.47917,819
40255.5,836
40255.52083,836
40255.54167,819
40255.5625,786
40255.58333,738
40255.60417,675
40255.625,599
40255.64583,512
40255.66667,416
40255.6875,315
40255.70833,212
40255.72917,115
40255.75,0
40255.77083,0
40255.79167,0
40255.8125,0
40255.83333,0
40255.85417,0
40255.875,0
40255.89583,0
40255.91667,0
40255.9375,0
40255.95833,0
40255.97917,0
40256,0
40256.02083,0
40256.04167,0
40256.0625,0
40256.08333,0
40256.10417,0
40256.125,0
40256.14583,0
40256.16667,0
40256.1875,0
40256.20833,0
40256.22917,0
40256.25,0
40256.27083,21
40256.29167,103
40256.3125,204
40256.33333,309
40256.35417,412
40256.375,509
40256.39583,596
40256.41667,672
40256.4375,735
40256.45833,783
40256.47917,816
40256.5,832
40256.52083,832
40256.54167,815
40256.5625,782
40256.58333,734
40256.60417,671
40256.625,596
40256.64583,510
40256.66667,415
40256.6875,315
40256.70833,212
40256.72917,116
40256.75,0
40256.77083,0
40256.79167,0
40256.8125,0
40256.83333,0
40256.85417,0
40256.875,0
40256.89583,0
40256.91667,0
40256.9375,0
40256.95833,0
40256.97917,0
40257,0
40257.02083,0
40257.04167,0
40257.0625,0
40257.08333,0
40257.10417,0
40257.125,0
40257.14583,0
40257.16667,0
40257.1875,0
40257.20833,0
40257.22917,0
40257.25,0
40257.27083,24
40257.29167,108
40257.3125,210
40257.33333,315
40257.35417,419
40257.375,516
40257.39583,604
40257.41667,680
40257.4375,743
40257.45833,791
40257.47917,823
40257.5,839
40257.52083,838
40257.54167,821
40257.5625,787
40257.58333,738
40257.60417,675
40257.625,599
40257.64583,512
40257.66667,417
40257.6875,316
40257.70833,214
40257.72917,117
40257.75,0
40257.77083,0
40257.79167,0
40257.8125,0
40257.83333,0
40257.85417,0
40257.875,0
40257.89583,0
40257.91667,0
40257.9375,0
40257.95833,0
40257.97917,0
40258,0
40258.02083,0
40258.04167,0
40258.0625,0
40258.08333,0
40258.10417,0
40258.125,0
40258.14583,0
40258.16667,0
40258.1875,0
40258.20833,0
40258.22917,0
40258.25,0
40258.27083,26
40258.29167,109
40258.3125,208
40258.33333,311
40258.35417,412
40258.375,506
40258.39583,592
40258.41667,667
40258.4375,728
40258.45833,775
40258.47917,807
40258.5,822
40258.52083,821
40258.54167,804
40258.5625,771
40258.58333,723
40258.60417,661
40258.625,586
40258.64583,501
40258.66667,408
40258.6875,310
40258.70833,210
40258.72917,116
40258.75,0
40258.77083,0
40258.79167,0
40258.8125,0
40258.83333,0
40258.85417,0
40258.875,0
40258.89583,0
40258.91667,0
40258.9375,0
40258.95833,0
40258.97917,0
40259,0
40259.02083,0
40259.04167,0
40259.0625,0
40259.08333,0
40259.10417,0
40259.125,0
40259.14583,0
40259.16667,0
40259.1875,0
40259.20833,0
40259.22917,0
40259.25,0
40259.27083,29
40259.29167,110
40259.3125,206
40259.33333,305
40259.35417,403
40259.375,494
40259.39583,576
40259.41667,647
40259.4375,707
40259.45833,753
40259.47917,785
40259.5,802
40259.52083,803
40259.54167,788
40259.5625,756
40259.58333,710
40259.60417,649
40259.625,576
40259.64583,493
40259.66667,402
40259.6875,307
40259.70833,209
40259.72917,116
40259.75,0
40259.77083,0
40259.79167,0
40259.8125,0
40259.83333,0
40259.85417,0
40259.875,0
40259.89583,0
40259.91667,0
40259.9375,0
40259.95833,0
40259.97917,0
40260,0
40260.02083,0
40260.04167,0
40260.0625,0
40260.08333,0
40260.10417,0
40260.125,0
40260.14583,0
40260.16667,0
40260.1875,0
40260.20833,0
40260.22917,0
40260.25,0
40260.27083,34
40260.29167,120
40260.3125,220
40260.33333,324
40260.35417,426
40260.375,521
40260.39583,606
40260.41667,681
40260.4375,742
40260.45833,788
40260.47917,819
40260.5,834
40260.52083,833
40260.54167,816
40260.5625,782
40260.58333,734
40260.60417,671
40260.625,596
40260.64583,511
40260.66667,417
40260.6875,318
40260.70833,217
40260.72917,121
40260.75,0
40260.77083,0
40260.79167,0
40260.8125,0
40260.83333,0
40260.85417,0
40260.875,0
40260.89583,0
40260.91667,0
40260.9375,0
40260.95833,0
40260.97917,0
40261,0
40261.02083,0
40261.04167,0
40261.0625,0
40261.08333,0
40261.10417,0
40261.125,0
40261.14583,0
40261.16667,0
40261.1875,0
40261.20833,0
40261.22917,0
40261.25,0
40261.27083,38
40261.29167,127
40261.3125,230
40261.33333,336
40261.35417,439
40261.375,535
40261.39583,623
40261.41667,698
40261.4375,761
40261.45833,809
40261.47917,842
40261.5,858
40261.52083,857
40261.54167,840
40261.5625,806
40261.58333,757
40261.60417,693
40261.625,617
40261.64583,529
40261.66667,433
40261.6875,331
40261.70833,228
40261.72917,129
40261.75,0
40261.77083,0
40261.79167,0
40261.8125,0
40261.83333,0
40261.85417,0
40261.875,0
40261.89583,0
40261.91667,0
40261.9375,0
40261.95833,0
40261.97917,0
40262,0
40262.02083,0
40262.04167,0
40262.0625,0
40262.08333,0
40262.10417,0
40262.125,0
40262.14583,0
40262.16667,0
40262.1875,0
40262.20833,0
40262.22917,0
40262.25,0
40262.27083,40
40262.29167,126
40262.3125,225
40262.33333,327
40262.35417,427
40262.375,520
40262.39583,605
40262.41667,679
40262.4375,740
40262.45833,787
40262.47917,819
40262.5,835
40262.52083,836
40262.54167,820
40262.5625,788
40262.58333,741
40262.60417,679
40262.625,604
40262.64583,517
40262.66667,423
40262.6875,322
40262.70833,220
40262.72917,124
40262.75,58
40262.77083,0
40262.79167,0
40262.8125,0
40262.83333,0
40262.85417,0
40262.875,0
40262.89583,0
40262.91667,0
40262.9375,0
40262.95833,0
40262.97917,0
40263,0
40263.02083,0
40263.04167,0
40263.0625,0
40263.08333,0
40263.10417,0
40263.125,0
40263.14583,0
40263.16667,0
40263.1875,0
40263.20833,0
40263.22917,0
40263.25,0
40263.27083,44
40263.29167,131
40263.3125,230
40263.33333,333
40263.35417,433
40263.375,527
40263.39583,612
40263.41667,686
40263.4375,747
40263.45833,795
40263.47917,827
40263.5,844
40263.52083,845
40263.54167,829
40263.5625,798
40263.58333,752
40263.60417,692
40263.625,618
40263.64583,535
40263.66667,441
40263.6875,342
40263.70833,240
40263.72917,141
40263.75,69
40263.77083,0
40263.79167,0
40263.8125,0
40263.83333,0
40263.85417,0
40263.875,0
40263.89583,0
40263.91667,0
40263.9375,0
40263.95833,0
40263.97917,0
40264,0
40264.02083,0
40264.04167,0
40264.0625,0
40264.08333,0
40264.10417,0
40264.125,0
40264.14583,0
40264.16667,0
40264.1875,0
40264.20833,0
40264.22917,0
40264.25,0
40264.27083,54
40264.29167,150
40264.3125,257
40264.33333,366
40264.35417,472
40264.375,570
40264.39583,658
40264.41667,734
40264.4375,796
40264.45833,844
40264.47917,875
40264.5,889
40264.52083,887
40264.54167,869
40264.5625,834
40264.58333,783
40264.60417,719
40264.625,641
40264.64583,552
40264.66667,455
40264.6875,351
40264.70833,246
40264.72917,143
40264.75,67
40264.77083,0
40264.79167,0
40264.8125,0
40264.83333,0
40264.85417,0
40264.875,0
40264.89583,0
40264.91667,0
40264.9375,0
40264.95833,0
40264.97917,0
40265,0
40265.02083,0
40265.04167,0
40265.0625,0
40265.08333,0
40265.10417,0
40265.125,0
40265.14583,0
40265.16667,0
40265.1875,0
40265.20833,0
40265.22917,0
40265.25,0
40265.27083,55
40265.29167,148
40265.3125,252
40265.33333,357
40265.35417,459
40265.375,554
40265.39583,639
40265.41667,712
40265.4375,771
40265.45833,816
40265.47917,845
40265.5,858
40265.52083,854
40265.54167,833
40265.5625,797
40265.58333,746
40265.60417,682
40265.625,606
40265.64583,521
40265.66667,427
40265.6875,329
40265.70833,229
40265.72917,133
40265.75,59
40265.77083,0
40265.79167,0
40265.8125,0
40265.83333,0
40265.85417,0
40265.875,0
40265.89583,0
40265.91667,0
40265.9375,0
40265.95833,0
40265.97917,0
40266,0
40266.02083,0
40266.04167,0
40266.0625,0
40266.08333,0
40266.10417,0
40266.125,0
40266.14583,0
40266.16667,0
40266.1875,0
40266.20833,0
40266.22917,0
40266.25,0
40266.27083,54
40266.29167,143
40266.3125,243
40266.33333,344
40266.35417,443
40266.375,536
40266.39583,619
40266.41667,692
40266.4375,752
40266.45833,798
40266.47917,828
40266.5,844
40266.52083,843
40266.54167,826
40266.5625,793
40266.58333,746
40266.60417,685
40266.625,612
40266.64583,528
40266.66667,435
40266.6875,336
40266.70833,235
40266.72917,138
40266.75,61
40266.77083,0
40266.79167,0
40266.8125,0
40266.83333,0
40266.85417,0
40266.875,0
40266.89583,0
40266.91667,0
40266.9375,0
40266.95833,0
40266.97917,0
40267,0
40267.02083,0
40267.04167,0
40267.0625,0
40267.08333,0
40267.10417,0
40267.125,0
40267.14583,0
40267.16667,0
40267.1875,0
40267.20833,0
40267.22917,0
40267.25,0
40267.27083,60
40267.29167,152
40267.3125,253
40267.33333,357
40267.35417,457
40267.375,550
40267.39583,634
40267.41667,707
40267.4375,767
40267.45833,813
40267.47917,844
40267.5,858
40267.52083,857
40267.54167,840
40267.5625,807
40267.58333,759
40267.60417,697
40267.625,623
40267.64583,538
40267.66667,444
40267.6875,344
40267.70833,242
40267.72917,143
40267.75,64
40267.77083,0
40267.79167,0
40267.8125,0
40267.83333,0
40267.85417,0
40267.875,0
40267.89583,0
40267.91667,0
40267.9375,0
40267.95833,0
40267.97917,0
40268,0
40268.02083,0
40268.04167,0
40268.0625,0
40268.08333,0
40268.10417,0
40268.125,0
40268.14583,0
40268.16667,0
40268.1875,0
40268.20833,0
40268.22917,0
40268.25,0
40268.27083,65
40268.29167,157
40268.3125,259
40268.33333,363
40268.35417,464
40268.375,558
40268.39583,643
40268.41667,716
40268.4375,777
40268.45833,824
40268.47917,855
40268.5,871
40268.52083,870
40268.54167,852
40268.5625,819
40268.58333,770
40268.60417,708
40268.625,632
40268.64583,547
40268.66667,452
40268.6875,351
40268.70833,248
40268.72917,148
40268.75,66
40268.77083,0
40268.79167,0
40268.8125,0
40268.83333,0
40268.85417,0
40268.875,0
40268.89583,0
40268.91667,0
40268.9375,0
40268.95833,0
40268.97917,0
40269,0
40269.02083,0
40269.04167,0
40269.0625,0
40269.08333,0
40269.10417,0
40269.125,0
40269.14583,0
40269.16667,0
40269.1875,0
40269.20833,0
40269.22917,0
40269.25,0
40269.27083,71
40269.29167,166
40269.3125,270
40269.33333,375
40269.35417,476
40269.375,571
40269.39583,656
40269.41667,730
40269.4375,790
40269.45833,836
40269.47917,867
40269.5,882
40269.52083,881
40269.54167,863
40269.5625,829
40269.58333,781
40269.60417,718
40269.625,642
40269.64583,555
40269.66667,460
40269.6875,358
40269.70833,254
40269.72917,153
40269.75,68
40269.77083,0
40269.79167,0
40269.8125,0
40269.83333,0
40269.85417,0
40269.875,0
40269.89583,0
40269.91667,0
40269.9375,0
40269.95833,0
40269.97917,0
40270,0
40270.02083,0
40270.04167,0
40270.0625,0
40270.08333,0
40270.10417,0
40270.125,0
40270.14583,0
40270.16667,0
40270.1875,0
40270.20833,0
40270.22917,0
40270.25,0
40270.27083,74
40270.29167,168
40270.3125,271
40270.33333,375
40270.35417,475
40270.375,568
40270.39583,652
40270.41667,725
40270.4375,785
40270.45833,830
40270.47917,860
40270.5,874
40270.52083,872
40270.54167,854
40270.5625,820
40270.58333,771
40270.60417,708
40270.625,633
40270.64583,547
40270.66667,452
40270.6875,352
40270.70833,250
40270.72917,151
40270.75,67
40270.77083,0
40270.79167,0
40270.8125,0
40270.83333,0
40270.85417,0
40270.875,0
40270.89583,0
40270.91667,0
40270.9375,0
40270.95833,0
40270.97917,0
40271,0
40271.02083,0
40271.04167,0
40271.0625,0
40271.08333,0
40271.10417,0
40271.125,0
40271.14583,0
40271.16667,0
40271.1875,0
40271.20833,0
40271.22917,0
40271.25,7
40271.27083,77
40271.29167,172
40271.3125,274
40271.33333,377
40271.35417,477
40271.375,570
40271.39583,653
40271.41667,726
40271.4375,785
40271.45833,829
40271.47917,859
40271.5,873
40271.52083,870
40271.54167,852
40271.5625,818
40271.58333,770
40271.60417,707
40271.625,633
40271.64583,547
40271.66667,453
40271.6875,353
40271.70833,251
40271.72917,152
40271.75,68
40271.77083,0
40271.79167,0
40271.8125,0
40271.83333,0
40271.85417,0
40271.875,0
40271.89583,0
40271.91667,0
40271.9375,0
40271.95833,0
40271.97917,0
40272,0
40272.02083,0
40272.04167,0
40272.0625,0
40272.08333,0
40272.10417,0
40272.125,0
40272.14583,0
40272.16667,0
40272.1875,0
40272.20833,0
40272.22917,0
40272.25,10
40272.27083,81
40272.29167,175
40272.3125,278
40272.33333,382
40272.35417,483
40272.375,577
40272.39583,661
40272.41667,734
40272.4375,793
40272.45833,838
40272.47917,868
40272.5,881
40272.52083,878
40272.54167,859
40272.5625,824
40272.58333,774
40272.60417,712
40272.625,636
40272.64583,551
40272.66667,457
40272.6875,358
40272.70833,256
40272.72917,157
40272.75,71
40272.77083,0
40272.79167,0
40272.8125,0
40272.83333,0
40272.85417,0
40272.875,0
40272.89583,0
40272.91667,0
40272.9375,0
40272.95833,0
40272.97917,0
40273,0
40273.02083,0
40273.04167,0
40273.0625,0
40273.08333,0
40273.10417,0
40273.125,0
40273.14583,0
40273.16667,0
40273.1875,0
40273.20833,0
40273.22917,0
40273.25,12
40273.27083,85
40273.29167,180
40273.3125,281
40273.33333,384
40273.35417,482
40273.375,574
40273.39583,656
40273.41667,727
40273.4375,785
40273.45833,828
40273.47917,855
40273.5,867
40273.52083,863
40273.54167,844
40273.5625,809
40273.58333,760
40273.60417,698
40273.625,624
40273.64583,539
40273.66667,447
40273.6875,349
40273.70833,249
40273.72917,152
40273.75,69
40273.77083,0
40273.79167,0
40273.8125,0
40273.83333,0
40273.85417,0
40273.875,0
40273.89583,0
40273.91667,0
40273.9375,0
40273.95833,0
40273.97917,0
40274,0
40274.02083,0
40274.04167,0
40274.0625,0
40274.08333,0
40274.10417,0
40274.125,0
40274.14583,0
40274.16667,0
40274.1875,0
40274.20833,0
40274.22917,0
40274.25,14
40274.27083,85
40274.29167,177
40274.3125,277
40274.33333,378
40274.35417,476
40274.375,569
40274.39583,653
40274.41667,727
40274.4375,788
40274.45833,835
40274.47917,865
40274.5,880
40274.52083,878
40274.54167,859
40274.5625,824
40274.58333,775
40274.60417,712
40274.625,636
40274.64583,551
40274.66667,457
40274.6875,358
40274.70833,257
40274.72917,159
40274.75,73
40274.77083,0
40274.79167,0
40274.8125,0
40274.83333,0
40274.85417,0
40274.875,0
40274.89583,0
40274.91667,0
40274.9375,0
40274.95833,0
40274.97917,0
40275,0
40275.02083,0
40275.04167,0
40275.0625,0
40275.08333,0
40275.10417,0
40275.125,0
40275.14583,0
40275.16667,0
40275.1875,0
40275.20833,0
40275.22917,0
40275.25,18
40275.27083,97
40275.29167,196
40275.3125,301
40275.33333,406
40275.35417,508
40275.375,602
40275.39583,687
40275.41667,760
40275.4375,818
40275.45833,862
40275.47917,891
40275.5,903
40275.52083,899
40275.54167,879
40275.5625,843
40275.58333,792
40275.60417,728
40275.625,651
40275.64583,564
40275.66667,469
40275.6875,368
40275.70833,265
40275.72917,165
40275.75,77
40275.77083,0
40275.79167,0
40275.8125,0
40275.83333,0
40275.85417,0
40275.875,0
40275.89583,0
40275.91667,0
40275.9375,0
40275.95833,0
40275.97917,0
40276,0
40276.02083,0
40276.04167,0
40276.0625,0
40276.08333,0
40276.10417,0
40276.125,0
40276.14583,0
40276.16667,0
40276.1875,0
40276.20833,0
40276.22917,0
40276.25,21
40276.27083,98
40276.29167,195
40276.3125,298
40276.33333,402
40276.35417,501
40276.375,594
40276.39583,677
40276.41667,749
40276.4375,807
40276.45833,851
40276.47917,879
40276.5,891
40276.52083,887
40276.54167,867
40276.5625,831
40276.58333,780
40276.60417,716
40276.625,639
40276.64583,553
40276.66667,458
40276.6875,359
40276.70833,258
40276.72917,160
40276.75,74
40276.77083,0
40276.79167,0
40276.8125,0
40276.83333,0
40276.85417,0
40276.875,0
40276.89583,0
40276.91667,0
40276.9375,0
40276.95833,0
40276.97917,0
40277,0
40277.02083,0
40277.04167,0
40277.0625,0
40277.08333,0
40277.10417,0
40277.125,0
40277.14583,0
40277.16667,0
40277.1875,0
40277.20833,0
40277.22917,0
40277.25,24
40277.27083,104
40277.29167,203
40277.3125,308
40277.33333,414
40277.35417,516
40277.375,611
40277.39583,697
40277.41667,771
40277.4375,832
40277.45833,878
40277.47917,909
40277.5,924
40277.52083,922
40277.54167,903
40277.5625,868
40277.58333,818
40277.60417,753
40277.625,675
40277.64583,586
40277.66667,489
40277.6875,386
40277.70833,280
40277.72917,177
40277.75,85
40277.77083,0
40277.79167,0
40277.8125,0
40277.83333,0
40277.85417,0
40277.875,0
40277.89583,0
40277.91667,0
40277.9375,0
40277.95833,0
40277.97917,0
40278,0
40278.02083,0
40278.04167,0
40278.0625,0
40278.08333,0
40278.10417,0
40278.125,0
40278.14583,0
40278.16667,0
40278.1875,0
40278.20833,0
40278.22917,0
40278.25,29
40278.27083,114
40278.29167,217
40278.3125,326
40278.33333,434
40278.35417,537
40278.375,632
40278.39583,718
40278.41667,791
40278.4375,851
40278.45833,896
40278.47917,926
40278.5,939
40278.52083,935
40278.54167,915
40278.5625,879
40278.58333,828
40278.60417,763
40278.625,685
40278.64583,596
40278.66667,498
40278.6875,394
40278.70833,287
40278.72917,183
40278.75,89
40278.77083,0
40278.79167,0
40278.8125,0
40278.83333,0
40278.85417,0
40278.875,0
40278.89583,0
40278.91667,0
40278.9375,0
40278.95833,0
40278.97917,0
40279,0
40279.02083,0
40279.04167,0
40279.0625,0
40279.08333,0
40279.10417,0
40279.125,0
40279.14583,0
40279.16667,0
40279.1875,0
40279.20833,0
40279.22917,0
40279.25,31
40279.27083,116
40279.29167,218
40279.3125,324
40279.33333,430
40279.35417,532
40279.375,626
40279.39583,710
40279.41667,782
40279.4375,839
40279.45833,882
40279.47917,909
40279.5,921
40279.52083,916
40279.54167,894
40279.5625,858
40279.58333,806
40279.60417,741
40279.625,664
40279.64583,576
40279.66667,480
40279.6875,379
40279.70833,276
40279.72917,175
40279.75,85
40279.77083,0
40279.79167,0
40279.8125,0
40279.83333,0
40279.85417,0
40279.875,0
40279.89583,0
40279.91667,0
40279.9375,0
40279.95833,0
40279.97917,0
40280,0
40280.02083,0
40280.04167,0
40280.0625,0
40280.08333,0
40280.10417,0
40280.125,0
40280.14583,0
40280.16667,0
40280.1875,0
40280.20833,0
40280.22917,0
40280.25,34
40280.27083,119
40280.29167,221
40280.3125,328
40280.33333,434
40280.35417,537
40280.375,632
40280.39583,717
40280.41667,791
40280.4375,850
40280.45833,895
40280.47917,924
40280.5,937
40280.52083,933
40280.54167,913
40280.5625,876
40280.58333,825
40280.60417,759
40280.625,681
40280.64583,592
40280.66667,495
40280.6875,393
40280.70833,288
40280.72917,184
40280.75,91
40280.77083,0
40280.79167,0
40280.8125,0
40280.83333,0
40280.85417,0
40280.875,0
40280.89583,0
40280.91667,0
40280.9375,0
40280.95833,0
40280.97917,0
40281,0
40281.02083,0
40281.04167,0
40281.0625,0
40281.08333,0
40281.10417,0
40281.125,0
40281.14583,0
40281.16667,0
40281.1875,0
40281.20833,0
40281.22917,0
40281.25,37
40281.27083,120
40281.29167,219
40281.3125,322
40281.33333,424
40281.35417,522
40281.375,613
40281.39583,694
40281.41667,763
40281.4375,820
40281.45833,862
40281.47917,889
40281.5,901
40281.52083,897
40281.54167,877
40281.5625,842
40281.58333,792
40281.60417,730
40281.625,655
40281.64583,570
40281.66667,477
40281.6875,378
40281.70833,277
40281.72917,178
40281.75,89
40281.77083,0
40281.79167,0
40281.8125,0
40281.83333,0
40281.85417,0
40281.875,0
40281.89583,0
40281.91667,0
40281.9375,0
40281.95833,0
40281.97917,0
40282,0
40282.02083,0
40282.04167,0
40282.0625,0
40282.08333,0
40282.10417,0
40282.125,0
40282.14583,0
40282.16667,0
40282.1875,0
40282.20833,0
40282.22917,0
40282.25,42
40282.27083,129
40282.29167,231
40282.3125,338
40282.33333,444
40282.35417,546
40282.375,640
40282.39583,724
40282.41667,796
40282.4375,854
40282.45833,898
40282.47917,926
40282.5,938
40282.52083,934
40282.54167,914
40282.5625,878
40282.58333,827
40282.60417,762
40282.625,685
40282.64583,597
40282.66667,500
40282.6875,398
40282.70833,293
40282.72917,190
40282.75,96
40282.77083,0
40282.79167,0
40282.8125,0
40282.83333,0
40282.85417,0
40282.875,0
40282.89583,0
40282.91667,0
40282.9375,0
40282.95833,0
40282.97917,0
40283,0
40283.02083,0
40283.04167,0
40283.0625,0
40283.08333,0
40283.10417,0
40283.125,0
40283.14583,0
40283.16667,0
40283.1875,0
40283.20833,0
40283.22917,0
40283.25,44
40283.27083,130
40283.29167,230
40283.3125,335
40283.33333,438
40283.35417,537
40283.375,629
40283.39583,711
40283.41667,781
40283.4375,838
40283.45833,880
40283.47917,907
40283.5,918
40283.52083,913
40283.54167,892
40283.5625,856
40283.58333,805
40283.60417,740
40283.625,664
40283.64583,577
40283.66667,483
40283.6875,383
40283.70833,281
40283.72917,182
40283.75,92
40283.77083,0
40283.79167,0
40283.8125,0
40283.83333,0
40283.85417,0
40283.875,0
40283.89583,0
40283.91667,0
40283.9375,0
40283.95833,0
40283.97917,0
40284,0
40284.02083,0
40284.04167,0
40284.0625,0
40284.08333,0
40284.10417,0
40284.125,0
40284.14583,0
40284.16667,0
40284.1875,0
40284.20833,0
40284.22917,0
40284.25,46
40284.27083,131
40284.29167,229
40284.3125,332
40284.33333,434
40284.35417,532
40284.375,623
40284.39583,703
40284.41667,772
40284.4375,827
40284.45833,868
40284.47917,894
40284.5,904
40284.52083,899
40284.54167,879
40284.5625,843
40284.58333,794
40284.60417,731
40284.625,656
40284.64583,571
40284.66667,477
40284.6875,379
40284.70833,278
40284.72917,180
40284.75,91
40284.77083,0
40284.79167,0
40284.8125,0
40284.83333,0
40284.85417,0
40284.875,0
40284.89583,0
40284.91667,0
40284.9375,0
40284.95833,0
40284.97917,0
40285,0
40285.02083,0
40285.04167,0
40285.0625,0
40285.08333,0
40285.10417,0
40285.125,0
40285.14583,0
40285.16667,0
40285.1875,0
40285.20833,0
40285.22917,0
40285.25,51
40285.27083,141
40285.29167,243
40285.3125,351
40285.33333,457
40285.35417,559
40285.375,653
40285.39583,737
40285.41667,809
40285.4375,867
40285.45833,910
40285.47917,938
40285.5,949
40285.52083,944
40285.54167,924
40285.5625,887
40285.58333,836
40285.60417,771
40285.625,693
40285.64583,606
40285.66667,509
40285.6875,407
40285.70833,302
40285.72917,199
40285.75,104
40285.77083,0
40285.79167,0
40285.8125,0
40285.83333,0
40285.85417,0
40285.875,0
40285.89583,0
40285.91667,0
40285.9375,0
40285.95833,0
40285.97917,0
40286,0
40286.02083,0
40286.04167,0
40286.0625,0
40286.08333,0
40286.10417,0
40286.125,0
40286.14583,0
40286.16667,0
40286.1875,0
40286.20833,0
40286.22917,0
40286.25,56
40286.27083,146
40286.29167,249
40286.3125,355
40286.33333,460
40286.35417,560
40286.375,653
40286.39583,735
40286.41667,805
40286.4375,862
40286.45833,905
40286.47917,932
40286.5,943
40286.52083,938
40286.54167,918
40286.5625,881
40286.58333,831
40286.60417,766
40286.625,690
40286.64583,602
40286.66667,507
40286.6875,405
40286.70833,301
40286.72917,198
40286.75,104
40286.77083,0
40286.79167,0
40286.8125,0
40286.83333,0
40286.85417,0
40286.875,0
40286.89583,0
40286.91667,0
40286.9375,0
40286.95833,0
40286.97917,0
40287,0
40287.02083,0
40287.04167,0
40287.0625,0
40287.08333,0
40287.10417,0
40287.125,0
40287.14583,0
40287.16667,0
40287.1875,0
40287.20833,0
40287.22917,0
40287.25,59
40287.27083,151
40287.29167,255
40287.3125,362
40287.33333,467
40287.35417,568
40287.375,662
40287.39583,745
40287.41667,816
40287.4375,874
40287.45833,917
40287.47917,944
40287.5,955
40287.52083,950
40287.54167,929
40287.5625,892
40287.58333,841
40287.60417,776
40287.625,698
40287.64583,610
40287.66667,514
40287.6875,412
40287.70833,307
40287.72917,203
40287.75,108
40287.77083,0
40287.79167,0
40287.8125,0
40287.83333,0
40287.85417,0
40287.875,0
40287.89583,0
40287.91667,0
40287.9375,0
40287.95833,0
40287.97917,0
40288,0
40288.02083,0
40288.04167,0
40288.0625,0
40288.08333,0
40288.10417,0
40288.125,0
40288.14583,0
40288.16667,0
40288.1875,0
40288.20833,0
40288.22917,0
40288.25,62
40288.27083,154
40288.29167,257
40288.3125,363
40288.33333,468
40288.35417,567
40288.375,659
40288.39583,741
40288.41667,812
40288.4375,868
40288.45833,910
40288.47917,937
40288.5,948
40288.52083,943
40288.54167,922
40288.5625,886
40288.58333,835
40288.60417,770
40288.625,693
40288.64583,606
40288.66667,510
40288.6875,409
40288.70833,306
40288.72917,203
40288.75,109
40288.77083,0
40288.79167,0
40288.8125,0
40288.83333,0
40288.85417,0
40288.875,0
40288.89583,0
40288.91667,0
40288.9375,0
40288.95833,0
40288.97917,0
40289,0
40289.02083,0
40289.04167,0
40289.0625,0
40289.08333,0
40289.10417,0
40289.125,0
40289.14583,0
40289.16667,0
40289.1875,0
40289.20833,0
40289.22917,0
40289.25,63
40289.27083,152
40289.29167,251
40289.3125,354
40289.33333,455
40289.35417,551
40289.375,640
40289.39583,720
40289.41667,788
40289.4375,843
40289.45833,885
40289.47917,911
40289.5,922
40289.52083,918
40289.54167,898
40289.5625,862
40289.58333,812
40289.60417,749
40289.625,674
40289.64583,589
40289.66667,496
40289.6875,398
40289.70833,297
40289.72917,198
40289.75,106
40289.77083,0
40289.79167,0
40289.8125,0
40289.83333,0
40289.85417,0
40289.875,0
40289.89583,0
40289.91667,0
40289.9375,0
40289.95833,0
40289.97917,0
40290,0
40290.02083,0
40290.04167,0
40290.0625,0
40290.08333,0
40290.10417,0
40290.125,0
40290.14583,0
40290.16667,0
40290.1875,0
40290.20833,0
40290.22917,0
40290.25,70
40290.27083,163
40290.29167,266
40290.3125,373
40290.33333,477
40290.35417,576
40290.375,667
40290.39583,747
40290.41667,816
40290.4375,871
40290.45833,912
40290.47917,937
40290.5,948
40290.52083,942
40290.54167,921
40290.5625,885
40290.58333,834
40290.60417,770
40290.625,693
40290.64583,607
40290.66667,512
40290.6875,412
40290.70833,309
40290.72917,207
40290.75,113
40290.77083,0
40290.79167,0
40290.8125,0
40290.83333,0
40290.85417,0
40290.875,0
40290.89583,0
40290.91667,0
40290.9375,0
40290.95833,0
40290.97917,0
40291,0
40291.02083,0
40291.04167,0
40291.0625,0
40291.08333,0
40291.10417,0
40291.125,0
40291.14583,0
40291.16667,0
40291.1875,0
40291.20833,0
40291.22917,0
40291.25,72
40291.27083,164
40291.29167,266
40291.3125,372
40291.33333,475
40291.35417,574
40291.375,665
40291.39583,746
40291.41667,816
40291.4375,872
40291.45833,914
40291.47917,941
40291.5,952
40291.52083,948
40291.54167,927
40291.5625,891
40291.58333,840
40291.60417,776
40291.625,699
40291.64583,612
40291.66667,517
40291.6875,417
40291.70833,313
40291.72917,211
40291.75,116
40291.77083,0
40291.79167,0
40291.8125,0
40291.83333,0
40291.85417,0
40291.875,0
40291.89583,0
40291.91667,0
40291.9375,0
40291.95833,0
40291.97917,0
40292,0
40292.02083,0
40292.04167,0
40292.0625,0
40292.08333,0
40292.10417,0
40292.125,0
40292.14583,0
40292.16667,0
40292.1875,0
40292.20833,0
40292.22917,8
40292.25,74
40292.27083,164
40292.29167,264
40292.3125,367
40292.33333,467
40292.35417,563
40292.375,652
40292.39583,730
40292.41667,798
40292.4375,852
40292.45833,892
40292.47917,917
40292.5,926
40292.52083,920
40292.54167,899
40292.5625,863
40292.58333,813
40292.60417,750
40292.625,675
40292.64583,590
40292.66667,498
40292.6875,400
40292.70833,300
40292.72917,202
40292.75,111
40292.77083,0
40292.79167,0
40292.8125,0
40292.83333,0
40292.85417,0
40292.875,0
40292.89583,0
40292.91667,0
40292.9375,0
40292.95833,0
40292.97917,0
40293,0
40293.02083,0
40293.04167,0
40293.0625,0
40293.08333,0
40293.10417,0
40293.125,0
40293.14583,0
40293.16667,0
40293.1875,0
40293.20833,0
40293.22917,9
40293.25,73
40293.27083,160
40293.29167,256
40293.3125,356
40293.33333,455
40293.35417,550
40293.375,638
40293.39583,718
40293.41667,786
40293.4375,841
40293.45833,882
40293.47917,908
40293.5,918
40293.52083,914
40293.54167,894
40293.5625,859
40293.58333,811
40293.60417,749
40293.625,675
40293.64583,592
40293.66667,500
40293.6875,403
40293.70833,303
40293.72917,204
40293.75,113
40293.77083,52
40293.79167,0
40293.8125,0
40293.83333,0
40293.85417,0
40293.875,0
40293.89583,0
40293.91667,0
40293.9375,0
40293.95833,0
40293.97917,0
40294,0
40294.02083,0
40294.04167,0
40294.0625,0
40294.08333,0
40294.10417,0
40294.125,0
40294.14583,0
40294.16667,0
40294.1875,0
40294.20833,0
40294.22917,11
40294.25,78
40294.27083,168
40294.29167,267
40294.3125,368
40294.33333,467
40294.35417,562
40294.375,649
40294.39583,727
40294.41667,794
40294.4375,848
40294.45833,889
40294.47917,915
40294.5,926
40294.52083,922
40294.54167,902
40294.5625,866
40294.58333,817
40294.60417,755
40294.625,681
40294.64583,597
40294.66667,505
40294.6875,407
40294.70833,307
40294.72917,208
40294.75,116
40294.77083,52
40294.79167,0
40294.8125,0
40294.83333,0
40294.85417,0
40294.875,0
40294.89583,0
40294.91667,0
40294.9375,0
40294.95833,0
40294.97917,0
40295,0
40295.02083,0
40295.04167,0
40295.0625,0
40295.08333,0
40295.10417,0
40295.125,0
40295.14583,0
40295.16667,0
40295.1875,0
40295.20833,0
40295.22917,14
40295.25,85
40295.27083,179
40295.29167,282
40295.3125,388
40295.33333,493
40295.35417,592
40295.375,684
40295.39583,765
40295.41667,834
40295.4375,890
40295.45833,931
40295.47917,957
40295.5,968
40295.52083,963
40295.54167,943
40295.5625,908
40295.58333,858
40295.60417,795
40295.625,719
40295.64583,633
40295.66667,538
40295.6875,437
40295.70833,332
40295.72917,228
40295.75,131
40295.77083,59
40295.79167,0
40295.8125,0
40295.83333,0
40295.85417,0
40295.875,0
40295.89583,0
40295.91667,0
40295.9375,0
40295.95833,0
40295.97917,0
40296,0
40296.02083,0
40296.04167,0
40296.0625,0
40296.08333,0
40296.10417,0
40296.125,0
40296.14583,0
40296.16667,0
40296.1875,0
40296.20833,0
40296.22917,17
40296.25,93
40296.27083,190
40296.29167,296
40296.3125,403
40296.33333,507
40296.35417,606
40296.375,697
40296.39583,778
40296.41667,847
40296.4375,903
40296.45833,944
40296.47917,970
40296.5,981
40296.52083,975
40296.54167,953
40296.5625,916
40296.58333,865
40296.60417,800
40296.625,723
40296.64583,636
40296.66667,540
40296.6875,438
40296.70833,333
40296.72917,229
40296.75,132
40296.77083,59
40296.79167,0
40296.8125,0
40296.83333,0
40296.85417,0
40296.875,0
40296.89583,0
40296.91667,0
40296.9375,0
40296.95833,0
40296.97917,0
40297,0
40297.02083,0
40297.04167,0
40297.0625,0
40297.08333,0
40297.10417,0
40297.125,0
40297.14583,0
40297.16667,0
40297.1875,0
40297.20833,0
40297.22917,20
40297.25,97
40297.27083,196
40297.29167,302
40297.3125,410
40297.33333,516
40297.35417,616
40297.375,708
40297.39583,789
40297.41667,859
40297.4375,915
40297.45833,956
40297.47917,982
40297.5,992
40297.52083,986
40297.54167,963
40297.5625,925
40297.58333,873
40297.60417,807
40297.625,729
40297.64583,640
40297.66667,544
40297.6875,441
40297.70833,336
40297.72917,232
40297.75,134
40297.77083,59
40297.79167,0
40297.8125,0
40297.83333,0
40297.85417,0
40297.875,0
40297.89583,0
40297.91667,0
40297.9375,0
40297.95833,0
40297.97917,0
40298,0
40298.02083,0
40298.04167,0
40298.0625,0
40298.08333,0
40298.10417,0
40298.125,0
40298.14583,0
40298.16667,0
40298.1875,0
40298.20833,0
40298.22917,21
40298.25,95
40298.27083,190
40298.29167,292
40298.3125,396
40298.33333,497
40298.35417,594
40298.375,683
40298.39583,762
40298.41667,830
40298.4375,884
40298.45833,924
40298.47917,949
40298.5,958
40298.52083,952
40298.54167,930
40298.5625,893
40298.58333,842
40298.60417,778
40298.625,702
40298.64583,617
40298.66667,524
40298.6875,425
40298.70833,324
40298.72917,224
40298.75,130
40298.77083,56
40298.79167,0
40298.8125,0
40298.83333,0
40298.85417,0
40298.875,0
40298.89583,0
40298.91667,0
40298.9375,0
40298.95833,0
40298.97917,0
40299,0
40299.02083,0
40299.04167,0
40299.0625,0
40299.08333,0
40299.10417,0
40299.125,0
40299.14583,0
40299.16667,0
40299.1875,0
40299.20833,0
40299.22917,23
40299.25,97
40299.27083,191
40299.29167,292
40299.3125,395
40299.33333,496
40299.35417,591
40299.375,679
40299.39583,758
40299.41667,825
40299.4375,878
40299.45833,918
40299.47917,943
40299.5,953
40299.52083,947
40299.54167,926
40299.5625,890
40299.58333,840
40299.60417,776
40299.625,701
40299.64583,615
40299.66667,521
40299.6875,422
40299.70833,321
40299.72917,221
40299.75,128
40299.77083,54
40299.79167,0
40299.8125,0
40299.83333,0
40299.85417,0
40299.875,0
40299.89583,0
40299.91667,0
40299.9375,0
40299.95833,0
40299.97917,0
40300,0
40300.02083,0
40300.04167,0
40300.0625,0
40300.08333,0
40300.10417,0
40300.125,0
40300.14583,0
40300.16667,0
40300.1875,0
40300.20833,0
40300.22917,23
40300.25,93
40300.27083,182
40300.29167,279
40300.3125,377
40300.33333,473
40300.35417,565
40300.375,649
40300.39583,724
40300.41667,788
40300.4375,840
40300.45833,878
40300.47917,903
40300.5,913
40300.52083,909
40300.54167,889
40300.5625,855
40300.58333,806
40300.60417,745
40300.625,672
40300.64583,590
40300.66667,501
40300.6875,407
40300.70833,310
40300.72917,214
40300.75,125
40300.77083,53
40300.79167,0
40300.8125,0
40300.83333,0
40300.85417,0
40300.875,0
40300.89583,0
40300.91667,0
40300.9375,0
40300.95833,0
40300.97917,0
40301,0
40301.02083,0
40301.04167,0
40301.0625,0
40301.08333,0
40301.10417,0
40301.125,0
40301.14583,0
40301.16667,0
40301.1875,0
40301.20833,0
40301.22917,24
40301.25,95
40301.27083,183
40301.29167,278
40301.3125,375
40301.33333,471
40301.35417,563
40301.375,648
40301.39583,724
40301.41667,790
40301.4375,843
40301.45833,883
40301.47917,908
40301.5,918
40301.52083,914
40301.54167,894
40301.5625,861
40301.58333,815
40301.60417,755
40301.625,684
40301.64583,604
40301.66667,515
40301.6875,420
40301.70833,322
40301.72917,225
40301.75,133
40301.77083,58
40301.79167,0
40301.8125,0
40301.83333,0
40301.85417,0
40301.875,0
40301.89583,0
40301.91667,0
40301.9375,0
40301.95833,0
40301.97917,0
40302,0
40302.02083,0
40302.04167,0
40302.0625,0
40302.08333,0
40302.10417,0
40302.125,0
40302.14583,0
40302.16667,0
40302.1875,0
40302.20833,0
40302.22917,29
40302.25,107
40302.27083,201
40302.29167,303
40302.3125,405
40302.33333,506
40302.35417,600
40302.375,686
40302.39583,763
40302.41667,828
40302.4375,882
40302.45833,921
40302.47917,946
40302.5,956
40302.52083,949
40302.54167,928
40302.5625,891
40302.58333,841
40302.60417,779
40302.625,706
40302.64583,623
40302.66667,532
40302.6875,435
40302.70833,336
40302.72917,236
40302.75,141
40302.77083,63
40302.79167,0
40302.8125,0
40302.83333,0
40302.85417,0
40302.875,0
40302.89583,0
40302.91667,0
40302.9375,0
40302.95833,0
40302.97917,0
40303,0
40303.02083,0
40303.04167,0
40303.0625,0
40303.08333,0
40303.10417,0
40303.125,0
40303.14583,0
40303.16667,0
40303.1875,0
40303.20833,0
40303.22917,33
40303.25,113
40303.27083,209
40303.29167,313
40303.3125,417
40303.33333,518
40303.35417,614
40303.375,703
40303.39583,781
40303.41667,847
40303.4375,900
40303.45833,940
40303.47917,964
40303.5,972
40303.52083,965
40303.54167,942
40303.5625,904
40303.58333,853
40303.60417,788
40303.625,713
40303.64583,627
40303.66667,534
40303.6875,436
40303.70833,335
40303.72917,235
40303.75,141
40303.77083,62
40303.79167,0
40303.8125,0
40303.83333,0
40303.85417,0
40303.875,0
40303.89583,0
40303.91667,0
40303.9375,0
40303.95833,0
40303.97917,0
40304,0
40304.02083,0
40304.04167,0
40304.0625,0
40304.08333,0
40304.10417,0
40304.125,0
40304.14583,0
40304.16667,0
40304.1875,0
40304.20833,0
40304.22917,33
40304.25,110
40304.27083,202
40304.29167,301
40304.3125,402
40304.33333,499
40304.35417,592
40304.375,678
40304.39583,755
40304.41667,821
40304.4375,876
40304.45833,917
40304.47917,945
40304.5,958
40304.52083,956
40304.54167,938
40304.5625,907
40304.58333,861
40304.60417,801
40304.625,729
40304.64583,645
40304.66667,553
40304.6875,454
40304.70833,352
40304.72917,250
40304.75,152
40304.77083,69
40304.79167,0
40304.8125,0
40304.83333,0
40304.85417,0
40304.875,0
40304.89583,0
40304.91667,0
40304.9375,0
40304.95833,0
40304.97917,0
40305,0
40305.02083,0
40305.04167,0
40305.0625,0
40305.08333,0
40305.10417,0
40305.125,0
40305.14583,0
40305.16667,0
40305.1875,0
40305.20833,0
40305.22917,37
40305.25,117
40305.27083,213
40305.29167,316
40305.3125,420
40305.33333,522
40305.35417,617
40305.375,705
40305.39583,783
40305.41667,849
40305.4375,902
40305.45833,941
40305.47917,964
40305.5,973
40305.52083,967
40305.54167,946
40305.5625,911
40305.58333,862
40305.60417,799
40305.625,725
40305.64583,640
40305.66667,548
40305.6875,449
40305.70833,347
40305.72917,245
40305.75,149
40305.77083,67
40305.79167,0
40305.8125,0
40305.83333,0
40305.85417,0
40305.875,0
40305.89583,0
40305.91667,0
40305.9375,0
40305.95833,0
40305.97917,0
40306,0
40306.02083,0
40306.04167,0
40306.0625,0
40306.08333,0
40306.10417,0
40306.125,0
40306.14583,0
40306.16667,0
40306.1875,0
40306.20833,0
40306.22917,36
40306.25,111
40306.27083,202
40306.29167,299
40306.3125,399
40306.33333,498
40306.35417,595
40306.375,687
40306.39583,770
40306.41667,844
40306.4375,904
40306.45833,951
40306.47917,980
40306.5,993
40306.52083,988
40306.54167,968
40306.5625,932
40306.58333,883
40306.60417,819
40306.625,744
40306.64583,657
40306.66667,563
40306.6875,462
40306.70833,358
40306.72917,254
40306.75,156
40306.77083,72
40306.79167,0
40306.8125,0
40306.83333,0
40306.85417,0
40306.875,0
40306.89583,0
40306.91667,0
40306.9375,0
40306.95833,0
40306.97917,0
40307,0
40307.02083,0
40307.04167,0
40307.0625,0
40307.08333,0
40307.10417,0
40307.125,0
40307.14583,0
40307.16667,0
40307.1875,0
40307.20833,0
40307.22917,42
40307.25,125
40307.27083,224
40307.29167,328
40307.3125,433
40307.33333,536
40307.35417,633
40307.375,723
40307.39583,803
40307.41667,871
40307.4375,926
40307.45833,967
40307.47917,992
40307.5,1003
40307.52083,997
40307.54167,976
40307.5625,940
40307.58333,889
40307.60417,825
40307.625,749
40307.64583,663
40307.66667,569
40307.6875,468
40307.70833,364
40307.72917,261
40307.75,161
40307.77083,76
40307.79167,0
40307.8125,0
40307.83333,0
40307.85417,0
40307.875,0
40307.89583,0
40307.91667,0
40307.9375,0
40307.95833,0
40307.97917,0
40308,0
40308.02083,0
40308.04167,0
40308.0625,0
40308.08333,0
40308.10417,0
40308.125,0
40308.14583,0
40308.16667,0
40308.1875,0
40308.20833,0
40308.22917,46
40308.25,133
40308.27083,233
40308.29167,339
40308.3125,445
40308.33333,549
40308.35417,647
40308.375,737
40308.39583,816
40308.41667,884
40308.4375,938
40308.45833,978
40308.47917,1003
40308.5,1013
40308.52083,1007
40308.54167,985
40308.5625,948
40308.58333,897
40308.60417,833
40308.625,756
40308.64583,670
40308.66667,575
40308.6875,474
40308.70833,369
40308.72917,265
40308.75,166
40308.77083,79
40308.79167,0
40308.8125,0
40308.83333,0
40308.85417,0
40308.875,0
40308.89583,0
40308.91667,0
40308.9375,0
40308.95833,0
40308.97917,0
40309,0
40309.02083,0
40309.04167,0
40309.0625,0
40309.08333,0
40309.10417,0
40309.125,0
40309.14583,0
40309.16667,0
40309.1875,0
40309.20833,0
40309.22917,46
40309.25,129
40309.27083,226
40309.29167,327
40309.3125,429
40309.33333,528
40309.35417,621
40309.375,707
40309.39583,782
40309.41667,846
40309.4375,897
40309.45833,933
40309.47917,956
40309.5,965
40309.52083,959
40309.54167,938
40309.5625,902
40309.58333,853
40309.60417,789
40309.625,715
40309.64583,632
40309.66667,540
40309.6875,445
40309.70833,346
40309.72917,248
40309.75,154
40309.77083,73
40309.79167,0
40309.8125,0
40309.83333,0
40309.85417,0
40309.875,0
40309.89583,0
40309.91667,0
40309.9375,0
40309.95833,0
40309.97917,0
40310,0
40310.02083,0
40310.04167,0
40310.0625,0
40310.08333,0
40310.10417,0
40310.125,0
40310.14583,0
40310.16667,0
40310.1875,0
40310.20833,0
40310.22917,45
40310.25,123
40310.27083,215
40310.29167,313
40310.3125,412
40310.33333,508
40310.35417,600
40310.375,685
40310.39583,761
40310.41667,826
40310.4375,878
40310.45833,917
40310.47917,942
40310.5,951
40310.52083,946
40310.54167,925
40310.5625,889
40310.58333,840
40310.60417,777
40310.625,703
40310.64583,620
40310.66667,530
40310.6875,435
40310.70833,337
40310.72917,241
40310.75,149
40310.77083,70
40310.79167,0
40310.8125,0
40310.83333,0
40310.85417,0
40310.875,0
40310.89583,0
40310.91667,0
40310.9375,0
40310.95833,0
40310.97917,0
40311,0
40311.02083,0
40311.04167,0
40311.0625,0
40311.08333,0
40311.10417,0
40311.125,0
40311.14583,0
40311.16667,0
40311.1875,0
40311.20833,0
40311.22917,48
40311.25,128
40311.27083,222
40311.29167,322
40311.3125,422
40311.33333,519
40311.35417,612
40311.375,697
40311.39583,773
40311.41667,838
40311.4375,890
40311.45833,928
40311.47917,951
40311.5,960
40311.52083,953
40311.54167,931
40311.5625,896
40311.58333,846
40311.60417,785
40311.625,713
40311.64583,630
40311.66667,540
40311.6875,445
40311.70833,346
40311.72917,249
40311.75,155
40311.77083,75
40311.79167,0
40311.8125,0
40311.83333,0
40311.85417,0
40311.875,0
40311.89583,0
40311.91667,0
40311.9375,0
40311.95833,0
40311.97917,0
40312,0
40312.02083,0
40312.04167,0
40312.0625,0
40312.08333,0
40312.10417,0
40312.125,0
40312.14583,0
40312.16667,0
40312.1875,0
40312.20833,0
40312.22917,48
40312.25,126
40312.27083,217
40312.29167,314
40312.3125,412
40312.33333,508
40312.35417,599
40312.375,683
40312.39583,757
40312.41667,821
40312.4375,873
40312.45833,911
40312.47917,935
40312.5,945
40312.52083,939
40312.54167,919
40312.5625,885
40312.58333,837
40312.60417,776
40312.625,704
40312.64583,623
40312.66667,534
40312.6875,439
40312.70833,342
40312.72917,246
40312.75,154
40312.77083,74
40312.79167,0
40312.8125,0
40312.83333,0
40312.85417,0
40312.875,0
40312.89583,0
40312.91667,0
40312.9375,0
40312.95833,0
40312.97917,0
40313,0
40313.02083,0
40313.04167,0
40313.0625,0
40313.08333,0
40313.10417,0
40313.125,0
40313.14583,0
40313.16667,0
40313.1875,0
40313.20833,0
40313.22917,51
40313.25,132
40313.27083,226
40313.29167,327
40313.3125,429
40313.33333,529
40313.35417,625
40313.375,713
40313.39583,792
40313.41667,860
40313.4375,913
40313.45833,954
40313.47917,979
40313.5,989
40313.52083,983
40313.54167,962
40313.5625,927
40313.58333,877
40313.60417,815
40313.625,741
40313.64583,656
40313.66667,564
40313.6875,467
40313.70833,366
40313.72917,266
40313.75,169
40313.77083,84
40313.79167,0
40313.8125,0
40313.83333,0
40313.85417,0
40313.875,0
40313.89583,0
40313.91667,0
40313.9375,0
40313.95833,0
40313.97917,0
40314,0
40314.02083,0
40314.04167,0
40314.0625,0
40314.08333,0
40314.10417,0
40314.125,0
40314.14583,0
40314.16667,0
40314.1875,0
40314.20833,0
40314.22917,52
40314.25,132
40314.27083,224
40314.29167,322
40314.3125,421
40314.33333,517
40314.35417,609
40314.375,694
40314.39583,770
40314.41667,835
40314.4375,887
40314.45833,926
40314.47917,951
40314.5,961
40314.52083,955
40314.54167,936
40314.5625,901
40314.58333,853
40314.60417,793
40314.625,721
40314.64583,640
40314.66667,550
40314.6875,455
40314.70833,357
40314.72917,259
40314.75,165
40314.77083,82
40314.79167,0
40314.8125,0
40314.83333,0
40314.85417,0
40314.875,0
40314.89583,0
40314.91667,0
40314.9375,0
40314.95833,0
40314.97917,0
40315,0
40315.02083,0
40315.04167,0
40315.0625,0
40315.08333,0
40315.10417,0
40315.125,0
40315.14583,0
40315.16667,0
40315.1875,0
40315.20833,0
40315.22917,54
40315.25,134
40315.27083,226
40315.29167,324
40315.3125,422
40315.33333,519
40315.35417,610
40315.375,693
40315.39583,768
40315.41667,831
40315.4375,883
40315.45833,921
40315.47917,945
40315.5,954
40315.52083,949
40315.54167,929
40315.5625,894
40315.58333,847
40315.60417,786
40315.625,715
40315.64583,634
40315.66667,546
40315.6875,452
40315.70833,355
40315.72917,257
40315.75,164
40315.77083,82
40315.79167,0
40315.8125,0
40315.83333,0
40315.85417,0
40315.875,0
40315.89583,0
40315.91667,0
40315.9375,0
40315.95833,0
40315.97917,0
40316,0
40316.02083,0
40316.04167,0
40316.0625,0
40316.08333,0
40316.10417,0
40316.125,0
40316.14583,0
40316.16667,0
40316.1875,0
40316.20833,0
40316.22917,55
40316.25,135
40316.27083,227
40316.29167,324
40316.3125,423
40316.33333,519
40316.35417,610
40316.375,694
40316.39583,770
40316.41667,834
40316.4375,887
40316.45833,926
40316.47917,951
40316.5,962
40316.52083,958
40316.54167,939
40316.5625,905
40316.58333,858
40316.60417,798
40316.625,726
40316.64583,645
40316.66667,555
40316.6875,460
40316.70833,362
40316.72917,264
40316.75,170
40316.77083,86
40316.79167,0
40316.8125,0
40316.83333,0
40316.85417,0
40316.875,0
40316.89583,0
40316.91667,0
40316.9375,0
40316.95833,0
40316.97917,0
40317,0
40317.02083,0
40317.04167,0
40317.0625,0
40317.08333,0
40317.10417,0
40317.125,0
40317.14583,0
40317.16667,0
40317.1875,0
40317.20833,0
40317.22917,59
40317.25,141
40317.27083,235
40317.29167,334
40317.3125,434
40317.33333,531
40317.35417,623
40317.375,708
40317.39583,783
40317.41667,847
40317.4375,899
40317.45833,938
40317.47917,962
40317.5,972
40317.52083,966
40317.54167,946
40317.5625,911
40317.58333,863
40317.60417,801
40317.625,729
40317.64583,647
40317.66667,557
40317.6875,461
40317.70833,363
40317.72917,265
40317.75,171
40317.77083,87
40317.79167,0
40317.8125,0
40317.83333,0
40317.85417,0
40317.875,0
40317.89583,0
40317.91667,0
40317.9375,0
40317.95833,0
40317.97917,0
40318,0
40318.02083,0
40318.04167,0
40318.0625,0
40318.08333,0
40318.10417,0
40318.125,0
40318.14583,0
40318.16667,0
40318.1875,0
40318.20833,0
40318.22917,62
40318.25,146
40318.27083,241
40318.29167,341
40318.3125,442
40318.33333,540
40318.35417,632
40318.375,717
40318.39583,791
40318.41667,855
40318.4375,907
40318.45833,945
40318.47917,968
40318.5,978
40318.52083,972
40318.54167,952
40318.5625,917
40318.58333,869
40318.60417,808
40318.625,737
40318.64583,655
40318.66667,565
40318.6875,470
40318.70833,372
40318.72917,273
40318.75,178
40318.77083,93
40318.79167,0
40318.8125,0
40318.83333,0
40318.85417,0
40318.875,0
40318.89583,0
40318.91667,0
40318.9375,0
40318.95833,0
40318.97917,0
40319,0
40319.02083,0
40319.04167,0
40319.0625,0
40319.08333,0
40319.10417,0
40319.125,0
40319.14583,0
40319.16667,0
40319.1875,0
40319.20833,0
40319.22917,64
40319.25,148
40319.27083,243
40319.29167,344
40319.3125,444
40319.33333,542
40319.35417,634
40319.375,719
40319.39583,793
40319.41667,857
40319.4375,908
40319.45833,945
40319.47917,968
40319.5,977
40319.52083,970
40319.54167,949
40319.5625,914
40319.58333,865
40319.60417,804
40319.625,732
40319.64583,650
40319.66667,561
40319.6875,466
40319.70833,368
40319.72917,271
40319.75,177
40319.77083,92
40319.79167,0
40319.8125,0
40319.83333,0
40319.85417,0
40319.875,0
40319.89583,0
40319.91667,0
40319.9375,0
40319.95833,0
40319.97917,0
40320,0
40320.02083,0
40320.04167,0
40320.0625,0
40320.08333,0
40320.10417,0
40320.125,0
40320.14583,0
40320.16667,0
40320.1875,0
40320.20833,0
40320.22917,64
40320.25,146
40320.27083,240
40320.29167,338
40320.3125,436
40320.33333,532
40320.35417,621
40320.375,704
40320.39583,777
40320.41667,839
40320.4375,889
40320.45833,926
40320.47917,949
40320.5,957
40320.52083,951
40320.54167,930
40320.5625,895
40320.58333,846
40320.60417,786
40320.625,715
40320.64583,634
40320.66667,546
40320.6875,454
40320.70833,358
40320.72917,262
40320.75,171
40320.77083,89
40320.79167,0
40320.8125,0
40320.83333,0
40320.85417,0
40320.875,0
40320.89583,0
40320.91667,0
40320.9375,0
40320.95833,0
40320.97917,0
40321,0
40321.02083,0
40321.04167,0
40321.0625,0
40321.08333,0
40321.10417,0
40321.125,0
40321.14583,0
40321.16667,0
40321.1875,0
40321.20833,6
40321.22917,62
40321.25,142
40321.27083,233
40321.29167,329
40321.3125,426
40321.33333,521
40321.35417,610
40321.375,693
40321.39583,767
40321.41667,830
40321.4375,881
40321.45833,918
40321.47917,942
40321.5,951
40321.52083,946
40321.54167,927
40321.5625,893
40321.58333,846
40321.60417,787
40321.625,717
40321.64583,637
40321.66667,550
40321.6875,457
40321.70833,361
40321.72917,265
40321.75,173
40321.77083,91
40321.79167,0
40321.8125,0
40321.83333,0
40321.85417,0
40321.875,0
40321.89583,0
40321.91667,0
40321.9375,0
40321.95833,0
40321.97917,0
40322,0
40322.02083,0
40322.04167,0
40322.0625,0
40322.08333,0
40322.10417,0
40322.125,0
40322.14583,0
40322.16667,0
40322.1875,0
40322.20833,7
40322.22917,64
40322.25,145
40322.27083,238
40322.29167,335
40322.3125,433
40322.33333,529
40322.35417,620
40322.375,703
40322.39583,777
40322.41667,840
40322.4375,891
40322.45833,928
40322.47917,951
40322.5,960
40322.52083,954
40322.54167,934
40322.5625,899
40322.58333,852
40322.60417,792
40322.625,721
40322.64583,641
40322.66667,554
40322.6875,461
40322.70833,365
40322.72917,269
40322.75,176
40322.77083,94
40322.79167,0
40322.8125,0
40322.83333,0
40322.85417,0
40322.875,0
40322.89583,0
40322.91667,0
40322.9375,0
40322.95833,0
40322.97917,0
40323,0
40323.02083,0
40323.04167,0
40323.0625,0
40323.08333,0
40323.10417,0
40323.125,0
40323.14583,0
40323.16667,0
40323.1875,0
40323.20833,8
40323.22917,66
40323.25,147
40323.27083,239
40323.29167,336
40323.3125,434
40323.33333,529
40323.35417,619
40323.375,702
40323.39583,776
40323.41667,840
40323.4375,891
40323.45833,929
40323.47917,954
40323.5,964
40323.52083,960
40323.54167,941
40323.5625,908
40323.58333,862
40323.60417,803
40323.625,733
40323.64583,653
40323.66667,565
40323.6875,472
40323.70833,375
40323.72917,278
40323.75,184
40323.77083,99
40323.79167,0
40323.8125,0
40323.83333,0
40323.85417,0
40323.875,0
40323.89583,0
40323.91667,0
40323.9375,0
40323.95833,0
40323.97917,0
40324,0
40324.02083,0
40324.04167,0
40324.0625,0
40324.08333,0
40324.10417,0
40324.125,0
40324.14583,0
40324.16667,0
40324.1875,0
40324.20833,9
40324.22917,68
40324.25,151
40324.27083,245
40324.29167,342
40324.3125,440
40324.33333,536
40324.35417,626
40324.375,709
40324.39583,783
40324.41667,846
40324.4375,896
40324.45833,933
40324.47917,956
40324.5,965
40324.52083,959
40324.54167,939
40324.5625,905
40324.58333,857
40324.60417,797
40324.625,727
40324.64583,646
40324.66667,559
40324.6875,465
40324.70833,369
40324.72917,273
40324.75,181
40324.77083,97
40324.79167,0
40324.8125,0
40324.83333,0
40324.85417,0
40324.875,0
40324.89583,0
40324.91667,0
40324.9375,0
40324.95833,0
40324.97917,0
40325,0
40325.02083,0
40325.04167,0
40325.0625,0
40325.08333,0
40325.10417,0
40325.125,0
40325.14583,0
40325.16667,0
40325.1875,0
40325.20833,9
40325.22917,68
40325.25,150
40325.27083,242
40325.29167,339
40325.3125,436
40325.33333,531
40325.35417,620
40325.375,702
40325.39583,774
40325.41667,836
40325.4375,887
40325.45833,924
40325.47917,948
40325.5,957
40325.52083,952
40325.54167,932
40325.5625,898
40325.58333,851
40325.60417,792
40325.625,722
40325.64583,643
40325.66667,557
40325.6875,464
40325.70833,369
40325.72917,273
40325.75,181
40325.77083,98
40325.79167,0
40325.8125,0
40325.83333,0
40325.85417,0
40325.875,0
40325.89583,0
40325.91667,0
40325.9375,0
40325.95833,0
40325.97917,0
40326,0
40326.02083,0
40326.04167,0
40326.0625,0
40326.08333,0
40326.10417,0
40326.125,0
40326.14583,0
40326.16667,0
40326.1875,0
40326.20833,10
40326.22917,69
40326.25,150
40326.27083,242
40326.29167,338
40326.3125,434
40326.33333,528
40326.35417,617
40326.375,699
40326.39583,772
40326.41667,833
40326.4375,884
40326.45833,921
40326.47917,944
40326.5,953
40326.52083,948
40326.54167,928
40326.5625,894
40326.58333,848
40326.60417,789
40326.625,719
40326.64583,641
40326.66667,554
40326.6875,463
40326.70833,368
40326.72917,273
40326.75,182
40326.77083,99
40326.79167,0
40326.8125,0
40326.83333,0
40326.85417,0
40326.875,0
40326.89583,0
40326.91667,0
40326.9375,0
40326.95833,0
40326.97917,0
40327,0
40327.02083,0
40327.04167,0
40327.0625,0
40327.08333,0
40327.10417,0
40327.125,0
40327.14583,0
40327.16667,0
40327.1875,0
40327.20833,10
40327.22917,69
40327.25,150
40327.27083,242
40327.29167,339
40327.3125,436
40327.33333,530
40327.35417,620
40327.375,703
40327.39583,777
40327.41667,840
40327.4375,890
40327.45833,928
40327.47917,952
40327.5,961
40327.52083,956
40327.54167,937
40327.5625,904
40327.58333,857
40327.60417,799
40327.625,729
40327.64583,650
40327.66667,563
40327.6875,470
40327.70833,374
40327.72917,278
40327.75,186
40327.77083,102
40327.79167,46
40327.8125,0
40327.83333,0
40327.85417,0
40327.875,0
40327.89583,0
40327.91667,0
40327.9375,0
40327.95833,0
40327.97917,0
40328,0
40328.02083,0
40328.04167,0
40328.0625,0
40328.08333,0
40328.10417,0
40328.125,0
40328.14583,0
40328.16667,0
40328.1875,0
40328.20833,11
40328.22917,71
40328.25,152
40328.27083,245
40328.29167,342
40328.3125,440
40328.33333,536
40328.35417,627
40328.375,711
40328.39583,786
40328.41667,851
40328.4375,902
40328.45833,941
40328.47917,965
40328.5,975
40328.52083,970
40328.54167,950
40328.5625,916
40328.58333,869
40328.60417,809
40328.625,738
40328.64583,658
40328.66667,570
40328.6875,477
40328.70833,381
40328.72917,284
40328.75,191
40328.77083,106
40328.79167,47
40328.8125,0
40328.83333,0
40328.85417,0
40328.875,0
40328.89583,0
40328.91667,0
40328.9375,0
40328.95833,0
40328.97917,0
40329,0
40329.02083,0
40329.04167,0
40329.0625,0
40329.08333,0
40329.10417,0
40329.125,0
40329.14583,0
40329.16667,0
40329.1875,0
40329.20833,11
40329.22917,71
40329.25,151
40329.27083,241
40329.29167,336
40329.3125,431
40329.33333,524
40329.35417,611
40329.375,692
40329.39583,764
40329.41667,826
40329.4375,876
40329.45833,913
40329.47917,937
40329.5,947
40329.52083,942
40329.54167,923
40329.5625,890
40329.58333,845
40329.60417,787
40329.625,718
40329.64583,641
40329.66667,555
40329.6875,465
40329.70833,371
40329.72917,276
40329.75,185
40329.77083,103
40329.79167,44
40329.8125,0
40329.83333,0
40329.85417,0
40329.875,0
40329.89583,0
40329.91667,0
40329.9375,0
40329.95833,0
40329.97917,0
40330,0
40330.02083,0
40330.04167,0
40330.0625,0
40330.08333,0
40330.10417,0
40330.125,0
40330.14583,0
40330.16667,0
40330.1875,0
40330.20833,12
40330.22917,70
40330.25,150
40330.27083,240
40330.29167,335
40330.3125,431
40330.33333,524
40330.35417,612
40330.375,694
40330.39583,766
40330.41667,828
40330.4375,879
40330.45833,916
40330.47917,939
40330.5,948
40330.52083,944
40330.54167,924
40330.5625,892
40330.58333,846
40330.60417,789
40330.625,721
40330.64583,644
40330.66667,559
40330.6875,469
40330.70833,376
40330.72917,281
40330.75,190
40330.77083,107
40330.79167,45
40330.8125,0
40330.83333,0
40330.85417,0
40330.875,0
40330.89583,0
40330.91667,0
40330.9375,0
40330.95833,0
40330.97917,0
40331,0
40331.02083,0
40331.04167,0
40331.0625,0
40331.08333,0
40331.10417,0
40331.125,0
40331.14583,0
40331.16667,0
40331.1875,0
40331.20833,13
40331.22917,75
40331.25,157
40331.27083,250
40331.29167,348
40331.3125,446
40331.33333,542
40331.35417,632
40331.375,716
40331.39583,790
40331.41667,854
40331.4375,905
40331.45833,943
40331.47917,967
40331.5,977
40331.52083,972
40331.54167,953
40331.5625,919
40331.58333,872
40331.60417,813
40331.625,743
40331.64583,663
40331.66667,575
40331.6875,482
40331.70833,386
40331.72917,289
40331.75,196
40331.77083,110
40331.79167,47
40331.8125,0
40331.83333,0
40331.85417,0
40331.875,0
40331.89583,0
40331.91667,0
40331.9375,0
40331.95833,0
40331.97917,0
40332,0
40332.02083,0
40332.04167,0
40332.0625,0
40332.08333,0
40332.10417,0
40332.125,0
40332.14583,0
40332.16667,0
40332.1875,0
40332.20833,13
40332.22917,74
40332.25,155
40332.27083,246
40332.29167,341
40332.3125,437
40332.33333,530
40332.35417,619
40332.375,700
40332.39583,773
40332.41667,836
40332.4375,886
40332.45833,924
40332.47917,947
40332.5,956
40332.52083,951
40332.54167,932
40332.5625,898
40332.58333,852
40332.60417,794
40332.625,725
40332.64583,647
40332.66667,561
40332.6875,470
40332.70833,376
40332.72917,282
40332.75,190
40332.77083,107
40332.79167,45
40332.8125,0
40332.83333,0
40332.85417,0
40332.875,0
40332.89583,0
40332.91667,0
40332.9375,0
40332.95833,0
40332.97917,0
40333,0
40333.02083,0
40333.04167,0
40333.0625,0
40333.08333,0
40333.10417,0
40333.125,0
40333.14583,0
40333.16667,0
40333.1875,0
40333.20833,13
40333.22917,74
40333.25,155
40333.27083,246
40333.29167,342
40333.3125,438
40333.33333,532
40333.35417,620
40333.375,702
40333.39583,774
40333.41667,836
40333.4375,886
40333.45833,923
40333.47917,946
40333.5,956
40333.52083,951
40333.54167,932
40333.5625,899
40333.58333,853
40333.60417,794
40333.625,725
40333.64583,647
40333.66667,561
40333.6875,470
40333.70833,375
40333.72917,281
40333.75,190
40333.77083,107
40333.79167,44
40333.8125,0
40333.83333,0
40333.85417,0
40333.875,0
40333.89583,0
40333.91667,0
40333.9375,0
40333.95833,0
40333.97917,0
40334,0
40334.02083,0
40334.04167,0
40334.0625,0
40334.08333,0
40334.10417,0
40334.125,0
40334.14583,0
40334.16667,0
40334.1875,0
40334.20833,13
40334.22917,73
40334.25,153
40334.27083,243
40334.29167,338
40334.3125,433
40334.33333,526
40334.35417,614
40334.375,695
40334.39583,767
40334.41667,829
40334.4375,879
40334.45833,916
40334.47917,940
40334.5,949
40334.52083,945
40334.54167,927
40334.5625,895
40334.58333,850
40334.60417,792
40334.625,724
40334.64583,646
40334.66667,561
40334.6875,470
40334.70833,376
40334.72917,282
40334.75,191
40334.77083,108
40334.79167,45
40334.8125,0
40334.83333,0
40334.85417,0
40334.875,0
40334.89583,0
40334.91667,0
40334.9375,0
40334.95833,0
40334.97917,0
40335,0
40335.02083,0
40335.04167,0
40335.0625,0
40335.08333,0
40335.10417,0
40335.125,0
40335.14583,0
40335.16667,0
40335.1875,0
40335.20833,14
40335.22917,73
40335.25,153
40335.27083,243
40335.29167,337
40335.3125,432
40335.33333,525
40335.35417,613
40335.375,693
40335.39583,765
40335.41667,827
40335.4375,877
40335.45833,915
40335.47917,939
40335.5,948
40335.52083,943
40335.54167,923
40335.5625,890
40335.58333,844
40335.60417,787
40335.625,719
40335.64583,643
40335.66667,560
40335.6875,472
40335.70833,381
40335.72917,289
40335.75,200
40335.77083,116
40335.79167,50
40335.8125,0
40335.83333,0
40335.85417,0
40335.875,0
40335.89583,0
40335.91667,0
40335.9375,0
40335.95833,0
40335.97917,0
40336,0
40336.02083,0
40336.04167,0
40336.0625,0
40336.08333,0
40336.10417,0
40336.125,0
40336.14583,0
40336.16667,0
40336.1875,0
40336.20833,15
40336.22917,78
40336.25,162
40336.27083,255
40336.29167,353
40336.3125,451
40336.33333,547
40336.35417,638
40336.375,721
40336.39583,796
40336.41667,860
40336.4375,912
40336.45833,951
40336.47917,976
40336.5,987
40336.52083,984
40336.54167,966
40336.5625,934
40336.58333,889
40336.60417,831
40336.625,761
40336.64583,682
40336.66667,594
40336.6875,501
40336.70833,403
40336.72917,305
40336.75,210
40336.77083,122
40336.79167,52
40336.8125,0
40336.83333,0
40336.85417,0
40336.875,0
40336.89583,0
40336.91667,0
40336.9375,0
40336.95833,0
40336.97917,0
40337,0
40337.02083,0
40337.04167,0
40337.0625,0
40337.08333,0
40337.10417,0
40337.125,0
40337.14583,0
40337.16667,0
40337.1875,0
40337.20833,16
40337.22917,82
40337.25,168
40337.27083,265
40337.29167,366
40337.3125,467
40337.33333,566
40337.35417,659
40337.375,745
40337.39583,821
40337.41667,887
40337.4375,939
40337.45833,977
40337.47917,1001
40337.5,1011
40337.52083,1006
40337.54167,986
40337.5625,951
40337.58333,903
40337.60417,841
40337.625,769
40337.64583,687
40337.66667,598
40337.6875,503
40337.70833,405
40337.72917,307
40337.75,211
40337.77083,123
40337.79167,52
40337.8125,0
40337.83333,0
40337.85417,0
40337.875,0
40337.89583,0
40337.91667,0
40337.9375,0
40337.95833,0
40337.97917,0
40338,0
40338.02083,0
40338.04167,0
40338.0625,0
40338.08333,0
40338.10417,0
40338.125,0
40338.14583,0
40338.16667,0
40338.1875,0
40338.20833,15
40338.22917,75
40338.25,155
40338.27083,245
40338.29167,339
40338.3125,433
40338.33333,525
40338.35417,612
40338.375,693
40338.39583,764
40338.41667,826
40338.4375,876
40338.45833,913
40338.47917,936
40338.5,946
40338.52083,941
40338.54167,922
40338.5625,890
40338.58333,845
40338.60417,788
40338.625,721
40338.64583,645
40338.66667,561
40338.6875,471
40338.70833,378
40338.72917,285
40338.75,195
40338.77083,112
40338.79167,46
40338.8125,0
40338.83333,0
40338.85417,0
40338.875,0
40338.89583,0
40338.91667,0
40338.9375,0
40338.95833,0
40338.97917,0
40339,0
40339.02083,0
40339.04167,0
40339.0625,0
40339.08333,0
40339.10417,0
40339.125,0
40339.14583,0
40339.16667,0
40339.1875,0
40339.20833,16
40339.22917,80
40339.25,164
40339.27083,258
40339.29167,356
40339.3125,454
40339.33333,549
40339.35417,638
40339.375,720
40339.39583,793
40339.41667,855
40339.4375,906
40339.45833,944
40339.47917,968
40339.5,978
40339.52083,973
40339.54167,953
40339.5625,919
40339.58333,873
40339.60417,815
40339.625,746
40339.64583,668
40339.66667,582
40339.6875,490
40339.70833,395
40339.72917,300
40339.75,207
40339.77083,121
40339.79167,52
40339.8125,0
40339.83333,0
40339.85417,0
40339.875,0
40339.89583,0
40339.91667,0
40339.9375,0
40339.95833,0
40339.97917,0
40340,0
40340.02083,0
40340.04167,0
40340.0625,0
40340.08333,0
40340.10417,0
40340.125,0
40340.14583,0
40340.16667,0
40340.1875,0
40340.20833,16
40340.22917,79
40340.25,161
40340.27083,253
40340.29167,350
40340.3125,446
40340.33333,540
40340.35417,629
40340.375,710
40340.39583,782
40340.41667,844
40340.4375,894
40340.45833,931
40340.47917,954
40340.5,964
40340.52083,959
40340.54167,940
40340.5625,908
40340.58333,862
40340.60417,805
40340.625,736
40340.64583,659
40340.66667,573
40340.6875,483
40340.70833,388
40340.72917,294
40340.75,202
40340.77083,118
40340.79167,49
40340.8125,0
40340.83333,0
40340.85417,0
40340.875,0
40340.89583,0
40340.91667,0
40340.9375,0
40340.95833,0
40340.97917,0
40341,0
40341.02083,0
40341.04167,0
40341.0625,0
40341.08333,0
40341.10417,0
40341.125,0
40341.14583,0
40341.16667,0
40341.1875,0
40341.20833,15
40341.22917,74
40341.25,153
40341.27083,242
40341.29167,335
40341.3125,429
40341.33333,521
40341.35417,609
40341.375,689
40341.39583,761
40341.41667,823
40341.4375,872
40341.45833,909
40341.47917,933
40341.5,943
40341.52083,939
40341.54167,920
40341.5625,889
40341.58333,844
40341.60417,788
40341.625,721
40341.64583,645
40341.66667,561
40341.6875,472
40341.70833,380
40341.72917,287
40341.75,197
40341.77083,115
40341.79167,46
40341.8125,0
40341.83333,0
40341.85417,0
40341.875,0
40341.89583,0
40341.91667,0
40341.9375,0
40341.95833,0
40341.97917,0
40342,0
40342.02083,0
40342.04167,0
40342.0625,0
40342.08333,0
40342.10417,0
40342.125,0
40342.14583,0
40342.16667,0
40342.1875,0
40342.20833,14
40342.22917,72
40342.25,150
40342.27083,238
40342.29167,331
40342.3125,424
40342.33333,515
40342.35417,602
40342.375,682
40342.39583,753
40342.41667,814
40342.4375,863
40342.45833,900
40342.47917,924
40342.5,935
40342.52083,931
40342.54167,914
40342.5625,884
40342.58333,840
40342.60417,785
40342.625,719
40342.64583,643
40342.66667,560
40342.6875,472
40342.70833,380
40342.72917,287
40342.75,197
40342.77083,115
40342.79167,47
40342.8125,0
40342.83333,0
40342.85417,0
40342.875,0
40342.89583,0
40342.91667,0
40342.9375,0
40342.95833,0
40342.97917,0
40343,0
40343.02083,0
40343.04167,0
40343.0625,0
40343.08333,0
40343.10417,0
40343.125,0
40343.14583,0
40343.16667,0
40343.1875,0
40343.20833,15
40343.22917,74
40343.25,154
40343.27083,243
40343.29167,337
40343.3125,432
40343.33333,524
40343.35417,610
40343.375,690
40343.39583,761
40343.41667,822
40343.4375,871
40343.45833,908
40343.47917,931
40343.5,941
40343.52083,937
40343.54167,919
40343.5625,888
40343.58333,844
40343.60417,788
40343.625,722
40343.64583,646
40343.66667,563
40343.6875,474
40343.70833,381
40343.72917,289
40343.75,199
40343.77083,116
40343.79167,48
40343.8125,0
40343.83333,0
40343.85417,0
40343.875,0
40343.89583,0
40343.91667,0
40343.9375,0
40343.95833,0
40343.97917,0
40344,0
40344.02083,0
40344.04167,0
40344.0625,0
40344.08333,0
40344.10417,0
40344.125,0
40344.14583,0
40344.16667,0
40344.1875,0
40344.20833,14
40344.22917,72
40344.25,151
40344.27083,239
40344.29167,331
40344.3125,425
40344.33333,516
40344.35417,603
40344.375,683
40344.39583,755
40344.41667,817
40344.4375,867
40344.45833,904
40344.47917,928
40344.5,939
40344.52083,935
40344.54167,917
40344.5625,886
40344.58333,842
40344.60417,787
40344.625,720
40344.64583,645
40344.66667,561
40344.6875,473
40344.70833,381
40344.72917,289
40344.75,199
40344.77083,116
40344.79167,49
40344.8125,0
40344.83333,0
40344.85417,0
40344.875,0
40344.89583,0
40344.91667,0
40344.9375,0
40344.95833,0
40344.97917,0
40345,0
40345.02083,0
40345.04167,0
40345.0625,0
40345.08333,0
40345.10417,0
40345.125,0
40345.14583,0
40345.16667,0
40345.1875,0
40345.20833,14
40345.22917,72
40345.25,149
40345.27083,237
40345.29167,329
40345.3125,422
40345.33333,513
40345.35417,600
40345.375,680
40345.39583,752
40345.41667,814
40345.4375,864
40345.45833,901
40345.47917,926
40345.5,937
40345.52083,933
40345.54167,916
40345.5625,886
40345.58333,842
40345.60417,787
40345.625,721
40345.64583,645
40345.66667,562
40345.6875,474
40345.70833,382
40345.72917,290
40345.75,200
40345.77083,117
40345.79167,49
40345.8125,0
40345.83333,0
40345.85417,0
40345.875,0
40345.89583,0
40345.91667,0
40345.9375,0
40345.95833,0
40345.97917,0
40346,0
40346.02083,0
40346.04167,0
40346.0625,0
40346.08333,0
40346.10417,0
40346.125,0
40346.14583,0
40346.16667,0
40346.1875,0
40346.20833,15
40346.22917,77
40346.25,158
40346.27083,250
40346.29167,346
40346.3125,443
40346.33333,538
40346.35417,628
40346.375,712
40346.39583,787
40346.41667,851
40346.4375,904
40346.45833,943
40346.47917,969
40346.5,980
40346.52083,978
40346.54167,961
40346.5625,930
40346.58333,885
40346.60417,828
40346.625,760
40346.64583,681
40346.66667,595
40346.6875,502
40346.70833,406
40346.72917,309
40346.75,215
40346.77083,128
40346.79167,55
40346.8125,0
40346.83333,0
40346.85417,0
40346.875,0
40346.89583,0
40346.91667,0
40346.9375,0
40346.95833,0
40346.97917,0
40347,0
40347.02083,0
40347.04167,0
40347.0625,0
40347.08333,0
40347.10417,0
40347.125,0
40347.14583,0
40347.16667,0
40347.1875,0
40347.20833,15
40347.22917,78
40347.25,160
40347.27083,253
40347.29167,351
40347.3125,449
40347.33333,545
40347.35417,636
40347.375,719
40347.39583,794
40347.41667,858
40347.4375,911
40347.45833,950
40347.47917,975
40347.5,987
40347.52083,983
40347.54167,965
40347.5625,933
40347.58333,888
40347.60417,830
40347.625,761
40347.64583,683
40347.66667,596
40347.6875,504
40347.70833,408
40347.72917,311
40347.75,217
40347.77083,129
40347.79167,55
40347.8125,0
40347.83333,0
40347.85417,0
40347.875,0
40347.89583,0
40347.91667,0
40347.9375,0
40347.95833,0
40347.97917,0
40348,0
40348.02083,0
40348.04167,0
40348.0625,0
40348.08333,0
40348.10417,0
40348.125,0
40348.14583,0
40348.16667,0
40348.1875,0
40348.20833,14
40348.22917,75
40348.25,156
40348.27083,246
40348.29167,341
40348.3125,437
40348.33333,530
40348.35417,618
40348.375,699
40348.39583,772
40348.41667,834
40348.4375,885
40348.45833,923
40348.47917,947
40348.5,958
40348.52083,954
40348.54167,936
40348.5625,905
40348.58333,860
40348.60417,803
40348.625,735
40348.64583,658
40348.66667,573
40348.6875,483
40348.70833,390
40348.72917,296
40348.75,205
40348.77083,121
40348.79167,51
40348.8125,0
40348.83333,0
40348.85417,0
40348.875,0
40348.89583,0
40348.91667,0
40348.9375,0
40348.95833,0
40348.97917,0
40349,0
40349.02083,0
40349.04167,0
40349.0625,0
40349.08333,0
40349.10417,0
40349.125,0
40349.14583,0
40349.16667,0
40349.1875,0
40349.20833,13
40349.22917,71
40349.25,150
40349.27083,239
40349.29167,333
40349.3125,429
40349.33333,522
40349.35417,611
40349.375,693
40349.39583,766
40349.41667,829
40349.4375,880
40349.45833,919
40349.47917,944
40349.5,955
40349.52083,953
40349.54167,937
40349.5625,907
40349.58333,864
40349.60417,808
40349.625,742
40349.64583,665
40349.66667,581
40349.6875,491
40349.70833,397
40349.72917,302
40349.75,210
40349.77083,125
40349.79167,53
40349.8125,0
40349.83333,0
40349.85417,0
40349.875,0
40349.89583,0
40349.91667,0
40349.9375,0
40349.95833,0
40349.97917,0
40350,0
40350.02083,0
40350.04167,0
40350.0625,0
40350.08333,0
40350.10417,0
40350.125,0
40350.14583,0
40350.16667,0
40350.1875,0
40350.20833,14
40350.22917,73
40350.25,153
40350.27083,242
40350.29167,337
40350.3125,433
40350.33333,526
40350.35417,615
40350.375,697
40350.39583,771
40350.41667,834
40350.4375,885
40350.45833,923
40350.47917,947
40350.5,958
40350.52083,954
40350.54167,936
40350.5625,904
40350.58333,860
40350.60417,804
40350.625,736
40350.64583,660
40350.66667,575
40350.6875,486
40350.70833,393
40350.72917,300
40350.75,208
40350.77083,124
40350.79167,53
40350.8125,0
40350.83333,0
40350.85417,0
40350.875,0
40350.89583,0
40350.91667,0
40350.9375,0
40350.95833,0
40350.97917,0
40351,0
40351.02083,0
40351.04167,0
40351.0625,0
40351.08333,0
40351.10417,0
40351.125,0
40351.14583,0
40351.16667,0
40351.1875,0
40351.20833,13
40351.22917,70
40351.25,148
40351.27083,236
40351.29167,328
40351.3125,421
40351.33333,513
40351.35417,599
40351.375,680
40351.39583,752
40351.41667,814
40351.4375,865
40351.45833,903
40351.47917,929
40351.5,941
40351.52083,938
40351.54167,922
40351.5625,891
40351.58333,848
40351.60417,793
40351.625,727
40351.64583,652
40351.66667,569
40351.6875,480
40351.70833,387
40351.72917,295
40351.75,205
40351.77083,121
40351.79167,52
40351.8125,0
40351.83333,0
40351.85417,0
40351.875,0
40351.89583,0
40351.91667,0
40351.9375,0
40351.95833,0
40351.97917,0
40352,0
40352.02083,0
40352.04167,0
40352.0625,0
40352.08333,0
40352.10417,0
40352.125,0
40352.14583,0
40352.16667,0
40352.1875,0
40352.20833,13
40352.22917,72
40352.25,151
40352.27083,240
40352.29167,334
40352.3125,429
40352.33333,522
40352.35417,610
40352.375,692
40352.39583,765
40352.41667,828
40352.4375,879
40352.45833,918
40352.47917,943
40352.5,954
40352.52083,951
40352.54167,934
40352.5625,904
40352.58333,860
40352.60417,804
40352.625,736
40352.64583,660
40352.66667,576
40352.6875,487
40352.70833,394
40352.72917,300
40352.75,209
40352.77083,125
40352.79167,53
40352.8125,0
40352.83333,0
40352.85417,0
40352.875,0
40352.89583,0
40352.91667,0
40352.9375,0
40352.95833,0
40352.97917,0
40353,0
40353.02083,0
40353.04167,0
40353.0625,0
40353.08333,0
40353.10417,0
40353.125,0
40353.14583,0
40353.16667,0
40353.1875,0
40353.20833,12
40353.22917,69
40353.25,146
40353.27083,234
40353.29167,327
40353.3125,421
40353.33333,514
40353.35417,601
40353.375,683
40353.39583,755
40353.41667,818
40353.4375,869
40353.45833,907
40353.47917,931
40353.5,942
40353.52083,938
40353.54167,920
40353.5625,890
40353.58333,846
40353.60417,791
40353.625,726
40353.64583,651
40353.66667,569
40353.6875,480
40353.70833,388
40353.72917,296
40353.75,206
40353.77083,123
40353.79167,52
40353.8125,0
40353.83333,0
40353.85417,0
40353.875,0
40353.89583,0
40353.91667,0
40353.9375,0
40353.95833,0
40353.97917,0
40354,0
40354.02083,0
40354.04167,0
40354.0625,0
40354.08333,0
40354.10417,0
40354.125,0
40354.14583,0
40354.16667,0
40354.1875,0
40354.20833,12
40354.22917,72
40354.25,152
40354.27083,243
40354.29167,339
40354.3125,436
40354.33333,531
40354.35417,621
40354.375,705
40354.39583,779
40354.41667,844
40354.4375,896
40354.45833,936
40354.47917,962
40354.5,974
40354.52083,971
40354.54167,955
40354.5625,924
40354.58333,879
40354.60417,823
40354.625,755
40354.64583,677
40354.66667,591
40354.6875,500
40354.70833,405
40354.72917,309
40354.75,216
40354.77083,129
40354.79167,56
40354.8125,0
40354.83333,0
40354.85417,0
40354.875,0
40354.89583,0
40354.91667,0
40354.9375,0
40354.95833,0
40354.97917,0
40355,0
40355.02083,0
40355.04167,0
40355.0625,0
40355.08333,0
40355.10417,0
40355.125,0
40355.14583,0
40355.16667,0
40355.1875,0
40355.20833,12
40355.22917,71
40355.25,150
40355.27083,240
40355.29167,335
40355.3125,430
40355.33333,523
40355.35417,611
40355.375,693
40355.39583,766
40355.41667,828
40355.4375,879
40355.45833,918
40355.47917,943
40355.5,955
40355.52083,953
40355.54167,936
40355.5625,906
40355.58333,863
40355.60417,807
40355.625,741
40355.64583,665
40355.66667,581
40355.6875,491
40355.70833,397
40355.72917,302
40355.75,210
40355.77083,125
40355.79167,53
40355.8125,0
40355.83333,0
40355.85417,0
40355.875,0
40355.89583,0
40355.91667,0
40355.9375,0
40355.95833,0
40355.97917,0
40356,0
40356.02083,0
40356.04167,0
40356.0625,0
40356.08333,0
40356.10417,0
40356.125,0
40356.14583,0
40356.16667,0
40356.1875,0
40356.20833,11
40356.22917,67
40356.25,144
40356.27083,231
40356.29167,323
40356.3125,417
40356.33333,509
40356.35417,597
40356.375,678
40356.39583,751
40356.41667,814
40356.4375,865
40356.45833,905
40356.47917,931
40356.5,943
40356.52083,941
40356.54167,924
40356.5625,894
40356.58333,851
40356.60417,795
40356.625,729
40356.64583,653
40356.66667,570
40356.6875,481
40356.70833,388
40356.72917,295
40356.75,205
40356.77083,121
40356.79167,51
40356.8125,0
40356.83333,0
40356.85417,0
40356.875,0
40356.89583,0
40356.91667,0
40356.9375,0
40356.95833,0
40356.97917,0
40357,0
40357.02083,0
40357.04167,0
40357.0625,0
40357.08333,0
40357.10417,0
40357.125,0
40357.14583,0
40357.16667,0
40357.1875,0
40357.20833,10
40357.22917,65
40357.25,141
40357.27083,227
40357.29167,319
40357.3125,412
40357.33333,503
40357.35417,590
40357.375,670
40357.39583,742
40357.41667,804
40357.4375,855
40357.45833,894
40357.47917,919
40357.5,931
40357.52083,929
40357.54167,913
40357.5625,883
40357.58333,841
40357.60417,786
40357.625,720
40357.64583,645
40357.66667,563
40357.6875,475
40357.70833,384
40357.72917,292
40357.75,202
40357.77083,120
40357.79167,51
40357.8125,0
40357.83333,0
40357.85417,0
40357.875,0
40357.89583,0
40357.91667,0
40357.9375,0
40357.95833,0
40357.97917,0
40358,0
40358.02083,0
40358.04167,0
40358.0625,0
40358.08333,0
40358.10417,0
40358.125,0
40358.14583,0
40358.16667,0
40358.1875,0
40358.20833,9
40358.22917,64
40358.25,141
40358.27083,229
40358.29167,323
40358.3125,419
40358.33333,514
40358.35417,605
40358.375,690
40358.39583,766
40358.41667,833
40358.4375,887
40358.45833,928
40358.47917,955
40358.5,967
40358.52083,964
40358.54167,947
40358.5625,916
40358.58333,872
40358.60417,815
40358.625,747
40358.64583,669
40358.66667,584
40358.6875,493
40358.70833,398
40358.72917,303
40358.75,211
40358.77083,125
40358.79167,53
40358.8125,0
40358.83333,0
40358.85417,0
40358.875,0
40358.89583,0
40358.91667,0
40358.9375,0
40358.95833,0
40358.97917,0
40359,0
40359.02083,0
40359.04167,0
40359.0625,0
40359.08333,0
40359.10417,0
40359.125,0
40359.14583,0
40359.16667,0
40359.1875,0
40359.20833,9
40359.22917,66
40359.25,146
40359.27083,236
40359.29167,333
40359.3125,430
40359.33333,527
40359.35417,619
40359.375,705
40359.39583,782
40359.41667,849
40359.4375,904
40359.45833,946
40359.47917,975
40359.5,989
40359.52083,987
40359.54167,972
40359.5625,941
40359.58333,897
40359.60417,840
40359.625,771
40359.64583,692
40359.66667,604
40359.6875,511
40359.70833,414
40359.72917,316
40359.75,221
40359.77083,132
40359.79167,57
40359.8125,0
40359.83333,0
40359.85417,0
40359.875,0
40359.89583,0
40359.91667,0
40359.9375,0
40359.95833,0
40359.97917,0
40360,0
40360.02083,0
40360.04167,0
40360.0625,0
40360.08333,0
40360.10417,0
40360.125,0
40360.14583,0
40360.16667,0
40360.1875,0
40360.20833,9
40360.22917,69
40360.25,151
40360.27083,245
40360.29167,344
40360.3125,445
40360.33333,543
40360.35417,637
40360.375,724
40360.39583,801
40360.41667,868
40360.4375,923
40360.45833,964
40360.47917,990
40360.5,1002
40360.52083,1000
40360.54167,982
40360.5625,950
40360.58333,905
40360.60417,847
40360.625,777
40360.64583,697
40360.66667,609
40360.6875,516
40360.70833,418
40360.72917,319
40360.75,223
40360.77083,134
40360.79167,58
40360.8125,0
40360.83333,0
40360.85417,0
40360.875,0
40360.89583,0
40360.91667,0
40360.9375,0
40360.95833,0
40360.97917,0
40361,0
40361.02083,0
40361.04167,0
40361.0625,0
40361.08333,0
40361.10417,0
40361.125,0
40361.14583,0
40361.16667,0
40361.1875,0
40361.20833,9
40361.22917,67
40361.25,147
40361.27083,240
40361.29167,337
40361.3125,435
40361.33333,532
40361.35417,624
40361.375,710
40361.39583,786
40361.41667,853
40361.4375,908
40361.45833,950
40361.47917,977
40361.5,991
40361.52083,989
40361.54167,973
40361.5625,943
40361.58333,899
40361.60417,842
40361.625,773
40361.64583,695
40361.66667,608
40361.6875,515
40361.70833,418
40361.72917,320
40361.75,224
40361.77083,134
40361.79167,58
40361.8125,0
40361.83333,0
40361.85417,0
40361.875,0
40361.89583,0
40361.91667,0
40361.9375,0
40361.95833,0
40361.97917,0
40362,0
40362.02083,0
40362.04167,0
40362.0625,0
40362.08333,0
40362.10417,0
40362.125,0
40362.14583,0
40362.16667,0
40362.1875,0
40362.20833,8
40362.22917,65
40362.25,145
40362.27083,237
40362.29167,333
40362.3125,431
40362.33333,527
40362.35417,619
40362.375,705
40362.39583,782
40362.41667,848
40362.4375,902
40362.45833,944
40362.47917,971
40362.5,984
40362.52083,982
40362.54167,966
40362.5625,935
40362.58333,891
40362.60417,834
40362.625,766
40362.64583,688
40362.66667,602
40362.6875,510
40362.70833,413
40362.72917,316
40362.75,221
40362.77083,132
40362.79167,57
40362.8125,0
40362.83333,0
40362.85417,0
40362.875,0
40362.89583,0
40362.91667,0
40362.9375,0
40362.95833,0
40362.97917,0
40363,0
40363.02083,0
40363.04167,0
40363.0625,0
40363.08333,0
40363.10417,0
40363.125,0
40363.14583,0
40363.16667,0
40363.1875,0
40363.20833,7
40363.22917,64
40363.25,144
40363.27083,236
40363.29167,333
40363.3125,430
40363.33333,527
40363.35417,618
40363.375,703
40363.39583,778
40363.41667,844
40363.4375,898
40363.45833,939
40363.47917,967
40363.5,980
40363.52083,978
40363.54167,962
40363.5625,932
40363.58333,888
40363.60417,831
40363.625,763
40363.64583,685
40363.66667,599
40363.6875,507
40363.70833,411
40363.72917,313
40363.75,219
40363.77083,130
40363.79167,56
40363.8125,0
40363.83333,0
40363.85417,0
40363.875,0
40363.89583,0
40363.91667,0
40363.9375,0
40363.95833,0
40363.97917,0
40364,0
40364.02083,0
40364.04167,0
40364.0625,0
40364.08333,0
40364.10417,0
40364.125,0
40364.14583,0
40364.16667,0
40364.1875,0
40364.20833,6
40364.22917,61
40364.25,139
40364.27083,228
40364.29167,322
40364.3125,418
40364.33333,511
40364.35417,601
40364.375,683
40364.39583,757
40364.41667,821
40364.4375,874
40364.45833,914
40364.47917,940
40364.5,952
40364.52083,950
40364.54167,934
40364.5625,904
40364.58333,861
40364.60417,805
40364.625,739
40364.64583,662
40364.66667,578
40364.6875,488
40364.70833,394
40364.72917,300
40364.75,208
40364.77083,123
40364.79167,52
40364.8125,0
40364.83333,0
40364.85417,0
40364.875,0
40364.89583,0
40364.91667,0
40364.9375,0
40364.95833,0
40364.97917,0
40365,0
40365.02083,0
40365.04167,0
40365.0625,0
40365.08333,0
40365.10417,0
40365.125,0
40365.14583,0
40365.16667,0
40365.1875,0
40365.20833,6
40365.22917,59
40365.25,136
40365.27083,224
40365.29167,318
40365.3125,414
40365.33333,508
40365.35417,597
40365.375,681
40365.39583,755
40365.41667,820
40365.4375,874
40365.45833,914
40365.47917,942
40365.5,955
40365.52083,954
40365.54167,939
40365.5625,910
40365.58333,867
40365.60417,812
40365.625,746
40365.64583,669
40365.66667,585
40365.6875,494
40365.70833,399
40365.72917,304
40365.75,211
40365.77083,125
40365.79167,52
40365.8125,0
40365.83333,0
40365.85417,0
40365.875,0
40365.89583,0
40365.91667,0
40365.9375,0
40365.95833,0
40365.97917,0
40366,0
40366.02083,0
40366.04167,0
40366.0625,0
40366.08333,0
40366.10417,0
40366.125,0
40366.14583,0
40366.16667,0
40366.1875,0
40366.20833,0
40366.22917,57
40366.25,133
40366.27083,222
40366.29167,316
40366.3125,413
40366.33333,508
40366.35417,598
40366.375,682
40366.39583,757
40366.41667,822
40366.4375,875
40366.45833,914
40366.47917,940
40366.5,952
40366.52083,949
40366.54167,933
40366.5625,902
40366.58333,858
40366.60417,802
40366.625,735
40366.64583,659
40366.66667,574
40366.6875,484
40366.70833,390
40366.72917,296
40366.75,205
40366.77083,120
40366.79167,49
40366.8125,0
40366.83333,0
40366.85417,0
40366.875,0
40366.89583,0
40366.91667,0
40366.9375,0
40366.95833,0
40366.97917,0
40367,0
40367.02083,0
40367.04167,0
40367.0625,0
40367.08333,0
40367.10417,0
40367.125,0
40367.14583,0
40367.16667,0
40367.1875,0
40367.20833,0
40367.22917,54
40367.25,128
40367.27083,215
40367.29167,307
40367.3125,401
40367.33333,493
40367.35417,582
40367.375,664
40367.39583,738
40367.41667,802
40367.4375,855
40367.45833,895
40367.47917,921
40367.5,934
40367.52083,932
40367.54167,917
40367.5625,887
40367.58333,845
40367.60417,790
40367.625,724
40367.64583,649
40367.66667,566
40367.6875,477
40367.70833,385
40367.72917,292
40367.75,202
40367.77083,118
40367.79167,48
40367.8125,0
40367.83333,0
40367.85417,0
40367.875,0
40367.89583,0
40367.91667,0
40367.9375,0
40367.95833,0
40367.97917,0
40368,0
40368.02083,0
40368.04167,0
40368.0625,0
40368.08333,0
40368.10417,0
40368.125,0
40368.14583,0
40368.16667,0
40368.1875,0
40368.20833,0
40368.22917,53
40368.25,126
40368.27083,212
40368.29167,304
40368.3125,397
40368.33333,489
40368.35417,577
40368.375,659
40368.39583,733
40368.41667,797
40368.4375,849
40368.45833,890
40368.47917,917
40368.5,931
40368.52083,930
40368.54167,915
40368.5625,887
40368.58333,845
40368.60417,791
40368.625,725
40368.64583,651
40368.66667,568
40368.6875,479
40368.70833,386
40368.72917,293
40368.75,202
40368.77083,118
40368.79167,48
40368.8125,0
40368.83333,0
40368.85417,0
40368.875,0
40368.89583,0
40368.91667,0
40368.9375,0
40368.95833,0
40368.97917,0
40369,0
40369.02083,0
40369.04167,0
40369.0625,0
40369.08333,0
40369.10417,0
40369.125,0
40369.14583,0
40369.16667,0
40369.1875,0
40369.20833,0
40369.22917,50
40369.25,123
40369.27083,208
40369.29167,298
40369.3125,391
40369.33333,482
40369.35417,570
40369.375,651
40369.39583,724
40369.41667,788
40369.4375,840
40369.45833,880
40369.47917,907
40369.5,921
40369.52083,921
40369.54167,906
40369.5625,878
40369.58333,837
40369.60417,783
40369.625,718
40369.64583,644
40369.66667,562
40369.6875,474
40369.70833,383
40369.72917,290
40369.75,200
40369.77083,117
40369.79167,47
40369.8125,0
40369.83333,0
40369.85417,0
40369.875,0
40369.89583,0
40369.91667,0
40369.9375,0
40369.95833,0
40369.97917,0
40370,0
40370.02083,0
40370.04167,0
40370.0625,0
40370.08333,0
40370.10417,0
40370.125,0
40370.14583,0
40370.16667,0
40370.1875,0
40370.20833,0
40370.22917,52
40370.25,127
40370.27083,215
40370.29167,309
40370.3125,405
40370.33333,500
40370.35417,590
40370.375,675
40370.39583,751
40370.41667,817
40370.4375,872
40370.45833,914
40370.47917,943
40370.5,958
40370.52083,958
40370.54167,944
40370.5625,915
40370.58333,873
40370.60417,818
40370.625,751
40370.64583,674
40370.66667,589
40370.6875,498
40370.70833,403
40370.72917,306
40370.75,212
40370.77083,124
40370.79167,51
40370.8125,0
40370.83333,0
40370.85417,0
40370.875,0
40370.89583,0
40370.91667,0
40370.9375,0
40370.95833,0
40370.97917,0
40371,0
40371.02083,0
40371.04167,0
40371.0625,0
40371.08333,0
40371.10417,0
40371.125,0
40371.14583,0
40371.16667,0
40371.1875,0
40371.20833,0
40371.22917,51
40371.25,126
40371.27083,213
40371.29167,306
40371.3125,401
40371.33333,494
40371.35417,583
40371.375,666
40371.39583,740
40371.41667,805
40371.4375,858
40371.45833,898
40371.47917,924
40371.5,937
40371.52083,935
40371.54167,918
40371.5625,888
40371.58333,845
40371.60417,789
40371.625,722
40371.64583,646
40371.66667,562
40371.6875,473
40371.70833,380
40371.72917,288
40371.75,197
40371.77083,114
40371.79167,45
40371.8125,0
40371.83333,0
40371.85417,0
40371.875,0
40371.89583,0
40371.91667,0
40371.9375,0
40371.95833,0
40371.97917,0
40372,0
40372.02083,0
40372.04167,0
40372.0625,0
40372.08333,0
40372.10417,0
40372.125,0
40372.14583,0
40372.16667,0
40372.1875,0
40372.20833,0
40372.22917,47
40372.25,120
40372.27083,205
40372.29167,297
40372.3125,391
40372.33333,483
40372.35417,572
40372.375,655
40372.39583,730
40372.41667,795
40372.4375,848
40372.45833,888
40372.47917,915
40372.5,928
40372.52083,927
40372.54167,911
40372.5625,881
40372.58333,839
40372.60417,783
40372.625,717
40372.64583,641
40372.66667,557
40372.6875,468
40372.70833,376
40372.72917,284
40372.75,194
40372.77083,112
40372.79167,44
40372.8125,0
40372.83333,0
40372.85417,0
40372.875,0
40372.89583,0
40372.91667,0
40372.9375,0
40372.95833,0
40372.97917,0
40373,0
40373.02083,0
40373.04167,0
40373.0625,0
40373.08333,0
40373.10417,0
40373.125,0
40373.14583,0
40373.16667,0
40373.1875,0
40373.20833,0
40373.22917,45
40373.25,117
40373.27083,202
40373.29167,293
40373.3125,386
40373.33333,478
40373.35417,566
40373.375,648
40373.39583,721
40373.41667,785
40373.4375,838
40373.45833,878
40373.47917,904
40373.5,918
40373.52083,917
40373.54167,902
40373.5625,874
40373.58333,832
40373.60417,778
40373.625,714
40373.64583,639
40373.66667,557
40373.6875,469
40373.70833,378
40373.72917,285
40373.75,195
40373.77083,112
40373.79167,44
40373.8125,0
40373.83333,0
40373.85417,0
40373.875,0
40373.89583,0
40373.91667,0
40373.9375,0
40373.95833,0
40373.97917,0
40374,0
40374.02083,0
40374.04167,0
40374.0625,0
40374.08333,0
40374.10417,0
40374.125,0
40374.14583,0
40374.16667,0
40374.1875,0
40374.20833,0
40374.22917,46
40374.25,119
40374.27083,205
40374.29167,298
40374.3125,393
40374.33333,486
40374.35417,576
40374.375,659
40374.39583,734
40374.41667,799
40374.4375,853
40374.45833,894
40374.47917,922
40374.5,935
40374.52083,934
40374.54167,919
40374.5625,889
40374.58333,847
40374.60417,791
40374.625,725
40374.64583,649
40374.66667,565
40374.6875,475
40374.70833,382
40374.72917,288
40374.75,197
40374.77083,113
40374.79167,44
40374.8125,0
40374.83333,0
40374.85417,0
40374.875,0
40374.89583,0
40374.91667,0
40374.9375,0
40374.95833,0
40374.97917,0
40375,0
40375.02083,0
40375.04167,0
40375.0625,0
40375.08333,0
40375.10417,0
40375.125,0
40375.14583,0
40375.16667,0
40375.1875,0
40375.20833,0
40375.22917,44
40375.25,116
40375.27083,202
40375.29167,294
40375.3125,389
40375.33333,482
40375.35417,572
40375.375,656
40375.39583,731
40375.41667,797
40375.4375,851
40375.45833,893
40375.47917,921
40375.5,935
40375.52083,934
40375.54167,919
40375.5625,889
40375.58333,846
40375.60417,790
40375.625,722
40375.64583,645
40375.66667,560
40375.6875,469
40375.70833,376
40375.72917,283
40375.75,192
40375.77083,109
40375.79167,42
40375.8125,0
40375.83333,0
40375.85417,0
40375.875,0
40375.89583,0
40375.91667,0
40375.9375,0
40375.95833,0
40375.97917,0
40376,0
40376.02083,0
40376.04167,0
40376.0625,0
40376.08333,0
40376.10417,0
40376.125,0
40376.14583,0
40376.16667,0
40376.1875,0
40376.20833,0
40376.22917,43
40376.25,116
40376.27083,202
40376.29167,296
40376.3125,392
40376.33333,487
40376.35417,577
40376.375,662
40376.39583,737
40376.41667,803
40376.4375,857
40376.45833,898
40376.47917,925
40376.5,938
40376.52083,936
40376.54167,921
40376.5625,891
40376.58333,848
40376.60417,792
40376.625,725
40376.64583,649
40376.66667,564
40376.6875,474
40376.70833,381
40376.72917,287
40376.75,195
40376.77083,111
40376.79167,43
40376.8125,0
40376.83333,0
40376.85417,0
40376.875,0
40376.89583,0
40376.91667,0
40376.9375,0
40376.95833,0
40376.97917,0
40377,0
40377.02083,0
40377.04167,0
40377.0625,0
40377.08333,0
40377.10417,0
40377.125,0
40377.14583,0
40377.16667,0
40377.1875,0
40377.20833,0
40377.22917,41
40377.25,113
40377.27083,199
40377.29167,292
40377.3125,386
40377.33333,479
40377.35417,569
40377.375,652
40377.39583,728
40377.41667,793
40377.4375,848
40377.45833,890
40377.47917,918
40377.5,933
40377.52083,933
40377.54167,918
40377.5625,889
40377.58333,847
40377.60417,792
40377.625,725
40377.64583,649
40377.66667,564
40377.6875,474
40377.70833,380
40377.72917,285
40377.75,193
40377.77083,109
40377.79167,42
40377.8125,0
40377.83333,0
40377.85417,0
40377.875,0
40377.89583,0
40377.91667,0
40377.9375,0
40377.95833,0
40377.97917,0
40378,0
40378.02083,0
40378.04167,0
40378.0625,0
40378.08333,0
40378.10417,0
40378.125,0
40378.14583,0
40378.16667,0
40378.1875,0
40378.20833,0
40378.22917,39
40378.25,109
40378.27083,194
40378.29167,285
40378.3125,378
40378.33333,470
40378.35417,559
40378.375,641
40378.39583,716
40378.41667,781
40378.4375,834
40378.45833,875
40378.47917,903
40378.5,918
40378.52083,918
40378.54167,904
40378.5625,876
40378.58333,835
40378.60417,781
40378.625,716
40378.64583,640
40378.66667,556
40378.6875,467
40378.70833,374
40378.72917,280
40378.75,189
40378.77083,106
40378.79167,40
40378.8125,0
40378.83333,0
40378.85417,0
40378.875,0
40378.89583,0
40378.91667,0
40378.9375,0
40378.95833,0
40378.97917,0
40379,0
40379.02083,0
40379.04167,0
40379.0625,0
40379.08333,0
40379.10417,0
40379.125,0
40379.14583,0
40379.16667,0
40379.1875,0
40379.20833,0
40379.22917,38
40379.25,109
40379.27083,194
40379.29167,286
40379.3125,379
40379.33333,472
40379.35417,560
40379.375,642
40379.39583,716
40379.41667,780
40379.4375,833
40379.45833,873
40379.47917,900
40379.5,913
40379.52083,912
40379.54167,897
40379.5625,869
40379.58333,827
40379.60417,773
40379.625,707
40379.64583,632
40379.66667,549
40379.6875,461
40379.70833,368
40379.72917,276
40379.75,186
40379.77083,104
40379.79167,39
40379.8125,0
40379.83333,0
40379.85417,0
40379.875,0
40379.89583,0
40379.91667,0
40379.9375,0
40379.95833,0
40379.97917,0
40380,0
40380.02083,0
40380.04167,0
40380.0625,0
40380.08333,0
40380.10417,0
40380.125,0
40380.14583,0
40380.16667,0
40380.1875,0
40380.20833,0
40380.22917,36
40380.25,106
40380.27083,190
40380.29167,281
40380.3125,374
40380.33333,466
40380.35417,555
40380.375,637
40380.39583,712
40380.41667,777
40380.4375,832
40380.45833,874
40380.47917,903
40380.5,918
40380.52083,918
40380.54167,904
40380.5625,875
40380.58333,833
40380.60417,778
40380.625,712
40380.64583,637
40380.66667,553
40380.6875,464
40380.70833,371
40380.72917,278
40380.75,187
40380.77083,104
40380.79167,39
40380.8125,0
40380.83333,0
40380.85417,0
40380.875,0
40380.89583,0
40380.91667,0
40380.9375,0
40380.95833,0
40380.97917,0
40381,0
40381.02083,0
40381.04167,0
40381.0625,0
40381.08333,0
40381.10417,0
40381.125,0
40381.14583,0
40381.16667,0
40381.1875,0
40381.20833,0
40381.22917,36
40381.25,108
40381.27083,195
40381.29167,289
40381.3125,385
40381.33333,480
40381.35417,571
40381.375,656
40381.39583,732
40381.41667,798
40381.4375,853
40381.45833,894
40381.47917,923
40381.5,937
40381.52083,937
40381.54167,922
40381.5625,893
40381.58333,850
40381.60417,795
40381.625,728
40381.64583,650
40381.66667,565
40381.6875,474
40381.70833,379
40381.72917,284
40381.75,191
40381.77083,106
40381.79167,40
40381.8125,0
40381.83333,0
40381.85417,0
40381.875,0
40381.89583,0
40381.91667,0
40381.9375,0
40381.95833,0
40381.97917,0
40382,0
40382.02083,0
40382.04167,0
40382.0625,0
40382.08333,0
40382.10417,0
40382.125,0
40382.14583,0
40382.16667,0
40382.1875,0
40382.20833,0
40382.22917,33
40382.25,103
40382.27083,187
40382.29167,279
40382.3125,373
40382.33333,466
40382.35417,555
40382.375,638
40382.39583,713
40382.41667,779
40382.4375,832
40382.45833,874
40382.47917,901
40382.5,915
40382.52083,914
40382.54167,899
40382.5625,870
40382.58333,828
40382.60417,774
40382.625,708
40382.64583,632
40382.66667,549
40382.6875,460
40382.70833,367
40382.72917,273
40382.75,183
40382.77083,100
40382.79167,37
40382.8125,0
40382.83333,0
40382.85417,0
40382.875,0
40382.89583,0
40382.91667,0
40382.9375,0
40382.95833,0
40382.97917,0
40383,0
40383.02083,0
40383.04167,0
40383.0625,0
40383.08333,0
40383.10417,0
40383.125,0
40383.14583,0
40383.16667,0
40383.1875,0
40383.20833,0
40383.22917,32
40383.25,101
40383.27083,185
40383.29167,277
40383.3125,371
40383.33333,464
40383.35417,553
40383.375,636
40383.39583,711
40383.41667,776
40383.4375,829
40383.45833,870
40383.47917,898
40383.5,911
40383.52083,910
40383.54167,895
40383.5625,867
40383.58333,824
40383.60417,770
40383.625,705
40383.64583,629
40383.66667,546
40383.6875,457
40383.70833,364
40383.72917,271
40383.75,180
40383.77083,98
40383.79167,37
40383.8125,0
40383.83333,0
40383.85417,0
40383.875,0
40383.89583,0
40383.91667,0
40383.9375,0
40383.95833,0
40383.97917,0
40384,0
40384.02083,0
40384.04167,0
40384.0625,0
40384.08333,0
40384.10417,0
40384.125,0
40384.14583,0
40384.16667,0
40384.1875,0
40384.20833,0
40384.22917,31
40384.25,99
40384.27083,184
40384.29167,275
40384.3125,369
40384.33333,462
40384.35417,551
40384.375,634
40384.39583,709
40384.41667,774
40384.4375,827
40384.45833,867
40384.47917,894
40384.5,908
40384.52083,907
40384.54167,891
40384.5625,862
40384.58333,820
40384.60417,765
40384.625,700
40384.64583,624
40384.66667,541
40384.6875,452
40384.70833,359
40384.72917,267
40384.75,177
40384.77083,96
40384.79167,36
40384.8125,0
40384.83333,0
40384.85417,0
40384.875,0
40384.89583,0
40384.91667,0
40384.9375,0
40384.95833,0
40384.97917,0
40385,0
40385.02083,0
40385.04167,0
40385.0625,0
40385.08333,0
40385.10417,0
40385.125,0
40385.14583,0
40385.16667,0
40385.1875,0
40385.20833,0
40385.22917,31
40385.25,104
40385.27083,193
40385.29167,290
40385.3125,390
40385.33333,488
40385.35417,582
40385.375,670
40385.39583,748
40385.41667,816
40385.4375,872
40385.45833,915
40385.47917,944
40385.5,958
40385.52083,957
40385.54167,941
40385.5625,911
40385.58333,867
40385.60417,809
40385.625,740
40385.64583,661
40385.66667,574
40385.6875,480
40385.70833,382
40385.72917,284
40385.75,189
40385.77083,102
40385.79167,0
40385.8125,0
40385.83333,0
40385.85417,0
40385.875,0
40385.89583,0
40385.91667,0
40385.9375,0
40385.95833,0
40385.97917,0
40386,0
40386.02083,0
40386.04167,0
40386.0625,0
40386.08333,0
40386.10417,0
40386.125,0
40386.14583,0
40386.16667,0
40386.1875,0
40386.20833,0
40386.22917,29
40386.25,99
40386.27083,186
40386.29167,280
40386.3125,376
40386.33333,471
40386.35417,562
40386.375,647
40386.39583,723
40386.41667,789
40386.4375,843
40386.45833,884
40386.47917,911
40386.5,924
40386.52083,923
40386.54167,907
40386.5625,876
40386.58333,833
40386.60417,777
40386.625,709
40386.64583,632
40386.66667,547
40386.6875,457
40386.70833,363
40386.72917,269
40386.75,178
40386.77083,95
40386.79167,0
40386.8125,0
40386.83333,0
40386.85417,0
40386.875,0
40386.89583,0
40386.91667,0
40386.9375,0
40386.95833,0
40386.97917,0
40387,0
40387.02083,0
40387.04167,0
40387.0625,0
40387.08333,0
40387.10417,0
40387.125,0
40387.14583,0
40387.16667,0
40387.1875,0
40387.20833,0
40387.22917,27
40387.25,95
40387.27083,180
40387.29167,272
40387.3125,368
40387.33333,462
40387.35417,553
40387.375,637
40387.39583,714
40387.41667,780
40387.4375,834
40387.45833,876
40387.47917,904
40387.5,919
40387.52083,918
40387.54167,903
40387.5625,874
40387.58333,832
40387.60417,776
40387.625,709
40387.64583,632
40387.66667,546
40387.6875,455
40387.70833,361
40387.72917,266
40387.75,175
40387.77083,92
40387.79167,0
40387.8125,0
40387.83333,0
40387.85417,0
40387.875,0
40387.89583,0
40387.91667,0
40387.9375,0
40387.95833,0
40387.97917,0
40388,0
40388.02083,0
40388.04167,0
40388.0625,0
40388.08333,0
40388.10417,0
40388.125,0
40388.14583,0
40388.16667,0
40388.1875,0
40388.20833,0
40388.22917,25
40388.25,91
40388.27083,174
40388.29167,265
40388.3125,359
40388.33333,452
40388.35417,541
40388.375,624
40388.39583,699
40388.41667,764
40388.4375,819
40388.45833,861
40388.47917,889
40388.5,904
40388.52083,904
40388.54167,889
40388.5625,861
40388.58333,818
40388.60417,763
40388.625,697
40388.64583,621
40388.66667,537
40388.6875,447
40388.70833,354
40388.72917,261
40388.75,171
40388.77083,89
40388.79167,0
40388.8125,0
40388.83333,0
40388.85417,0
40388.875,0
40388.89583,0
40388.91667,0
40388.9375,0
40388.95833,0
40388.97917,0
40389,0
40389.02083,0
40389.04167,0
40389.0625,0
40389.08333,0
40389.10417,0
40389.125,0
40389.14583,0
40389.16667,0
40389.1875,0
40389.20833,0
40389.22917,25
40389.25,96
40389.27083,184
40389.29167,280
40389.3125,379
40389.33333,477
40389.35417,571
40389.375,659
40389.39583,737
40389.41667,805
40389.4375,862
40389.45833,905
40389.47917,933
40389.5,948
40389.52083,947
40389.54167,931
40389.5625,900
40389.58333,856
40389.60417,798
40389.625,729
40389.64583,649
40389.66667,561
40389.6875,467
40389.70833,370
40389.72917,272
40389.75,178
40389.77083,93
40389.79167,0
40389.8125,0
40389.83333,0
40389.85417,0
40389.875,0
40389.89583,0
40389.91667,0
40389.9375,0
40389.95833,0
40389.97917,0
40390,0
40390.02083,0
40390.04167,0
40390.0625,0
40390.08333,0
40390.10417,0
40390.125,0
40390.14583,0
40390.16667,0
40390.1875,0
40390.20833,0
40390.22917,23
40390.25,90
40390.27083,176
40390.29167,270
40390.3125,366
40390.33333,461
40390.35417,553
40390.375,638
40390.39583,715
40390.41667,782
40390.4375,837
40390.45833,879
40390.47917,907
40390.5,921
40390.52083,919
40390.54167,904
40390.5625,873
40390.58333,830
40390.60417,773
40390.625,705
40390.64583,628
40390.66667,542
40390.6875,451
40390.70833,356
40390.72917,261
40390.75,169
40390.77083,86
40390.79167,0
40390.8125,0
40390.83333,0
40390.85417,0
40390.875,0
40390.89583,0
40390.91667,0
40390.9375,0
40390.95833,0
40390.97917,0
40391,0
40391.02083,0
40391.04167,0
40391.0625,0
40391.08333,0
40391.10417,0
40391.125,0
40391.14583,0
40391.16667,0
40391.1875,0
40391.20833,0
40391.22917,21
40391.25,86
40391.27083,170
40391.29167,263
40391.3125,358
40391.33333,453
40391.35417,545
40391.375,630
40391.39583,707
40391.41667,774
40391.4375,829
40391.45833,872
40391.47917,900
40391.5,914
40391.52083,913
40391.54167,898
40391.5625,868
40391.58333,825
40391.60417,769
40391.625,702
40391.64583,624
40391.66667,539
40391.6875,448
40391.70833,353
40391.72917,258
40391.75,167
40391.77083,85
40391.79167,0
40391.8125,0
40391.83333,0
40391.85417,0
40391.875,0
40391.89583,0
40391.91667,0
40391.9375,0
40391.95833,0
40391.97917,0
40392,0
40392.02083,0
40392.04167,0
40392.0625,0
40392.08333,0
40392.10417,0
40392.125,0
40392.14583,0
40392.16667,0
40392.1875,0
40392.20833,0
40392.22917,19
40392.25,85
40392.27083,169
40392.29167,262
40392.3125,357
40392.33333,452
40392.35417,543
40392.375,627
40392.39583,704
40392.41667,770
40392.4375,824
40392.45833,865
40392.47917,893
40392.5,906
40392.52083,905
40392.54167,889
40392.5625,859
40392.58333,815
40392.60417,759
40392.625,691
40392.64583,614
40392.66667,529
40392.6875,439
40392.70833,345
40392.72917,252
40392.75,162
40392.77083,80
40392.79167,0
40392.8125,0
40392.83333,0
40392.85417,0
40392.875,0
40392.89583,0
40392.91667,0
40392.9375,0
40392.95833,0
40392.97917,0
40393,0
40393.02083,0
40393.04167,0
40393.0625,0
40393.08333,0
40393.10417,0
40393.125,0
40393.14583,0
40393.16667,0
40393.1875,0
40393.20833,0
40393.22917,17
40393.25,81
40393.27083,164
40393.29167,255
40393.3125,350
40393.33333,444
40393.35417,534
40393.375,618
40393.39583,694
40393.41667,760
40393.4375,814
40393.45833,855
40393.47917,883
40393.5,896
40393.52083,894
40393.54167,879
40393.5625,849
40393.58333,806
40393.60417,750
40393.625,683
40393.64583,606
40393.66667,522
40393.6875,432
40393.70833,339
40393.72917,246
40393.75,156
40393.77083,77
40393.79167,0
40393.8125,0
40393.83333,0
40393.85417,0
40393.875,0
40393.89583,0
40393.91667,0
40393.9375,0
40393.95833,0
40393.97917,0
40394,0
40394.02083,0
40394.04167,0
40394.0625,0
40394.08333,0
40394.10417,0
40394.125,0
40394.14583,0
40394.16667,0
40394.1875,0
40394.20833,0
40394.22917,16
40394.25,79
40394.27083,160
40394.29167,251
40394.3125,345
40394.33333,438
40394.35417,528
40394.375,612
40394.39583,687
40394.41667,753
40394.4375,807
40394.45833,849
40394.47917,877
40394.5,891
40394.52083,890
40394.54167,875
40394.5625,846
40394.58333,803
40394.60417,748
40394.625,681
40394.64583,605
40394.66667,520
40394.6875,430
40394.70833,337
40394.72917,244
40394.75,154
40394.77083,75
40394.79167,0
40394.8125,0
40394.83333,0
40394.85417,0
40394.875,0
40394.89583,0
40394.91667,0
40394.9375,0
40394.95833,0
40394.97917,0
40395,0
40395.02083,0
40395.04167,0
40395.0625,0
40395.08333,0
40395.10417,0
40395.125,0
40395.14583,0
40395.16667,0
40395.1875,0
40395.20833,0
40395.22917,15
40395.25,77
40395.27083,159
40395.29167,250
40395.3125,345
40395.33333,439
40395.35417,530
40395.375,614
40395.39583,690
40395.41667,756
40395.4375,810
40395.45833,851
40395.47917,879
40395.5,892
40395.52083,891
40395.54167,875
40395.5625,845
40395.58333,801
40395.60417,745
40395.625,678
40395.64583,601
40395.66667,517
40395.6875,426
40395.70833,333
40395.72917,240
40395.75,151
40395.77083,72
40395.79167,0
40395.8125,0
40395.83333,0
40395.85417,0
40395.875,0
40395.89583,0
40395.91667,0
40395.9375,0
40395.95833,0
40395.97917,0
40396,0
40396.02083,0
40396.04167,0
40396.0625,0
40396.08333,0
40396.10417,0
40396.125,0
40396.14583,0
40396.16667,0
40396.1875,0
40396.20833,0
40396.22917,14
40396.25,78
40396.27083,162
40396.29167,255
40396.3125,352
40396.33333,447
40396.35417,539
40396.375,625
40396.39583,703
40396.41667,770
40396.4375,827
40396.45833,870
40396.47917,900
40396.5,915
40396.52083,914
40396.54167,899
40396.5625,869
40396.58333,825
40396.60417,768
40396.625,700
40396.64583,622
40396.66667,535
40396.6875,442
40396.70833,345
40396.72917,249
40396.75,157
40396.77083,74
40396.79167,0
40396.8125,0
40396.83333,0
40396.85417,0
40396.875,0
40396.89583,0
40396.91667,0
40396.9375,0
40396.95833,0
40396.97917,0
40397,0
40397.02083,0
40397.04167,0
40397.0625,0
40397.08333,0
40397.10417,0
40397.125,0
40397.14583,0
40397.16667,0
40397.1875,0
40397.20833,0
40397.22917,13
40397.25,79
40397.27083,165
40397.29167,261
40397.3125,359
40397.33333,457
40397.35417,551
40397.375,639
40397.39583,717
40397.41667,786
40397.4375,841
40397.45833,884
40397.47917,913
40397.5,926
40397.52083,925
40397.54167,909
40397.5625,878
40397.58333,833
40397.60417,775
40397.625,705
40397.64583,626
40397.66667,538
40397.6875,444
40397.70833,346
40397.72917,249
40397.75,156
40397.77083,73
40397.79167,0
40397.8125,0
40397.83333,0
40397.85417,0
40397.875,0
40397.89583,0
40397.91667,0
40397.9375,0
40397.95833,0
40397.97917,0
40398,0
40398.02083,0
40398.04167,0
40398.0625,0
40398.08333,0
40398.10417,0
40398.125,0
40398.14583,0
40398.16667,0
40398.1875,0
40398.20833,0
40398.22917,12
40398.25,75
40398.27083,159
40398.29167,253
40398.3125,350
40398.33333,446
40398.35417,539
40398.375,624
40398.39583,702
40398.41667,769
40398.4375,824
40398.45833,866
40398.47917,895
40398.5,908
40398.52083,907
40398.54167,891
40398.5625,861
40398.58333,816
40398.60417,759
40398.625,690
40398.64583,611
40398.66667,525
40398.6875,432
40398.70833,336
40398.72917,240
40398.75,149
40398.77083,68
40398.79167,0
40398.8125,0
40398.83333,0
40398.85417,0
40398.875,0
40398.89583,0
40398.91667,0
40398.9375,0
40398.95833,0
40398.97917,0
40399,0
40399.02083,0
40399.04167,0
40399.0625,0
40399.08333,0
40399.10417,0
40399.125,0
40399.14583,0
40399.16667,0
40399.1875,0
40399.20833,0
40399.22917,10
40399.25,71
40399.27083,153
40399.29167,245
40399.3125,341
40399.33333,436
40399.35417,527
40399.375,612
40399.39583,689
40399.41667,755
40399.4375,810
40399.45833,851
40399.47917,879
40399.5,892
40399.52083,890
40399.54167,873
40399.5625,843
40399.58333,798
40399.60417,741
40399.625,673
40399.64583,595
40399.66667,509
40399.6875,419
40399.70833,325
40399.72917,231
40399.75,142
40399.77083,64
40399.79167,0
40399.8125,0
40399.83333,0
40399.85417,0
40399.875,0
40399.89583,0
40399.91667,0
40399.9375,0
40399.95833,0
40399.97917,0
40400,0
40400.02083,0
40400.04167,0
40400.0625,0
40400.08333,0
40400.10417,0
40400.125,0
40400.14583,0
40400.16667,0
40400.1875,0
40400.20833,0
40400.22917,9
40400.25,68
40400.27083,150
40400.29167,242
40400.3125,338
40400.33333,433
40400.35417,524
40400.375,609
40400.39583,687
40400.41667,754
40400.4375,808
40400.45833,850
40400.47917,878
40400.5,891
40400.52083,890
40400.54167,874
40400.5625,843
40400.58333,799
40400.60417,742
40400.625,674
40400.64583,595
40400.66667,509
40400.6875,418
40400.70833,323
40400.72917,229
40400.75,139
40400.77083,61
40400.79167,0
40400.8125,0
40400.83333,0
40400.85417,0
40400.875,0
40400.89583,0
40400.91667,0
40400.9375,0
40400.95833,0
40400.97917,0
40401,0
40401.02083,0
40401.04167,0
40401.0625,0
40401.08333,0
40401.10417,0
40401.125,0
40401.14583,0
40401.16667,0
40401.1875,0
40401.20833,0
40401.22917,8
40401.25,67
40401.27083,149
40401.29167,242
40401.3125,338
40401.33333,433
40401.35417,525
40401.375,611
40401.39583,688
40401.41667,755
40401.4375,809
40401.45833,851
40401.47917,878
40401.5,891
40401.52083,889
40401.54167,872
40401.5625,841
40401.58333,796
40401.60417,739
40401.625,670
40401.64583,591
40401.66667,505
40401.6875,413
40401.70833,319
40401.72917,225
40401.75,136
40401.77083,58
40401.79167,0
40401.8125,0
40401.83333,0
40401.85417,0
40401.875,0
40401.89583,0
40401.91667,0
40401.9375,0
40401.95833,0
40401.97917,0
40402,0
40402.02083,0
40402.04167,0
40402.0625,0
40402.08333,0
40402.10417,0
40402.125,0
40402.14583,0
40402.16667,0
40402.1875,0
40402.20833,0
40402.22917,6
40402.25,63
40402.27083,143
40402.29167,233
40402.3125,328
40402.33333,422
40402.35417,513
40402.375,598
40402.39583,675
40402.41667,742
40402.4375,797
40402.45833,839
40402.47917,868
40402.5,882
40402.52083,881
40402.54167,865
40402.5625,834
40402.58333,790
40402.60417,733
40402.625,664
40402.64583,586
40402.66667,500
40402.6875,409
40402.70833,314
40402.72917,221
40402.75,132
40402.77083,56
40402.79167,0
40402.8125,0
40402.83333,0
40402.85417,0
40402.875,0
40402.89583,0
40402.91667,0
40402.9375,0
40402.95833,0
40402.97917,0
40403,0
40403.02083,0
40403.04167,0
40403.0625,0
40403.08333,0
40403.10417,0
40403.125,0
40403.14583,0
40403.16667,0
40403.1875,0
40403.20833,0
40403.22917,5
40403.25,62
40403.27083,143
40403.29167,234
40403.3125,330
40403.33333,425
40403.35417,516
40403.375,602
40403.39583,679
40403.41667,746
40403.4375,801
40403.45833,843
40403.47917,872
40403.5,885
40403.52083,884
40403.54167,868
40403.5625,838
40403.58333,794
40403.60417,737
40403.625,669
40403.64583,591
40403.66667,504
40403.6875,412
40403.70833,317
40403.72917,222
40403.75,132
40403.77083,55
40403.79167,0
40403.8125,0
40403.83333,0
40403.85417,0
40403.875,0
40403.89583,0
40403.91667,0
40403.9375,0
40403.95833,0
40403.97917,0
40404,0
40404.02083,0
40404.04167,0
40404.0625,0
40404.08333,0
40404.10417,0
40404.125,0
40404.14583,0
40404.16667,0
40404.1875,0
40404.20833,0
40404.22917,0
40404.25,62
40404.27083,144
40404.29167,237
40404.3125,333
40404.33333,430
40404.35417,523
40404.375,609
40404.39583,687
40404.41667,755
40404.4375,810
40404.45833,852
40404.47917,880
40404.5,893
40404.52083,891
40404.54167,875
40404.5625,843
40404.58333,798
40404.60417,740
40404.625,670
40404.64583,590
40404.66667,503
40404.6875,409
40404.70833,313
40404.72917,218
40404.75,128
40404.77083,52
40404.79167,0
40404.8125,0
40404.83333,0
40404.85417,0
40404.875,0
40404.89583,0
40404.91667,0
40404.9375,0
40404.95833,0
40404.97917,0
40405,0
40405.02083,0
40405.04167,0
40405.0625,0
40405.08333,0
40405.10417,0
40405.125,0
40405.14583,0
40405.16667,0
40405.1875,0
40405.20833,0
40405.22917,0
40405.25,58
40405.27083,138
40405.29167,228
40405.3125,323
40405.33333,417
40405.35417,507
40405.375,592
40405.39583,668
40405.41667,734
40405.4375,789
40405.45833,830
40405.47917,858
40405.5,872
40405.52083,871
40405.54167,855
40405.5625,824
40405.58333,780
40405.60417,723
40405.625,655
40405.64583,576
40405.66667,490
40405.6875,398
40405.70833,304
40405.72917,210
40405.75,122
40405.77083,48
40405.79167,0
40405.8125,0
40405.83333,0
40405.85417,0
40405.875,0
40405.89583,0
40405.91667,0
40405.9375,0
40405.95833,0
40405.97917,0
40406,0
40406.02083,0
40406.04167,0
40406.0625,0
40406.08333,0
40406.10417,0
40406.125,0
40406.14583,0
40406.16667,0
40406.1875,0
40406.20833,0
40406.22917,0
40406.25,56
40406.27083,136
40406.29167,227
40406.3125,322
40406.33333,417
40406.35417,508
40406.375,593
40406.39583,670
40406.41667,737
40406.4375,791
40406.45833,833
40406.47917,860
40406.5,873
40406.52083,871
40406.54167,855
40406.5625,824
40406.58333,779
40406.60417,721
40406.625,653
40406.64583,574
40406.66667,487
40406.6875,395
40406.70833,301
40406.72917,207
40406.75,120
40406.77083,46
40406.79167,0
40406.8125,0
40406.83333,0
40406.85417,0
40406.875,0
40406.89583,0
40406.91667,0
40406.9375,0
40406.95833,0
40406.97917,0
40407,0
40407.02083,0
40407.04167,0
40407.0625,0
40407.08333,0
40407.10417,0
40407.125,0
40407.14583,0
40407.16667,0
40407.1875,0
40407.20833,0
40407.22917,0
40407.25,54
40407.27083,134
40407.29167,226
40407.3125,321
40407.33333,416
40407.35417,508
40407.375,593
40407.39583,670
40407.41667,737
40407.4375,792
40407.45833,834
40407.47917,862
40407.5,875
40407.52083,874
40407.54167,857
40407.5625,826
40407.58333,781
40407.60417,723
40407.625,654
40407.64583,575
40407.66667,488
40407.6875,395
40407.70833,300
40407.72917,206
40407.75,117
40407.77083,45
40407.79167,0
40407.8125,0
40407.83333,0
40407.85417,0
40407.875,0
40407.89583,0
40407.91667,0
40407.9375,0
40407.95833,0
40407.97917,0
40408,0
40408.02083,0
40408.04167,0
40408.0625,0
40408.08333,0
40408.10417,0
40408.125,0
40408.14583,0
40408.16667,0
40408.1875,0
40408.20833,0
40408.22917,0
40408.25,51
40408.27083,129
40408.29167,219
40408.3125,313
40408.33333,407
40408.35417,498
40408.375,582
40408.39583,658
40408.41667,724
40408.4375,778
40408.45833,819
40408.47917,846
40408.5,859
40408.52083,857
40408.54167,840
40408.5625,809
40408.58333,764
40408.60417,707
40408.625,639
40408.64583,561
40408.66667,475
40408.6875,384
40408.70833,290
40408.72917,198
40408.75,111
40408.77083,42
40408.79167,0
40408.8125,0
40408.83333,0
40408.85417,0
40408.875,0
40408.89583,0
40408.91667,0
40408.9375,0
40408.95833,0
40408.97917,0
40409,0
40409.02083,0
40409.04167,0
40409.0625,0
40409.08333,0
40409.10417,0
40409.125,0
40409.14583,0
40409.16667,0
40409.1875,0
40409.20833,0
40409.22917,0
40409.25,51
40409.27083,132
40409.29167,224
40409.3125,322
40409.33333,419
40409.35417,513
40409.375,601
40409.39583,680
40409.41667,749
40409.4375,805
40409.45833,848
40409.47917,876
40409.5,890
40409.52083,888
40409.54167,870
40409.5625,838
40409.58333,792
40409.60417,732
40409.625,662
40409.64583,581
40409.66667,492
40409.6875,398
40409.70833,301
40409.72917,205
40409.75,115
40409.77083,44
40409.79167,0
40409.8125,0
40409.83333,0
40409.85417,0
40409.875,0
40409.89583,0
40409.91667,0
40409.9375,0
40409.95833,0
40409.97917,0
40410,0
40410.02083,0
40410.04167,0
40410.0625,0
40410.08333,0
40410.10417,0
40410.125,0
40410.14583,0
40410.16667,0
40410.1875,0
40410.20833,0
40410.22917,0
40410.25,51
40410.27083,132
40410.29167,225
40410.3125,323
40410.33333,420
40410.35417,513
40410.375,600
40410.39583,678
40410.41667,745
40410.4375,800
40410.45833,841
40410.47917,868
40410.5,881
40410.52083,878
40410.54167,860
40410.5625,828
40410.58333,781
40410.60417,722
40410.625,651
40410.64583,571
40410.66667,482
40410.6875,389
40410.70833,293
40410.72917,198
40410.75,109
40410.77083,42
40410.79167,0
40410.8125,0
40410.83333,0
40410.85417,0
40410.875,0
40410.89583,0
40410.91667,0
40410.9375,0
40410.95833,0
40410.97917,0
40411,0
40411.02083,0
40411.04167,0
40411.0625,0
40411.08333,0
40411.10417,0
40411.125,0
40411.14583,0
40411.16667,0
40411.1875,0
40411.20833,0
40411.22917,0
40411.25,48
40411.27083,127
40411.29167,219
40411.3125,316
40411.33333,412
40411.35417,504
40411.375,591
40411.39583,669
40411.41667,736
40411.4375,791
40411.45833,832
40411.47917,860
40411.5,872
40411.52083,869
40411.54167,852
40411.5625,819
40411.58333,773
40411.60417,714
40411.625,643
40411.64583,562
40411.66667,474
40411.6875,381
40411.70833,286
40411.72917,191
40411.75,104
40411.77083,41
40411.79167,0
40411.8125,0
40411.83333,0
40411.85417,0
40411.875,0
40411.89583,0
40411.91667,0
40411.9375,0
40411.95833,0
40411.97917,0
40412,0
40412.02083,0
40412.04167,0
40412.0625,0
40412.08333,0
40412.10417,0
40412.125,0
40412.14583,0
40412.16667,0
40412.1875,0
40412.20833,0
40412.22917,0
40412.25,44
40412.27083,122
40412.29167,211
40412.3125,306
40412.33333,401
40412.35417,492
40412.375,577
40412.39583,653
40412.41667,720
40412.4375,775
40412.45833,816
40412.47917,844
40412.5,857
40412.52083,855
40412.54167,838
40412.5625,807
40412.58333,762
40412.60417,703
40412.625,634
40412.64583,554
40412.66667,467
40412.6875,375
40412.70833,280
40412.72917,187
40412.75,101
40412.77083,0
40412.79167,0
40412.8125,0
40412.83333,0
40412.85417,0
40412.875,0
40412.89583,0
40412.91667,0
40412.9375,0
40412.95833,0
40412.97917,0
40413,0
40413.02083,0
40413.04167,0
40413.0625,0
40413.08333,0
40413.10417,0
40413.125,0
40413.14583,0
40413.16667,0
40413.1875,0
40413.20833,0
40413.22917,0
40413.25,45
40413.27083,124
40413.29167,216
40413.3125,313
40413.33333,410
40413.35417,503
40413.375,590
40413.39583,667
40413.41667,735
40413.4375,790
40413.45833,832
40413.47917,859
40413.5,871
40413.52083,868
40413.54167,850
40413.5625,817
40413.58333,770
40413.60417,710
40413.625,638
40413.64583,557
40413.66667,468
40413.6875,374
40413.70833,278
40413.72917,184
40413.75,97
40413.77083,0
40413.79167,0
40413.8125,0
40413.83333,0
40413.85417,0
40413.875,0
40413.89583,0
40413.91667,0
40413.9375,0
40413.95833,0
40413.97917,0
40414,0
40414.02083,0
40414.04167,0
40414.0625,0
40414.08333,0
40414.10417,0
40414.125,0
40414.14583,0
40414.16667,0
40414.1875,0
40414.20833,0
40414.22917,0
40414.25,42
40414.27083,120
40414.29167,211
40414.3125,307
40414.33333,403
40414.35417,495
40414.375,581
40414.39583,659
40414.41667,726
40414.4375,781
40414.45833,822
40414.47917,849
40414.5,862
40414.52083,859
40414.54167,841
40414.5625,808
40414.58333,762
40414.60417,703
40414.625,632
40414.64583,551
40414.66667,463
40414.6875,370
40414.70833,275
40414.72917,181
40414.75,94
40414.77083,0
40414.79167,0
40414.8125,0
40414.83333,0
40414.85417,0
40414.875,0
40414.89583,0
40414.91667,0
40414.9375,0
40414.95833,0
40414.97917,0
40415,0
40415.02083,0
40415.04167,0
40415.0625,0
40415.08333,0
40415.10417,0
40415.125,0
40415.14583,0
40415.16667,0
40415.1875,0
40415.20833,0
40415.22917,0
40415.25,40
40415.27083,118
40415.29167,209
40415.3125,306
40415.33333,402
40415.35417,495
40415.375,581
40415.39583,659
40415.41667,727
40415.4375,782
40415.45833,824
40415.47917,851
40415.5,864
40415.52083,861
40415.54167,843
40415.5625,810
40415.58333,764
40415.60417,704
40415.625,632
40415.64583,551
40415.66667,462
40415.6875,368
40415.70833,272
40415.72917,178
40415.75,92
40415.77083,0
40415.79167,0
40415.8125,0
40415.83333,0
40415.85417,0
40415.875,0
40415.89583,0
40415.91667,0
40415.9375,0
40415.95833,0
40415.97917,0
40416,0
40416.02083,0
40416.04167,0
40416.0625,0
40416.08333,0
40416.10417,0
40416.125,0
40416.14583,0
40416.16667,0
40416.1875,0
40416.20833,0
40416.22917,0
40416.25,39
40416.27083,118
40416.29167,210
40416.3125,307
40416.33333,404
40416.35417,497
40416.375,584
40416.39583,662
40416.41667,730
40416.4375,786
40416.45833,828
40416.47917,856
40416.5,869
40416.52083,867
40416.54167,850
40416.5625,818
40416.58333,771
40416.60417,712
40416.625,641
40416.64583,560
40416.66667,470
40416.6875,375
40416.70833,278
40416.72917,182
40416.75,93
40416.77083,0
40416.79167,0
40416.8125,0
40416.83333,0
40416.85417,0
40416.875,0
40416.89583,0
40416.91667,0
40416.9375,0
40416.95833,0
40416.97917,0
40417,0
40417.02083,0
40417.04167,0
40417.0625,0
40417.08333,0
40417.10417,0
40417.125,0
40417.14583,0
40417.16667,0
40417.1875,0
40417.20833,0
40417.22917,0
40417.25,39
40417.27083,119
40417.29167,213
40417.3125,312
40417.33333,411
40417.35417,506
40417.375,595
40417.39583,675
40417.41667,744
40417.4375,801
40417.45833,845
40417.47917,873
40417.5,887
40417.52083,884
40417.54167,866
40417.5625,833
40417.58333,785
40417.60417,723
40417.625,650
40417.64583,566
40417.66667,474
40417.6875,377
40417.70833,277
40417.72917,180
40417.75,90
40417.77083,0
40417.79167,0
40417.8125,0
40417.83333,0
40417.85417,0
40417.875,0
40417.89583,0
40417.91667,0
40417.9375,0
40417.95833,0
40417.97917,0
40418,0
40418.02083,0
40418.04167,0
40418.0625,0
40418.08333,0
40418.10417,0
40418.125,0
40418.14583,0
40418.16667,0
40418.1875,0
40418.20833,0
40418.22917,0
40418.25,36
40418.27083,115
40418.29167,208
40418.3125,307
40418.33333,405
40418.35417,500
40418.375,588
40418.39583,668
40418.41667,737
40418.4375,793
40418.45833,835
40418.47917,863
40418.5,875
40418.52083,872
40418.54167,853
40418.5625,819
40418.58333,771
40418.60417,709
40418.625,636
40418.64583,553
40418.66667,462
40418.6875,366
40418.70833,268
40418.72917,172
40418.75,85
40418.77083,0
40418.79167,0
40418.8125,0
40418.83333,0
40418.85417,0
40418.875,0
40418.89583,0
40418.91667,0
40418.9375,0
40418.95833,0
40418.97917,0
40419,0
40419.02083,0
40419.04167,0
40419.0625,0
40419.08333,0
40419.10417,0
40419.125,0
40419.14583,0
40419.16667,0
40419.1875,0
40419.20833,0
40419.22917,0
40419.25,34
40419.27083,113
40419.29167,206
40419.3125,304
40419.33333,402
40419.35417,496
40419.375,583
40419.39583,662
40419.41667,729
40419.4375,785
40419.45833,827
40419.47917,854
40419.5,867
40419.52083,864
40419.54167,845
40419.5625,812
40419.58333,764
40419.60417,704
40419.625,631
40419.64583,548
40419.66667,458
40419.6875,362
40419.70833,264
40419.72917,168
40419.75,81
40419.77083,0
40419.79167,0
40419.8125,0
40419.83333,0
40419.85417,0
40419.875,0
40419.89583,0
40419.91667,0
40419.9375,0
40419.95833,0
40419.97917,0
40420,0
40420.02083,0
40420.04167,0
40420.0625,0
40420.08333,0
40420.10417,0
40420.125,0
40420.14583,0
40420.16667,0
40420.1875,0
40420.20833,0
40420.22917,0
40420.25,33
40420.27083,111
40420.29167,205
40420.3125,304
40420.33333,404
40420.35417,500
40420.375,590
40420.39583,671
40420.41667,741
40420.4375,798
40420.45833,841
40420.47917,869
40420.5,881
40420.52083,878
40420.54167,859
40420.5625,824
40420.58333,775
40420.60417,712
40420.625,638
40420.64583,554
40420.66667,461
40420.6875,363
40420.70833,263
40420.72917,166
40420.75,79
40420.77083,0
40420.79167,0
40420.8125,0
40420.83333,0
40420.85417,0
40420.875,0
40420.89583,0
40420.91667,0
40420.9375,0
40420.95833,0
40420.97917,0
40421,0
40421.02083,0
40421.04167,0
40421.0625,0
40421.08333,0
40421.10417,0
40421.125,0
40421.14583,0
40421.16667,0
40421.1875,0
40421.20833,0
40421.22917,0
40421.25,31
40421.27083,108
40421.29167,201
40421.3125,299
40421.33333,396
40421.35417,490
40421.375,577
40421.39583,656
40421.41667,723
40421.4375,778
40421.45833,819
40421.47917,847
40421.5,858
40421.52083,855
40421.54167,836
40421.5625,802
40421.58333,754
40421.60417,693
40421.625,620
40421.64583,537
40421.66667,446
40421.6875,351
40421.70833,253
40421.72917,158
40421.75,74
40421.77083,0
40421.79167,0
40421.8125,0
40421.83333,0
40421.85417,0
40421.875,0
40421.89583,0
40421.91667,0
40421.9375,0
40421.95833,0
40421.97917,0
40422,0
40422.02083,0
40422.04167,0
40422.0625,0
40422.08333,0
40422.10417,0
40422.125,0
40422.14583,0
40422.16667,0
40422.1875,0
40422.20833,0
40422.22917,0
40422.25,29
40422.27083,104
40422.29167,196
40422.3125,293
40422.33333,390
40422.35417,484
40422.375,570
40422.39583,648
40422.41667,715
40422.4375,770
40422.45833,812
40422.47917,839
40422.5,851
40422.52083,848
40422.54167,829
40422.5625,795
40422.58333,747
40422.60417,686
40422.625,614
40422.64583,531
40422.66667,441
40422.6875,345
40422.70833,248
40422.72917,154
40422.75,70
40422.77083,0
40422.79167,0
40422.8125,0
40422.83333,0
40422.85417,0
40422.875,0
40422.89583,0
40422.91667,0
40422.9375,0
40422.95833,0
40422.97917,0
40423,0
40423.02083,0
40423.04167,0
40423.0625,0
40423.08333,0
40423.10417,0
40423.125,0
40423.14583,0
40423.16667,0
40423.1875,0
40423.20833,0
40423.22917,0
40423.25,27
40423.27083,104
40423.29167,197
40423.3125,295
40423.33333,393
40423.35417,487
40423.375,574
40423.39583,652
40423.41667,719
40423.4375,775
40423.45833,816
40423.47917,843
40423.5,854
40423.52083,850
40423.54167,830
40423.5625,796
40423.58333,747
40423.60417,686
40423.625,612
40423.64583,529
40423.66667,438
40423.6875,343
40423.70833,245
40423.72917,151
40423.75,68
40423.77083,0
40423.79167,0
40423.8125,0
40423.83333,0
40423.85417,0
40423.875,0
40423.89583,0
40423.91667,0
40423.9375,0
40423.95833,0
40423.97917,0
40424,0
40424.02083,0
40424.04167,0
40424.0625,0
40424.08333,0
40424.10417,0
40424.125,0
40424.14583,0
40424.16667,0
40424.1875,0
40424.20833,0
40424.22917,0
40424.25,25
40424.27083,99
40424.29167,190
40424.3125,286
40424.33333,383
40424.35417,477
40424.375,564
40424.39583,642
40424.41667,710
40424.4375,766
40424.45833,808
40424.47917,835
40424.5,848
40424.52083,844
40424.54167,826
40424.5625,792
40424.58333,744
40424.60417,683
40424.625,610
40424.64583,526
40424.66667,435
40424.6875,338
40424.70833,240
40424.72917,146
40424.75,64
40424.77083,0
40424.79167,0
40424.8125,0
40424.83333,0
40424.85417,0
40424.875,0
40424.89583,0
40424.91667,0
40424.9375,0
40424.95833,0
40424.97917,0
40425,0
40425.02083,0
40425.04167,0
40425.0625,0
40425.08333,0
40425.10417,0
40425.125,0
40425.14583,0
40425.16667,0
40425.1875,0
40425.20833,0
40425.22917,0
40425.25,26
40425.27083,105
40425.29167,202
40425.3125,305
40425.33333,407
40425.35417,504
40425.375,594
40425.39583,674
40425.41667,742
40425.4375,797
40425.45833,838
40425.47917,864
40425.5,874
40425.52083,869
40425.54167,849
40425.5625,813
40425.58333,763
40425.60417,699
40425.625,624
40425.64583,538
40425.66667,445
40425.6875,347
40425.70833,246
40425.72917,150
40425.75,66
40425.77083,0
40425.79167,0
40425.8125,0
40425.83333,0
40425.85417,0
40425.875,0
40425.89583,0
40425.91667,0
40425.9375,0
40425.95833,0
40425.97917,0
40426,0
40426.02083,0
40426.04167,0
40426.0625,0
40426.08333,0
40426.10417,0
40426.125,0
40426.14583,0
40426.16667,0
40426.1875,0
40426.20833,0
40426.22917,0
40426.25,24
40426.27083,103
40426.29167,200
40426.3125,303
40426.33333,406
40426.35417,504
40426.375,595
40426.39583,677
40426.41667,747
40426.4375,804
40426.45833,847
40426.47917,874
40426.5,885
40426.52083,880
40426.54167,858
40426.5625,822
40426.58333,770
40426.60417,705
40426.625,628
40426.64583,541
40426.66667,446
40426.6875,346
40426.70833,245
40426.72917,147
40426.75,64
40426.77083,0
40426.79167,0
40426.8125,0
40426.83333,0
40426.85417,0
40426.875,0
40426.89583,0
40426.91667,0
40426.9375,0
40426.95833,0
40426.97917,0
40427,0
40427.02083,0
40427.04167,0
40427.0625,0
40427.08333,0
40427.10417,0
40427.125,0
40427.14583,0
40427.16667,0
40427.1875,0
40427.20833,0
40427.22917,0
40427.25,22
40427.27083,98
40427.29167,192
40427.3125,291
40427.33333,390
40427.35417,484
40427.375,572
40427.39583,650
40427.41667,716
40427.4375,771
40427.45833,812
40427.47917,838
40427.5,849
40427.52083,843
40427.54167,823
40427.5625,787
40427.58333,736
40427.60417,673
40427.625,598
40427.64583,513
40427.66667,421
40427.6875,325
40427.70833,228
40427.72917,135
40427.75,57
40427.77083,0
40427.79167,0
40427.8125,0
40427.83333,0
40427.85417,0
40427.875,0
40427.89583,0
40427.91667,0
40427.9375,0
40427.95833,0
40427.97917,0
40428,0
40428.02083,0
40428.04167,0
40428.0625,0
40428.08333,0
40428.10417,0
40428.125,0
40428.14583,0
40428.16667,0
40428.1875,0
40428.20833,0
40428.22917,0
40428.25,19
40428.27083,94
40428.29167,186
40428.3125,284
40428.33333,383
40428.35417,477
40428.375,565
40428.39583,643
40428.41667,711
40428.4375,765
40428.45833,806
40428.47917,832
40428.5,843
40428.52083,838
40428.54167,817
40428.5625,782
40428.58333,732
40428.60417,669
40428.625,594
40428.64583,510
40428.66667,418
40428.6875,321
40428.70833,224
40428.72917,131
40428.75,56
40428.77083,0
40428.79167,0
40428.8125,0
40428.83333,0
40428.85417,0
40428.875,0
40428.89583,0
40428.91667,0
40428.9375,0
40428.95833,0
40428.97917,0
40429,0
40429.02083,0
40429.04167,0
40429.0625,0
40429.08333,0
40429.10417,0
40429.125,0
40429.14583,0
40429.16667,0
40429.1875,0
40429.20833,0
40429.22917,0
40429.25,17
40429.27083,87
40429.29167,177
40429.3125,274
40429.33333,373
40429.35417,468
40429.375,558
40429.39583,639
40429.41667,710
40429.4375,768
40429.45833,813
40429.47917,844
40429.5,859
40429.52083,857
40429.54167,839
40429.5625,803
40429.58333,753
40429.60417,689
40429.625,613
40429.64583,526
40429.66667,431
40429.6875,332
40429.70833,231
40429.72917,134
40429.75,59
40429.77083,0
40429.79167,0
40429.8125,0
40429.83333,0
40429.85417,0
40429.875,0
40429.89583,0
40429.91667,0
40429.9375,0
40429.95833,0
40429.97917,0
40430,0
40430.02083,0
40430.04167,0
40430.0625,0
40430.08333,0
40430.10417,0
40430.125,0
40430.14583,0
40430.16667,0
40430.1875,0
40430.20833,0
40430.22917,0
40430.25,17
40430.27083,93
40430.29167,189
40430.3125,291
40430.33333,393
40430.35417,491
40430.375,581
40430.39583,662
40430.41667,732
40430.4375,788
40430.45833,829
40430.47917,855
40430.5,865
40430.52083,859
40430.54167,837
40430.5625,799
40430.58333,747
40430.60417,682
40430.625,605
40430.64583,517
40430.66667,423
40430.6875,323
40430.70833,223
40430.72917,127
40430.75,57
40430.77083,0
40430.79167,0
40430.8125,0
40430.83333,0
40430.85417,0
40430.875,0
40430.89583,0
40430.91667,0
40430.9375,0
40430.95833,0
40430.97917,0
40431,0
40431.02083,0
40431.04167,0
40431.0625,0
40431.08333,0
40431.10417,0
40431.125,0
40431.14583,0
40431.16667,0
40431.1875,0
40431.20833,0
40431.22917,0
40431.25,15
40431.27083,90
40431.29167,184
40431.3125,285
40431.33333,386
40431.35417,483
40431.375,572
40431.39583,652
40431.41667,721
40431.4375,776
40431.45833,817
40431.47917,843
40431.5,853
40431.52083,847
40431.54167,826
40431.5625,789
40431.58333,738
40431.60417,673
40431.625,597
40431.64583,511
40431.66667,417
40431.6875,318
40431.70833,218
40431.72917,123
40431.75,59
40431.77083,0
40431.79167,0
40431.8125,0
40431.83333,0
40431.85417,0
40431.875,0
40431.89583,0
40431.91667,0
40431.9375,0
40431.95833,0
40431.97917,0
40432,0
40432.02083,0
40432.04167,0
40432.0625,0
40432.08333,0
40432.10417,0
40432.125,0
40432.14583,0
40432.16667,0
40432.1875,0
40432.20833,0
40432.22917,0
40432.25,14
40432.27083,88
40432.29167,183
40432.3125,284
40432.33333,385
40432.35417,482
40432.375,572
40432.39583,652
40432.41667,721
40432.4375,777
40432.45833,819
40432.47917,845
40432.5,855
40432.52083,850
40432.54167,828
40432.5625,791
40432.58333,740
40432.60417,675
40432.625,598
40432.64583,510
40432.66667,416
40432.6875,316
40432.70833,216
40432.72917,120
40432.75,0
40432.77083,0
40432.79167,0
40432.8125,0
40432.83333,0
40432.85417,0
40432.875,0
40432.89583,0
40432.91667,0
40432.9375,0
40432.95833,0
40432.97917,0
40433,0
40433.02083,0
40433.04167,0
40433.0625,0
40433.08333,0
40433.10417,0
40433.125,0
40433.14583,0
40433.16667,0
40433.1875,0
40433.20833,0
40433.22917,0
40433.25,11
40433.27083,79
40433.29167,168
40433.3125,265
40433.33333,362
40433.35417,457
40433.375,544
40433.39583,623
40433.41667,691
40433.4375,747
40433.45833,788
40433.47917,815
40433.5,826
40433.52083,821
40433.54167,801
40433.5625,765
40433.58333,714
40433.60417,650
40433.625,575
40433.64583,489
40433.66667,397
40433.6875,299
40433.70833,202
40433.72917,110
40433.75,0
40433.77083,0
40433.79167,0
40433.8125,0
40433.83333,0
40433.85417,0
40433.875,0
40433.89583,0
40433.91667,0
40433.9375,0
40433.95833,0
40433.97917,0
40434,0
40434.02083,0
40434.04167,0
40434.0625,0
40434.08333,0
40434.10417,0
40434.125,0
40434.14583,0
40434.16667,0
40434.1875,0
40434.20833,0
40434.22917,0
40434.25,11
40434.27083,82
40434.29167,174
40434.3125,274
40434.33333,375
40434.35417,470
40434.375,559
40434.39583,638
40434.41667,704
40434.4375,757
40434.45833,796
40434.47917,820
40434.5,828
40434.52083,822
40434.54167,800
40434.5625,764
40434.58333,713
40434.60417,649
40434.625,574
40434.64583,488
40434.66667,395
40434.6875,298
40434.70833,200
40434.72917,108
40434.75,0
40434.77083,0
40434.79167,0
40434.8125,0
40434.83333,0
40434.85417,0
40434.875,0
40434.89583,0
40434.91667,0
40434.9375,0
40434.95833,0
40434.97917,0
40435,0
40435.02083,0
40435.04167,0
40435.0625,0
40435.08333,0
40435.10417,0
40435.125,0
40435.14583,0
40435.16667,0
40435.1875,0
40435.20833,0
40435.22917,0
40435.25,9
40435.27083,78
40435.29167,170
40435.3125,269
40435.33333,369
40435.35417,466
40435.375,556
40435.39583,636
40435.41667,705
40435.4375,760
40435.45833,802
40435.47917,827
40435.5,837
40435.52083,831
40435.54167,808
40435.5625,771
40435.58333,719
40435.60417,653
40435.625,576
40435.64583,489
40435.66667,395
40435.6875,297
40435.70833,198
40435.72917,105
40435.75,0
40435.77083,0
40435.79167,0
40435.8125,0
40435.83333,0
40435.85417,0
40435.875,0
40435.89583,0
40435.91667,0
40435.9375,0
40435.95833,0
40435.97917,0
40436,0
40436.02083,0
40436.04167,0
40436.0625,0
40436.08333,0
40436.10417,0
40436.125,0
40436.14583,0
40436.16667,0
40436.1875,0
40436.20833,0
40436.22917,0
40436.25,8
40436.27083,76
40436.29167,168
40436.3125,266
40436.33333,365
40436.35417,460
40436.375,549
40436.39583,628
40436.41667,695
40436.4375,750
40436.45833,791
40436.47917,816
40436.5,826
40436.52083,819
40436.54167,797
40436.5625,759
40436.58333,707
40436.60417,642
40436.625,565
40436.64583,478
40436.66667,384
40436.6875,287
40436.70833,189
40436.72917,99
40436.75,0
40436.77083,0
40436.79167,0
40436.8125,0
40436.83333,0
40436.85417,0
40436.875,0
40436.89583,0
40436.91667,0
40436.9375,0
40436.95833,0
40436.97917,0
40437,0
40437.02083,0
40437.04167,0
40437.0625,0
40437.08333,0
40437.10417,0
40437.125,0
40437.14583,0
40437.16667,0
40437.1875,0
40437.20833,0
40437.22917,0
40437.25,6
40437.27083,72
40437.29167,161
40437.3125,257
40437.33333,353
40437.35417,446
40437.375,532
40437.39583,608
40437.41667,673
40437.4375,726
40437.45833,764
40437.47917,788
40437.5,797
40437.52083,790
40437.54167,768
40437.5625,731
40437.58333,679
40437.60417,615
40437.625,539
40437.64583,454
40437.66667,363
40437.6875,269
40437.70833,175
40437.72917,89
40437.75,0
40437.77083,0
40437.79167,0
40437.8125,0
40437.83333,0
40437.85417,0
40437.875,0
40437.89583,0
40437.91667,0
40437.9375,0
40437.95833,0
40437.97917,0
40438,0
40438.02083,0
40438.04167,0
40438.0625,0
40438.08333,0
40438.10417,0
40438.125,0
40438.14583,0
40438.16667,0
40438.1875,0
40438.20833,0
40438.22917,0
40438.25,0
40438.27083,71
40438.29167,161
40438.3125,260
40438.33333,359
40438.35417,454
40438.375,543
40438.39583,622
40438.41667,690
40438.4375,744
40438.45833,784
40438.47917,809
40438.5,818
40438.52083,812
40438.54167,790
40438.5625,752
40438.58333,700
40438.60417,636
40438.625,559
40438.64583,473
40438.66667,380
40438.6875,281
40438.70833,183
40438.72917,93
40438.75,0
40438.77083,0
40438.79167,0
40438.8125,0
40438.83333,0
40438.85417,0
40438.875,0
40438.89583,0
40438.91667,0
40438.9375,0
40438.95833,0
40438.97917,0
40439,0
40439.02083,0
40439.04167,0
40439.0625,0
40439.08333,0
40439.10417,0
40439.125,0
40439.14583,0
40439.16667,0
40439.1875,0
40439.20833,0
40439.22917,0
40439.25,0
40439.27083,70
40439.29167,162
40439.3125,261
40439.33333,361
40439.35417,456
40439.375,545
40439.39583,623
40439.41667,690
40439.4375,744
40439.45833,784
40439.47917,807
40439.5,816
40439.52083,808
40439.54167,784
40439.5625,745
40439.58333,692
40439.60417,626
40439.625,548
40439.64583,461
40439.66667,367
40439.6875,270
40439.70833,174
40439.72917,86
40439.75,0
40439.77083,0
40439.79167,0
40439.8125,0
40439.83333,0
40439.85417,0
40439.875,0
40439.89583,0
40439.91667,0
40439.9375,0
40439.95833,0
40439.97917,0
40440,0
40440.02083,0
40440.04167,0
40440.0625,0
40440.08333,0
40440.10417,0
40440.125,0
40440.14583,0
40440.16667,0
40440.1875,0
40440.20833,0
40440.22917,0
40440.25,0
40440.27083,66
40440.29167,155
40440.3125,252
40440.33333,349
40440.35417,442
40440.375,528
40440.39583,604
40440.41667,669
40440.4375,722
40440.45833,760
40440.47917,783
40440.5,790
40440.52083,783
40440.54167,759
40440.5625,722
40440.58333,670
40440.60417,605
40440.625,530
40440.64583,445
40440.66667,353
40440.6875,258
40440.70833,163
40440.72917,79
40440.75,0
40440.77083,0
40440.79167,0
40440.8125,0
40440.83333,0
40440.85417,0
40440.875,0
40440.89583,0
40440.91667,0
40440.9375,0
40440.95833,0
40440.97917,0
40441,0
40441.02083,0
40441.04167,0
40441.0625,0
40441.08333,0
40441.10417,0
40441.125,0
40441.14583,0
40441.16667,0
40441.1875,0
40441.20833,0
40441.22917,0
40441.25,0
40441.27083,63
40441.29167,152
40441.3125,250
40441.33333,350
40441.35417,447
40441.375,538
40441.39583,620
40441.41667,690
40441.4375,744
40441.45833,784
40441.47917,808
40441.5,816
40441.52083,808
40441.54167,784
40441.5625,744
40441.58333,691
40441.60417,624
40441.625,546
40441.64583,458
40441.66667,364
40441.6875,266
40441.70833,168
40441.72917,81
40441.75,0
40441.77083,0
40441.79167,0
40441.8125,0
40441.83333,0
40441.85417,0
40441.875,0
40441.89583,0
40441.91667,0
40441.9375,0
40441.95833,0
40441.97917,0
40442,0
40442.02083,0
40442.04167,0
40442.0625,0
40442.08333,0
40442.10417,0
40442.125,0
40442.14583,0
40442.16667,0
40442.1875,0
40442.20833,0
40442.22917,0
40442.25,0
40442.27083,64
40442.29167,156
40442.3125,255
40442.33333,356
40442.35417,451
40442.375,540
40442.39583,618
40442.41667,685
40442.4375,737
40442.45833,776
40442.47917,799
40442.5,806
40442.52083,797
40442.54167,773
40442.5625,733
40442.58333,680
40442.60417,613
40442.625,535
40442.64583,448
40442.66667,354
40442.6875,257
40442.70833,161
40442.72917,75
40442.75,0
40442.77083,0
40442.79167,0
40442.8125,0
40442.83333,0
40442.85417,0
40442.875,0
40442.89583,0
40442.91667,0
40442.9375,0
40442.95833,0
40442.97917,0
40443,0
40443.02083,0
40443.04167,0
40443.0625,0
40443.08333,0
40443.10417,0
40443.125,0
40443.14583,0
40443.16667,0
40443.1875,0
40443.20833,0
40443.22917,0
40443.25,0
40443.27083,57
40443.29167,143
40443.3125,238
40443.33333,335
40443.35417,427
40443.375,513
40443.39583,589
40443.41667,655
40443.4375,706
40443.45833,744
40443.47917,766
40443.5,773
40443.52083,764
40443.54167,739
40443.5625,700
40443.58333,647
40443.60417,583
40443.625,507
40443.64583,422
40443.66667,331
40443.6875,238
40443.70833,146
40443.72917,66
40443.75,0
40443.77083,0
40443.79167,0
40443.8125,0
40443.83333,0
40443.85417,0
40443.875,0
40443.89583,0
40443.91667,0
40443.9375,0
40443.95833,0
40443.97917,0
40444,0
40444.02083,0
40444.04167,0
40444.0625,0
40444.08333,0
40444.10417,0
40444.125,0
40444.14583,0
40444.16667,0
40444.1875,0
40444.20833,0
40444.22917,0
40444.25,0
40444.27083,54
40444.29167,138
40444.3125,232
40444.33333,327
40444.35417,419
40444.375,503
40444.39583,579
40444.41667,643
40444.4375,695
40444.45833,732
40444.47917,755
40444.5,763
40444.52083,755
40444.54167,732
40444.5625,694
40444.58333,642
40444.60417,578
40444.625,502
40444.64583,417
40444.66667,326
40444.6875,233
40444.70833,141
40444.72917,63
40444.75,0
40444.77083,0
40444.79167,0
40444.8125,0
40444.83333,0
40444.85417,0
40444.875,0
40444.89583,0
40444.91667,0
40444.9375,0
40444.95833,0
40444.97917,0
40445,0
40445.02083,0
40445.04167,0
40445.0625,0
40445.08333,0
40445.10417,0
40445.125,0
40445.14583,0
40445.16667,0
40445.1875,0
40445.20833,0
40445.22917,0
40445.25,0
40445.27083,53
40445.29167,137
40445.3125,232
40445.33333,327
40445.35417,419
40445.375,504
40445.39583,580
40445.41667,645
40445.4375,697
40445.45833,734
40445.47917,757
40445.5,765
40445.52083,756
40445.54167,733
40445.5625,695
40445.58333,643
40445.60417,578
40445.625,502
40445.64583,417
40445.66667,325
40445.6875,232
40445.70833,140
40445.72917,62
40445.75,0
40445.77083,0
40445.79167,0
40445.8125,0
40445.83333,0
40445.85417,0
40445.875,0
40445.89583,0
40445.91667,0
40445.9375,0
40445.95833,0
40445.97917,0
40446,0
40446.02083,0
40446.04167,0
40446.0625,0
40446.08333,0
40446.10417,0
40446.125,0
40446.14583,0
40446.16667,0
40446.1875,0
40446.20833,0
40446.22917,0
40446.25,0
40446.27083,50
40446.29167,133
40446.3125,227
40446.33333,323
40446.35417,415
40446.375,502
40446.39583,580
40446.41667,647
40446.4375,701
40446.45833,742
40446.47917,767
40446.5,777
40446.52083,770
40446.54167,747
40446.5625,709
40446.58333,656
40446.60417,591
40446.625,514
40446.64583,427
40446.66667,334
40446.6875,237
40446.70833,142
40446.72917,63
40446.75,0
40446.77083,0
40446.79167,0
40446.8125,0
40446.83333,0
40446.85417,0
40446.875,0
40446.89583,0
40446.91667,0
40446.9375,0
40446.95833,0
40446.97917,0
40447,0
40447.02083,0
40447.04167,0
40447.0625,0
40447.08333,0
40447.10417,0
40447.125,0
40447.14583,0
40447.16667,0
40447.1875,0
40447.20833,0
40447.22917,0
40447.25,0
40447.27083,49
40447.29167,133
40447.3125,227
40447.33333,322
40447.35417,413
40447.375,498
40447.39583,573
40447.41667,637
40447.4375,688
40447.45833,725
40447.47917,747
40447.5,754
40447.52083,745
40447.54167,721
40447.5625,683
40447.58333,630
40447.60417,565
40447.625,489
40447.64583,404
40447.66667,313
40447.6875,219
40447.70833,129
40447.72917,56
40447.75,0
40447.77083,0
40447.79167,0
40447.8125,0
40447.83333,0
40447.85417,0
40447.875,0
40447.89583,0
40447.91667,0
40447.9375,0
40447.95833,0
40447.97917,0
40448,0
40448.02083,0
40448.04167,0
40448.0625,0
40448.08333,0
40448.10417,0
40448.125,0
40448.14583,0
40448.16667,0
40448.1875,0
40448.20833,0
40448.22917,0
40448.25,0
40448.27083,44
40448.29167,125
40448.3125,217
40448.33333,310
40448.35417,400
40448.375,483
40448.39583,557
40448.41667,620
40448.4375,670
40448.45833,706
40448.47917,728
40448.5,735
40448.52083,726
40448.54167,703
40448.5625,665
40448.58333,613
40448.60417,549
40448.625,475
40448.64583,391
40448.66667,302
40448.6875,210
40448.70833,121
40448.72917,54
40448.75,0
40448.77083,0
40448.79167,0
40448.8125,0
40448.83333,0
40448.85417,0
40448.875,0
40448.89583,0
40448.91667,0
40448.9375,0
40448.95833,0
40448.97917,0
40449,0
40449.02083,0
40449.04167,0
40449.0625,0
40449.08333,0
40449.10417,0
40449.125,0
40449.14583,0
40449.16667,0
40449.1875,0
40449.20833,0
40449.22917,0
40449.25,0
40449.27083,43
40449.29167,124
40449.3125,217
40449.33333,312
40449.35417,404
40449.375,490
40449.39583,568
40449.41667,635
40449.4375,688
40449.45833,728
40449.47917,752
40449.5,760
40449.52083,753
40449.54167,729
40449.5625,690
40449.58333,637
40449.60417,571
40449.625,493
40449.64583,406
40449.66667,313
40449.6875,217
40449.70833,125
40449.72917,59
40449.75,0
40449.77083,0
40449.79167,0
40449.8125,0
40449.83333,0
40449.85417,0
40449.875,0
40449.89583,0
40449.91667,0
40449.9375,0
40449.95833,0
40449.97917,0
40450,0
40450.02083,0
40450.04167,0
40450.0625,0
40450.08333,0
40450.10417,0
40450.125,0
40450.14583,0
40450.16667,0
40450.1875,0
40450.20833,0
40450.22917,0
40450.25,0
40450.27083,42
40450.29167,125
40450.3125,219
40450.33333,314
40450.35417,404
40450.375,487
40450.39583,560
40450.41667,622
40450.4375,672
40450.45833,708
40450.47917,730
40450.5,736
40450.52083,727
40450.54167,702
40450.5625,663
40450.58333,610
40450.60417,545
40450.625,469
40450.64583,384
40450.66667,293
40450.6875,201
40450.70833,113
40450.72917,0
40450.75,0
40450.77083,0
40450.79167,0
40450.8125,0
40450.83333,0
40450.85417,0
40450.875,0
40450.89583,0
40450.91667,0
40450.9375,0
40450.95833,0
40450.97917,0
40451,0
40451.02083,0
40451.04167,0
40451.0625,0
40451.08333,0
40451.10417,0
40451.125,0
40451.14583,0
40451.16667,0
40451.1875,0
40451.20833,0
40451.22917,0
40451.25,0
40451.27083,38
40451.29167,116
40451.3125,206
40451.33333,298
40451.35417,387
40451.375,469
40451.39583,543
40451.41667,605
40451.4375,655
40451.45833,691
40451.47917,712
40451.5,719
40451.52083,710
40451.54167,686
40451.5625,648
40451.58333,596
40451.60417,532
40451.625,457
40451.64583,374
40451.66667,285
40451.6875,194
40451.70833,107
40451.72917,0
40451.75,0
40451.77083,0
40451.79167,0
40451.8125,0
40451.83333,0
40451.85417,0
40451.875,0
40451.89583,0
40451.91667,0
40451.9375,0
40451.95833,0
40451.97917,0
40452,0
40452.02083,0
40452.04167,0
40452.0625,0
40452.08333,0
40452.10417,0
40452.125,0
40452.14583,0
40452.16667,0
40452.1875,0
40452.20833,0
40452.22917,0
40452.25,0
40452.27083,37
40452.29167,117
40452.3125,210
40452.33333,304
40452.35417,396
40452.375,481
40452.39583,558
40452.41667,623
40452.4375,675
40452.45833,713
40452.47917,737
40452.5,746
40452.52083,739
40452.54167,717
40452.5625,680
40452.58333,629
40452.60417,564
40452.625,488
40452.64583,401
40452.66667,308
40452.6875,210
40452.70833,117
40452.72917,0
40452.75,0
40452.77083,0
40452.79167,0
40452.8125,0
40452.83333,0
40452.85417,0
40452.875,0
40452.89583,0
40452.91667,0
40452.9375,0
40452.95833,0
40452.97917,0
40453,0
40453.02083,0
40453.04167,0
40453.0625,0
40453.08333,0
40453.10417,0
40453.125,0
40453.14583,0
40453.16667,0
40453.1875,0
40453.20833,0
40453.22917,0
40453.25,0
40453.27083,39
40453.29167,125
40453.3125,223
40453.33333,322
40453.35417,417
40453.375,505
40453.39583,583
40453.41667,648
40453.4375,701
40453.45833,739
40453.47917,761
40453.5,767
40453.52083,757
40453.54167,731
40453.5625,689
40453.58333,634
40453.60417,565
40453.625,485
40453.64583,396
40453.66667,301
40453.6875,204
40453.70833,112
40453.72917,0
40453.75,0
40453.77083,0
40453.79167,0
40453.8125,0
40453.83333,0
40453.85417,0
40453.875,0
40453.89583,0
40453.91667,0
40453.9375,0
40453.95833,0
40453.97917,0
40454,0
40454.02083,0
40454.04167,0
40454.0625,0
40454.08333,0
40454.10417,0
40454.125,0
40454.14583,0
40454.16667,0
40454.1875,0
40454.20833,0
40454.22917,0
40454.25,0
40454.27083,35
40454.29167,119
40454.3125,214
40454.33333,311
40454.35417,405
40454.375,491
40454.39583,567
40454.41667,632
40454.4375,683
40454.45833,719
40454.47917,740
40454.5,745
40454.52083,734
40454.54167,707
40454.5625,665
40454.58333,609
40454.60417,541
40454.625,463
40454.64583,376
40454.66667,284
40454.6875,190
40454.70833,101
40454.72917,0
40454.75,0
40454.77083,0
40454.79167,0
40454.8125,0
40454.83333,0
40454.85417,0
40454.875,0
40454.89583,0
40454.91667,0
40454.9375,0
40454.95833,0
40454.97917,0
40455,0
40455.02083,0
40455.04167,0
40455.0625,0
40455.08333,0
40455.10417,0
40455.125,0
40455.14583,0
40455.16667,0
40455.1875,0
40455.20833,0
40455.22917,0
40455.25,0
40455.27083,32
40455.29167,113
40455.3125,207
40455.33333,303
40455.35417,395
40455.375,482
40455.39583,558
40455.41667,624
40455.4375,676
40455.45833,713
40455.47917,736
40455.5,742
40455.52083,733
40455.54167,709
40455.5625,669
40455.58333,615
40455.60417,548
40455.625,470
40455.64583,382
40455.66667,289
40455.6875,193
40455.70833,102
40455.72917,0
40455.75,0
40455.77083,0
40455.79167,0
40455.8125,0
40455.83333,0
40455.85417,0
40455.875,0
40455.89583,0
40455.91667,0
40455.9375,0
40455.95833,0
40455.97917,0
40456,0
40456.02083,0
40456.04167,0
40456.0625,0
40456.08333,0
40456.10417,0
40456.125,0
40456.14583,0
40456.16667,0
40456.1875,0
40456.20833,0
40456.22917,0
40456.25,0
40456.27083,31
40456.29167,114
40456.3125,210
40456.33333,307
40456.35417,402
40456.375,489
40456.39583,566
40456.41667,631
40456.4375,683
40456.45833,721
40456.47917,743
40456.5,748
40456.52083,738
40456.54167,712
40456.5625,670
40456.58333,615
40456.60417,546
40456.625,466
40456.64583,378
40456.66667,283
40456.6875,188
40456.70833,98
40456.72917,0
40456.75,0
40456.77083,0
40456.79167,0
40456.8125,0
40456.83333,0
40456.85417,0
40456.875,0
40456.89583,0
40456.91667,0
40456.9375,0
40456.95833,0
40456.97917,0
40457,0
40457.02083,0
40457.04167,0
40457.0625,0
40457.08333,0
40457.10417,0
40457.125,0
40457.14583,0
40457.16667,0
40457.1875,0
40457.20833,0
40457.22917,0
40457.25,0
40457.27083,29
40457.29167,110
40457.3125,204
40457.33333,301
40457.35417,395
40457.375,482
40457.39583,559
40457.41667,624
40457.4375,676
40457.45833,713
40457.47917,735
40457.5,740
40457.52083,730
40457.54167,704
40457.5625,662
40457.58333,607
40457.60417,538
40457.625,458
40457.64583,370
40457.66667,276
40457.6875,181
40457.70833,92
40457.72917,0
40457.75,0
40457.77083,0
40457.79167,0
40457.8125,0
40457.83333,0
40457.85417,0
40457.875,0
40457.89583,0
40457.91667,0
40457.9375,0
40457.95833,0
40457.97917,0
40458,0
40458.02083,0
40458.04167,0
40458.0625,0
40458.08333,0
40458.10417,0
40458.125,0
40458.14583,0
40458.16667,0
40458.1875,0
40458.20833,0
40458.22917,0
40458.25,0
40458.27083,26
40458.29167,106
40458.3125,199
40458.33333,295
40458.35417,388
40458.375,473
40458.39583,549
40458.41667,613
40458.4375,664
40458.45833,700
40458.47917,721
40458.5,726
40458.52083,716
40458.54167,690
40458.5625,650
40458.58333,596
40458.60417,530
40458.625,452
40458.64583,366
40458.66667,273
40458.6875,178
40458.70833,90
40458.72917,0
40458.75,0
40458.77083,0
40458.79167,0
40458.8125,0
40458.83333,0
40458.85417,0
40458.875,0
40458.89583,0
40458.91667,0
40458.9375,0
40458.95833,0
40458.97917,0
40459,0
40459.02083,0
40459.04167,0
40459.0625,0
40459.08333,0
40459.10417,0
40459.125,0
40459.14583,0
40459.16667,0
40459.1875,0
40459.20833,0
40459.22917,0
40459.25,0
40459.27083,25
40459.29167,106
40459.3125,202
40459.33333,300
40459.35417,395
40459.375,482
40459.39583,559
40459.41667,624
40459.4375,676
40459.45833,713
40459.47917,734
40459.5,739
40459.52083,728
40459.54167,702
40459.5625,660
40459.58333,603
40459.60417,534
40459.625,454
40459.64583,365
40459.66667,271
40459.6875,175
40459.70833,87
40459.72917,0
40459.75,0
40459.77083,0
40459.79167,0
40459.8125,0
40459.83333,0
40459.85417,0
40459.875,0
40459.89583,0
40459.91667,0
40459.9375,0
40459.95833,0
40459.97917,0
40460,0
40460.02083,0
40460.04167,0
40460.0625,0
40460.08333,0
40460.10417,0
40460.125,0
40460.14583,0
40460.16667,0
40460.1875,0
40460.20833,0
40460.22917,0
40460.25,0
40460.27083,22
40460.29167,100
40460.3125,192
40460.33333,287
40460.35417,378
40460.375,463
40460.39583,539
40460.41667,603
40460.4375,654
40460.45833,691
40460.47917,713
40460.5,719
40460.52083,708
40460.54167,682
40460.5625,641
40460.58333,585
40460.60417,517
40460.625,437
40460.64583,350
40460.66667,257
40460.6875,164
40460.70833,80
40460.72917,0
40460.75,0
40460.77083,0
40460.79167,0
40460.8125,0
40460.83333,0
40460.85417,0
40460.875,0
40460.89583,0
40460.91667,0
40460.9375,0
40460.95833,0
40460.97917,0
40461,0
40461.02083,0
40461.04167,0
40461.0625,0
40461.08333,0
40461.10417,0
40461.125,0
40461.14583,0
40461.16667,0
40461.1875,0
40461.20833,0
40461.22917,0
40461.25,0
40461.27083,20
40461.29167,97
40461.3125,189
40461.33333,284
40461.35417,376
40461.375,460
40461.39583,535
40461.41667,598
40461.4375,647
40461.45833,682
40461.47917,702
40461.5,706
40461.52083,694
40461.54167,667
40461.5625,625
40461.58333,569
40461.60417,501
40461.625,423
40461.64583,337
40461.66667,246
40461.6875,155
40461.70833,74
40461.72917,0
40461.75,0
40461.77083,0
40461.79167,0
40461.8125,0
40461.83333,0
40461.85417,0
40461.875,0
40461.89583,0
40461.91667,0
40461.9375,0
40461.95833,0
40461.97917,0
40462,0
40462.02083,0
40462.04167,0
40462.0625,0
40462.08333,0
40462.10417,0
40462.125,0
40462.14583,0
40462.16667,0
40462.1875,0
40462.20833,0
40462.22917,0
40462.25,0
40462.27083,18
40462.29167,92
40462.3125,183
40462.33333,276
40462.35417,367
40462.375,451
40462.39583,525
40462.41667,588
40462.4375,637
40462.45833,673
40462.47917,694
40462.5,699
40462.52083,688
40462.54167,662
40462.5625,621
40462.58333,567
40462.60417,500
40462.625,422
40462.64583,336
40462.66667,245
40462.6875,153
40462.70833,72
40462.72917,0
40462.75,0
40462.77083,0
40462.79167,0
40462.8125,0
40462.83333,0
40462.85417,0
40462.875,0
40462.89583,0
40462.91667,0
40462.9375,0
40462.95833,0
40462.97917,0
40463,0
40463.02083,0
40463.04167,0
40463.0625,0
40463.08333,0
40463.10417,0
40463.125,0
40463.14583,0
40463.16667,0
40463.1875,0
40463.20833,0
40463.22917,0
40463.25,0
40463.27083,16
40463.29167,89
40463.3125,179
40463.33333,272
40463.35417,363
40463.375,447
40463.39583,522
40463.41667,585
40463.4375,635
40463.45833,671
40463.47917,691
40463.5,695
40463.52083,684
40463.54167,658
40463.5625,616
40463.58333,561
40463.60417,494
40463.625,416
40463.64583,330
40463.66667,239
40463.6875,148
40463.70833,68
40463.72917,0
40463.75,0
40463.77083,0
40463.79167,0
40463.8125,0
40463.83333,0
40463.85417,0
40463.875,0
40463.89583,0
40463.91667,0
40463.9375,0
40463.95833,0
40463.97917,0
40464,0
40464.02083,0
40464.04167,0
40464.0625,0
40464.08333,0
40464.10417,0
40464.125,0
40464.14583,0
40464.16667,0
40464.1875,0
40464.20833,0
40464.22917,0
40464.25,0
40464.27083,15
40464.29167,89
40464.3125,182
40464.33333,279
40464.35417,372
40464.375,458
40464.39583,534
40464.41667,598
40464.4375,649
40464.45833,686
40464.47917,706
40464.5,711
40464.52083,699
40464.54167,672
40464.5625,630
40464.58333,573
40464.60417,504
40464.625,424
40464.64583,335
40464.66667,242
40464.6875,148
40464.70833,68
40464.72917,0
40464.75,0
40464.77083,0
40464.79167,0
40464.8125,0
40464.83333,0
40464.85417,0
40464.875,0
40464.89583,0
40464.91667,0
40464.9375,0
40464.95833,0
40464.97917,0
40465,0
40465.02083,0
40465.04167,0
40465.0625,0
40465.08333,0
40465.10417,0
40465.125,0
40465.14583,0
40465.16667,0
40465.1875,0
40465.20833,0
40465.22917,0
40465.25,0
40465.27083,12
40465.29167,80
40465.3125,167
40465.33333,257
40465.35417,345
40465.375,427
40465.39583,499
40465.41667,561
40465.4375,609
40465.45833,644
40465.47917,665
40465.5,670
40465.52083,660
40465.54167,634
40465.5625,595
40465.58333,541
40465.60417,476
40465.625,401
40465.64583,317
40465.66667,228
40465.6875,139
40465.70833,63
40465.72917,0
40465.75,0
40465.77083,0
40465.79167,0
40465.8125,0
40465.83333,0
40465.85417,0
40465.875,0
40465.89583,0
40465.91667,0
40465.9375,0
40465.95833,0
40465.97917,0
40466,0
40466.02083,0
40466.04167,0
40466.0625,0
40466.08333,0
40466.10417,0
40466.125,0
40466.14583,0
40466.16667,0
40466.1875,0
40466.20833,0
40466.22917,0
40466.25,0
40466.27083,11
40466.29167,82
40466.3125,173
40466.33333,268
40466.35417,360
40466.375,445
40466.39583,521
40466.41667,585
40466.4375,636
40466.45833,671
40466.47917,692
40466.5,696
40466.52083,685
40466.54167,657
40466.5625,615
40466.58333,560
40466.60417,491
40466.625,412
40466.64583,325
40466.66667,233
40466.6875,140
40466.70833,64
40466.72917,0
40466.75,0
40466.77083,0
40466.79167,0
40466.8125,0
40466.83333,0
40466.85417,0
40466.875,0
40466.89583,0
40466.91667,0
40466.9375,0
40466.95833,0
40466.97917,0
40467,0
40467.02083,0
40467.04167,0
40467.0625,0
40467.08333,0
40467.10417,0
40467.125,0
40467.14583,0
40467.16667,0
40467.1875,0
40467.20833,0
40467.22917,0
40467.25,0
40467.27083,10
40467.29167,82
40467.3125,174
40467.33333,270
40467.35417,364
40467.375,450
40467.39583,526
40467.41667,591
40467.4375,641
40467.45833,677
40467.47917,698
40467.5,702
40467.52083,690
40467.54167,662
40467.5625,619
40467.58333,561
40467.60417,491
40467.625,410
40467.64583,322
40467.66667,228
40467.6875,136
40467.70833,63
40467.72917,0
40467.75,0
40467.77083,0
40467.79167,0
40467.8125,0
40467.83333,0
40467.85417,0
40467.875,0
40467.89583,0
40467.91667,0
40467.9375,0
40467.95833,0
40467.97917,0
40468,0
40468.02083,0
40468.04167,0
40468.0625,0
40468.08333,0
40468.10417,0
40468.125,0
40468.14583,0
40468.16667,0
40468.1875,0
40468.20833,0
40468.22917,0
40468.25,0
40468.27083,8
40468.29167,77
40468.3125,166
40468.33333,260
40468.35417,352
40468.375,437
40468.39583,512
40468.41667,576
40468.4375,625
40468.45833,661
40468.47917,680
40468.5,683
40468.52083,670
40468.54167,642
40468.5625,599
40468.58333,543
40468.60417,475
40468.625,396
40468.64583,310
40468.66667,219
40468.6875,129
40468.70833,61
40468.72917,0
40468.75,0
40468.77083,0
40468.79167,0
40468.8125,0
40468.83333,0
40468.85417,0
40468.875,0
40468.89583,0
40468.91667,0
40468.9375,0
40468.95833,0
40468.97917,0
40469,0
40469.02083,0
40469.04167,0
40469.0625,0
40469.08333,0
40469.10417,0
40469.125,0
40469.14583,0
40469.16667,0
40469.1875,0
40469.20833,0
40469.22917,0
40469.25,0
40469.27083,0
40469.29167,73
40469.3125,162
40469.33333,255
40469.35417,345
40469.375,429
40469.39583,502
40469.41667,564
40469.4375,612
40469.45833,646
40469.47917,665
40469.5,668
40469.52083,655
40469.54167,627
40469.5625,585
40469.58333,529
40469.60417,462
40469.625,384
40469.64583,298
40469.66667,209
40469.6875,121
40469.70833,60
40469.72917,0
40469.75,0
40469.77083,0
40469.79167,0
40469.8125,0
40469.83333,0
40469.85417,0
40469.875,0
40469.89583,0
40469.91667,0
40469.9375,0
40469.95833,0
40469.97917,0
40470,0
40470.02083,0
40470.04167,0
40470.0625,0
40470.08333,0
40470.10417,0
40470.125,0
40470.14583,0
40470.16667,0
40470.1875,0
40470.20833,0
40470.22917,0
40470.25,0
40470.27083,0
40470.29167,68
40470.3125,153
40470.33333,244
40470.35417,334
40470.375,417
40470.39583,491
40470.41667,554
40470.4375,605
40470.45833,641
40470.47917,662
40470.5,668
40470.52083,657
40470.54167,631
40470.5625,590
40470.58333,535
40470.60417,467
40470.625,389
40470.64583,303
40470.66667,212
40470.6875,122
40470.70833,0
40470.72917,0
40470.75,0
40470.77083,0
40470.79167,0
40470.8125,0
40470.83333,0
40470.85417,0
40470.875,0
40470.89583,0
40470.91667,0
40470.9375,0
40470.95833,0
40470.97917,0
40471,0
40471.02083,0
40471.04167,0
40471.0625,0
40471.08333,0
40471.10417,0
40471.125,0
40471.14583,0
40471.16667,0
40471.1875,0
40471.20833,0
40471.22917,0
40471.25,0
40471.27083,0
40471.29167,67
40471.3125,153
40471.33333,245
40471.35417,335
40471.375,418
40471.39583,492
40471.41667,554
40471.4375,602
40471.45833,636
40471.47917,655
40471.5,658
40471.52083,646
40471.54167,618
40471.5625,577
40471.58333,521
40471.60417,454
40471.625,377
40471.64583,293
40471.66667,204
40471.6875,116
40471.70833,0
40471.72917,0
40471.75,0
40471.77083,0
40471.79167,0
40471.8125,0
40471.83333,0
40471.85417,0
40471.875,0
40471.89583,0
40471.91667,0
40471.9375,0
40471.95833,0
40471.97917,0
40472,0
40472.02083,0
40472.04167,0
40472.0625,0
40472.08333,0
40472.10417,0
40472.125,0
40472.14583,0
40472.16667,0
40472.1875,0
40472.20833,0
40472.22917,0
40472.25,0
40472.27083,0
40472.29167,65
40472.3125,153
40472.33333,246
40472.35417,337
40472.375,421
40472.39583,496
40472.41667,559
40472.4375,610
40472.45833,647
40472.47917,668
40472.5,673
40472.52083,662
40472.54167,635
40472.5625,592
40472.58333,536
40472.60417,467
40472.625,387
40472.64583,299
40472.66667,207
40472.6875,118
40472.70833,0
40472.72917,0
40472.75,0
40472.77083,0
40472.79167,0
40472.8125,0
40472.83333,0
40472.85417,0
40472.875,0
40472.89583,0
40472.91667,0
40472.9375,0
40472.95833,0
40472.97917,0
40473,0
40473.02083,0
40473.04167,0
40473.0625,0
40473.08333,0
40473.10417,0
40473.125,0
40473.14583,0
40473.16667,0
40473.1875,0
40473.20833,0
40473.22917,0
40473.25,0
40473.27083,0
40473.29167,64
40473.3125,153
40473.33333,248
40473.35417,341
40473.375,427
40473.39583,504
40473.41667,569
40473.4375,619
40473.45833,655
40473.47917,675
40473.5,678
40473.52083,665
40473.54167,636
40473.5625,592
40473.58333,534
40473.60417,464
40473.625,383
40473.64583,295
40473.66667,203
40473.6875,113
40473.70833,0
40473.72917,0
40473.75,0
40473.77083,0
40473.79167,0
40473.8125,0
40473.83333,0
40473.85417,0
40473.875,0
40473.89583,0
40473.91667,0
40473.9375,0
40473.95833,0
40473.97917,0
40474,0
40474.02083,0
40474.04167,0
40474.0625,0
40474.08333,0
40474.10417,0
40474.125,0
40474.14583,0
40474.16667,0
40474.1875,0
40474.20833,0
40474.22917,0
40474.25,0
40474.27083,0
40474.29167,60
40474.3125,147
40474.33333,239
40474.35417,329
40474.375,412
40474.39583,486
40474.41667,548
40474.4375,596
40474.45833,630
40474.47917,649
40474.5,651
40474.52083,638
40474.54167,610
40474.5625,566
40474.58333,510
40474.60417,441
40474.625,362
40474.64583,277
40474.66667,188
40474.6875,102
40474.70833,0
40474.72917,0
40474.75,0
40474.77083,0
40474.79167,0
40474.8125,0
40474.83333,0
40474.85417,0
40474.875,0
40474.89583,0
40474.91667,0
40474.9375,0
40474.95833,0
40474.97917,0
40475,0
40475.02083,0
40475.04167,0
40475.0625,0
40475.08333,0
40475.10417,0
40475.125,0
40475.14583,0
40475.16667,0
40475.1875,0
40475.20833,0
40475.22917,0
40475.25,0
40475.27083,0
40475.29167,56
40475.3125,141
40475.33333,232
40475.35417,322
40475.375,405
40475.39583,478
40475.41667,540
40475.4375,589
40475.45833,624
40475.47917,643
40475.5,646
40475.52083,634
40475.54167,606
40475.5625,564
40475.58333,509
40475.60417,441
40475.625,364
40475.64583,279
40475.66667,190
40475.6875,104
40475.70833,0
40475.72917,0
40475.75,0
40475.77083,0
40475.79167,0
40475.8125,0
40475.83333,0
40475.85417,0
40475.875,0
40475.89583,0
40475.91667,0
40475.9375,0
40475.95833,0
40475.97917,0
40476,0
40476.02083,0
40476.04167,0
40476.0625,0
40476.08333,0
40476.10417,0
40476.125,0
40476.14583,0
40476.16667,0
40476.1875,0
40476.20833,0
40476.22917,0
40476.25,0
40476.27083,0
40476.29167,52
40476.3125,133
40476.33333,221
40476.35417,307
40476.375,386
40476.39583,457
40476.41667,516
40476.4375,563
40476.45833,596
40476.47917,614
40476.5,616
40476.52083,604
40476.54167,576
40476.5625,535
40476.58333,480
40476.60417,414
40476.625,339
40476.64583,256
40476.66667,171
40476.6875,90
40476.70833,0
40476.72917,0
40476.75,0
40476.77083,0
40476.79167,0
40476.8125,0
40476.83333,0
40476.85417,0
40476.875,0
40476.89583,0
40476.91667,0
40476.9375,0
40476.95833,0
40476.97917,0
40477,0
40477.02083,0
40477.04167,0
40477.0625,0
40477.08333,0
40477.10417,0
40477.125,0
40477.14583,0
40477.16667,0
40477.1875,0
40477.20833,0
40477.22917,0
40477.25,0
40477.27083,0
40477.29167,48
40477.3125,128
40477.33333,215
40477.35417,300
40477.375,379
40477.39583,449
40477.41667,507
40477.4375,553
40477.45833,586
40477.47917,604
40477.5,607
40477.52083,595
40477.54167,568
40477.5625,528
40477.58333,475
40477.60417,410
40477.625,335
40477.64583,254
40477.66667,169
40477.6875,88
40477.70833,0
40477.72917,0
40477.75,0
40477.77083,0
40477.79167,0
40477.8125,0
40477.83333,0
40477.85417,0
40477.875,0
40477.89583,0
40477.91667,0
40477.9375,0
40477.95833,0
40477.97917,0
40478,0
40478.02083,0
40478.04167,0
40478.0625,0
40478.08333,0
40478.10417,0
40478.125,0
40478.14583,0
40478.16667,0
40478.1875,0
40478.20833,0
40478.22917,0
40478.25,0
40478.27083,0
40478.29167,44
40478.3125,122
40478.33333,206
40478.35417,290
40478.375,368
40478.39583,437
40478.41667,496
40478.4375,542
40478.45833,575
40478.47917,593
40478.5,596
40478.52083,585
40478.54167,559
40478.5625,519
40478.58333,467
40478.60417,403
40478.625,329
40478.64583,249
40478.66667,165
40478.6875,86
40478.70833,0
40478.72917,0
40478.75,0
40478.77083,0
40478.79167,0
40478.8125,0
40478.83333,0
40478.85417,0
40478.875,0
40478.89583,0
40478.91667,0
40478.9375,0
40478.95833,0
40478.97917,0
40479,0
40479.02083,0
40479.04167,0
40479.0625,0
40479.08333,0
40479.10417,0
40479.125,0
40479.14583,0
40479.16667,0
40479.1875,0
40479.20833,0
40479.22917,0
40479.25,0
40479.27083,0
40479.29167,46
40479.3125,128
40479.33333,217
40479.35417,305
40479.375,386
40479.39583,459
40479.41667,520
40479.4375,569
40479.45833,604
40479.47917,624
40479.5,628
40479.52083,617
40479.54167,591
40479.5625,551
40479.58333,498
40479.60417,431
40479.625,354
40479.64583,268
40479.66667,179
40479.6875,93
40479.70833,0
40479.72917,0
40479.75,0
40479.77083,0
40479.79167,0
40479.8125,0
40479.83333,0
40479.85417,0
40479.875,0
40479.89583,0
40479.91667,0
40479.9375,0
40479.95833,0
40479.97917,0
40480,0
40480.02083,0
40480.04167,0
40480.0625,0
40480.08333,0
40480.10417,0
40480.125,0
40480.14583,0
40480.16667,0
40480.1875,0
40480.20833,0
40480.22917,0
40480.25,0
40480.27083,0
40480.29167,44
40480.3125,128
40480.33333,220
40480.35417,310
40480.375,394
40480.39583,470
40480.41667,533
40480.4375,583
40480.45833,619
40480.47917,639
40480.5,644
40480.52083,632
40480.54167,604
40480.5625,561
40480.58333,505
40480.60417,435
40480.625,356
40480.64583,268
40480.66667,178
40480.6875,92
40480.70833,0
40480.72917,0
40480.75,0
40480.77083,0
40480.79167,0
40480.8125,0
40480.83333,0
40480.85417,0
40480.875,0
40480.89583,0
40480.91667,0
40480.9375,0
40480.95833,0
40480.97917,0
40481,0
40481.02083,0
40481.04167,0
40481.0625,0
40481.08333,0
40481.10417,0
40481.125,0
40481.14583,0
40481.16667,0
40481.1875,0
40481.20833,0
40481.22917,0
40481.25,0
40481.27083,0
40481.29167,42
40481.3125,126
40481.33333,218
40481.35417,308
40481.375,391
40481.39583,466
40481.41667,528
40481.4375,578
40481.45833,613
40481.47917,633
40481.5,637
40481.52083,625
40481.54167,597
40481.5625,554
40481.58333,497
40481.60417,429
40481.625,350
40481.64583,263
40481.66667,173
40481.6875,89
40481.70833,0
40481.72917,0
40481.75,0
40481.77083,0
40481.79167,0
40481.8125,0
40481.83333,0
40481.85417,0
40481.875,0
40481.89583,0
40481.91667,0
40481.9375,0
40481.95833,0
40481.97917,0
40482,0
40482.02083,0
40482.04167,0
40482.0625,0
40482.08333,0
40482.10417,0
40482.125,0
40482.14583,0
40482.16667,0
40482.1875,0
40482.20833,0
40482.22917,0
40482.25,0
40482.27083,0
40482.29167,39
40482.3125,120
40482.33333,211
40482.35417,299
40482.375,381
40482.39583,454
40482.41667,516
40482.4375,564
40482.45833,599
40482.47917,618
40482.5,622
40482.52083,610
40482.54167,583
40482.5625,542
40482.58333,486
40482.60417,419
40482.625,341
40482.64583,256
40482.66667,167
40482.6875,85
40482.70833,0
40482.72917,0
40482.75,0
40482.77083,0
40482.79167,0
40482.8125,0
40482.83333,0
40482.85417,0
40482.875,0
40482.89583,0
40482.91667,0
40482.9375,0
40482.95833,0
40482.97917,0
40483,0
40483.02083,0
40483.04167,0
40483.0625,0
40483.08333,0
40483.10417,0
40483.125,0
40483.14583,0
40483.16667,0
40483.1875,0
40483.20833,0
40483.22917,0
40483.25,0
40483.27083,0
40483.29167,37
40483.3125,120
40483.33333,211
40483.35417,301
40483.375,385
40483.39583,459
40483.41667,521
40483.4375,571
40483.45833,605
40483.47917,624
40483.5,628
40483.52083,615
40483.54167,587
40483.5625,544
40483.58333,488
40483.60417,419
40483.625,341
40483.64583,255
40483.66667,165
40483.6875,83
40483.70833,0
40483.72917,0
40483.75,0
40483.77083,0
40483.79167,0
40483.8125,0
40483.83333,0
40483.85417,0
40483.875,0
40483.89583,0
40483.91667,0
40483.9375,0
40483.95833,0
40483.97917,0
40484,0
40484.02083,0
40484.04167,0
40484.0625,0
40484.08333,0
40484.10417,0
40484.125,0
40484.14583,0
40484.16667,0
40484.1875,0
40484.20833,0
40484.22917,0
40484.25,0
40484.27083,0
40484.29167,34
40484.3125,116
40484.33333,208
40484.35417,297
40484.375,381
40484.39583,455
40484.41667,518
40484.4375,566
40484.45833,600
40484.47917,619
40484.5,622
40484.52083,610
40484.54167,581
40484.5625,539
40484.58333,482
40484.60417,414
40484.625,335
40484.64583,250
40484.66667,161
40484.6875,80
40484.70833,0
40484.72917,0
40484.75,0
40484.77083,0
40484.79167,0
40484.8125,0
40484.83333,0
40484.85417,0
40484.875,0
40484.89583,0
40484.91667,0
40484.9375,0
40484.95833,0
40484.97917,0
40485,0
40485.02083,0
40485.04167,0
40485.0625,0
40485.08333,0
40485.10417,0
40485.125,0
40485.14583,0
40485.16667,0
40485.1875,0
40485.20833,0
40485.22917,0
40485.25,0
40485.27083,0
40485.29167,31
40485.3125,111
40485.33333,201
40485.35417,290
40485.375,373
40485.39583,446
40485.41667,508
40485.4375,557
40485.45833,591
40485.47917,609
40485.5,612
40485.52083,599
40485.54167,571
40485.5625,527
40485.58333,471
40485.60417,402
40485.625,324
40485.64583,239
40485.66667,152
40485.6875,74
40485.70833,0
40485.72917,0
40485.75,0
40485.77083,0
40485.79167,0
40485.8125,0
40485.83333,0
40485.85417,0
40485.875,0
40485.89583,0
40485.91667,0
40485.9375,0
40485.95833,0
40485.97917,0
40486,0
40486.02083,0
40486.04167,0
40486.0625,0
40486.08333,0
40486.10417,0
40486.125,0
40486.14583,0
40486.16667,0
40486.1875,0
40486.20833,0
40486.22917,0
40486.25,0
40486.27083,0
40486.29167,26
40486.3125,99
40486.33333,183
40486.35417,267
40486.375,345
40486.39583,415
40486.41667,474
40486.4375,521
40486.45833,554
40486.47917,572
40486.5,575
40486.52083,564
40486.54167,538
40486.5625,498
40486.58333,445
40486.60417,380
40486.625,306
40486.64583,226
40486.66667,143
40486.6875,69
40486.70833,0
40486.72917,0
40486.75,0
40486.77083,0
40486.79167,0
40486.8125,0
40486.83333,0
40486.85417,0
40486.875,0
40486.89583,0
40486.91667,0
40486.9375,0
40486.95833,0
40486.97917,0
40487,0
40487.02083,0
40487.04167,0
40487.0625,0
40487.08333,0
40487.10417,0
40487.125,0
40487.14583,0
40487.16667,0
40487.1875,0
40487.20833,0
40487.22917,0
40487.25,0
40487.27083,0
40487.29167,26
40487.3125,103
40487.33333,191
40487.35417,279
40487.375,361
40487.39583,434
40487.41667,496
40487.4375,544
40487.45833,578
40487.47917,597
40487.5,601
40487.52083,589
40487.54167,561
40487.5625,519
40487.58333,464
40487.60417,397
40487.625,319
40487.64583,235
40487.66667,148
40487.6875,72
40487.70833,0
40487.72917,0
40487.75,0
40487.77083,0
40487.79167,0
40487.8125,0
40487.83333,0
40487.85417,0
40487.875,0
40487.89583,0
40487.91667,0
40487.9375,0
40487.95833,0
40487.97917,0
40488,0
40488.02083,0
40488.04167,0
40488.0625,0
40488.08333,0
40488.10417,0
40488.125,0
40488.14583,0
40488.16667,0
40488.1875,0
40488.20833,0
40488.22917,0
40488.25,0
40488.27083,0
40488.29167,24
40488.3125,101
40488.33333,189
40488.35417,277
40488.375,360
40488.39583,433
40488.41667,495
40488.4375,543
40488.45833,578
40488.47917,597
40488.5,600
40488.52083,588
40488.54167,561
40488.5625,519
40488.58333,463
40488.60417,396
40488.625,318
40488.64583,233
40488.66667,147
40488.6875,71
40488.70833,0
40488.72917,0
40488.75,0
40488.77083,0
40488.79167,0
40488.8125,0
40488.83333,0
40488.85417,0
40488.875,0
40488.89583,0
40488.91667,0
40488.9375,0
40488.95833,0
40488.97917,0
40489,0
40489.02083,0
40489.04167,0
40489.0625,0
40489.08333,0
40489.10417,0
40489.125,0
40489.14583,0
40489.16667,0
40489.1875,0
40489.20833,0
40489.22917,0
40489.25,0
40489.27083,0
40489.29167,22
40489.3125,99
40489.33333,188
40489.35417,277
40489.375,360
40489.39583,433
40489.41667,495
40489.4375,543
40489.45833,577
40489.47917,595
40489.5,598
40489.52083,585
40489.54167,557
40489.5625,514
40489.58333,458
40489.60417,390
40489.625,313
40489.64583,229
40489.66667,142
40489.6875,69
40489.70833,0
40489.72917,0
40489.75,0
40489.77083,0
40489.79167,0
40489.8125,0
40489.83333,0
40489.85417,0
40489.875,0
40489.89583,0
40489.91667,0
40489.9375,0
40489.95833,0
40489.97917,0
40490,0
40490.02083,0
40490.04167,0
40490.0625,0
40490.08333,0
40490.10417,0
40490.125,0
40490.14583,0
40490.16667,0
40490.1875,0
40490.20833,0
40490.22917,0
40490.25,0
40490.27083,0
40490.29167,19
40490.3125,94
40490.33333,182
40490.35417,269
40490.375,352
40490.39583,425
40490.41667,487
40490.4375,536
40490.45833,571
40490.47917,590
40490.5,594
40490.52083,582
40490.54167,555
40490.5625,513
40490.58333,458
40490.60417,390
40490.625,312
40490.64583,228
40490.66667,141
40490.6875,69
40490.70833,0
40490.72917,0
40490.75,0
40490.77083,0
40490.79167,0
40490.8125,0
40490.83333,0
40490.85417,0
40490.875,0
40490.89583,0
40490.91667,0
40490.9375,0
40490.95833,0
40490.97917,0
40491,0
40491.02083,0
40491.04167,0
40491.0625,0
40491.08333,0
40491.10417,0
40491.125,0
40491.14583,0
40491.16667,0
40491.1875,0
40491.20833,0
40491.22917,0
40491.25,0
40491.27083,0
40491.29167,16
40491.3125,87
40491.33333,172
40491.35417,257
40491.375,337
40491.39583,408
40491.41667,468
40491.4375,516
40491.45833,549
40491.47917,568
40491.5,571
40491.52083,560
40491.54167,533
40491.5625,492
40491.58333,438
40491.60417,372
40491.625,297
40491.64583,215
40491.66667,132
40491.6875,64
40491.70833,0
40491.72917,0
40491.75,0
40491.77083,0
40491.79167,0
40491.8125,0
40491.83333,0
40491.85417,0
40491.875,0
40491.89583,0
40491.91667,0
40491.9375,0
40491.95833,0
40491.97917,0
40492,0
40492.02083,0
40492.04167,0
40492.0625,0
40492.08333,0
40492.10417,0
40492.125,0
40492.14583,0
40492.16667,0
40492.1875,0
40492.20833,0
40492.22917,0
40492.25,0
40492.27083,0
40492.29167,14
40492.3125,84
40492.33333,168
40492.35417,252
40492.375,331
40492.39583,402
40492.41667,462
40492.4375,509
40492.45833,542
40492.47917,561
40492.5,564
40492.52083,552
40492.54167,525
40492.5625,484
40492.58333,429
40492.60417,364
40492.625,289
40492.64583,208
40492.66667,126
40492.6875,62
40492.70833,0
40492.72917,0
40492.75,0
40492.77083,0
40492.79167,0
40492.8125,0
40492.83333,0
40492.85417,0
40492.875,0
40492.89583,0
40492.91667,0
40492.9375,0
40492.95833,0
40492.97917,0
40493,0
40493.02083,0
40493.04167,0
40493.0625,0
40493.08333,0
40493.10417,0
40493.125,0
40493.14583,0
40493.16667,0
40493.1875,0
40493.20833,0
40493.22917,0
40493.25,0
40493.27083,0
40493.29167,13
40493.3125,86
40493.33333,174
40493.35417,262
40493.375,344
40493.39583,417
40493.41667,479
40493.4375,527
40493.45833,560
40493.47917,579
40493.5,582
40493.52083,570
40493.54167,542
40493.5625,500
40493.58333,445
40493.60417,378
40493.625,301
40493.64583,218
40493.66667,133
40493.6875,68
40493.70833,0
40493.72917,0
40493.75,0
40493.77083,0
40493.79167,0
40493.8125,0
40493.83333,0
40493.85417,0
40493.875,0
40493.89583,0
40493.91667,0
40493.9375,0
40493.95833,0
40493.97917,0
40494,0
40494.02083,0
40494.04167,0
40494.0625,0
40494.08333,0
40494.10417,0
40494.125,0
40494.14583,0
40494.16667,0
40494.1875,0
40494.20833,0
40494.22917,0
40494.25,0
40494.27083,0
40494.29167,12
40494.3125,86
40494.33333,176
40494.35417,266
40494.375,350
40494.39583,425
40494.41667,488
40494.4375,537
40494.45833,571
40494.47917,590
40494.5,593
40494.52083,580
40494.54167,552
40494.5625,509
40494.58333,452
40494.60417,383
40494.625,305
40494.64583,220
40494.66667,134
40494.6875,70
40494.70833,0
40494.72917,0
40494.75,0
40494.77083,0
40494.79167,0
40494.8125,0
40494.83333,0
40494.85417,0
40494.875,0
40494.89583,0
40494.91667,0
40494.9375,0
40494.95833,0
40494.97917,0
40495,0
40495.02083,0
40495.04167,0
40495.0625,0
40495.08333,0
40495.10417,0
40495.125,0
40495.14583,0
40495.16667,0
40495.1875,0
40495.20833,0
40495.22917,0
40495.25,0
40495.27083,0
40495.29167,9
40495.3125,81
40495.33333,169
40495.35417,258
40495.375,341
40495.39583,416
40495.41667,479
40495.4375,528
40495.45833,563
40495.47917,582
40495.5,585
40495.52083,573
40495.54167,545
40495.5625,502
40495.58333,446
40495.60417,378
40495.625,300
40495.64583,216
40495.66667,130
40495.6875,71
40495.70833,0
40495.72917,0
40495.75,0
40495.77083,0
40495.79167,0
40495.8125,0
40495.83333,0
40495.85417,0
40495.875,0
40495.89583,0
40495.91667,0
40495.9375,0
40495.95833,0
40495.97917,0
40496,0
40496.02083,0
40496.04167,0
40496.0625,0
40496.08333,0
40496.10417,0
40496.125,0
40496.14583,0
40496.16667,0
40496.1875,0
40496.20833,0
40496.22917,0
40496.25,0
40496.27083,0
40496.29167,0
40496.3125,75
40496.33333,160
40496.35417,247
40496.375,328
40496.39583,401
40496.41667,462
40496.4375,511
40496.45833,545
40496.47917,565
40496.5,569
40496.52083,557
40496.54167,530
40496.5625,489
40496.58333,434
40496.60417,367
40496.625,291
40496.64583,208
40496.66667,124
40496.6875,0
40496.70833,0
40496.72917,0
40496.75,0
40496.77083,0
40496.79167,0
40496.8125,0
40496.83333,0
40496.85417,0
40496.875,0
40496.89583,0
40496.91667,0
40496.9375,0
40496.95833,0
40496.97917,0
40497,0
40497.02083,0
40497.04167,0
40497.0625,0
40497.08333,0
40497.10417,0
40497.125,0
40497.14583,0
40497.16667,0
40497.1875,0
40497.20833,0
40497.22917,0
40497.25,0
40497.27083,0
40497.29167,0
40497.3125,68
40497.33333,150
40497.35417,233
40497.375,312
40497.39583,383
40497.41667,443
40497.4375,491
40497.45833,524
40497.47917,544
40497.5,548
40497.52083,536
40497.54167,510
40497.5625,469
40497.58333,415
40497.60417,351
40497.625,277
40497.64583,197
40497.66667,116
40497.6875,0
40497.70833,0
40497.72917,0
40497.75,0
40497.77083,0
40497.79167,0
40497.8125,0
40497.83333,0
40497.85417,0
40497.875,0
40497.89583,0
40497.91667,0
40497.9375,0
40497.95833,0
40497.97917,0
40498,0
40498.02083,0
40498.04167,0
40498.0625,0
40498.08333,0
40498.10417,0
40498.125,0
40498.14583,0
40498.16667,0
40498.1875,0
40498.20833,0
40498.22917,0
40498.25,0
40498.27083,0
40498.29167,0
40498.3125,63
40498.33333,141
40498.35417,222
40498.375,299
40498.39583,367
40498.41667,425
40498.4375,471
40498.45833,503
40498.47917,521
40498.5,524
40498.52083,513
40498.54167,487
40498.5625,448
40498.58333,396
40498.60417,332
40498.625,261
40498.64583,184
40498.66667,106
40498.6875,0
40498.70833,0
40498.72917,0
40498.75,0
40498.77083,0
40498.79167,0
40498.8125,0
40498.83333,0
40498.85417,0
40498.875,0
40498.89583,0
40498.91667,0
40498.9375,0
40498.95833,0
40498.97917,0
40499,0
40499.02083,0
40499.04167,0
40499.0625,0
40499.08333,0
40499.10417,0
40499.125,0
40499.14583,0
40499.16667,0
40499.1875,0
40499.20833,0
40499.22917,0
40499.25,0
40499.27083,0
40499.29167,0
40499.3125,63
40499.33333,143
40499.35417,227
40499.375,307
40499.39583,379
40499.41667,441
40499.4375,490
40499.45833,525
40499.47917,545
40499.5,550
40499.52083,539
40499.54167,513
40499.5625,473
40499.58333,419
40499.60417,354
40499.625,279
40499.64583,198
40499.66667,116
40499.6875,0
40499.70833,0
40499.72917,0
40499.75,0
40499.77083,0
40499.79167,0
40499.8125,0
40499.83333,0
40499.85417,0
40499.875,0
40499.89583,0
40499.91667,0
40499.9375,0
40499.95833,0
40499.97917,0
40500,0
40500.02083,0
40500.04167,0
40500.0625,0
40500.08333,0
40500.10417,0
40500.125,0
40500.14583,0
40500.16667,0
40500.1875,0
40500.20833,0
40500.22917,0
40500.25,0
40500.27083,0
40500.29167,0
40500.3125,61
40500.33333,143
40500.35417,227
40500.375,306
40500.39583,378
40500.41667,438
40500.4375,486
40500.45833,520
40500.47917,539
40500.5,543
40500.52083,532
40500.54167,506
40500.5625,465
40500.58333,412
40500.60417,347
40500.625,272
40500.64583,192
40500.66667,111
40500.6875,0
40500.70833,0
40500.72917,0
40500.75,0
40500.77083,0
40500.79167,0
40500.8125,0
40500.83333,0
40500.85417,0
40500.875,0
40500.89583,0
40500.91667,0
40500.9375,0
40500.95833,0
40500.97917,0
40501,0
40501.02083,0
40501.04167,0
40501.0625,0
40501.08333,0
40501.10417,0
40501.125,0
40501.14583,0
40501.16667,0
40501.1875,0
40501.20833,0
40501.22917,0
40501.25,0
40501.27083,0
40501.29167,0
40501.3125,59
40501.33333,141
40501.35417,227
40501.375,307
40501.39583,379
40501.41667,440
40501.4375,488
40501.45833,522
40501.47917,541
40501.5,545
40501.52083,533
40501.54167,506
40501.5625,466
40501.58333,412
40501.60417,347
40501.625,272
40501.64583,192
40501.66667,111
40501.6875,0
40501.70833,0
40501.72917,0
40501.75,0
40501.77083,0
40501.79167,0
40501.8125,0
40501.83333,0
40501.85417,0
40501.875,0
40501.89583,0
40501.91667,0
40501.9375,0
40501.95833,0
40501.97917,0
40502,0
40502.02083,0
40502.04167,0
40502.0625,0
40502.08333,0
40502.10417,0
40502.125,0
40502.14583,0
40502.16667,0
40502.1875,0
40502.20833,0
40502.22917,0
40502.25,0
40502.27083,0
40502.29167,0
40502.3125,54
40502.33333,133
40502.35417,216
40502.375,295
40502.39583,365
40502.41667,426
40502.4375,474
40502.45833,508
40502.47917,528
40502.5,533
40502.52083,523
40502.54167,498
40502.5625,458
40502.58333,405
40502.60417,340
40502.625,267
40502.64583,187
40502.66667,108
40502.6875,0
40502.70833,0
40502.72917,0
40502.75,0
40502.77083,0
40502.79167,0
40502.8125,0
40502.83333,0
40502.85417,0
40502.875,0
40502.89583,0
40502.91667,0
40502.9375,0
40502.95833,0
40502.97917,0
40503,0
40503.02083,0
40503.04167,0
40503.0625,0
40503.08333,0
40503.10417,0
40503.125,0
40503.14583,0
40503.16667,0
40503.1875,0
40503.20833,0
40503.22917,0
40503.25,0
40503.27083,0
40503.29167,0
40503.3125,52
40503.33333,130
40503.35417,213
40503.375,292
40503.39583,363
40503.41667,423
40503.4375,471
40503.45833,505
40503.47917,524
40503.5,529
40503.52083,518
40503.54167,492
40503.5625,453
40503.58333,400
40503.60417,336
40503.625,263
40503.64583,184
40503.66667,105
40503.6875,0
40503.70833,0
40503.72917,0
40503.75,0
40503.77083,0
40503.79167,0
40503.8125,0
40503.83333,0
40503.85417,0
40503.875,0
40503.89583,0
40503.91667,0
40503.9375,0
40503.95833,0
40503.97917,0
40504,0
40504.02083,0
40504.04167,0
40504.0625,0
40504.08333,0
40504.10417,0
40504.125,0
40504.14583,0
40504.16667,0
40504.1875,0
40504.20833,0
40504.22917,0
40504.25,0
40504.27083,0
40504.29167,0
40504.3125,48
40504.33333,124
40504.35417,205
40504.375,282
40504.39583,351
40504.41667,411
40504.4375,458
40504.45833,492
40504.47917,511
40504.5,516
40504.52083,506
40504.54167,481
40504.5625,442
40504.58333,391
40504.60417,328
40504.625,256
40504.64583,178
40504.66667,101
40504.6875,0
40504.70833,0
40504.72917,0
40504.75,0
40504.77083,0
40504.79167,0
40504.8125,0
40504.83333,0
40504.85417,0
40504.875,0
40504.89583,0
40504.91667,0
40504.9375,0
40504.95833,0
40504.97917,0
40505,0
40505.02083,0
40505.04167,0
40505.0625,0
40505.08333,0
40505.10417,0
40505.125,0
40505.14583,0
40505.16667,0
40505.1875,0
40505.20833,0
40505.22917,0
40505.25,0
40505.27083,0
40505.29167,0
40505.3125,45
40505.33333,119
40505.35417,199
40505.375,274
40505.39583,342
40505.41667,399
40505.4375,443
40505.45833,474
40505.47917,492
40505.5,495
40505.52083,485
40505.54167,460
40505.5625,423
40505.58333,373
40505.60417,313
40505.625,244
40505.64583,171
40505.66667,97
40505.6875,0
40505.70833,0
40505.72917,0
40505.75,0
40505.77083,0
40505.79167,0
40505.8125,0
40505.83333,0
40505.85417,0
40505.875,0
40505.89583,0
40505.91667,0
40505.9375,0
40505.95833,0
40505.97917,0
40506,0
40506.02083,0
40506.04167,0
40506.0625,0
40506.08333,0
40506.10417,0
40506.125,0
40506.14583,0
40506.16667,0
40506.1875,0
40506.20833,0
40506.22917,0
40506.25,0
40506.27083,0
40506.29167,0
40506.3125,46
40506.33333,126
40506.35417,210
40506.375,290
40506.39583,362
40506.41667,423
40506.4375,472
40506.45833,507
40506.47917,527
40506.5,531
40506.52083,521
40506.54167,495
40506.5625,455
40506.58333,402
40506.60417,337
40506.625,263
40506.64583,183
40506.66667,104
40506.6875,0
40506.70833,0
40506.72917,0
40506.75,0
40506.77083,0
40506.79167,0
40506.8125,0
40506.83333,0
40506.85417,0
40506.875,0
40506.89583,0
40506.91667,0
40506.9375,0
40506.95833,0
40506.97917,0
40507,0
40507.02083,0
40507.04167,0
40507.0625,0
40507.08333,0
40507.10417,0
40507.125,0
40507.14583,0
40507.16667,0
40507.1875,0
40507.20833,0
40507.22917,0
40507.25,0
40507.27083,0
40507.29167,0
40507.3125,39
40507.33333,113
40507.35417,192
40507.375,268
40507.39583,336
40507.41667,395
40507.4375,441
40507.45833,474
40507.47917,493
40507.5,497
40507.52083,487
40507.54167,463
40507.5625,425
40507.58333,375
40507.60417,314
40507.625,244
40507.64583,169
40507.66667,94
40507.6875,0
40507.70833,0
40507.72917,0
40507.75,0
40507.77083,0
40507.79167,0
40507.8125,0
40507.83333,0
40507.85417,0
40507.875,0
40507.89583,0
40507.91667,0
40507.9375,0
40507.95833,0
40507.97917,0
40508,0
40508.02083,0
40508.04167,0
40508.0625,0
40508.08333,0
40508.10417,0
40508.125,0
40508.14583,0
40508.16667,0
40508.1875,0
40508.20833,0
40508.22917,0
40508.25,0
40508.27083,0
40508.29167,0
40508.3125,36
40508.33333,107
40508.35417,186
40508.375,263
40508.39583,334
40508.41667,396
40508.4375,446
40508.45833,483
40508.47917,506
40508.5,514
40508.52083,507
40508.54167,486
40508.5625,448
40508.58333,397
40508.60417,334
40508.625,262
40508.64583,182
40508.66667,103
40508.6875,0
40508.70833,0
40508.72917,0
40508.75,0
40508.77083,0
40508.79167,0
40508.8125,0
40508.83333,0
40508.85417,0
40508.875,0
40508.89583,0
40508.91667,0
40508.9375,0
40508.95833,0
40508.97917,0
40509,0
40509.02083,0
40509.04167,0
40509.0625,0
40509.08333,0
40509.10417,0
40509.125,0
40509.14583,0
40509.16667,0
40509.1875,0
40509.20833,0
40509.22917,0
40509.25,0
40509.27083,0
40509.29167,0
40509.3125,38
40509.33333,117
40509.35417,200
40509.375,280
40509.39583,352
40509.41667,413
40509.4375,462
40509.45833,497
40509.47917,517
40509.5,523
40509.52083,513
40509.54167,488
40509.5625,449
40509.58333,396
40509.60417,332
40509.625,259
40509.64583,180
40509.66667,101
40509.6875,0
40509.70833,0
40509.72917,0
40509.75,0
40509.77083,0
40509.79167,0
40509.8125,0
40509.83333,0
40509.85417,0
40509.875,0
40509.89583,0
40509.91667,0
40509.9375,0
40509.95833,0
40509.97917,0
40510,0
40510.02083,0
40510.04167,0
40510.0625,0
40510.08333,0
40510.10417,0
40510.125,0
40510.14583,0
40510.16667,0
40510.1875,0
40510.20833,0
40510.22917,0
40510.25,0
40510.27083,0
40510.29167,0
40510.3125,36
40510.33333,113
40510.35417,196
40510.375,276
40510.39583,348
40510.41667,410
40510.4375,459
40510.45833,495
40510.47917,516
40510.5,522
40510.52083,512
40510.54167,488
40510.5625,449
40510.58333,397
40510.60417,333
40510.625,260
40510.64583,180
40510.66667,101
40510.6875,0
40510.70833,0
40510.72917,0
40510.75,0
40510.77083,0
40510.79167,0
40510.8125,0
40510.83333,0
40510.85417,0
40510.875,0
40510.89583,0
40510.91667,0
40510.9375,0
40510.95833,0
40510.97917,0
40511,0
40511.02083,0
40511.04167,0
40511.0625,0
40511.08333,0
40511.10417,0
40511.125,0
40511.14583,0
40511.16667,0
40511.1875,0
40511.20833,0
40511.22917,0
40511.25,0
40511.27083,0
40511.29167,0
40511.3125,33
40511.33333,108
40511.35417,190
40511.375,269
40511.39583,340
40511.41667,401
40511.4375,450
40511.45833,485
40511.47917,506
40511.5,511
40511.52083,501
40511.54167,477
40511.5625,438
40511.58333,386
40511.60417,322
40511.625,250
40511.64583,172
40511.66667,96
40511.6875,0
40511.70833,0
40511.72917,0
40511.75,0
40511.77083,0
40511.79167,0
40511.8125,0
40511.83333,0
40511.85417,0
40511.875,0
40511.89583,0
40511.91667,0
40511.9375,0
40511.95833,0
40511.97917,0
40512,0
40512.02083,0
40512.04167,0
40512.0625,0
40512.08333,0
40512.10417,0
40512.125,0
40512.14583,0
40512.16667,0
40512.1875,0
40512.20833,0
40512.22917,0
40512.25,0
40512.27083,0
40512.29167,0
40512.3125,27
40512.33333,94
40512.35417,170
40512.375,243
40512.39583,310
40512.41667,367
40512.4375,413
40512.45833,446
40512.47917,465
40512.5,471
40512.52083,462
40512.54167,439
40512.5625,403
40512.58333,355
40512.60417,296
40512.625,228
40512.64583,156
40512.66667,85
40512.6875,0
40512.70833,0
40512.72917,0
40512.75,0
40512.77083,0
40512.79167,0
40512.8125,0
40512.83333,0
40512.85417,0
40512.875,0
40512.89583,0
40512.91667,0
40512.9375,0
40512.95833,0
40512.97917,0
40513,0
40513.02083,0
40513.04167,0
40513.0625,0
40513.08333,0
40513.10417,0
40513.125,0
40513.14583,0
40513.16667,0
40513.1875,0
40513.20833,0
40513.22917,0
40513.25,0
40513.27083,0
40513.29167,0
40513.3125,24
40513.33333,89
40513.35417,163
40513.375,236
40513.39583,303
40513.41667,362
40513.4375,411
40513.45833,449
40513.47917,474
40513.5,486
40513.52083,483
40513.54167,466
40513.5625,433
40513.58333,387
40513.60417,326
40513.625,255
40513.64583,177
40513.66667,99
40513.6875,0
40513.70833,0
40513.72917,0
40513.75,0
40513.77083,0
40513.79167,0
40513.8125,0
40513.83333,0
40513.85417,0
40513.875,0
40513.89583,0
40513.91667,0
40513.9375,0
40513.95833,0
40513.97917,0
40514,0
40514.02083,0
40514.04167,0
40514.0625,0
40514.08333,0
40514.10417,0
40514.125,0
40514.14583,0
40514.16667,0
40514.1875,0
40514.20833,0
40514.22917,0
40514.25,0
40514.27083,0
40514.29167,0
40514.3125,26
40514.33333,99
40514.35417,181
40514.375,260
40514.39583,331
40514.41667,392
40514.4375,441
40514.45833,477
40514.47917,498
40514.5,504
40514.52083,495
40514.54167,471
40514.5625,433
40514.58333,382
40514.60417,319
40514.625,247
40514.64583,170
40514.66667,94
40514.6875,0
40514.70833,0
40514.72917,0
40514.75,0
40514.77083,0
40514.79167,0
40514.8125,0
40514.83333,0
40514.85417,0
40514.875,0
40514.89583,0
40514.91667,0
40514.9375,0
40514.95833,0
40514.97917,0
40515,0
40515.02083,0
40515.04167,0
40515.0625,0
40515.08333,0
40515.10417,0
40515.125,0
40515.14583,0
40515.16667,0
40515.1875,0
40515.20833,0
40515.22917,0
40515.25,0
40515.27083,0
40515.29167,0
40515.3125,24
40515.33333,96
40515.35417,177
40515.375,256
40515.39583,328
40515.41667,389
40515.4375,439
40515.45833,475
40515.47917,497
40515.5,503
40515.52083,495
40515.54167,471
40515.5625,434
40515.58333,383
40515.60417,321
40515.625,249
40515.64583,172
40515.66667,95
40515.6875,0
40515.70833,0
40515.72917,0
40515.75,0
40515.77083,0
40515.79167,0
40515.8125,0
40515.83333,0
40515.85417,0
40515.875,0
40515.89583,0
40515.91667,0
40515.9375,0
40515.95833,0
40515.97917,0
40516,0
40516.02083,0
40516.04167,0
40516.0625,0
40516.08333,0
40516.10417,0
40516.125,0
40516.14583,0
40516.16667,0
40516.1875,0
40516.20833,0
40516.22917,0
40516.25,0
40516.27083,0
40516.29167,0
40516.3125,23
40516.33333,95
40516.35417,176
40516.375,256
40516.39583,328
40516.41667,390
40516.4375,440
40516.45833,476
40516.47917,497
40516.5,504
40516.52083,495
40516.54167,472
40516.5625,434
40516.58333,384
40516.60417,321
40516.625,249
40516.64583,171
40516.66667,95
40516.6875,0
40516.70833,0
40516.72917,0
40516.75,0
40516.77083,0
40516.79167,0
40516.8125,0
40516.83333,0
40516.85417,0
40516.875,0
40516.89583,0
40516.91667,0
40516.9375,0
40516.95833,0
40516.97917,0
40517,0
40517.02083,0
40517.04167,0
40517.0625,0
40517.08333,0
40517.10417,0
40517.125,0
40517.14583,0
40517.16667,0
40517.1875,0
40517.20833,0
40517.22917,0
40517.25,0
40517.27083,0
40517.29167,0
40517.3125,21
40517.33333,93
40517.35417,174
40517.375,254
40517.39583,327
40517.41667,390
40517.4375,440
40517.45833,477
40517.47917,499
40517.5,506
40517.52083,498
40517.54167,475
40517.5625,437
40517.58333,387
40517.60417,324
40517.625,252
40517.64583,174
40517.66667,97
40517.6875,0
40517.70833,0
40517.72917,0
40517.75,0
40517.77083,0
40517.79167,0
40517.8125,0
40517.83333,0
40517.85417,0
40517.875,0
40517.89583,0
40517.91667,0
40517.9375,0
40517.95833,0
40517.97917,0
40518,0
40518.02083,0
40518.04167,0
40518.0625,0
40518.08333,0
40518.10417,0
40518.125,0
40518.14583,0
40518.16667,0
40518.1875,0
40518.20833,0
40518.22917,0
40518.25,0
40518.27083,0
40518.29167,0
40518.3125,19
40518.33333,90
40518.35417,171
40518.375,250
40518.39583,323
40518.41667,385
40518.4375,436
40518.45833,472
40518.47917,495
40518.5,502
40518.52083,494
40518.54167,471
40518.5625,434
40518.58333,383
40518.60417,321
40518.625,250
40518.64583,172
40518.66667,95
40518.6875,0
40518.70833,0
40518.72917,0
40518.75,0
40518.77083,0
40518.79167,0
40518.8125,0
40518.83333,0
40518.85417,0
40518.875,0
40518.89583,0
40518.91667,0
40518.9375,0
40518.95833,0
40518.97917,0
40519,0
40519.02083,0
40519.04167,0
40519.0625,0
40519.08333,0
40519.10417,0
40519.125,0
40519.14583,0
40519.16667,0
40519.1875,0
40519.20833,0
40519.22917,0
40519.25,0
40519.27083,0
40519.29167,0
40519.3125,18
40519.33333,88
40519.35417,169
40519.375,249
40519.39583,322
40519.41667,385
40519.4375,436
40519.45833,473
40519.47917,495
40519.5,503
40519.52083,495
40519.54167,472
40519.5625,435
40519.58333,384
40519.60417,322
40519.625,250
40519.64583,173
40519.66667,96
40519.6875,0
40519.70833,0
40519.72917,0
40519.75,0
40519.77083,0
40519.79167,0
40519.8125,0
40519.83333,0
40519.85417,0
40519.875,0
40519.89583,0
40519.91667,0
40519.9375,0
40519.95833,0
40519.97917,0
40520,0
40520.02083,0
40520.04167,0
40520.0625,0
40520.08333,0
40520.10417,0
40520.125,0
40520.14583,0
40520.16667,0
40520.1875,0
40520.20833,0
40520.22917,0
40520.25,0
40520.27083,0
40520.29167,0
40520.3125,16
40520.33333,86
40520.35417,168
40520.375,248
40520.39583,321
40520.41667,384
40520.4375,434
40520.45833,472
40520.47917,494
40520.5,502
40520.52083,494
40520.54167,472
40520.5625,435
40520.58333,385
40520.60417,323
40520.625,251
40520.64583,174
40520.66667,97
40520.6875,0
40520.70833,0
40520.72917,0
40520.75,0
40520.77083,0
40520.79167,0
40520.8125,0
40520.83333,0
40520.85417,0
40520.875,0
40520.89583,0
40520.91667,0
40520.9375,0
40520.95833,0
40520.97917,0
40521,0
40521.02083,0
40521.04167,0
40521.0625,0
40521.08333,0
40521.10417,0
40521.125,0
40521.14583,0
40521.16667,0
40521.1875,0
40521.20833,0
40521.22917,0
40521.25,0
40521.27083,0
40521.29167,0
40521.3125,15
40521.33333,84
40521.35417,165
40521.375,246
40521.39583,319
40521.41667,383
40521.4375,434
40521.45833,472
40521.47917,495
40521.5,503
40521.52083,496
40521.54167,473
40521.5625,436
40521.58333,385
40521.60417,323
40521.625,251
40521.64583,173
40521.66667,96
40521.6875,0
40521.70833,0
40521.72917,0
40521.75,0
40521.77083,0
40521.79167,0
40521.8125,0
40521.83333,0
40521.85417,0
40521.875,0
40521.89583,0
40521.91667,0
40521.9375,0
40521.95833,0
40521.97917,0
40522,0
40522.02083,0
40522.04167,0
40522.0625,0
40522.08333,0
40522.10417,0
40522.125,0
40522.14583,0
40522.16667,0
40522.1875,0
40522.20833,0
40522.22917,0
40522.25,0
40522.27083,0
40522.29167,0
40522.3125,12
40522.33333,78
40522.35417,157
40522.375,235
40522.39583,306
40522.41667,367
40522.4375,417
40522.45833,454
40522.47917,477
40522.5,485
40522.52083,478
40522.54167,457
40522.5625,422
40522.58333,373
40522.60417,313
40522.625,244
40522.64583,168
40522.66667,93
40522.6875,0
40522.70833,0
40522.72917,0
40522.75,0
40522.77083,0
40522.79167,0
40522.8125,0
40522.83333,0
40522.85417,0
40522.875,0
40522.89583,0
40522.91667,0
40522.9375,0
40522.95833,0
40522.97917,0
40523,0
40523.02083,0
40523.04167,0
40523.0625,0
40523.08333,0
40523.10417,0
40523.125,0
40523.14583,0
40523.16667,0
40523.1875,0
40523.20833,0
40523.22917,0
40523.25,0
40523.27083,0
40523.29167,0
40523.3125,11
40523.33333,77
40523.35417,156
40523.375,234
40523.39583,306
40523.41667,369
40523.4375,419
40523.45833,456
40523.47917,479
40523.5,486
40523.52083,479
40523.54167,457
40523.5625,420
40523.58333,371
40523.60417,310
40523.625,240
40523.64583,165
40523.66667,90
40523.6875,0
40523.70833,0
40523.72917,0
40523.75,0
40523.77083,0
40523.79167,0
40523.8125,0
40523.83333,0
40523.85417,0
40523.875,0
40523.89583,0
40523.91667,0
40523.9375,0
40523.95833,0
40523.97917,0
40524,0
40524.02083,0
40524.04167,0
40524.0625,0
40524.08333,0
40524.10417,0
40524.125,0
40524.14583,0
40524.16667,0
40524.1875,0
40524.20833,0
40524.22917,0
40524.25,0
40524.27083,0
40524.29167,0
40524.3125,9
40524.33333,69
40524.35417,144
40524.375,218
40524.39583,288
40524.41667,348
40524.4375,397
40524.45833,433
40524.47917,455
40524.5,463
40524.52083,456
40524.54167,435
40524.5625,401
40524.58333,355
40524.60417,297
40524.625,230
40524.64583,158
40524.66667,87
40524.6875,0
40524.70833,0
40524.72917,0
40524.75,0
40524.77083,0
40524.79167,0
40524.8125,0
40524.83333,0
40524.85417,0
40524.875,0
40524.89583,0
40524.91667,0
40524.9375,0
40524.95833,0
40524.97917,0
40525,0
40525.02083,0
40525.04167,0
40525.0625,0
40525.08333,0
40525.10417,0
40525.125,0
40525.14583,0
40525.16667,0
40525.1875,0
40525.20833,0
40525.22917,0
40525.25,0
40525.27083,0
40525.29167,0
40525.3125,9
40525.33333,73
40525.35417,152
40525.375,230
40525.39583,303
40525.41667,367
40525.4375,418
40525.45833,457
40525.47917,481
40525.5,491
40525.52083,485
40525.54167,464
40525.5625,429
40525.58333,381
40525.60417,321
40525.625,250
40525.64583,174
40525.66667,97
40525.6875,0
40525.70833,0
40525.72917,0
40525.75,0
40525.77083,0
40525.79167,0
40525.8125,0
40525.83333,0
40525.85417,0
40525.875,0
40525.89583,0
40525.91667,0
40525.9375,0
40525.95833,0
40525.97917,0
40526,0
40526.02083,0
40526.04167,0
40526.0625,0
40526.08333,0
40526.10417,0
40526.125,0
40526.14583,0
40526.16667,0
40526.1875,0
40526.20833,0
40526.22917,0
40526.25,0
40526.27083,0
40526.29167,0
40526.3125,0
40526.33333,73
40526.35417,154
40526.375,234
40526.39583,309
40526.41667,373
40526.4375,426
40526.45833,466
40526.47917,491
40526.5,501
40526.52083,495
40526.54167,475
40526.5625,439
40526.58333,390
40526.60417,329
40526.625,258
40526.64583,179
40526.66667,101
40526.6875,0
40526.70833,0
40526.72917,0
40526.75,0
40526.77083,0
40526.79167,0
40526.8125,0
40526.83333,0
40526.85417,0
40526.875,0
40526.89583,0
40526.91667,0
40526.9375,0
40526.95833,0
40526.97917,0
40527,0
40527.02083,0
40527.04167,0
40527.0625,0
40527.08333,0
40527.10417,0
40527.125,0
40527.14583,0
40527.16667,0
40527.1875,0
40527.20833,0
40527.22917,0
40527.25,0
40527.27083,0
40527.29167,0
40527.3125,0
40527.33333,73
40527.35417,155
40527.375,236
40527.39583,312
40527.41667,377
40527.4375,430
40527.45833,470
40527.47917,494
40527.5,504
40527.52083,498
40527.54167,476
40527.5625,441
40527.58333,391
40527.60417,330
40527.625,259
40527.64583,181
40527.66667,102
40527.6875,0
40527.70833,0
40527.72917,0
40527.75,0
40527.77083,0
40527.79167,0
40527.8125,0
40527.83333,0
40527.85417,0
40527.875,0
40527.89583,0
40527.91667,0
40527.9375,0
40527.95833,0
40527.97917,0
40528,0
40528.02083,0
40528.04167,0
40528.0625,0
40528.08333,0
40528.10417,0
40528.125,0
40528.14583,0
40528.16667,0
40528.1875,0
40528.20833,0
40528.22917,0
40528.25,0
40528.27083,0
40528.29167,0
40528.3125,0
40528.33333,68
40528.35417,145
40528.375,223
40528.39583,294
40528.41667,355
40528.4375,405
40528.45833,441
40528.47917,464
40528.5,472
40528.52083,466
40528.54167,446
40528.5625,411
40528.58333,364
40528.60417,306
40528.625,239
40528.64583,165
40528.66667,92
40528.6875,0
40528.70833,0
40528.72917,0
40528.75,0
40528.77083,0
40528.79167,0
40528.8125,0
40528.83333,0
40528.85417,0
40528.875,0
40528.89583,0
40528.91667,0
40528.9375,0
40528.95833,0
40528.97917,0
40529,0
40529.02083,0
40529.04167,0
40529.0625,0
40529.08333,0
40529.10417,0
40529.125,0
40529.14583,0
40529.16667,0
40529.1875,0
40529.20833,0
40529.22917,0
40529.25,0
40529.27083,0
40529.29167,0
40529.3125,0
40529.33333,67
40529.35417,146
40529.375,226
40529.39583,300
40529.41667,364
40529.4375,416
40529.45833,456
40529.47917,481
40529.5,491
40529.52083,486
40529.54167,465
40529.5625,431
40529.58333,382
40529.60417,322
40529.625,252
40529.64583,176
40529.66667,100
40529.6875,0
40529.70833,0
40529.72917,0
40529.75,0
40529.77083,0
40529.79167,0
40529.8125,0
40529.83333,0
40529.85417,0
40529.875,0
40529.89583,0
40529.91667,0
40529.9375,0
40529.95833,0
40529.97917,0
40530,0
40530.02083,0
40530.04167,0
40530.0625,0
40530.08333,0
40530.10417,0
40530.125,0
40530.14583,0
40530.16667,0
40530.1875,0
40530.20833,0
40530.22917,0
40530.25,0
40530.27083,0
40530.29167,0
40530.3125,0
40530.33333,63
40530.35417,140
40530.375,218
40530.39583,290
40530.41667,352
40530.4375,404
40530.45833,442
40530.47917,467
40530.5,476
40530.52083,471
40530.54167,451
40530.5625,417
40530.58333,370
40530.60417,312
40530.625,244
40530.64583,169
40530.66667,95
40530.6875,0
40530.70833,0
40530.72917,0
40530.75,0
40530.77083,0
40530.79167,0
40530.8125,0
40530.83333,0
40530.85417,0
40530.875,0
40530.89583,0
40530.91667,0
40530.9375,0
40530.95833,0
40530.97917,0
40531,0
40531.02083,0
40531.04167,0
40531.0625,0
40531.08333,0
40531.10417,0
40531.125,0
40531.14583,0
40531.16667,0
40531.1875,0
40531.20833,0
40531.22917,0
40531.25,0
40531.27083,0
40531.29167,0
40531.3125,0
40531.33333,62
40531.35417,140
40531.375,218
40531.39583,291
40531.41667,355
40531.4375,408
40531.45833,448
40531.47917,474
40531.5,485
40531.52083,481
40531.54167,462
40531.5625,429
40531.58333,382
40531.60417,323
40531.625,254
40531.64583,178
40531.66667,102
40531.6875,0
40531.70833,0
40531.72917,0
40531.75,0
40531.77083,0
40531.79167,0
40531.8125,0
40531.83333,0
40531.85417,0
40531.875,0
40531.89583,0
40531.91667,0
40531.9375,0
40531.95833,0
40531.97917,0
40532,0
40532.02083,0
40532.04167,0
40532.0625,0
40532.08333,0
40532.10417,0
40532.125,0
40532.14583,0
40532.16667,0
40532.1875,0
40532.20833,0
40532.22917,0
40532.25,0
40532.27083,0
40532.29167,0
40532.3125,0
40532.33333,62
40532.35417,141
40532.375,220
40532.39583,294
40532.41667,358
40532.4375,411
40532.45833,451
40532.47917,476
40532.5,487
40532.52083,482
40532.54167,463
40532.5625,429
40532.58333,382
40532.60417,323
40532.625,254
40532.64583,178
40532.66667,102
40532.6875,0
40532.70833,0
40532.72917,0
40532.75,0
40532.77083,0
40532.79167,0
40532.8125,0
40532.83333,0
40532.85417,0
40532.875,0
40532.89583,0
40532.91667,0
40532.9375,0
40532.95833,0
40532.97917,0
40533,0
40533.02083,0
40533.04167,0
40533.0625,0
40533.08333,0
40533.10417,0
40533.125,0
40533.14583,0
40533.16667,0
40533.1875,0
40533.20833,0
40533.22917,0
40533.25,0
40533.27083,0
40533.29167,0
40533.3125,0
40533.33333,61
40533.35417,139
40533.375,219
40533.39583,292
40533.41667,357
40533.4375,410
40533.45833,450
40533.47917,475
40533.5,485
40533.52083,480
40533.54167,461
40533.5625,426
40533.58333,379
40533.60417,320
40533.625,251
40533.64583,176
40533.66667,100
40533.6875,0
40533.70833,0
40533.72917,0
40533.75,0
40533.77083,0
40533.79167,0
40533.8125,0
40533.83333,0
40533.85417,0
40533.875,0
40533.89583,0
40533.91667,0
40533.9375,0
40533.95833,0
40533.97917,0
40534,0
40534.02083,0
40534.04167,0
40534.0625,0
40534.08333,0
40534.10417,0
40534.125,0
40534.14583,0
40534.16667,0
40534.1875,0
40534.20833,0
40534.22917,0
40534.25,0
40534.27083,0
40534.29167,0
40534.3125,0
40534.33333,57
40534.35417,132
40534.375,209
40534.39583,281
40534.41667,345
40534.4375,398
40534.45833,439
40534.47917,466
40534.5,479
40534.52083,477
40534.54167,460
40534.5625,428
40534.58333,382
40534.60417,323
40534.625,255
40534.64583,180
40534.66667,103
40534.6875,0
40534.70833,0
40534.72917,0
40534.75,0
40534.77083,0
40534.79167,0
40534.8125,0
40534.83333,0
40534.85417,0
40534.875,0
40534.89583,0
40534.91667,0
40534.9375,0
40534.95833,0
40534.97917,0
40535,0
40535.02083,0
40535.04167,0
40535.0625,0
40535.08333,0
40535.10417,0
40535.125,0
40535.14583,0
40535.16667,0
40535.1875,0
40535.20833,0
40535.22917,0
40535.25,0
40535.27083,0
40535.29167,0
40535.3125,0
40535.33333,59
40535.35417,136
40535.375,216
40535.39583,290
40535.41667,354
40535.4375,408
40535.45833,448
40535.47917,474
40535.5,485
40535.52083,481
40535.54167,462
40535.5625,429
40535.58333,382
40535.60417,323
40535.625,255
40535.64583,179
40535.66667,104
40535.6875,0
40535.70833,0
40535.72917,0
40535.75,0
40535.77083,0
40535.79167,0
40535.8125,0
40535.83333,0
40535.85417,0
40535.875,0
40535.89583,0
40535.91667,0
40535.9375,0
40535.95833,0
40535.97917,0
40536,0
40536.02083,0
40536.04167,0
40536.0625,0
40536.08333,0
40536.10417,0
40536.125,0
40536.14583,0
40536.16667,0
40536.1875,0
40536.20833,0
40536.22917,0
40536.25,0
40536.27083,0
40536.29167,0
40536.3125,0
40536.33333,58
40536.35417,136
40536.375,216
40536.39583,290
40536.41667,355
40536.4375,409
40536.45833,449
40536.47917,476
40536.5,488
40536.52083,484
40536.54167,465
40536.5625,432
40536.58333,385
40536.60417,326
40536.625,257
40536.64583,182
40536.66667,105
40536.6875,0
40536.70833,0
40536.72917,0
40536.75,0
40536.77083,0
40536.79167,0
40536.8125,0
40536.83333,0
40536.85417,0
40536.875,0
40536.89583,0
40536.91667,0
40536.9375,0
40536.95833,0
40536.97917,0
40537,0
40537.02083,0
40537.04167,0
40537.0625,0
40537.08333,0
40537.10417,0
40537.125,0
40537.14583,0
40537.16667,0
40537.1875,0
40537.20833,0
40537.22917,0
40537.25,0
40537.27083,0
40537.29167,0
40537.3125,0
40537.33333,54
40537.35417,129
40537.375,206
40537.39583,279
40537.41667,343
40537.4375,396
40537.45833,436
40537.47917,463
40537.5,475
40537.52083,472
40537.54167,454
40537.5625,422
40537.58333,377
40537.60417,320
40537.625,253
40537.64583,179
40537.66667,104
40537.6875,0
40537.70833,0
40537.72917,0
40537.75,0
40537.77083,0
40537.79167,0
40537.8125,0
40537.83333,0
40537.85417,0
40537.875,0
40537.89583,0
40537.91667,0
40537.9375,0
40537.95833,0
40537.97917,0
40538,0
40538.02083,0
40538.04167,0
40538.0625,0
40538.08333,0
40538.10417,0
40538.125,0
40538.14583,0
40538.16667,0
40538.1875,0
40538.20833,0
40538.22917,0
40538.25,0
40538.27083,0
40538.29167,0
40538.3125,0
40538.33333,54
40538.35417,130
40538.375,208
40538.39583,281
40538.41667,345
40538.4375,399
40538.45833,439
40538.47917,465
40538.5,477
40538.52083,474
40538.54167,456
40538.5625,424
40538.58333,379
40538.60417,321
40538.625,254
40538.64583,181
40538.66667,106
40538.6875,0
40538.70833,0
40538.72917,0
40538.75,0
40538.77083,0
40538.79167,0
40538.8125,0
40538.83333,0
40538.85417,0
40538.875,0
40538.89583,0
40538.91667,0
40538.9375,0
40538.95833,0
40538.97917,0
40539,0
40539.02083,0
40539.04167,0
40539.0625,0
40539.08333,0
40539.10417,0
40539.125,0
40539.14583,0
40539.16667,0
40539.1875,0
40539.20833,0
40539.22917,0
40539.25,0
40539.27083,0
40539.29167,0
40539.3125,0
40539.33333,56
40539.35417,135
40539.375,217
40539.39583,294
40539.41667,362
40539.4375,418
40539.45833,461
40539.47917,489
40539.5,502
40539.52083,498
40539.54167,479
40539.5625,445
40539.58333,398
40539.60417,338
40539.625,268
40539.64583,191
40539.66667,113
40539.6875,0
40539.70833,0
40539.72917,0
40539.75,0
40539.77083,0
40539.79167,0
40539.8125,0
40539.83333,0
40539.85417,0
40539.875,0
40539.89583,0
40539.91667,0
40539.9375,0
40539.95833,0
40539.97917,0
40540,0
40540.02083,0
40540.04167,0
40540.0625,0
40540.08333,0
40540.10417,0
40540.125,0
40540.14583,0
40540.16667,0
40540.1875,0
40540.20833,0
40540.22917,0
40540.25,0
40540.27083,0
40540.29167,0
40540.3125,0
40540.33333,54
40540.35417,132
40540.375,211
40540.39583,286
40540.41667,352
40540.4375,406
40540.45833,448
40540.47917,475
40540.5,487
40540.52083,485
40540.54167,467
40540.5625,435
40540.58333,389
40540.60417,331
40540.625,264
40540.64583,189
40540.66667,112
40540.6875,0
40540.70833,0
40540.72917,0
40540.75,0
40540.77083,0
40540.79167,0
40540.8125,0
40540.83333,0
40540.85417,0
40540.875,0
40540.89583,0
40540.91667,0
40540.9375,0
40540.95833,0
40540.97917,0
40541,0
40541.02083,0
40541.04167,0
40541.0625,0
40541.08333,0
40541.10417,0
40541.125,0
40541.14583,0
40541.16667,0
40541.1875,0
40541.20833,0
40541.22917,0
40541.25,0
40541.27083,0
40541.29167,0
40541.3125,0
40541.33333,52
40541.35417,129
40541.375,208
40541.39583,282
40541.41667,348
40541.4375,402
40541.45833,444
40541.47917,471
40541.5,483
40541.52083,481
40541.54167,463
40541.5625,431
40541.58333,386
40541.60417,329
40541.625,262
40541.64583,187
40541.66667,112
40541.6875,0
40541.70833,0
40541.72917,0
40541.75,0
40541.77083,0
40541.79167,0
40541.8125,0
40541.83333,0
40541.85417,0
40541.875,0
40541.89583,0
40541.91667,0
40541.9375,0
40541.95833,0
40541.97917,0
40542,0
40542.02083,0
40542.04167,0
40542.0625,0
40542.08333,0
40542.10417,0
40542.125,0
40542.14583,0
40542.16667,0
40542.1875,0
40542.20833,0
40542.22917,0
40542.25,0
40542.27083,0
40542.29167,0
40542.3125,0
40542.33333,52
40542.35417,127
40542.375,205
40542.39583,278
40542.41667,343
40542.4375,395
40542.45833,435
40542.47917,460
40542.5,471
40542.52083,468
40542.54167,450
40542.5625,418
40542.58333,374
40542.60417,318
40542.625,253
40542.64583,181
40542.66667,108
40542.6875,0
40542.70833,0
40542.72917,0
40542.75,0
40542.77083,0
40542.79167,0
40542.8125,0
40542.83333,0
40542.85417,0
40542.875,0
40542.89583,0
40542.91667,0
40542.9375,0
40542.95833,0
40542.97917,0
40543,0
40543.02083,0
40543.04167,0
40543.0625,0
40543.08333,0
40543.10417,0
40543.125,0
40543.14583,0
40543.16667,0
40543.1875,0
40543.20833,0
40543.22917,0
40543.25,0
40543.27083,0
40543.29167,0
40543.3125,0
40543.33333,49
40543.35417,122
40543.375,198
40543.39583,270
40543.41667,333
40543.4375,386
40543.45833,426
40543.47917,453
40543.5,465
40543.52083,464
40543.54167,447
40543.5625,417
40543.58333,373
40543.60417,318
40543.625,253
40543.64583,182
40543.66667,109
40543.6875,0
40543.70833,0
40543.72917,0
40543.75,0
40543.77083,0
40543.79167,0
40543.8125,0
40543.83333,0
40543.85417,0
40543.875,0
40543.89583,0
40543.91667,0
40543.9375,0
40543.95833,0
40543.97917,0
