40178.97917,8
40179.03611,0
40179.04167,0
40179.07778,3
40179.09722,0
40179.11389,6
40179.11944,7
40179.16111,8
40179.16667,8
40179.16806,7
40179.20278,0
40179.24444,0
40179.28056,3
40179.28611,5
40179.29167,5
40179.30278,3
40179.31389,0
40179.32778,0
40179.36944,3
40179.41111,5
40179.41667,5
40179.45278,7
40179.49444,8
40179.53611,9
40179.54167,9
40179.57778,14
40179.61944,10
40179.66111,9
40179.66667,9
40179.70278,8
40179.74444,15
40179.78611,21
40179.79167,21
40179.82778,13
40179.86944,16
40179.91111,15
40179.91667,15
40179.95278,13
40179.99444,16
40179.99931,16
40180.03611,21
40180.04167,21
40180.07778,15
40180.11944,15
40180.16111,18
40180.16667,18
40180.20278,13
40180.24444,16
40180.28611,16
40180.29167,16
40180.32778,15
40180.36944,23
40180.41111,21
40180.41667,21
40180.45278,26
40180.49444,31
40180.53611,20
40180.54167,19
40180.57778,30
40180.61944,24
40180.66111,22
40180.66667,22
40180.70278,24
40180.74444,24
40180.78611,22
40180.79167,22
40180.82778,16
40180.86944,17
40180.91111,14
40180.91667,14
40180.95278,21
40180.99444,24
40180.99931,24
40181.03611,18
40181.04167,18
40181.07778,21
40181.11944,25
40181.16111,22
40181.16667,22
40181.20278,18
40181.24444,15
40181.28611,22
40181.29167,22
40181.32778,20
40181.36944,20
40181.41111,23
40181.41667,23
40181.45278,30
40181.49444,24
40181.53611,23
40181.54167,23
40181.57778,21
40181.61944,21
40181.66111,21
40181.66667,21
40181.70278,15
40181.74444,22
40181.78611,13
40181.79167,13
40181.82778,11
40181.86944,14
40181.91111,13
40181.91667,13
40181.95278,18
40181.99444,10
40181.99931,10
40182.03611,14
40182.04167,14
40182.07778,17
40182.11944,13
40182.16111,13
40182.16667,13
40182.20278,13
40182.24444,11
40182.28611,11
40182.29167,11
40182.32778,8
40182.36944,9
40182.41111,11
40182.41667,11
40182.45278,17
40182.49444,16
40182.53611,10
40182.54167,10
40182.57778,18
40182.61944,15
40182.66111,10
40182.66667,10
40182.70278,11
40182.74444,15
40182.78611,14
40182.79167,14
40182.82778,10
40182.86944,7
40182.91111,9
40182.91667,9
40182.95278,9
40182.99444,8
40182.99931,8
40183.03611,8
40183.04167,8
40183.07778,8
40183.11944,8
40183.16111,13
40183.16667,13
40183.20278,16
40183.24444,17
40183.28611,11
40183.29167,11
40183.30764,8
40183.32778,9
40183.34306,8
40183.36944,10
40183.41111,14
40183.41667,14
40183.45278,17
40183.49444,14
40183.53611,17
40183.54167,17
40183.57778,15
40183.61944,17
40183.66111,17
40183.66667,17
40183.70278,15
40183.74444,11
40183.78611,13
40183.79167,13
40183.82778,9
40183.86944,9
40183.91111,11
40183.91667,11
40183.95278,11
40183.99444,13
40183.99931,13
40184.03611,13
40184.04167,13
40184.07778,11
40184.11944,13
40184.16111,14
40184.16667,14
40184.20278,8
40184.24444,14
40184.28611,14
40184.29167,14
40184.32778,10
40184.35764,11
40184.36944,10
40184.41111,13
40184.41667,13
40184.45278,20
40184.49444,16
40184.53611,18
40184.54167,18
40184.57778,21
40184.61944,21
40184.66111,20
40184.66667,19
40184.70278,16
40184.74444,11
40184.78611,13
40184.79167,13
40184.82778,10
40184.86944,9
40184.91111,11
40184.91667,11
40184.95278,15
40184.99444,10
40184.99931,10
40185.03611,9
40185.04167,9
40185.07778,13
40185.11944,11
40185.16111,10
40185.16667,10
40185.20278,10
40185.24444,11
40185.28611,11
40185.29167,11
40185.32778,9
40185.36944,11
40185.41111,11
40185.41667,11
40185.45278,11
40185.49444,9
40185.53611,11
40185.54167,11
40185.57778,9
40185.61944,11
40185.66111,8
40185.66667,8
40185.70278,7
40185.74444,7
40185.78611,7
40185.79167,7
40185.82778,3
40185.86944,0
40185.91111,0
40185.91667,0
40185.93125,3
40185.95278,7
40185.98056,7
40185.99444,7
40185.99931,7
40186,7
40186.00556,7
40186.025,7
40186.03333,7
40186.03611,6
40186.04167,6
40186.04653,5
40186.04931,5
40186.06667,0
40186.07431,0
40186.07778,3
40186.10208,0
40186.11944,0
40186.16111,5
40186.16667,5
40186.16875,8
40186.17847,8
40186.18472,10
40186.19097,11
40186.19444,8
40186.19861,8
40186.20278,8
40186.20972,0
40186.22569,0
40186.24444,0
40186.28611,7
40186.29167,7
40186.32778,7
40186.36944,16
40186.38542,23
40186.41111,20
40186.41667,19
40186.45278,17
40186.49444,20
40186.53611,18
40186.54167,18
40186.56389,20
40186.57778,17
40186.61944,9
40186.66111,15
40186.66667,15
40186.70278,13
40186.74444,17
40186.78611,11
40186.79167,11
40186.82778,7
40186.86944,11
40186.91111,8
40186.91667,8
40186.95278,10
40186.99444,9
40186.99931,9
40187.03611,6
40187.04167,6
40187.07778,7
40187.11944,5
40187.16111,14
40187.16667,14
40187.20278,13
40187.24444,13
40187.28611,7
40187.29167,7
40187.32778,7
40187.36944,7
40187.41111,20
40187.41667,19
40187.45278,17
40187.49444,17
40187.53611,20
40187.54167,19
40187.57778,17
40187.61944,18
40187.66111,17
40187.66667,17
40187.70278,17
40187.74444,9
40187.78611,9
40187.79167,9
40187.82778,14
40187.86944,14
40187.91111,14
40187.91667,14
40187.95278,11
40187.99444,13
40187.99931,13
40188.03611,16
40188.04167,16
40188.07778,15
40188.11944,15
40188.16111,10
40188.16667,10
40188.20278,10
40188.24444,11
40188.28611,11
40188.29167,11
40188.32778,13
40188.36944,16
40188.41111,17
40188.41667,17
40188.45278,14
40188.49444,11
40188.53611,11
40188.54167,11
40188.57778,14
40188.61944,13
40188.66111,9
40188.66667,9
40188.70278,14
40188.74444,10
40188.78611,8
40188.79167,8
40188.82778,9
40188.86944,8
40188.91111,9
40188.91667,9
40188.95278,9
40188.99444,5
40188.99931,5
40189.03611,9
40189.04167,9
40189.07778,7
40189.11944,10
40189.16111,8
40189.16667,8
40189.20278,6
40189.24444,3
40189.28611,3
40189.29167,3
40189.32778,6
40189.36944,6
40189.41111,3
40189.41667,3
40189.45278,7
40189.49444,8
40189.53611,7
40189.54167,7
40189.57778,7
40189.61944,6
40189.66111,7
40189.66667,7
40189.70278,5
40189.74444,5
40189.78611,3
40189.79167,3
40189.82778,8
40189.86944,10
40189.91111,3
40189.91667,3
40189.95278,0
40189.99444,11
40189.99931,11
40190.03611,14
40190.04167,14
40190.07778,10
40190.11944,13
40190.16111,15
40190.16667,15
40190.20278,13
40190.24444,11
40190.28611,15
40190.29167,15
40190.32778,8
40190.36944,15
40190.41111,18
40190.41667,18
40190.45278,16
40190.49444,18
40190.53611,18
40190.54167,18
40190.57778,14
40190.61944,11
40190.66111,17
40190.66667,17
40190.70278,11
40190.74444,9
40190.78611,11
40190.79167,11
40190.82778,10
40190.86944,6
40190.91111,9
40190.91667,9
40190.95278,10
40190.99444,8
40190.99931,8
40191.03611,10
40191.04167,10
40191.07778,10
40191.11944,9
40191.16111,9
40191.16667,9
40191.20278,5
40191.24444,0
40191.28611,6
40191.29167,6
40191.32778,5
40191.36944,5
40191.41111,15
40191.41667,15
40191.45278,14
40191.49444,10
40191.53611,11
40191.54167,11
40191.57778,8
40191.61944,7
40191.66111,6
40191.66667,6
40191.70278,5
40191.74444,3
40191.78611,5
40191.79167,5
40191.82778,5
40191.86944,6
40191.91111,0
40191.91667,0
40191.95278,0
40191.99444,0
40191.99931,0
40192.03611,0
40192.04167,0
40192.07778,0
40192.11944,0
40192.16111,0
40192.16667,0
40192.20278,0
40192.24444,3
40192.28611,0
40192.29167,0
40192.32639,0
40192.32778,0
40192.36944,0
40192.41111,0
40192.45278,0
40192.49444,3
40192.53611,7
40192.54167,7
40192.57778,8
40192.61944,7
40192.66111,7
40192.66667,7
40192.70278,6
40192.74444,7
40192.78611,6
40192.79167,6
40192.82778,3
40192.86944,5
40192.91111,3
40192.91667,3
40192.95278,5
40192.99444,0
40192.99931,0
40193.03611,0
40193.04167,0
40193.07778,0
40193.11944,0
40193.16111,0
40193.16667,0
40193.20278,3
40193.24444,3
40193.28611,5
40193.29167,5
40193.32778,0
40193.36944,5
40193.41111,6
40193.41667,6
40193.45278,5
40193.49444,6
40193.52639,7
40193.53611,5
40193.54167,5
40193.57778,3
40193.61944,10
40193.66111,8
40193.66667,8
40193.70278,11
40193.74444,8
40193.78611,9
40193.79167,9
40193.82778,14
40193.86944,17
40193.91111,11
40193.91667,11
40193.95278,8
40193.99444,0
40193.99931,0
40194.03611,3
40194.04167,3
40194.07778,3
40194.11944,5
40194.16111,9
40194.16667,9
40194.20278,7
40194.24444,0
40194.28611,0
40194.29167,0
40194.32778,3
40194.36944,0
40194.41111,3
40194.41667,3
40194.45278,9
40194.49444,9
40194.53611,7
40194.54167,7
40194.57778,11
40194.61944,8
40194.66111,0
40194.66667,0
40194.70278,6
40194.74444,7
40194.78611,0
40194.79167,0
40194.82778,0
40194.86944,0
40194.91111,0
40194.91667,0
40194.95278,0
40194.99444,0
40194.99931,0
40195.03611,0
40195.04167,0
40195.07778,3
40195.11944,3
40195.16111,6
40195.16667,6
40195.20278,6
40195.24444,5
40195.26181,7
40195.28611,7
40195.29167,7
40195.32778,8
40195.36944,7
40195.40417,11
40195.41111,9
40195.41667,9
40195.42639,8
40195.45278,11
40195.47708,13
40195.49444,8
40195.53611,7
40195.54167,7
40195.56111,11
40195.57778,9
40195.61944,11
40195.63333,9
40195.64167,6
40195.65556,10
40195.66111,8
40195.66389,7
40195.68542,8
40195.69514,10
40195.70278,9
40195.71667,9
40195.73611,9
40195.74306,9
40195.74444,9
40195.76319,9
40195.78611,9
40195.79167,9
40195.80556,8
40195.80833,8
40195.81042,6
40195.81389,8
40195.82778,8
40195.83819,10
40195.83958,9
40195.84167,10
40195.85556,9
40195.85764,10
40195.86806,15
40195.86944,15
40195.87083,14
40195.87222,14
40195.875,16
40195.87917,15
40195.88194,16
40195.88333,16
40195.89792,17
40195.90069,14
40195.90417,16
40195.91111,14
40195.91667,14
40195.92222,15
40195.9375,15
40195.95278,15
40195.99306,13
40195.99444,13
40195.99931,13
40196.03611,14
40196.04167,14
40196.04722,14
40196.07778,13
40196.08542,13
40196.11944,13
40196.14306,16
40196.16111,14
40196.16667,14
40196.16875,13
40196.20278,13
40196.24444,14
40196.28611,16
40196.29028,16
40196.29167,16
40196.325,13
40196.32778,11
40196.35694,15
40196.36944,17
40196.41111,17
40196.41667,17
40196.45278,7
40196.49444,14
40196.53611,14
40196.54167,14
40196.57778,9
40196.61944,13
40196.66111,11
40196.66667,11
40196.70278,8
40196.74444,7
40196.78611,3
40196.79167,3
40196.82778,3
40196.86944,6
40196.91111,3
40196.91667,3
40196.95278,5
40196.99444,5
40196.99931,5
40197.03611,5
40197.04167,5
40197.07778,3
40197.11944,5
40197.16111,6
40197.16667,6
40197.20278,3
40197.24444,0
40197.28611,0
40197.29167,0
40197.32778,6
40197.35556,9
40197.36944,5
40197.41111,0
40197.41667,0
40197.45278,8
40197.49444,10
40197.53611,9
40197.54167,9
40197.57778,7
40197.61944,10
40197.66111,7
40197.66667,7
40197.70278,3
40197.74444,8
40197.78611,9
40197.79167,9
40197.82778,8
40197.86944,7
40197.91111,6
40197.91667,6
40197.95278,5
40197.99444,6
40197.99931,6
40198.03611,10
40198.04167,10
40198.07778,8
40198.11944,7
40198.16111,7
40198.16667,7
40198.20278,8
40198.24444,10
40198.25208,6
40198.27222,7
40198.28611,10
40198.28819,8
40198.3,3
40198.31944,0
40198.32778,0
40198.36944,7
40198.41111,7
40198.41667,7
40198.45278,7
40198.49444,6
40198.51806,6
40198.53611,10
40198.54167,10
40198.57778,6
40198.61944,7
40198.66111,9
40198.66667,9
40198.69375,8
40198.70278,6
40198.74444,10
40198.78611,10
40198.79167,10
40198.82778,9
40198.86944,9
40198.91111,7
40198.91667,7
40198.95278,6
40198.99444,6
40198.99931,6
40199.03611,9
40199.04167,9
40199.07778,9
40199.11944,6
40199.16111,9
40199.16667,9
40199.20278,6
40199.24444,3
40199.28611,5
40199.29167,5
40199.32778,7
40199.36944,7
40199.41111,10
40199.41667,10
40199.45278,6
40199.49444,7
40199.53611,10
40199.54167,10
40199.57778,9
40199.61944,11
40199.66111,10
40199.66667,10
40199.70278,10
40199.74444,9
40199.78611,8
40199.79167,8
40199.81944,9
40199.82778,6
40199.84444,10
40199.85556,10
40199.86944,8
40199.87917,8
40199.91111,13
40199.91667,13
40199.95278,9
40199.99444,9
40199.99931,9
40200.03056,8
40200.03611,8
40200.04167,8
40200.04931,11
40200.06944,11
40200.07778,11
40200.11806,11
40200.11944,11
40200.16111,13
40200.16667,13
40200.20278,13
40200.24444,14
40200.28611,13
40200.29167,13
40200.30486,13
40200.31458,11
40200.32778,14
40200.35972,15
40200.36944,14
40200.38611,15
40200.39861,13
40200.40625,13
40200.41111,15
40200.41667,15
40200.45278,11
40200.49444,13
40200.53611,10
40200.54167,10
40200.57778,11
40200.6,11
40200.61944,11
40200.66111,9
40200.66667,9
40200.70278,7
40200.74444,9
40200.78611,9
40200.79167,9
40200.82778,7
40200.86944,7
40200.91111,8
40200.91667,8
40200.95278,5
40200.99444,5
40200.99931,5
40201.03611,7
40201.04167,7
40201.07778,6
40201.11944,5
40201.16111,0
40201.16667,0
40201.20278,3
40201.24444,7
40201.28611,8
40201.29167,8
40201.32778,5
40201.36944,5
40201.41111,5
40201.41667,5
40201.45278,5
40201.49444,3
40201.53611,3
40201.54167,3
40201.57778,0
40201.61944,0
40201.66111,8
40201.66667,8
40201.70278,9
40201.74444,8
40201.78611,7
40201.79167,7
40201.82778,7
40201.86944,9
40201.91111,3
40201.91667,3
40201.95278,0
40201.99444,3
40201.99931,3
40202.03611,3
40202.04167,3
40202.07778,5
40202.11944,3
40202.16111,5
40202.16667,5
40202.20278,3
40202.24444,0
40202.28611,3
40202.29167,3
40202.32778,7
40202.36944,5
40202.39375,6
40202.41111,7
40202.41667,7
40202.44097,9
40202.45278,6
40202.49444,6
40202.53472,3
40202.53611,3
40202.54167,3
40202.57778,3
40202.61944,5
40202.66111,6
40202.66667,6
40202.70278,5
40202.74444,5
40202.78611,0
40202.79167,0
40202.82778,3
40202.86944,10
40202.91111,13
40202.91667,13
40202.93194,11
40202.95278,13
40202.99444,15
40202.99931,15
40203.03611,16
40203.04167,16
40203.07778,15
40203.11944,20
40203.16111,25
40203.16667,25
40203.18194,25
40203.19583,26
40203.20278,26
40203.24444,26
40203.28611,22
40203.29167,22
40203.32778,23
40203.33958,20
40203.35833,17
40203.36806,17
40203.36944,18
40203.38542,20
40203.39097,18
40203.40972,11
40203.41111,10
40203.41597,9
40203.41667,10
40203.42778,11
40203.44653,11
40203.45278,14
40203.47014,17
40203.49444,20
40203.53611,17
40203.54167,17
40203.57153,21
40203.57778,16
40203.61944,11
40203.66111,8
40203.66667,8
40203.70278,5
40203.74444,16
40203.78611,13
40203.79167,13
40203.82778,16
40203.86944,13
40203.91111,8
40203.91667,8
40203.95278,6
40203.99444,6
40203.99931,6
40204.03611,13
40204.04167,13
40204.07778,11
40204.11944,8
40204.16111,6
40204.16667,6
40204.20278,9
40204.24444,6
40204.28611,5
40204.29167,5
40204.32778,7
40204.36944,11
40204.41111,11
40204.41667,11
40204.45278,15
40204.49444,17
40204.53611,16
40204.54167,16
40204.57778,10
40204.61944,16
40204.66111,14
40204.66667,14
40204.70278,16
40204.74444,9
40204.78611,10
40204.79167,10
40204.82778,15
40204.86944,9
40204.91111,16
40204.91667,16
40204.95278,8
40204.99444,9
40204.99931,9
40205.03611,9
40205.04167,9
40205.07778,9
40205.11944,9
40205.16111,3
40205.16667,3
40205.20278,5
40205.24444,6
40205.28611,6
40205.29167,6
40205.32778,8
40205.35417,9
40205.36944,8
40205.39792,6
40205.41111,5
40205.41667,5
40205.45278,13
40205.49444,13
40205.53611,7
40205.54167,7
40205.57778,14
40205.61944,14
40205.66111,13
40205.66667,13
40205.70278,11
40205.74444,6
40205.78611,5
40205.79167,5
40205.82778,6
40205.86944,5
40205.91111,0
40205.91667,0
40205.95278,3
40205.99444,3
40205.99931,3
40206.03611,0
40206.04167,0
40206.07778,0
40206.11944,3
40206.16111,6
40206.16667,6
40206.20278,7
40206.24444,8
40206.28611,9
40206.29167,9
40206.32778,9
40206.36944,11
40206.41111,13
40206.41667,13
40206.45278,14
40206.49444,15
40206.53611,10
40206.54167,10
40206.57778,15
40206.61944,18
40206.66111,16
40206.66667,16
40206.70278,13
40206.74444,14
40206.78611,25
40206.79167,25
40206.82778,22
40206.86944,23
40206.91111,26
40206.91667,26
40206.95278,16
40206.99444,25
40206.99931,25
40207.03611,14
40207.04167,14
40207.07778,14
40207.11944,17
40207.16111,17
40207.16667,17
40207.20278,14
40207.24444,14
40207.28611,16
40207.29167,16
40207.32778,17
40207.36944,16
40207.41111,15
40207.41667,15
40207.45278,14
40207.49444,9
40207.53611,11
40207.54167,11
40207.57778,9
40207.61944,9
40207.66111,13
40207.66667,13
40207.70278,9
40207.74444,10
40207.78611,11
40207.79167,11
40207.82778,14
40207.86944,15
40207.91111,17
40207.91667,17
40207.95278,11
40207.99444,11
40207.99931,11
40208.03611,14
40208.04167,14
40208.07778,8
40208.11944,10
40208.16111,14
40208.16667,14
40208.20278,8
40208.24444,11
40208.28611,10
40208.29167,10
40208.32778,11
40208.36944,9
40208.38403,13
40208.38611,11
40208.39236,10
40208.40139,10
40208.41111,10
40208.41389,7
40208.42153,11
40208.425,11
40208.42778,11
40208.44444,10
40208.45278,8
40208.47153,7
40208.49444,14
40208.49792,13
40208.50347,13
40208.50556,13
40208.52778,10
40208.53611,11
40208.54167,11
40208.55,10
40208.55694,14
40208.56319,18
40208.56667,13
40208.57014,13
40208.57778,15
40208.57986,16
40208.58889,16
40208.59653,15
40208.59861,14
40208.61042,13
40208.61736,16
40208.61944,16
40208.62222,18
40208.64028,16
40208.65972,18
40208.66111,20
40208.66667,19
40208.69306,16
40208.70278,16
40208.71736,18
40208.72292,14
40208.73403,16
40208.74444,17
40208.75972,15
40208.77847,15
40208.78611,15
40208.79097,18
40208.79167,15
40208.81944,13
40208.82639,15
40208.82778,17
40208.83542,13
40208.86806,17
40208.86944,18
40208.90069,15
40208.91111,17
40208.91667,17
40208.94306,11
40208.94653,13
40208.95278,14
40208.96181,17
40208.97083,16
40208.98681,13
40208.99444,13
40208.99861,11
40208.99931,11
40209.01181,9
40209.02014,11
40209.02639,7
40209.03611,9
40209.04167,9
40209.07778,15
40209.11944,14
40209.16111,13
40209.16667,13
40209.20278,10
40209.24444,10
40209.28611,13
40209.29167,13
40209.32778,11
40209.36944,14
40209.41111,8
40209.41667,8
40209.45278,13
40209.49444,13
40209.53611,8
40209.54167,8
40209.57778,6
40209.61944,0
40209.66111,8
40209.66667,8
40209.70278,5
40209.74444,6
40209.78611,8
40209.79167,8
40209.82778,5
40209.86944,5
40209.91111,7
40209.91667,7
40209.95278,0
40209.99444,0
40209.99931,0
40210.03611,0
40210.04167,0
40210.07778,7
40210.11944,0
40210.16111,0
40210.16667,0
40210.20278,0
40210.24444,8
40210.28611,13
40210.29167,13
40210.32778,7
40210.36944,10
40210.41111,7
40210.41667,7
40210.45278,10
40210.49444,5
40210.53611,14
40210.54167,14
40210.57778,8
40210.61944,8
40210.66111,7
40210.66667,7
40210.70278,6
40210.74444,5
40210.78611,5
40210.79167,5
40210.82778,3
40210.86944,0
40210.91111,3
40210.91667,3
40210.95278,0
40210.99444,0
40210.99931,0
40211.03611,5
40211.04167,5
40211.07778,5
40211.11944,5
40211.16111,3
40211.16667,3
40211.20278,7
40211.24444,6
40211.28611,0
40211.29167,0
40211.32778,0
40211.36944,6
40211.41111,5
40211.41667,5
40211.45278,0
40211.49444,0
40211.53611,0
40211.54167,0
40211.57778,0
40211.61944,0
40211.66111,8
40211.66667,8
40211.70278,7
40211.74444,9
40211.76389,8
40211.78611,8
40211.79167,8
40211.79375,9
40211.79861,5
40211.80278,6
40211.80486,6
40211.82083,7
40211.82639,6
40211.82778,6
40211.83542,6
40211.86944,7
40211.91111,6
40211.91667,6
40211.95278,5
40211.97778,7
40211.99236,6
40211.99444,6
40211.99931,6
40212.00069,6
40212.01528,7
40212.01875,6
40212.02708,5
40212.03611,6
40212.04167,6
40212.06875,7
40212.07778,6
40212.08056,7
40212.09167,7
40212.09583,8
40212.10278,7
40212.10486,7
40212.1125,5
40212.11944,5
40212.12639,3
40212.16111,3
40212.16667,3
40212.17917,7
40212.20278,8
40212.22083,7
40212.24444,3
40212.25625,0
40212.28611,0
40212.29167,0
40212.30625,3
40212.32222,0
40212.32778,0
40212.33333,0
40212.36528,6
40212.36944,3
40212.39653,6
40212.40764,5
40212.41111,6
40212.41667,6
40212.45278,5
40212.49444,8
40212.51319,5
40212.53611,6
40212.54167,6
40212.55417,10
40212.57778,10
40212.60972,7
40212.61944,9
40212.66111,8
40212.66667,8
40212.70278,8
40212.74444,8
40212.78611,7
40212.79167,7
40212.82778,6
40212.86944,6
40212.91111,7
40212.91667,7
40212.95278,6
40212.99444,7
40212.99931,7
40213.03611,9
40213.04167,9
40213.07778,10
40213.11944,8
40213.16111,10
40213.16667,10
40213.20278,10
40213.24444,9
40213.28611,11
40213.29167,11
40213.32778,8
40213.36944,11
40213.41111,15
40213.41667,15
40213.45278,9
40213.49444,8
40213.53611,10
40213.54167,10
40213.57778,7
40213.61944,7
40213.66111,6
40213.66667,6
40213.70278,6
40213.74444,7
40213.78611,0
40213.79167,0
40213.82778,3
40213.86944,3
40213.91111,3
40213.91667,3
40213.95278,5
40213.99444,3
40213.99931,3
40214.03611,5
40214.04167,5
40214.07778,5
40214.11944,0
40214.16111,0
40214.16667,0
40214.20278,0
40214.24444,6
40214.28611,5
40214.29167,5
40214.32778,5
40214.35972,3
40214.36944,3
40214.41111,0
40214.41667,0
40214.44375,10
40214.45278,8
40214.45764,11
40214.46319,9
40214.475,6
40214.47778,6
40214.48611,5
40214.49028,5
40214.49306,3
40214.49444,3
40214.5,5
40214.5125,0
40214.53611,0
40214.54167,0
40214.54514,0
40214.57014,0
40214.57778,0
40214.60764,3
40214.61944,5
40214.63958,7
40214.65139,5
40214.65694,6
40214.66111,8
40214.66667,8
40214.69792,8
40214.70139,8
40214.70278,8
40214.71458,9
40214.74444,7
40214.77569,11
40214.78611,13
40214.79167,13
40214.80139,14
40214.8125,16
40214.81597,14
40214.82778,15
40214.86944,20
40214.91111,20
40214.91667,19
40214.92986,23
40214.95278,22
40214.99444,25
40214.99931,25
40215.03611,22
40215.04167,22
40215.05972,20
40215.07222,25
40215.07778,24
40215.07917,24
40215.10139,24
40215.11944,22
40215.16111,20
40215.16667,19
40215.20278,17
40215.24444,20
40215.28264,18
40215.28611,17
40215.29167,17
40215.31389,17
40215.32778,17
40215.36944,20
40215.41111,22
40215.41667,22
40215.45278,17
40215.49444,17
40215.50764,20
40215.52083,17
40215.53611,18
40215.54167,18
40215.56597,14
40215.57778,23
40215.61944,21
40215.64028,14
40215.66111,21
40215.66667,21
40215.67847,18
40215.69792,9
40215.70278,6
40215.70833,6
40215.71389,5
40215.72569,8
40215.74444,9
40215.78611,10
40215.79167,10
40215.82778,9
40215.86944,8
40215.91111,7
40215.91667,7
40215.95278,9
40215.99444,7
40215.99931,7
40216.03611,8
40216.04167,8
40216.07778,8
40216.11944,9
40216.16111,11
40216.16667,11
40216.20278,11
40216.24444,8
40216.28611,8
40216.29167,8
40216.32778,11
40216.36944,8
40216.41111,13
40216.41667,13
40216.45278,11
40216.49444,8
40216.53611,6
40216.54167,6
40216.57778,8
40216.61944,11
40216.66111,6
40216.66667,6
40216.70278,10
40216.74444,6
40216.78611,3
40216.79167,3
40216.82778,0
40216.86944,0
40216.91111,9
40216.91667,9
40216.95278,7
40216.99444,15
40216.99931,15
40217.03611,14
40217.04167,14
40217.07778,10
40217.11944,6
40217.16111,9
40217.16667,9
40217.20278,5
40217.24444,10
40217.28611,9
40217.29167,9
40217.32778,6
40217.36944,14
40217.41111,15
40217.41667,15
40217.45278,13
40217.49444,13
40217.53611,16
40217.54167,16
40217.57778,10
40217.61944,8
40217.66111,13
40217.66667,13
40217.70278,7
40217.74444,6
40217.78611,7
40217.79167,7
40217.82778,0
40217.86944,3
40217.91111,5
40217.91667,5
40217.95278,0
40217.99444,6
40217.99931,6
40218.03611,0
40218.04167,0
40218.07778,0
40218.11944,0
40218.16111,3
40218.16667,3
40218.20278,5
40218.24444,7
40218.28611,0
40218.29167,0
40218.32778,0
40218.36944,0
40218.41111,7
40218.41667,7
40218.45278,3
40218.49444,3
40218.53611,5
40218.54167,5
40218.57778,0
40218.61944,0
40218.66111,3
40218.66667,3
40218.67083,3
40218.68611,8
40218.68889,7
40218.69583,8
40218.70278,5
40218.70764,5
40218.70903,5
40218.74444,5
40218.75208,5
40218.75347,5
40218.75833,5
40218.76389,5
40218.77083,6
40218.78611,5
40218.79167,5
40218.79722,5
40218.82778,6
40218.84375,7
40218.8625,7
40218.86944,7
40218.87847,7
40218.88681,8
40218.89375,10
40218.89653,11
40218.90694,9
40218.91111,9
40218.91667,9
40218.92014,8
40218.92569,8
40218.92847,9
40218.93681,9
40218.95278,10
40218.98333,11
40218.99444,8
40218.99931,8
40219.03611,7
40219.04167,7
40219.04722,7
40219.07083,7
40219.07778,7
40219.10833,8
40219.11944,7
40219.12778,9
40219.13542,10
40219.15486,10
40219.16111,7
40219.16667,7
40219.17778,8
40219.18681,9
40219.19375,8
40219.19722,8
40219.20278,9
40219.2125,7
40219.21597,8
40219.22014,10
40219.22708,8
40219.24028,7
40219.24444,9
40219.26458,14
40219.27014,18
40219.275,14
40219.27917,16
40219.28611,14
40219.29167,14
40219.3,11
40219.31528,17
40219.32778,20
40219.33681,18
40219.34722,20
40219.36181,28
40219.36806,17
40219.36944,22
40219.37986,22
40219.41111,17
40219.41667,17
40219.43611,21
40219.45139,17
40219.45278,16
40219.48403,20
40219.49444,23
40219.52847,20
40219.53472,24
40219.53611,22
40219.54167,22
40219.55486,22
40219.57778,20
40219.60764,23
40219.61944,26
40219.63889,18
40219.64583,17
40219.65417,15
40219.66111,15
40219.66528,21
40219.66667,15
40219.68611,15
40219.69514,17
40219.69861,20
40219.70278,18
40219.71458,24
40219.74167,18
40219.74444,15
40219.75833,22
40219.77778,22
40219.77917,22
40219.78611,22
40219.79167,22
40219.82778,20
40219.86736,23
40219.86944,23
40219.89097,22
40219.90417,23
40219.91111,25
40219.91667,25
40219.95278,22
40219.99444,24
40219.99931,24
40220.03611,25
40220.04167,25
40220.07778,22
40220.11944,18
40220.16111,18
40220.16667,18
40220.20278,11
40220.24444,11
40220.28611,16
40220.29167,16
40220.32778,16
40220.36944,13
40220.41111,21
40220.41667,21
40220.45278,18
40220.49444,18
40220.53611,24
40220.54167,24
40220.57778,14
40220.61944,23
40220.66111,17
40220.66667,17
40220.70278,17
40220.74444,14
40220.78611,8
40220.79167,8
40220.82778,10
40220.86944,0
40220.91111,0
40220.91667,0
40220.95278,3
40220.99444,9
40220.99931,9
40221.03611,9
40221.04167,9
40221.07778,15
40221.11944,11
40221.16111,9
40221.16667,9
40221.20278,10
40221.24444,9
40221.28611,11
40221.29167,11
40221.32778,6
40221.36944,13
40221.41111,9
40221.41667,9
40221.45278,13
40221.49444,11
40221.53611,9
40221.54167,9
40221.57778,7
40221.61944,5
40221.66111,9
40221.66667,9
40221.70278,8
40221.74444,9
40221.78611,6
40221.79167,6
40221.82778,0
40221.86944,7
40221.91111,10
40221.91667,10
40221.95278,9
40221.99444,7
40221.99931,7
40222.03611,9
40222.04167,9
40222.07778,7
40222.11944,7
40222.16111,10
40222.16667,10
40222.20278,9
40222.24444,11
40222.28611,11
40222.29167,11
40222.32778,11
40222.36944,11
40222.41111,16
40222.41667,16
40222.45278,15
40222.49444,17
40222.53611,13
40222.54167,13
40222.57778,15
40222.61944,17
40222.66111,13
40222.66667,13
40222.70278,21
40222.74444,16
40222.78611,13
40222.79167,13
40222.82778,8
40222.86944,14
40222.91111,14
40222.91667,14
40222.95278,5
40222.99444,10
40222.99931,10
40223.03611,9
40223.04167,9
40223.07778,8
40223.11944,8
40223.16111,6
40223.16667,6
40223.20278,9
40223.24444,8
40223.28611,8
40223.29167,8
40223.32778,7
40223.36944,7
40223.41111,18
40223.41667,18
40223.45278,16
40223.49444,25
40223.53611,23
40223.54167,23
40223.57778,15
40223.61944,14
40223.66111,15
40223.66667,15
40223.70278,11
40223.74444,10
40223.78611,8
40223.79167,8
40223.82778,7
40223.86944,9
40223.91111,7
40223.91667,7
40223.95278,5
40223.99444,3
40223.99931,3
40224.03611,6
40224.04167,6
40224.07778,5
40224.11944,6
40224.16111,5
40224.16667,5
40224.20278,0
40224.24444,3
40224.28611,0
40224.29167,0
40224.32778,0
40224.36944,0
40224.40208,0
40224.41111,0
40224.41667,0
40224.45278,5
40224.49444,0
40224.53611,3
40224.54167,3
40224.57778,7
40224.60139,7
40224.60417,9
40224.61042,13
40224.61944,9
40224.63611,3
40224.6375,6
40224.64028,9
40224.64444,8
40224.64792,6
40224.65625,7
40224.65833,5
40224.66111,5
40224.66389,6
40224.66806,7
40224.67431,7
40224.67569,7
40224.68681,5
40224.69583,3
40224.7,3
40224.70278,5
40224.70972,5
40224.71875,0
40224.73542,3
40224.74444,0
40224.74931,3
40224.75556,5
40224.775,6
40224.78611,5
40224.79167,5
40224.80972,7
40224.81111,7
40224.81736,6
40224.82778,3
40224.86944,0
40224.91111,8
40224.91667,8
40224.95278,13
40224.96597,13
40224.99444,13
40224.99931,13
40225.03611,10
40225.04167,10
40225.07778,13
40225.11944,8
40225.16111,7
40225.16667,7
40225.20278,13
40225.24444,9
40225.28611,14
40225.29167,14
40225.32778,8
40225.36944,11
40225.41111,20
40225.41667,19
40225.45278,11
40225.49444,17
40225.53611,18
40225.54167,18
40225.57778,22
40225.61944,13
40225.66111,11
40225.66667,11
40225.70278,16
40225.74444,10
40225.78611,15
40225.79167,15
40225.82778,8
40225.86944,11
40225.91111,8
40225.91667,8
40225.95278,7
40225.99444,6
40225.99931,6
40226.03611,8
40226.04167,8
40226.07778,8
40226.11944,6
40226.16111,7
40226.16667,7
40226.20278,8
40226.24444,10
40226.28611,6
40226.29167,6
40226.32778,6
40226.36944,9
40226.41111,8
40226.41667,8
40226.45278,11
40226.49444,13
40226.53611,16
40226.54167,16
40226.57778,11
40226.61944,17
40226.66111,13
40226.66667,13
40226.70278,14
40226.74444,13
40226.78611,14
40226.79167,14
40226.82778,8
40226.86944,9
40226.91111,16
40226.91667,16
40226.95278,8
40226.99444,10
40226.99931,10
40227.03611,7
40227.04167,7
40227.07778,10
40227.11944,11
40227.16111,14
40227.16667,14
40227.20278,9
40227.24444,10
40227.28611,5
40227.29167,5
40227.32778,13
40227.36944,20
40227.41111,16
40227.41667,16
40227.45278,21
40227.49444,18
40227.53611,17
40227.54167,17
40227.57778,18
40227.61944,21
40227.66111,17
40227.66667,17
40227.70278,14
40227.74444,22
40227.78611,21
40227.79167,21
40227.82778,16
40227.86944,22
40227.91111,9
40227.95278,16
40227.99444,21
40227.99931,21
40228.03611,7
40228.04167,7
40228.07778,10
40228.11944,10
40228.16111,3
40228.16667,3
40228.18194,3
40228.20278,13
40228.21111,10
40228.24444,11
40228.28611,11
40228.29167,11
40228.32778,11
40228.36944,14
40228.41111,16
40228.41667,16
40228.45278,18
40228.49444,10
40228.53611,13
40228.54167,13
40228.57778,17
40228.61944,14
40228.66111,16
40228.66667,16
40228.70278,22
40228.74444,9
40228.78611,6
40228.79167,6
40228.82778,14
40228.86944,5
40228.91111,10
40228.91667,10
40228.95278,9
40228.99444,11
40228.99931,11
40229.03611,16
40229.04167,16
40229.07778,11
40229.11944,6
40229.16111,11
40229.16667,11
40229.20278,11
40229.24444,10
40229.28611,6
40229.29167,6
40229.32778,7
40229.36944,17
40229.41111,18
40229.41667,18
40229.45278,15
40229.49444,14
40229.53611,13
40229.54167,13
40229.57778,15
40229.61944,10
40229.66111,17
40229.66667,17
40229.70278,10
40229.74444,3
40229.78611,7
40229.79167,7
40229.82778,5
40229.86944,3
40229.91111,6
40229.91667,6
40229.95278,0
40229.99444,3
40229.99931,3
40230.03611,5
40230.04167,5
40230.07778,5
40230.11944,5
40230.16111,3
40230.16667,3
40230.20278,3
40230.24444,3
40230.28611,5
40230.29167,5
40230.32778,7
40230.36944,5
40230.41111,17
40230.41667,17
40230.45278,17
40230.49444,15
40230.53611,10
40230.54167,10
40230.57778,6
40230.61944,11
40230.66111,6
40230.66667,6
40230.70278,7
40230.74444,5
40230.78611,5
40230.79167,5
40230.82778,0
40230.86944,0
40230.91111,0
40230.91667,0
40230.95278,0
40230.99444,3
40230.99931,3
40231.03611,5
40231.04167,5
40231.07778,3
40231.11944,0
40231.16111,3
40231.16667,3
40231.20278,6
40231.24444,0
40231.28611,3
40231.29167,3
40231.32778,0
40231.36944,8
40231.41111,9
40231.41667,9
40231.45278,10
40231.49444,8
40231.53611,9
40231.54167,9
40231.57778,8
40231.61944,5
40231.66111,8
40231.66667,8
40231.70278,7
40231.71944,8
40231.74444,9
40231.75764,8
40231.78611,10
40231.78889,10
40231.79167,10
40231.82778,10
40231.86944,10
40231.89306,9
40231.90278,8
40231.91111,10
40231.91667,10
40231.95278,9
40231.99444,10
40231.99931,10
40232.03611,10
40232.04167,10
40232.07778,10
40232.11944,9
40232.16111,10
40232.16667,10
40232.20278,10
40232.23403,8
40232.24444,10
40232.28611,10
40232.29167,10
40232.32778,13
40232.36944,13
40232.40833,11
40232.41111,11
40232.41667,11
40232.45278,11
40232.49444,14
40232.53611,13
40232.54167,13
40232.55,13
40232.5625,10
40232.57778,15
40232.61944,14
40232.66111,14
40232.66667,14
40232.70278,16
40232.7375,11
40232.74444,11
40232.78611,9
40232.79167,9
40232.82778,9
40232.86944,10
40232.91111,9
40232.91667,9
40232.95278,13
40232.99444,15
40232.99931,15
40233.03611,11
40233.04167,11
40233.07778,13
40233.11944,10
40233.16111,13
40233.16667,13
40233.20278,14
40233.24444,13
40233.28611,13
40233.29167,13
40233.32778,8
40233.36944,9
40233.41111,11
40233.41667,11
40233.45278,7
40233.49444,7
40233.53611,0
40233.54167,0
40233.57778,6
40233.61944,0
40233.66111,6
40233.66667,6
40233.70278,6
40233.74444,6
40233.78611,7
40233.79167,7
40233.82778,7
40233.86944,6
40233.91111,6
40233.91667,6
40233.95278,9
40233.99444,7
40233.99931,7
40234.03611,8
40234.04167,8
40234.07778,10
40234.10625,9
40234.11944,8
40234.16111,9
40234.16667,9
40234.17569,10
40234.19028,9
40234.20278,10
40234.24444,11
40234.28611,11
40234.29167,11
40234.32778,14
40234.36944,15
40234.41111,21
40234.41667,21
40234.45278,22
40234.49444,21
40234.53611,25
40234.54167,25
40234.57778,24
40234.61944,17
40234.66111,10
40234.66667,10
40234.70278,22
40234.74444,28
40234.78611,26
40234.79167,26
40234.82778,20
40234.86944,17
40234.91111,16
40234.91667,16
40234.95278,21
40234.99444,25
40234.99931,25
40235.03611,21
40235.04167,21
40235.07778,24
40235.11944,18
40235.16111,22
40235.16667,22
40235.20278,18
40235.24444,23
40235.28611,26
40235.29167,26
40235.32778,25
40235.36944,28
40235.41111,23
40235.41667,23
40235.45278,31
40235.49444,23
40235.53611,22
40235.54167,22
40235.57778,25
40235.61944,18
40235.66111,23
40235.66667,23
40235.70278,14
40235.74444,16
40235.78611,14
40235.79167,14
40235.82778,11
40235.86944,9
40235.91111,9
40235.91667,9
40235.95278,6
40235.99444,9
40235.99931,9
40236.03611,8
40236.04167,8
40236.05,5
40236.05625,5
40236.07778,11
40236.08681,16
40236.11944,9
40236.1375,6
40236.16111,7
40236.16597,7
40236.16667,7
40236.17292,6
40236.17708,6
40236.18125,8
40236.1875,8
40236.20278,7
40236.24444,7
40236.28611,8
40236.29167,8
40236.32778,7
40236.36944,10
40236.41111,11
40236.41667,11
40236.45278,15
40236.49444,13
40236.53611,16
40236.54167,16
40236.57778,14
40236.61944,17
40236.66111,7
40236.66667,7
40236.70278,13
40236.74444,11
40236.78611,8
40236.79167,8
40236.82778,14
40236.86944,7
40236.91111,6
40236.91667,6
40236.95278,3
40236.99444,3
40236.99931,3
40237.03611,9
40237.04167,9
40237.07778,5
40237.11944,6
40237.16111,7
40237.16667,7
40237.20278,3
40237.24444,6
40237.28611,7
40237.29167,7
40237.32778,16
40237.36944,13
40237.41111,14
40237.41667,14
40237.45278,17
40237.49444,15
40237.53611,17
40237.54167,17
40237.57778,21
40237.61944,15
40237.66111,17
40237.66667,17
40237.70278,15
40237.74444,15
40237.78611,11
40237.79167,11
40237.82778,14
40237.86944,13
40237.91111,11
40237.91667,11
40237.95278,11
40237.99444,9
40237.99931,9
40238.03611,7
40238.04167,7
40238.07778,7
40238.11944,6
40238.16111,8
40238.16667,8
40238.20278,10
40238.24444,8
40238.28611,8
40238.29167,8
40238.32778,9
40238.36944,18
40238.41111,24
40238.41667,24
40238.45278,20
40238.49444,15
40238.53611,17
40238.54167,17
40238.57778,18
40238.61944,17
40238.66111,17
40238.66667,17
40238.70278,14
40238.74444,15
40238.78611,14
40238.79167,14
40238.82778,13
40238.86944,9
40238.91111,9
40238.91667,9
40238.95278,8
40238.99444,10
40238.99931,10
40239.03611,13
40239.04167,13
40239.07778,8
40239.11944,13
40239.16111,7
40239.16667,7
40239.20278,8
40239.24444,7
40239.28611,7
40239.29167,7
40239.32778,7
40239.36944,5
40239.41111,6
40239.41667,6
40239.45278,5
40239.46944,0
40239.49444,0
40239.53611,0
40239.54167,0
40239.57778,0
40239.61944,7
40239.63056,6
40239.63542,9
40239.65486,7
40239.66111,6
40239.66667,6
40239.70278,9
40239.74444,10
40239.76736,10
40239.78611,9
40239.79167,9
40239.82778,10
40239.86944,9
40239.89097,8
40239.89653,9
40239.89931,10
40239.90833,10
40239.91111,11
40239.91667,11
40239.94722,14
40239.95278,13
40239.99444,16
40239.99931,16
40240.03611,15
40240.04167,15
40240.07778,14
40240.09375,14
40240.09931,14
40240.11944,14
40240.16111,16
40240.16667,16
40240.19444,16
40240.20278,15
40240.24444,16
40240.28611,17
40240.29167,17
40240.32778,16
40240.36944,17
40240.41111,18
40240.41667,18
40240.45278,18
40240.49444,16
40240.53611,18
40240.54167,18
40240.57778,16
40240.61944,20
40240.64514,15
40240.66111,15
40240.66667,15
40240.67847,18
40240.69444,14
40240.70278,14
40240.71181,13
40240.7375,14
40240.74444,13
40240.78611,15
40240.79167,15
40240.82778,15
40240.86944,15
40240.91111,16
40240.91667,16
40240.95278,10
40240.99444,10
40240.99931,10
40241.03611,14
40241.04167,14
40241.07778,13
40241.11944,10
40241.16111,16
40241.16667,16
40241.20278,11
40241.24444,14
40241.28611,14
40241.29167,14
40241.32778,15
40241.36944,14
40241.41111,18
40241.41667,18
40241.45278,17
40241.49444,20
40241.53611,16
40241.54167,16
40241.57778,20
40241.61944,17
40241.66111,21
40241.66667,21
40241.70278,16
40241.74444,20
40241.78611,14
40241.79167,14
40241.82778,13
40241.86944,10
40241.91111,14
40241.91667,14
40241.95278,13
40241.99444,10
40241.99931,10
40242.03611,17
40242.04167,17
40242.07778,16
40242.11944,11
40242.16111,13
40242.16667,13
40242.20278,11
40242.24444,11
40242.28611,11
40242.29167,11
40242.32778,10
40242.34722,14
40242.36944,16
40242.41111,18
40242.41667,18
40242.45278,17
40242.49444,17
40242.53611,18
40242.54167,18
40242.57778,18
40242.61944,20
40242.66111,22
40242.66667,22
40242.70278,21
40242.74444,18
40242.78611,14
40242.79167,14
40242.82778,13
40242.86944,15
40242.91111,13
40242.91667,13
40242.95278,9
40242.99444,11
40242.99931,11
40243.03611,14
40243.04167,14
40243.07778,14
40243.11944,16
40243.16111,14
40243.16667,14
40243.20278,15
40243.24444,10
40243.28611,13
40243.29167,13
40243.32778,15
40243.36944,11
40243.41111,14
40243.41667,14
40243.45278,15
40243.49444,10
40243.53611,10
40243.54167,10
40243.57778,16
40243.61944,13
40243.66111,13
40243.66667,13
40243.70278,11
40243.74444,11
40243.78611,7
40243.79167,7
40243.82778,6
40243.86944,9
40243.91111,14
40243.91667,14
40243.95278,13
40243.99444,14
40243.99931,14
40244.03611,13
40244.04167,13
40244.07778,10
40244.11944,11
40244.16111,8
40244.16667,8
40244.20278,10
40244.24444,10
40244.28611,11
40244.29167,11
40244.32778,11
40244.36944,11
40244.41111,9
40244.41667,9
40244.45278,10
40244.49444,9
40244.53611,8
40244.54167,8
40244.57778,13
40244.61944,9
40244.66111,10
40244.66667,10
40244.70278,13
40244.74444,6
40244.78611,3
40244.79167,3
40244.82778,0
40244.86944,0
40244.91111,0
40244.91667,0
40244.95278,0
40244.99444,9
40244.99931,9
40245.03611,8
40245.04167,8
40245.07778,8
40245.11944,9
40245.16111,7
40245.16667,7
40245.20278,5
40245.24444,7
40245.28611,6
40245.29167,6
40245.32778,7
40245.36944,14
40245.41111,14
40245.41667,14
40245.45278,13
40245.49444,10
40245.53611,11
40245.54167,11
40245.57778,10
40245.61944,14
40245.66111,14
40245.66667,14
40245.70278,11
40245.74444,8
40245.78611,7
40245.79167,7
40245.82778,5
40245.86944,3
40245.91111,3
40245.91667,3
40245.95278,10
40245.99444,14
40245.99931,14
40246.03611,9
40246.04167,9
40246.07778,6
40246.11944,5
40246.16111,0
40246.16667,0
40246.20278,0
40246.24444,0
40246.28611,6
40246.29167,6
40246.32778,6
40246.36944,10
40246.41111,6
40246.41667,6
40246.45278,3
40246.49444,3
40246.53611,5
40246.54167,5
40246.57778,3
40246.61944,0
40246.66111,3
40246.66667,3
40246.70278,8
40246.74444,8
40246.78611,0
40246.79167,0
40246.82778,6
40246.86944,6
40246.91111,3
40246.91667,3
40246.95278,5
40246.99444,3
40246.99931,3
40247.03611,0
40247.04167,0
40247.07778,0
40247.11944,0
40247.16111,0
40247.16667,0
40247.20278,3
40247.24444,5
40247.28611,5
40247.29167,5
40247.32778,0
40247.36944,6
40247.41111,5
40247.41667,5
40247.45278,6
40247.49444,3
40247.53611,0
40247.54167,0
40247.57778,7
40247.61944,3
40247.66111,0
40247.66667,0
40247.70278,8
40247.74444,6
40247.78611,7
40247.79167,7
40247.82778,7
40247.86944,8
40247.91111,7
40247.91667,7
40247.95278,7
40247.99444,6
40247.99931,6
40248.03611,5
40248.04167,5
40248.07778,5
40248.11944,6
40248.16111,8
40248.16667,8
40248.20278,8
40248.24444,6
40248.27431,0
40248.28611,3
40248.29167,3
40248.32778,9
40248.36944,7
40248.39236,3
40248.41111,5
40248.41667,5
40248.45278,5
40248.49444,7
40248.53611,8
40248.54167,8
40248.57778,6
40248.61944,10
40248.66111,11
40248.66667,11
40248.70278,9
40248.74444,3
40248.75208,5
40248.78611,5
40248.79167,5
40248.82778,7
40248.86944,5
40248.91111,5
40248.91667,5
40248.93403,3
40248.94375,5
40248.95278,6
40248.99444,5
40248.99931,5
40249.01528,6
40249.02917,6
40249.03611,0
40249.04167,0
40249.07778,0
40249.11944,7
40249.12778,7
40249.15139,11
40249.16111,10
40249.16667,10
40249.17778,10
40249.19583,10
40249.20278,10
40249.24444,9
40249.28611,15
40249.29167,15
40249.32778,11
40249.36944,15
40249.41111,14
40249.41667,14
40249.45139,13
40249.45278,14
40249.47431,9
40249.49444,13
40249.49861,15
40249.50833,13
40249.53611,10
40249.54167,10
40249.55069,15
40249.57014,10
40249.57778,13
40249.61042,14
40249.61944,13
40249.63403,14
40249.65486,14
40249.66111,14
40249.66667,14
40249.68542,14
40249.70278,13
40249.74444,16
40249.77083,20
40249.77569,16
40249.77917,16
40249.78611,15
40249.79167,15
40249.79653,11
40249.80208,15
40249.81458,17
40249.82778,20
40249.85764,18
40249.86944,20
40249.89028,18
40249.91111,21
40249.91667,21
40249.92569,18
40249.94583,18
40249.95278,21
40249.95833,24
40249.98889,22
40249.99444,22
40249.99931,22
40250.01875,22
40250.03611,26
40250.04167,26
40250.05208,24
40250.05903,25
40250.07778,24
40250.11944,25
40250.13611,31
40250.14167,24
40250.14931,28
40250.16111,28
40250.16667,28
40250.18056,28
40250.18542,26
40250.20278,24
40250.20972,24
40250.21111,24
40250.21458,23
40250.225,22
40250.23542,23
40250.23889,22
40250.24444,20
40250.24653,20
40250.26042,24
40250.27361,18
40250.27847,22
40250.28611,22
40250.28958,17
40250.29167,22
40250.29931,20
40250.32083,16
40250.32222,16
40250.32778,15
40250.33681,17
40250.36944,10
40250.37083,8
40250.37361,11
40250.38542,14
40250.39444,10
40250.39861,10
40250.41111,13
40250.41667,13
40250.45278,10
40250.45972,14
40250.47778,13
40250.48194,13
40250.49444,15
40250.49792,18
40250.50903,16
40250.53611,6
40250.54167,6
40250.55903,15
40250.57639,13
40250.57778,13
40250.58403,10
40250.60694,8
40250.60903,8
40250.61667,5
40250.61944,5
40250.62986,7
40250.63542,8
40250.6375,9
40250.65833,11
40250.66111,9
40250.66319,9
40250.66667,9
40250.66875,13
40250.68125,11
40250.68611,10
40250.70278,8
40250.74167,3
40250.74444,3
40250.75556,6
40250.76389,6
40250.77292,5
40250.78611,3
40250.79167,3
40250.80833,0
40250.82778,7
40250.86944,6
40250.87917,6
40250.91111,6
40250.91597,6
40250.91667,6
40250.95278,6
40250.96389,7
40250.99444,7
40250.99931,7
40251.00694,5
40251.03611,5
40251.04167,5
40251.04931,6
40251.07569,3
40251.07778,5
40251.08472,5
40251.09653,6
40251.1125,8
40251.11806,6
40251.11944,6
40251.16111,6
40251.16667,6
40251.20278,6
40251.23403,6
40251.24444,5
40251.28611,10
40251.29167,10
40251.32778,13
40251.35625,11
40251.36944,10
40251.41111,7
40251.41667,7
40251.45278,8
40251.47778,6
40251.49444,8
40251.53611,9
40251.54167,9
40251.55069,8
40251.57778,7
40251.61528,7
40251.61944,8
40251.62431,8
40251.64097,11
40251.65972,10
40251.66111,13
40251.66389,10
40251.66597,10
40251.66667,13
40251.66875,11
40251.70278,11
40251.74444,10
40251.75347,10
40251.77778,9
40251.78611,8
40251.79167,8
40251.80208,10
40251.82778,10
40251.84514,10
40251.86944,10
40251.89167,9
40251.90347,10
40251.90833,10
40251.91111,10
40251.91667,10
40251.95278,10
40251.99167,10
40251.99444,10
40251.99931,10
40252.03611,11
40252.04167,11
40252.04583,9
40252.07778,9
40252.11944,11
40252.15556,9
40252.15972,10
40252.16111,9
40252.16667,9
40252.20278,10
40252.24444,14
40252.28611,20
40252.29097,18
40252.29167,19
40252.32778,15
40252.36944,18
40252.39306,15
40252.41111,14
40252.41667,14
40252.4375,15
40252.45278,16
40252.49306,15
40252.49444,14
40252.50625,14
40252.53611,16
40252.54167,16
40252.56319,16
40252.57778,11
40252.61944,16
40252.62778,16
40252.63472,13
40252.66111,15
40252.66667,15
40252.70278,16
40252.74444,17
40252.78611,15
40252.79167,15
40252.82778,18
40252.86944,16
40252.91111,13
40252.91667,13
40252.95278,15
40252.99444,14
40252.99931,14
40253.03264,15
40253.03611,14
40253.04167,14
40253.04583,20
40253.07778,16
40253.10069,13
40253.11806,17
40253.11944,14
40253.13125,13
40253.15694,14
40253.16111,16
40253.16667,16
40253.20278,14
40253.22917,17
40253.24444,15
40253.26389,11
40253.28611,11
40253.29167,11
40253.32778,13
40253.36944,17
40253.41111,14
40253.41667,14
40253.45278,9
40253.49444,8
40253.53611,9
40253.54167,9
40253.57778,9
40253.61944,6
40253.66111,9
40253.66667,9
40253.70278,6
40253.74444,10
40253.78611,7
40253.79167,7
40253.82778,7
40253.86944,0
40253.91111,3
40253.91667,3
40253.95278,6
40253.99444,3
40253.99931,3
40254.03611,3
40254.04167,3
40254.07778,0
40254.11944,0
40254.16111,0
40254.16667,0
40254.20278,3
40254.24444,0
40254.28611,0
40254.29167,0
40254.32778,6
40254.36944,6
40254.41111,3
40254.41667,3
40254.45278,5
40254.49444,3
40254.53611,7
40254.54167,7
40254.57778,0
40254.61944,0
40254.66111,0
40254.66667,0
40254.70278,0
40254.74444,3
40254.78611,7
40254.79167,7
40254.82778,5
40254.86944,5
40254.91111,5
40254.91667,5
40254.95278,3
40254.99444,3
40254.99931,3
40255.03611,0
40255.07778,3
40255.11944,0
40255.16111,0
40255.16667,0
40255.20278,3
40255.24444,0
40255.27917,5
40255.28611,0
40255.29167,0
40255.32778,3
40255.36944,0
40255.41111,0
40255.41667,0
40255.45278,5
40255.49444,9
40255.53611,10
40255.54167,10
40255.57778,5
40255.61944,6
40255.66111,3
40255.66667,3
40255.67917,8
40255.70278,5
40255.74444,8
40255.78611,6
40255.79167,6
40255.82778,0
40255.86944,3
40255.91111,0
40255.91667,0
40255.95278,0
40255.99444,3
40255.99931,3
40256.03611,5
40256.04167,5
40256.07778,3
40256.11944,3
40256.16111,3
40256.16667,3
40256.20278,3
40256.24444,5
40256.28611,0
40256.29167,0
40256.32778,0
40256.36944,8
40256.40694,9
40256.41111,8
40256.41667,8
40256.45278,8
40256.49444,7
40256.53611,3
40256.54167,3
40256.57778,5
40256.61944,10
40256.66111,10
40256.66667,10
40256.70278,7
40256.74444,7
40256.78611,8
40256.79167,8
40256.82778,6
40256.86944,5
40256.91111,0
40256.91667,0
40256.95278,5
40256.99444,5
40256.99931,5
40257.03611,5
40257.04167,5
40257.07778,5
40257.11944,3
40257.16111,3
40257.16667,3
40257.20278,0
40257.24444,0
40257.28611,0
40257.29167,0
40257.32778,0
40257.36944,5
40257.41111,6
40257.41667,6
40257.45278,3
40257.49444,0
40257.53611,6
40257.54167,6
40257.57778,7
40257.61944,9
40257.66111,10
40257.66667,10
40257.70278,7
40257.72292,7
40257.74444,7
40257.78611,13
40257.79167,13
40257.82778,5
40257.86944,7
40257.91111,6
40257.91667,6
40257.95278,0
40257.99444,0
40257.99931,0
40258.03611,0
40258.04167,0
40258.07778,0
40258.11944,3
40258.16111,0
40258.16667,0
40258.20278,3
40258.24444,5
40258.28611,3
40258.29167,3
40258.32778,0
40258.36944,6
40258.41111,9
40258.41667,9
40258.45278,13
40258.49444,8
40258.53611,8
40258.54167,8
40258.57778,13
40258.61944,16
40258.66111,15
40258.66667,15
40258.70278,15
40258.74444,14
40258.78611,8
40258.79167,8
40258.82778,8
40258.86944,9
40258.91111,6
40258.91667,6
40258.95278,7
40258.99444,13
40258.99931,13
40259.03611,9
40259.04167,9
40259.07778,9
40259.11944,7
40259.16111,3
40259.16667,3
40259.20278,6
40259.24444,7
40259.25417,7
40259.27569,5
40259.28611,8
40259.29167,8
40259.31597,7
40259.32778,9
40259.36944,11
40259.40694,10
40259.41111,13
40259.41667,13
40259.45278,7
40259.46736,5
40259.48958,5
40259.49444,7
40259.50972,6
40259.53611,11
40259.54167,11
40259.57778,10
40259.58611,10
40259.61944,9
40259.62292,14
40259.625,10
40259.63056,11
40259.63472,14
40259.64306,20
40259.66111,14
40259.6625,14
40259.66667,14
40259.66944,14
40259.67292,14
40259.70278,6
40259.70625,7
40259.725,9
40259.73056,9
40259.73958,8
40259.74444,10
40259.78611,9
40259.79167,9
40259.82778,13
40259.86944,10
40259.91111,8
40259.91667,8
40259.95278,8
40259.99444,9
40259.99931,9
40260.03611,6
40260.04167,6
40260.07778,8
40260.11944,9
40260.16111,11
40260.16667,11
40260.20278,13
40260.24444,13
40260.28611,10
40260.29167,10
40260.32778,9
40260.36944,5
40260.41111,6
40260.41667,6
40260.45278,7
40260.49444,15
40260.53611,21
40260.54167,21
40260.57778,20
40260.61944,15
40260.66111,16
40260.66667,16
40260.70278,21
40260.74444,8
40260.78611,8
40260.79167,8
40260.82778,20
40260.86944,17
40260.91111,20
40260.91667,19
40260.95278,13
40260.99444,11
40260.99931,11
40261.03611,8
40261.04167,8
40261.07778,9
40261.11944,10
40261.16111,11
40261.16667,11
40261.20278,5
40261.24444,0
40261.28611,0
40261.29167,0
40261.32778,7
40261.36944,20
40261.41111,22
40261.41667,22
40261.45278,14
40261.49444,18
40261.53611,17
40261.54167,17
40261.57778,16
40261.61944,14
40261.66111,15
40261.66667,15
40261.67847,11
40261.70278,11
40261.74444,10
40261.78611,7
40261.79167,7
40261.82778,0
40261.86944,5
40261.91111,7
40261.91667,7
40261.95278,0
40261.99444,0
40261.99931,0
40262.03611,3
40262.04167,3
40262.07778,0
40262.11944,5
40262.16111,7
40262.16667,7
40262.20278,5
40262.24444,3
40262.28611,0
40262.29167,0
40262.32778,5
40262.36944,5
40262.41111,7
40262.41667,7
40262.45278,13
40262.49444,10
40262.53611,14
40262.54167,14
40262.57778,22
40262.61944,25
40262.66111,17
40262.66667,17
40262.70278,16
40262.74028,22
40262.74444,16
40262.78611,23
40262.79167,23
40262.79444,23
40262.80139,29
40262.8125,33
40262.82778,25
40262.86944,10
40262.90556,17
40262.91111,13
40262.91667,13
40262.95278,0
40262.99444,0
40262.99931,0
40263.03611,0
40263.04167,0
40263.07778,0
40263.11944,3
40263.16111,0
40263.16667,0
40263.17014,3
40263.20278,5
40263.23958,8
40263.24444,10
40263.27361,15
40263.28611,15
40263.29167,15
40263.31736,17
40263.32778,17
40263.36944,22
40263.41111,18
40263.41667,18
40263.45278,24
40263.49444,15
40263.53611,14
40263.54167,14
40263.57778,18
40263.58333,16
40263.61944,13
40263.66111,17
40263.66667,17
40263.70278,18
40263.74444,20
40263.78611,14
40263.79167,14
40263.82778,18
40263.86944,18
40263.91111,13
40263.91667,13
40263.95278,10
40263.99444,10
40263.99931,10
40264.03611,14
40264.04167,14
40264.07778,13
40264.11944,14
40264.16111,11
40264.16667,11
40264.20278,15
40264.24444,10
40264.28611,10
40264.29167,10
40264.32778,11
40264.36944,10
40264.41111,0
40264.41667,0
40264.45278,8
40264.49444,5
40264.53611,9
40264.54167,9
40264.57778,6
40264.61944,5
40264.66111,3
40264.66667,3
40264.70278,9
40264.74444,14
40264.78611,8
40264.79167,8
40264.82778,10
40264.86944,11
40264.91111,10
40264.91667,10
40264.95278,11
40264.97847,9
40264.99444,10
40264.99931,10
40265.03611,9
40265.04167,9
40265.07778,8
40265.09236,7
40265.11944,3
40265.13125,3
40265.16111,3
40265.16667,3
40265.18681,0
40265.20278,0
40265.24444,5
40265.28611,3
40265.29167,3
40265.32778,5
40265.36944,0
40265.41111,0
40265.41667,0
40265.45278,3
40265.49444,8
40265.53611,9
40265.54167,9
40265.57778,11
40265.61944,14
40265.63403,23
40265.66111,16
40265.66667,16
40265.70278,16
40265.74444,15
40265.78611,21
40265.79167,21
40265.82778,11
40265.83889,14
40265.84028,14
40265.85,16
40265.86944,10
40265.89236,0
40265.91111,0
40265.91667,0
40265.93333,0
40265.9375,7
40265.95139,7
40265.95278,8
40265.99444,0
40265.99931,0
40266.03611,3
40266.04167,3
40266.07014,0
40266.07778,0
40266.11944,3
40266.12431,0
40266.14792,6
40266.16111,6
40266.16667,6
40266.17708,6
40266.20278,5
40266.23819,0
40266.24444,3
40266.26667,5
40266.28611,7
40266.29167,7
40266.30486,8
40266.32778,7
40266.34028,7
40266.35903,7
40266.36181,6
40266.36944,6
40266.37986,3
40266.39306,3
40266.41111,8
40266.41667,8
40266.42083,9
40266.43611,8
40266.48056,8
40266.49444,8
40266.53611,8
40266.54167,8
40266.54514,8
40266.55556,8
40266.57778,7
40266.61944,8
40266.66111,8
40266.66667,8
40266.70278,11
40266.71111,15
40266.71736,11
40266.71944,11
40266.74444,8
40266.76875,11
40266.78611,11
40266.79167,11
40266.82778,7
40266.86944,6
40266.91111,9
40266.91667,9
40266.95278,11
40266.99167,13
40266.99444,15
40266.99931,15
40267.02292,15
40267.03611,16
40267.04167,16
40267.07778,18
40267.11944,23
40267.16111,18
40267.16667,18
40267.20278,22
40267.24444,25
40267.28611,14
40267.29167,14
40267.32778,15
40267.36944,18
40267.41111,17
40267.41667,17
40267.45278,21
40267.49444,20
40267.53611,20
40267.54167,19
40267.57778,22
40267.61944,15
40267.66111,16
40267.66667,16
40267.70278,17
40267.74444,16
40267.78611,25
40267.79167,25
40267.82778,29
40267.86944,23
40267.91111,15
40267.91667,15
40267.95278,17
40267.99444,22
40267.99931,22
40268.03611,16
40268.04167,16
40268.07778,14
40268.11944,11
40268.16111,15
40268.16667,15
40268.20278,15
40268.24444,16
40268.28611,18
40268.29167,18
40268.32778,20
40268.36944,14
40268.41111,22
40268.41667,22
40268.45278,15
40268.49444,17
40268.53611,15
40268.54167,15
40268.57778,15
40268.61944,16
40268.66111,15
40268.66667,15
40268.70278,20
40268.71736,15
40268.74444,11
40268.78611,7
40268.79167,7
40268.82778,0
40268.86944,0
40268.91111,0
40268.91667,0
40268.95278,6
40268.99444,6
40268.99931,6
40269.03611,6
40269.04167,6
40269.07778,0
40269.11944,0
40269.16111,0
40269.16667,0
40269.20278,5
40269.24444,3
40269.28611,0
40269.29167,0
40269.32778,5
40269.36944,0
40269.41111,3
40269.41667,3
40269.45278,5
40269.49444,6
40269.53611,5
40269.54167,5
40269.57778,6
40269.61944,7
40269.66111,6
40269.66667,6
40269.70278,9
40269.74444,7
40269.78611,7
40269.79167,7
40269.82778,5
40269.86944,5
40269.91111,0
40269.91667,0
40269.95278,0
40269.99444,5
40269.99931,5
40270.03611,3
40270.04167,3
40270.07778,3
40270.11944,0
40270.16111,0
40270.16667,0
40270.20278,0
40270.24444,3
40270.28611,5
40270.29167,5
40270.32778,5
40270.36944,6
40270.41111,6
40270.41667,6
40270.45278,5
40270.49444,0
40270.53611,8
40270.54167,8
40270.57778,10
40270.61944,7
40270.66111,7
40270.66667,7
40270.70278,7
40270.74444,11
40270.78611,10
40270.79167,10
40270.82778,8
40270.86944,9
40270.91111,7
40270.91667,7
40270.95278,6
40270.99444,7
40270.99931,7
40271.03611,5
40271.04167,5
40271.07778,5
40271.11944,3
40271.16111,5
40271.16667,5
40271.20278,7
40271.24444,3
40271.28611,3
40271.29167,3
40271.3125,0
40271.32778,6
40271.33056,6
40271.36944,5
40271.41111,6
40271.41667,6
40271.44375,6
40271.45278,6
40271.49444,5
40271.53611,6
40271.54167,6
40271.57778,9
40271.61944,9
40271.66111,9
40271.66667,9
40271.70278,13
40271.74444,9
40271.78611,6
40271.79167,6
40271.82778,9
40271.86944,5
40271.91111,5
40271.91667,5
40271.95278,3
40271.99444,6
40271.99931,6
40272.03611,0
40272.04167,0
40272.07778,5
40272.11944,8
40272.16111,6
40272.16667,6
40272.20278,5
40272.24444,5
40272.28611,0
40272.29167,0
40272.32778,3
40272.36944,9
40272.41111,8
40272.41667,8
40272.45278,7
40272.49444,3
40272.53611,3
40272.54167,3
40272.57778,3
40272.61944,3
40272.66111,8
40272.66667,8
40272.70278,9
40272.74444,6
40272.78611,3
40272.79167,3
40272.82778,3
40272.86944,5
40272.91111,3
40272.91667,3
40272.95278,0
40272.99444,0
40272.99931,0
40273.03611,0
40273.04167,0
40273.07778,0
40273.11944,0
40273.16111,5
40273.16667,5
40273.20278,3
40273.24444,3
40273.28611,3
40273.29167,3
40273.32778,6
40273.36944,9
40273.41111,8
40273.41667,8
40273.45278,7
40273.49444,8
40273.53611,10
40273.54167,10
40273.57778,10
40273.61944,9
40273.66111,9
40273.66667,9
40273.70278,8
40273.74444,6
40273.78611,0
40273.79167,0
40273.82778,5
40273.86944,3
40273.91111,6
40273.91667,6
40273.95278,0
40273.99444,3
40273.99931,3
40274.03611,6
40274.04167,6
40274.07778,3
40274.11944,8
40274.16111,8
40274.16667,8
40274.20278,8
40274.24444,7
40274.28611,6
40274.29167,6
40274.32778,7
40274.36944,7
40274.41111,11
40274.41667,11
40274.45278,10
40274.49444,13
40274.53611,11
40274.54167,11
40274.57778,15
40274.61944,13
40274.66111,16
40274.66667,16
40274.70278,14
40274.74444,13
40274.78611,11
40274.79167,11
40274.82778,11
40274.86944,14
40274.91111,11
40274.91667,11
40274.95278,11
40274.99444,11
40274.99931,11
40275.03611,14
40275.04167,14
40275.07778,10
40275.11944,8
40275.16111,8
40275.16667,8
40275.20278,6
40275.24444,9
40275.28611,9
40275.29167,9
40275.32778,9
40275.36944,10
40275.41111,10
40275.41667,10
40275.45278,15
40275.49444,10
40275.53611,14
40275.54167,14
40275.57778,17
40275.61944,11
40275.66111,11
40275.66667,11
40275.70278,10
40275.74444,11
40275.78611,11
40275.79167,11
40275.82778,11
40275.86944,13
40275.91111,13
40275.91667,13
40275.95278,14
40275.99444,13
40275.99931,13
40276.03611,14
40276.04167,14
40276.07778,15
40276.11944,10
40276.16111,7
40276.16667,7
40276.20278,10
40276.24444,11
40276.28611,9
40276.29167,9
40276.32778,11
40276.36944,11
40276.41111,14
40276.41667,14
40276.45278,23
40276.49444,23
40276.53611,24
40276.54167,24
40276.57778,25
40276.60486,23
40276.61944,26
40276.66111,21
40276.66667,21
40276.70278,18
40276.74444,16
40276.77569,21
40276.78611,30
40276.78958,44
40276.79167,30
40276.79375,24
40276.80069,20
40276.80764,14
40276.81458,10
40276.82778,8
40276.86944,6
40276.88889,7
40276.89306,16
40276.89653,18
40276.90347,16
40276.91111,13
40276.91667,13
40276.95278,9
40276.99444,8
40276.99931,8
40277.03611,5
40277.04167,5
40277.07778,3
40277.11944,9
40277.16111,15
40277.16667,15
40277.20278,21
40277.24444,15
40277.28611,14
40277.29167,14
40277.32778,15
40277.36319,22
40277.36944,22
40277.41111,20
40277.41667,19
40277.45278,16
40277.49444,15
40277.53611,20
40277.54167,19
40277.57778,18
40277.61944,23
40277.66111,21
40277.66667,21
40277.70278,15
40277.74444,23
40277.78611,10
40277.79167,10
40277.82778,10
40277.86944,13
40277.91111,9
40277.91667,9
40277.95278,9
40277.99444,9
40277.99931,9
40278.03611,5
40278.04167,5
40278.07778,5
40278.11944,5
40278.16111,5
40278.16667,5
40278.20278,5
40278.24444,10
40278.28611,6
40278.29167,6
40278.32778,16
40278.36944,10
40278.41111,11
40278.41667,11
40278.45278,7
40278.49444,9
40278.53611,9
40278.54167,9
40278.57778,9
40278.61944,6
40278.66111,7
40278.66667,7
40278.70278,0
40278.74444,0
40278.78611,5
40278.79167,5
40278.82778,7
40278.86944,7
40278.91111,5
40278.91667,5
40278.95278,5
40278.99444,5
40278.99931,5
40279.03611,3
40279.04167,3
40279.07778,5
40279.11944,7
40279.16111,5
40279.16667,5
40279.20278,5
40279.24444,6
40279.28611,6
40279.29167,6
40279.32778,6
40279.36944,7
40279.41111,9
40279.41667,9
40279.45278,9
40279.49444,5
40279.53611,3
40279.54167,3
40279.57778,6
40279.61944,8
40279.66111,10
40279.66667,10
40279.70278,11
40279.74444,11
40279.78611,5
40279.79167,5
40279.82778,6
40279.86944,3
40279.91111,0
40279.91667,0
40279.95278,3
40279.99444,5
40279.99931,5
40280.03611,0
40280.04167,0
40280.07778,3
40280.11944,5
40280.16111,11
40280.16667,11
40280.20278,9
40280.24444,11
40280.28611,9
40280.29167,9
40280.32778,10
40280.36944,8
40280.41111,9
40280.41667,9
40280.45278,7
40280.49444,0
40280.53611,5
40280.54167,5
40280.57778,9
40280.61944,3
40280.66111,7
40280.66667,7
40280.70278,7
40280.74444,3
40280.78611,8
40280.79167,8
40280.82778,5
40280.86944,0
40280.91111,8
40280.91667,8
40280.95278,8
40280.99444,3
40280.99931,3
40281.03611,5
40281.04167,5
40281.07778,3
40281.11944,3
40281.16111,0
40281.16667,0
40281.20278,8
40281.24444,10
40281.28611,7
40281.29167,7
40281.32778,9
40281.36944,9
40281.41111,10
40281.41667,10
40281.43472,13
40281.45278,14
40281.49444,17
40281.53611,20
40281.54167,19
40281.56806,16
40281.57778,17
40281.61944,11
40281.66111,13
40281.66319,11
40281.66458,13
40281.66597,13
40281.66667,13
40281.68819,9
40281.68958,7
40281.69097,6
40281.69722,10
40281.70278,9
40281.72361,10
40281.74028,13
40281.74444,15
40281.74931,13
40281.77292,9
40281.78333,8
40281.78611,8
40281.79167,8
40281.79722,6
40281.82778,8
40281.83264,9
40281.86944,8
40281.87083,7
40281.88056,7
40281.88194,7
40281.88611,7
40281.90278,5
40281.91111,8
40281.91667,8
40281.91736,7
40281.95278,5
40281.96181,5
40281.98403,7
40281.99444,6
40281.99931,6
40282.02986,0
40282.03611,6
40282.04167,6
40282.07778,8
40282.08681,8
40282.09583,6
40282.11944,7
40282.16111,5
40282.16667,5
40282.20278,7
40282.24444,7
40282.27431,7
40282.28611,6
40282.29167,6
40282.32778,5
40282.36944,5
40282.40625,5
40282.41111,5
40282.41667,5
40282.43819,5
40282.45278,3
40282.49444,5
40282.53611,5
40282.54167,5
40282.57778,0
40282.61944,3
40282.66111,0
40282.66667,0
40282.70278,6
40282.74444,6
40282.78611,9
40282.79167,9
40282.82778,11
40282.86944,8
40282.91111,6
40282.91667,6
40282.95278,5
40282.99444,5
40282.99931,5
40283.03611,5
40283.04167,5
40283.07778,6
40283.11944,5
40283.16111,5
40283.16667,5
40283.20278,6
40283.24444,5
40283.28611,6
40283.29167,6
40283.32778,6
40283.36944,8
40283.41111,8
40283.41667,8
40283.45278,5
40283.49444,6
40283.53611,9
40283.54167,9
40283.57778,11
40283.61944,10
40283.66111,9
40283.66667,9
40283.70278,7
40283.74444,9
40283.78611,7
40283.79167,7
40283.82778,8
40283.86944,8
40283.91111,6
40283.91667,6
40283.95278,3
40283.99444,7
40283.99931,7
40284.03611,5
40284.04167,5
40284.07778,7
40284.11944,6
40284.16111,6
40284.16667,6
40284.20278,8
40284.24444,7
40284.28611,6
40284.29167,6
40284.32778,7
40284.36944,9
40284.41111,13
40284.41667,13
40284.45278,10
40284.49444,16
40284.53611,16
40284.54167,16
40284.57778,20
40284.61944,21
40284.66111,17
40284.66667,17
40284.66875,20
40284.68403,9
40284.70278,11
40284.72847,9
40284.74444,7
40284.75833,18
40284.75972,33
40284.76736,15
40284.78611,15
40284.79167,15
40284.82778,16
40284.86944,16
40284.91111,10
40284.91667,10
40284.95278,20
40284.99444,9
40284.99931,9
40285.02222,21
40285.03611,16
40285.04167,16
40285.07778,8
40285.11944,10
40285.16111,10
40285.16667,10
40285.20278,15
40285.22778,11
40285.24444,16
40285.28611,14
40285.29167,14
40285.32778,18
40285.36944,14
40285.41111,16
40285.41667,16
40285.45278,21
40285.49444,20
40285.53611,24
40285.54167,24
40285.57778,22
40285.61944,29
40285.66111,29
40285.66667,29
40285.70278,20
40285.74444,18
40285.78611,23
40285.79167,23
40285.82778,32
40285.86944,26
40285.91111,14
40285.91667,14
40285.95278,10
40285.99444,9
40285.99931,9
40286.03611,9
40286.04167,9
40286.07778,9
40286.11944,6
40286.16111,8
40286.16667,8
40286.20278,6
40286.24444,5
40286.28611,5
40286.29167,5
40286.32778,11
40286.36944,13
40286.41111,15
40286.41667,15
40286.45278,13
40286.49444,11
40286.50625,13
40286.53611,18
40286.54167,18
40286.57778,14
40286.61944,20
40286.66111,14
40286.66667,14
40286.70278,18
40286.74444,17
40286.78611,16
40286.79167,16
40286.82778,9
40286.86944,8
40286.91111,9
40286.91667,9
40286.95278,10
40286.99444,13
40286.99931,13
40287.03611,15
40287.04167,15
40287.07778,11
40287.11944,15
40287.16111,16
40287.16667,16
40287.20278,15
40287.24444,14
40287.28611,16
40287.29167,16
40287.32778,10
40287.36944,10
40287.41111,9
40287.41667,9
40287.45278,8
40287.49444,16
40287.53611,7
40287.54167,7
40287.57778,6
40287.61944,17
40287.66111,11
40287.66667,11
40287.70278,11
40287.74444,13
40287.78611,9
40287.79167,9
40287.82778,3
40287.86944,0
40287.91111,5
40287.91667,5
40287.95278,0
40287.99444,3
40287.99931,3
40288.03611,7
40288.04167,7
40288.07778,5
40288.11944,6
40288.16111,8
40288.16667,8
40288.20278,5
40288.24444,5
40288.28611,3
40288.29167,3
40288.32778,5
40288.36944,5
40288.41111,0
40288.41667,0
40288.45278,0
40288.49444,5
40288.53611,6
40288.54167,6
40288.57778,5
40288.61944,0
40288.66111,5
40288.66667,5
40288.70278,3
40288.74444,6
40288.78611,6
40288.79167,6
40288.82778,0
40288.86944,7
40288.91111,7
40288.91667,7
40288.95278,9
40288.99444,5
40288.99931,5
40289.03611,5
40289.04167,5
40289.07778,6
40289.11944,5
40289.16111,3
40289.16667,3
40289.20278,3
40289.24444,6
40289.28611,6
40289.29167,6
40289.31597,9
40289.32778,8
40289.35069,6
40289.36042,5
40289.36944,6
40289.41111,0
40289.41667,0
40289.45278,0
40289.46528,3
40289.4875,3
40289.49444,5
40289.53611,8
40289.54167,8
40289.57431,7
40289.57778,9
40289.58194,9
40289.58403,9
40289.59236,6
40289.60069,5
40289.60903,5
40289.61944,5
40289.62361,9
40289.62917,8
40289.63611,5
40289.64306,7
40289.65417,5
40289.66111,3
40289.66667,3
40289.68194,5
40289.69167,5
40289.70069,3
40289.70139,3
40289.70278,3
40289.70764,6
40289.7375,6
40289.74444,7
40289.75,7
40289.78611,5
40289.79167,5
40289.8125,3
40289.82222,5
40289.82778,3
40289.84167,3
40289.84931,3
40289.86944,0
40289.88681,0
40289.89653,0
40289.90486,0
40289.91111,0
40289.91667,0
40289.91736,6
40289.92639,5
40289.94444,3
40289.94722,3
40289.95278,0
40289.98125,0
40289.99444,3
40289.99931,3
40290.03611,3
40290.04167,3
40290.07778,3
40290.09444,3
40290.09931,5
40290.1125,5
40290.11528,7
40290.11944,6
40290.12569,5
40290.14514,7
40290.16111,3
40290.16667,3
40290.17014,0
40290.18958,0
40290.20278,3
40290.23056,5
40290.23542,5
40290.24444,0
40290.25903,5
40290.26875,5
40290.28611,0
40290.29167,0
40290.29931,7
40290.31528,0
40290.32778,6
40290.36944,0
40290.41111,3
40290.41667,3
40290.45278,9
40290.49444,9
40290.53611,9
40290.54167,9
40290.57778,9
40290.61944,16
40290.63194,14
40290.66111,8
40290.66667,8
40290.70278,13
40290.74444,13
40290.78611,10
40290.79167,10
40290.82778,8
40290.86944,6
40290.91111,3
40290.91667,3
40290.95278,0
40290.99444,8
40290.99931,8
40291.03611,3
40291.04167,3
40291.07778,0
40291.11944,7
40291.16111,6
40291.16667,6
40291.20278,6
40291.24444,10
40291.28611,9
40291.29167,9
40291.32778,14
40291.36944,6
40291.41111,3
40291.41667,3
40291.45278,8
40291.49444,7
40291.53611,14
40291.54167,14
40291.57778,13
40291.61944,6
40291.66111,8
40291.66667,8
40291.70278,7
40291.74444,0
40291.78611,0
40291.79167,0
40291.82778,11
40291.86944,0
40291.91111,0
40291.91667,0
40291.95278,6
40291.99444,0
40291.99931,0
40292.03611,0
40292.04167,0
40292.07778,9
40292.11944,0
40292.16111,13
40292.16667,13
40292.20278,6
40292.24444,7
40292.28611,8
40292.29167,8
40292.32778,6
40292.36944,7
40292.41111,5
40292.41667,5
40292.45278,7
40292.49444,6
40292.53611,7
40292.54167,7
40292.57778,7
40292.61944,7
40292.66111,5
40292.66667,5
40292.70278,8
40292.74444,7
40292.78611,5
40292.79167,5
40292.80972,6
40292.82778,7
40292.86944,5
40292.91111,0
40292.91667,0
40292.95278,7
40292.97361,5
40292.99444,6
40292.99931,6
40293.03611,3
40293.04167,3
40293.05694,3
40293.07778,5
40293.10764,5
40293.11944,6
40293.14444,7
40293.16111,3
40293.16667,3
40293.18542,5
40293.20278,5
40293.22569,5
40293.24444,5
40293.28611,0
40293.29167,0
40293.32083,5
40293.32778,6
40293.36944,5
40293.38403,0
40293.41111,5
40293.41667,5
40293.45278,9
40293.49444,9
40293.525,9
40293.53611,10
40293.54167,10
40293.56736,7
40293.57778,11
40293.61944,20
40293.66111,16
40293.66667,16
40293.70278,10
40293.74444,17
40293.74583,20
40293.77361,14
40293.77708,15
40293.78264,14
40293.78611,15
40293.79167,15
40293.80486,14
40293.82639,14
40293.82778,14
40293.86042,14
40293.86944,11
40293.8875,25
40293.89722,13
40293.90486,15
40293.91111,11
40293.91667,11
40293.94375,17
40293.95139,15
40293.95278,15
40293.95556,16
40293.97708,10
40293.99444,9
40293.99931,9
40294.01597,8
40294.03611,6
40294.04167,6
40294.06875,9
40294.07778,5
40294.11944,3
40294.13889,6
40294.16111,7
40294.16667,7
40294.20278,8
40294.24444,6
40294.28611,7
40294.29167,7
40294.29514,6
40294.32778,3
40294.35903,5
40294.36944,3
40294.39167,0
40294.41111,5
40294.41667,5
40294.41875,6
40294.42708,6
40294.44028,3
40294.45278,8
40294.45764,7
40294.46597,7
40294.48611,0
40294.49444,0
40294.53611,0
40294.54167,0
40294.57778,0
40294.60833,0
40294.61111,0
40294.61319,3
40294.61944,7
40294.66111,8
40294.66667,8
40294.66806,7
40294.6875,7
40294.70278,11
40294.74444,5
40294.75972,9
40294.77639,5
40294.77917,6
40294.78056,5
40294.78194,5
40294.78611,5
40294.79167,5
40294.82778,3
40294.85833,0
40294.86806,0
40294.86944,0
40294.87708,0
40294.88056,0
40294.91111,8
40294.91667,8
40294.92708,5
40294.93472,0
40294.95278,3
40294.99444,5
40294.99931,5
40295.03611,0
40295.04167,0
40295.07778,9
40295.10486,11
40295.11944,9
40295.15417,14
40295.16111,10
40295.16667,10
40295.20278,13
40295.22847,13
40295.24444,14
40295.25764,15
40295.28611,11
40295.29167,11
40295.32778,9
40295.36944,11
40295.41111,18
40295.41667,18
40295.45278,21
40295.49444,20
40295.53611,18
40295.54167,18
40295.57778,13
40295.61944,14
40295.66111,18
40295.66667,18
40295.70278,20
40295.74444,17
40295.78611,11
40295.79167,11
40295.82778,7
40295.86944,11
40295.91111,13
40295.91667,13
40295.95278,8
40295.99444,8
40295.99931,8
40296.03611,8
40296.04167,8
40296.07778,5
40296.11944,8
40296.16111,7
40296.16667,7
40296.20278,9
40296.24444,10
40296.28611,11
40296.29167,11
40296.32778,14
40296.36944,22
40296.41111,15
40296.41667,15
40296.45278,18
40296.49444,17
40296.53611,20
40296.54167,19
40296.57778,21
40296.61944,17
40296.66111,21
40296.66667,21
40296.70278,20
40296.74444,15
40296.78611,11
40296.79167,11
40296.82778,9
40296.86944,5
40296.91111,0
40296.91667,0
40296.95278,0
40296.99444,0
40296.99931,0
40297.03611,5
40297.04167,5
40297.07778,5
40297.11944,8
40297.16111,7
40297.16667,7
40297.20278,7
40297.24444,9
40297.28611,11
40297.29167,11
40297.32778,9
40297.36944,14
40297.41111,11
40297.41667,11
40297.45278,13
40297.49444,14
40297.53611,17
40297.54167,17
40297.57778,11
40297.61944,11
40297.66111,14
40297.66667,14
40297.70278,10
40297.74444,5
40297.78611,10
40297.79167,10
40297.82778,8
40297.86944,5
40297.91111,6
40297.91667,6
40297.95278,5
40297.99444,5
40297.99931,5
40298.03611,5
40298.04167,5
40298.07778,3
40298.11944,0
40298.16111,0
40298.16667,0
40298.20278,0
40298.24444,0
40298.28611,0
40298.29167,0
40298.32778,3
40298.36944,0
40298.41111,7
40298.41667,7
40298.45278,8
40298.49444,7
40298.53611,10
40298.54167,10
40298.57778,14
40298.61944,11
40298.66111,13
40298.66667,13
40298.70278,15
40298.74444,11
40298.78611,9
40298.79167,9
40298.82778,8
40298.86944,9
40298.91111,7
40298.91667,7
40298.95278,7
40298.99444,9
40298.99931,9
40299.03611,5
40299.04167,5
40299.07778,6
40299.11944,9
40299.16111,6
40299.16667,6
40299.20278,3
40299.24444,0
40299.28611,3
40299.29167,3
40299.32778,8
40299.36944,9
40299.41111,11
40299.41667,11
40299.45278,11
40299.49444,10
40299.53611,13
40299.54167,13
40299.57778,11
40299.61944,10
40299.66111,14
40299.66667,14
40299.70278,17
40299.74444,13
40299.78611,8
40299.79167,8
40299.82778,9
40299.86944,10
40299.91111,9
40299.91667,9
40299.95278,9
40299.99444,8
40299.99931,8
40300.03611,8
40300.04167,8
40300.07778,7
40300.11944,10
40300.16111,10
40300.16667,10
40300.20278,9
40300.24444,7
40300.28611,7
40300.29167,7
40300.32778,10
40300.36944,18
40300.41111,9
40300.41667,9
40300.45278,15
40300.49444,13
40300.53611,16
40300.54167,16
40300.57778,14
40300.61944,18
40300.66111,11
40300.66667,11
40300.70278,8
40300.74444,9
40300.78611,10
40300.79167,10
40300.82778,11
40300.86944,11
40300.91111,16
40300.91667,16
40300.95278,15
40300.99444,9
40300.99931,9
40301.03611,13
40301.04167,13
40301.07778,13
40301.11944,14
40301.16111,11
40301.16667,11
40301.20278,11
40301.24444,6
40301.27431,8
40301.28611,11
40301.29167,11
40301.32778,14
40301.35347,6
40301.36806,10
40301.36944,13
40301.41111,10
40301.41667,10
40301.45278,13
40301.49444,16
40301.53611,15
40301.54167,15
40301.57778,16
40301.61944,16
40301.66111,11
40301.66667,11
40301.70278,8
40301.74444,0
40301.78611,3
40301.79167,3
40301.82778,8
40301.86944,8
40301.91111,3
40301.91667,3
40301.95278,0
40301.99444,5
40301.99931,5
40302.03611,3
40302.04167,3
40302.07778,0
40302.11944,6
40302.16111,0
40302.16667,0
40302.20278,0
40302.24444,0
40302.28611,5
40302.29167,5
40302.32778,13
40302.36944,14
40302.41111,14
40302.41667,14
40302.45278,8
40302.49444,14
40302.53611,13
40302.54167,13
40302.57778,14
40302.61944,17
40302.66111,10
40302.66667,10
40302.70278,9
40302.74444,15
40302.78611,8
40302.79167,8
40302.82778,8
40302.86944,5
40302.91111,5
40302.91667,5
40302.95278,0
40302.99444,3
40302.99931,3
40303.03611,5
40303.04167,5
40303.07778,5
40303.11944,5
40303.16111,0
40303.16667,0
40303.20278,0
40303.24444,0
40303.28611,0
40303.29167,0
40303.32778,0
40303.36944,0
40303.41111,3
40303.41667,3
40303.45278,8
40303.49444,7
40303.53611,9
40303.54167,9
40303.57778,10
40303.61944,8
40303.66111,14
40303.66667,14
40303.70278,10
40303.74444,11
40303.78611,10
40303.79167,10
40303.82778,13
40303.86944,11
40303.91111,10
40303.91667,10
40303.95278,10
40303.99444,10
40303.99931,10
40304.03611,10
40304.04167,10
40304.07778,11
40304.11944,9
40304.16111,9
40304.16667,9
40304.20278,8
40304.24444,6
40304.28611,10
40304.29167,10
40304.32778,14
40304.36944,10
40304.41111,9
40304.41667,9
40304.42292,18
40304.45278,14
40304.49444,10
40304.53611,11
40304.54167,11
40304.57778,15
40304.61944,15
40304.66111,13
40304.66667,13
40304.70278,13
40304.74444,20
40304.78611,9
40304.79167,9
40304.82778,14
40304.86944,15
40304.91111,8
40304.91667,8
40304.95278,14
40304.99444,9
40304.99931,9
40305.03611,9
40305.04167,9
40305.07778,14
40305.11944,6
40305.16111,7
40305.16667,7
40305.20278,5
40305.24444,5
40305.28611,10
40305.29167,10
40305.32778,6
40305.36944,0
40305.41111,5
40305.41667,5
40305.45278,8
40305.49444,7
40305.53611,11
40305.54167,11
40305.57778,11
40305.61944,11
40305.66111,10
40305.66667,10
40305.70278,14
40305.74444,11
40305.78611,10
40305.79167,10
40305.82778,13
40305.86944,14
40305.91111,16
40305.91667,16
40305.95278,14
40305.99444,14
40305.99931,14
40306.03611,10
40306.04167,10
40306.07778,14
40306.11944,9
40306.16111,11
40306.16667,11
40306.20278,14
40306.24444,13
40306.28611,15
40306.29167,15
40306.32778,16
40306.36944,13
40306.41111,14
40306.41667,14
40306.45278,24
40306.49444,20
40306.53611,17
40306.54167,17
40306.57778,25
40306.61944,22
40306.66111,21
40306.66667,21
40306.70278,26
40306.74444,21
40306.78611,20
40306.79167,19
40306.82778,20
40306.86944,18
40306.91111,25
40306.91667,25
40306.95278,14
40306.99444,20
40306.99931,20
40307.03611,17
40307.04167,17
40307.07778,8
40307.11944,7
40307.16111,14
40307.16667,14
40307.20278,13
40307.24444,11
40307.28611,14
40307.29167,14
40307.30278,10
40307.32778,14
40307.36944,20
40307.41111,20
40307.41667,19
40307.45278,21
40307.49444,17
40307.53611,23
40307.54167,23
40307.57778,21
40307.61944,21
40307.66111,23
40307.66667,23
40307.70278,15
40307.74444,22
40307.78611,15
40307.79167,15
40307.82778,13
40307.86944,10
40307.91111,11
40307.91667,11
40307.95278,13
40307.99444,11
40307.99931,11
40308.03611,14
40308.04167,14
40308.07778,8
40308.11944,9
40308.16111,9
40308.16667,9
40308.20278,7
40308.24444,10
40308.28611,9
40308.29167,9
40308.32778,14
40308.36944,17
40308.41111,15
40308.41667,15
40308.45278,10
40308.49444,11
40308.53611,20
40308.54167,19
40308.57778,16
40308.61944,15
40308.66111,10
40308.66667,10
40308.70278,14
40308.74444,11
40308.78611,8
40308.79167,8
40308.82778,7
40308.86944,7
40308.91111,0
40308.91667,0
40308.95278,3
40308.99444,0
40308.99931,0
40309.03611,0
40309.04167,0
40309.07778,11
40309.11944,3
40309.16111,10
40309.16667,10
40309.20278,8
40309.24444,6
40309.28611,15
40309.29167,15
40309.32778,18
40309.35139,14
40309.36944,11
40309.40486,8
40309.41111,8
40309.41667,8
40309.45278,5
40309.47431,6
40309.49444,6
40309.53611,16
40309.54167,16
40309.57778,10
40309.61944,6
40309.66111,14
40309.66667,14
40309.70278,11
40309.74444,11
40309.78611,10
40309.79167,10
40309.82778,13
40309.86944,8
40309.91111,6
40309.91667,6
40309.95278,11
40309.99444,13
40309.99931,13
40310.02847,11
40310.03403,17
40310.03611,18
40310.04167,18
40310.04792,15
40310.07778,13
40310.11944,14
40310.14931,11
40310.16111,13
40310.16667,13
40310.20278,8
40310.24444,5
40310.28611,5
40310.29167,5
40310.30903,5
40310.32778,7
40310.33611,7
40310.33681,8
40310.36944,5
40310.41111,6
40310.41667,6
40310.45278,7
40310.49444,8
40310.53611,9
40310.54167,9
40310.57778,10
40310.61944,7
40310.66111,7
40310.66667,7
40310.70278,9
40310.70833,17
40310.71597,15
40310.73056,16
40310.73472,14
40310.73681,16
40310.74306,14
40310.74444,13
40310.76667,11
40310.77083,11
40310.78611,13
40310.79167,13
40310.82778,10
40310.86944,9
40310.91111,9
40310.91667,9
40310.93403,9
40310.95278,11
40310.96042,13
40310.99444,14
40310.99931,14
40311.01875,14
40311.03611,10
40311.04167,10
40311.04931,11
40311.07778,10
40311.0875,11
40311.11944,10
40311.13403,10
40311.16111,8
40311.16667,8
40311.17153,10
40311.20278,9
40311.24444,7
40311.28611,7
40311.29167,7
40311.32778,7
40311.36944,3
40311.41111,3
40311.41667,3
40311.45278,5
40311.47708,0
40311.49444,3
40311.53611,0
40311.54167,0
40311.55278,0
40311.57778,0
40311.61944,0
40311.66111,0
40311.66667,0
40311.70278,3
40311.74444,5
40311.78611,10
40311.79167,10
40311.82778,13
40311.86944,14
40311.91111,14
40311.91667,14
40311.95278,15
40311.99444,11
40311.99931,11
40312.03611,9
40312.04167,9
40312.06458,10
40312.07778,10
40312.11944,11
40312.15069,9
40312.16111,7
40312.16667,7
40312.20278,7
40312.22917,6
40312.24444,9
40312.28611,11
40312.29167,11
40312.32639,9
40312.33125,10
40312.36944,9
40312.37361,9
40312.37778,10
40312.41111,11
40312.41667,11
40312.45278,13
40312.49444,13
40312.53611,16
40312.54167,16
40312.57778,16
40312.61944,14
40312.66111,16
40312.66667,16
40312.70278,15
40312.72986,10
40312.73264,14
40312.74028,22
40312.74306,17
40312.74444,11
40312.74861,9
40312.75972,16
40312.76667,14
40312.77847,9
40312.78264,8
40312.78611,14
40312.78889,13
40312.79167,14
40312.79306,8
40312.79583,0
40312.79861,5
40312.80347,10
40312.8125,3
40312.82292,9
40312.82778,7
40312.84583,5
40312.86944,3
40312.91111,5
40312.91667,5
40312.95278,7
40312.99444,8
40312.99931,8
40313.03611,6
40313.04167,6
40313.07778,9
40313.11944,5
40313.16111,5
40313.16667,5
40313.20278,17
40313.24444,14
40313.28611,17
40313.29167,17
40313.32778,17
40313.36944,18
40313.41111,7
40313.41667,7
40313.45278,15
40313.49444,13
40313.53611,11
40313.54167,11
40313.57778,13
40313.61944,13
40313.66111,9
40313.66667,9
40313.70278,10
40313.74444,10
40313.78611,7
40313.79167,7
40313.82778,3
40313.86944,5
40313.91111,0
40313.91667,0
40313.95278,0
40313.99444,0
40313.99931,0
40314.03611,0
40314.04167,0
40314.07778,3
40314.11944,0
40314.16111,0
40314.16667,0
40314.20278,0
40314.24444,8
40314.28611,9
40314.29167,9
40314.32778,9
40314.36944,10
40314.41111,8
40314.41667,8
40314.45278,9
40314.49444,3
40314.53611,3
40314.54167,3
40314.57778,0
40314.61944,6
40314.66111,9
40314.66667,9
40314.70278,8
40314.74444,7
40314.78611,5
40314.79167,5
40314.82778,8
40314.86944,6
40314.91111,0
40314.91667,0
40314.95278,3
40314.99444,0
40314.99931,0
40315.03611,0
40315.04167,0
40315.07778,3
40315.11944,0
40315.16111,5
40315.16667,5
40315.20278,0
40315.24444,0
40315.28611,3
40315.29167,3
40315.32778,6
40315.36944,7
40315.41111,7
40315.45278,6
40315.49444,15
40315.53611,14
40315.54167,14
40315.57778,8
40315.61944,8
40315.65417,8
40315.65764,8
40315.66111,8
40315.66667,8
40315.70139,5
40315.70278,5
40315.73056,6
40315.74444,0
40315.74861,0
40315.75208,0
40315.75556,0
40315.75972,3
40315.76458,7
40315.76597,9
40315.77083,10
40315.78403,11
40315.78611,9
40315.79028,10
40315.79167,9
40315.79653,9
40315.79861,9
40315.81389,10
40315.81597,14
40315.82083,14
40315.82292,11
40315.82778,11
40315.83403,9
40315.86944,6
40315.91111,15
40315.91667,15
40315.92639,11
40315.92986,11
40315.95278,9
40315.95833,10
40315.99444,9
40315.99931,9
40316.00139,10
40316.03333,11
40316.03611,10
40316.04167,10
40316.04792,9
40316.07778,11
40316.11458,11
40316.11944,11
40316.16111,11
40316.16667,11
40316.19514,10
40316.20278,9
40316.22361,9
40316.24028,14
40316.24444,13
40316.26528,10
40316.27847,13
40316.28611,11
40316.29167,11
40316.32778,14
40316.35139,13
40316.36944,14
40316.39514,14
40316.41111,11
40316.41667,11
40316.45278,15
40316.49444,15
40316.53611,14
40316.54167,14
40316.57778,15
40316.61944,14
40316.62708,10
40316.63472,14
40316.63611,15
40316.65,16
40316.65764,11
40316.66111,16
40316.66667,16
40316.70278,9
40316.74444,14
40316.78611,13
40316.79167,13
40316.82778,15
40316.86944,14
40316.91111,10
40316.91667,10
40316.95278,10
40316.99444,7
40316.99931,7
40317.03611,9
40317.04167,9
40317.07778,7
40317.11042,9
40317.11944,6
40317.16111,7
40317.16667,7
40317.20278,3
40317.24444,0
40317.28611,8
40317.29167,8
40317.32778,6
40317.36944,3
40317.41111,3
40317.41667,3
40317.45278,7
40317.49444,11
40317.51319,6
40317.52431,6
40317.53611,13
40317.54167,13
40317.57778,9
40317.61944,10
40317.66111,10
40317.66667,10
40317.70278,6
40317.74444,5
40317.78611,6
40317.79167,6
40317.82778,3
40317.86944,6
40317.91111,6
40317.91667,6
40317.95278,6
40317.99444,6
40317.99931,6
40318.03611,3
40318.04167,3
40318.07778,0
40318.11944,3
40318.16111,5
40318.16667,5
40318.20278,6
40318.24444,3
40318.28611,8
40318.29167,8
40318.32778,7
40318.36944,8
40318.41111,7
40318.41667,7
40318.45278,7
40318.49444,6
40318.53611,9
40318.54167,9
40318.54792,9
40318.57778,9
40318.61944,7
40318.66111,3
40318.66667,3
40318.70278,9
40318.74444,0
40318.78611,5
40318.79167,5
40318.82778,5
40318.86944,3
40318.91111,6
40318.91667,6
40318.95278,6
40318.99444,5
40318.99931,5
40319.03611,0
40319.04167,0
40319.07778,3
40319.11944,0
40319.16111,5
40319.16667,5
40319.20278,3
40319.24444,3
40319.28611,5
40319.29167,5
40319.32778,0
40319.36944,6
40319.41111,6
40319.41667,6
40319.45278,8
40319.49444,8
40319.53611,7
40319.54167,7
40319.57778,7
40319.61944,9
40319.66111,8
40319.66667,8
40319.70278,10
40319.74444,9
40319.78611,7
40319.79167,7
40319.82778,8
40319.86944,8
40319.91111,9
40319.91667,9
40319.95278,8
40319.99444,6
40319.99931,6
40320.03611,6
40320.04167,6
40320.07778,6
40320.11944,10
40320.16111,8
40320.16667,8
40320.20278,8
40320.24444,7
40320.28611,6
40320.29167,6
40320.32778,8
40320.36944,9
40320.41111,11
40320.41667,11
40320.45278,11
40320.49444,7
40320.53611,10
40320.54167,10
40320.57778,11
40320.61944,11
40320.66111,15
40320.66667,15
40320.70278,9
40320.74444,9
40320.78611,7
40320.79167,7
40320.82778,8
40320.86944,9
40320.91111,9
40320.91667,9
40320.95278,7
40320.99444,7
40320.99931,7
40321.00069,7
40321.03611,8
40321.04167,8
40321.05278,8
40321.05694,5
40321.05972,3
40321.06181,0
40321.06667,0
40321.07083,0
40321.07778,7
40321.08472,9
40321.09444,9
40321.10625,8
40321.11944,8
40321.14444,10
40321.16111,8
40321.16667,8
40321.20278,10
40321.21319,9
40321.21944,7
40321.22708,8
40321.24444,8
40321.24931,7
40321.28611,8
40321.29167,8
40321.31111,11
40321.32778,10
40321.35903,14
40321.36944,10
40321.41111,13
40321.41667,13
40321.45278,8
40321.49444,14
40321.53611,13
40321.54167,13
40321.57778,10
40321.58681,13
40321.58958,11
40321.59792,13
40321.61944,10
40321.66111,8
40321.66667,8
40321.68611,10
40321.70278,7
40321.73681,8
40321.73889,6
40321.74444,5
40321.78125,7
40321.78611,13
40321.78889,9
40321.79792,9
40321.82778,10
40321.83681,11
40321.83958,11
40321.86806,8
40321.86944,8
40321.91111,7
40321.91667,7
40321.95278,7
40321.99444,8
40321.99931,8
40322.01319,10
40322.03611,8
40322.04167,8
40322.07778,3
40322.11944,0
40322.16111,3
40322.16667,3
40322.18958,6
40322.20278,6
40322.21319,8
40322.24444,8
40322.25486,10
40322.27014,11
40322.28611,10
40322.29167,10
40322.32153,7
40322.32778,7
40322.36944,7
40322.41111,6
40322.41667,6
40322.45278,7
40322.49444,6
40322.53056,6
40322.53611,7
40322.54167,7
40322.57222,7
40322.57778,8
40322.60486,3
40322.61806,3
40322.61944,3
40322.66111,0
40322.66667,0
40322.70278,0
40322.74444,8
40322.78611,8
40322.79167,8
40322.81389,6
40322.82778,6
40322.86944,5
40322.91111,3
40322.91667,3
40322.93889,5
40322.95069,6
40322.95278,7
40322.96111,8
40322.99444,8
40322.99931,8
40323.03611,5
40323.04167,5
40323.07778,3
40323.11944,6
40323.16111,5
40323.16667,5
40323.16736,3
40323.20278,5
40323.22222,7
40323.24444,7
40323.25208,7
40323.27708,6
40323.28611,7
40323.29167,7
40323.32778,7
40323.34028,7
40323.36944,8
40323.41111,9
40323.41667,9
40323.43542,8
40323.45278,10
40323.48403,6
40323.49444,5
40323.51319,6
40323.53611,8
40323.54167,8
40323.54931,5
40323.57778,3
40323.61944,6
40323.66111,6
40323.66667,6
40323.70278,6
40323.74444,7
40323.78611,7
40323.79167,7
40323.82778,3
40323.86944,3
40323.91111,0
40323.91667,0
40323.95278,3
40323.99444,0
40323.99931,0
40324.03611,0
40324.04167,0
40324.07778,0
40324.11944,0
40324.16111,0
40324.16667,0
40324.20278,0
40324.24444,3
40324.28611,0
40324.29167,0
40324.32778,9
40324.36944,0
40324.41111,3
40324.41667,3
40324.45278,6
40324.49444,3
40324.53611,0
40324.54167,0
40324.57778,7
40324.61944,9
40324.66111,10
40324.66667,10
40324.70278,11
40324.74444,10
40324.78611,8
40324.79167,8
40324.82778,5
40324.86944,5
40324.91111,3
40324.91667,3
40324.95278,0
40324.99444,5
40324.99931,5
40325.03611,3
40325.04167,3
40325.07778,7
40325.11944,5
40325.16111,5
40325.16667,5
40325.20278,6
40325.24444,6
40325.28611,8
40325.29167,8
40325.32778,7
40325.36944,5
40325.41111,5
40325.41667,5
40325.45278,5
40325.49444,0
40325.53611,0
40325.54167,0
40325.57778,6
40325.61944,5
40325.66111,10
40325.66667,10
40325.70278,11
40325.74444,5
40325.78611,3
40325.79167,3
40325.82778,6
40325.86806,8
40325.86944,8
40325.88681,13
40325.91111,9
40325.91667,9
40325.92639,9
40325.93194,10
40325.93681,5
40325.94097,0
40325.94861,11
40325.95278,7
40325.96181,7
40325.97569,17
40325.99306,22
40325.99444,17
40325.99931,17
40326.00139,17
40326.02014,14
40326.02917,11
40326.03611,10
40326.04167,10
40326.04861,11
40326.07639,16
40326.07778,17
40326.11944,8
40326.16111,6
40326.16667,6
40326.20278,7
40326.24444,7
40326.24931,8
40326.28611,3
40326.29167,3
40326.32778,6
40326.36944,7
40326.41111,5
40326.41667,5
40326.45278,7
40326.49444,8
40326.53611,6
40326.54167,6
40326.54722,6
40326.57153,7
40326.57778,9
40326.5875,7
40326.61944,9
40326.66111,7
40326.66667,7
40326.68958,8
40326.70278,6
40326.70556,7
40326.71319,6
40326.72014,8
40326.74444,9
40326.78611,7
40326.79167,7
40326.82778,8
40326.84653,8
40326.84931,8
40326.85278,6
40326.85625,8
40326.86944,7
40326.91111,0
40326.91667,0
40326.95278,3
40326.99444,3
40326.99931,3
40327.03611,3
40327.04167,3
40327.06042,5
40327.07778,5
40327.08611,5
40327.09861,3
40327.10278,5
40327.11944,6
40327.16111,5
40327.16597,5
40327.16667,5
40327.20139,6
40327.20278,6
40327.24444,6
40327.28611,5
40327.29167,5
40327.32778,0
40327.33819,0
40327.36944,0
40327.38472,0
40327.41111,0
40327.41667,0
40327.45278,3
40327.49444,8
40327.50278,10
40327.53611,7
40327.54167,7
40327.57778,10
40327.61944,9
40327.66111,7
40327.66667,7
40327.70278,9
40327.74444,9
40327.78611,9
40327.79167,9
40327.82778,8
40327.86944,6
40327.91111,3
40327.91667,3
40327.95278,3
40327.99444,5
40327.99931,5
40328.03611,6
40328.04167,6
40328.07778,5
40328.11944,5
40328.16111,5
40328.16667,5
40328.20278,5
40328.24444,5
40328.28611,0
40328.29167,0
40328.32778,5
40328.36944,5
40328.41111,10
40328.41667,10
40328.45278,8
40328.49444,5
40328.53611,6
40328.54167,6
40328.57778,6
40328.61944,5
40328.66111,3
40328.66667,3
40328.70278,0
40328.74444,3
40328.78611,3
40328.79167,3
40328.82778,5
40328.86944,3
40328.91111,3
40328.91667,3
40328.95278,6
40328.99444,6
40328.99931,6
40329.03611,3
40329.04167,3
40329.07778,5
40329.11944,0
40329.16111,0
40329.16667,0
40329.20278,0
40329.24444,3
40329.28611,7
40329.29167,7
40329.32778,8
40329.36944,6
40329.41111,7
40329.41667,7
40329.45278,10
40329.49444,13
40329.53611,14
40329.54167,14
40329.57778,13
40329.61944,11
40329.66111,16
40329.66667,16
40329.70278,15
40329.74444,13
40329.78611,13
40329.79167,13
40329.82778,10
40329.86944,13
40329.91111,15
40329.91667,15
40329.95278,15
40329.99444,13
40329.99931,13
40330.03611,13
40330.04167,13
40330.07778,15
40330.11944,15
40330.16111,13
40330.16667,13
40330.20278,11
40330.24444,11
40330.28611,10
40330.29167,10
40330.32778,14
40330.36944,10
40330.41111,9
40330.41667,9
40330.45278,11
40330.49444,10
40330.52222,10
40330.53611,10
40330.54167,10
40330.54792,9
40330.55417,9
40330.55694,16
40330.55972,13
40330.56319,16
40330.56597,5
40330.57569,5
40330.57778,6
40330.58264,5
40330.61944,13
40330.66111,13
40330.66667,13
40330.70278,8
40330.74444,9
40330.78611,13
40330.79167,13
40330.82778,8
40330.86944,8
40330.91111,6
40330.91667,6
40330.95278,3
40330.99444,5
40330.99931,5
40331.03611,6
40331.04167,6
40331.07778,0
40331.11944,0
40331.16111,5
40331.16667,5
40331.20278,3
40331.24444,3
40331.28611,7
40331.29167,7
40331.32778,7
40331.36944,0
40331.41111,0
40331.41667,0
40331.45278,3
40331.49444,8
40331.53611,11
40331.54167,11
40331.57778,6
40331.61944,8
40331.66111,11
40331.66667,11
40331.70278,8
40331.74444,6
40331.78611,10
40331.79167,10
40331.82778,9
40331.86944,7
40331.91111,10
40331.91667,10
40331.95278,9
40331.99444,8
40331.99931,8
40332.03611,8
40332.04167,8
40332.07778,10
40332.11944,10
40332.16111,6
40332.16667,6
40332.20278,7
40332.24444,7
40332.28611,6
40332.29167,6
40332.32778,7
40332.36944,7
40332.41111,3
40332.41667,3
40332.45278,8
40332.49444,8
40332.52778,9
40332.53611,9
40332.54167,9
40332.57778,5
40332.61944,8
40332.64931,8
40332.65764,20
40332.66111,20
40332.66667,19
40332.66806,16
40332.67917,28
40332.68264,25
40332.68958,14
40332.70278,14
40332.72292,14
40332.73264,11
40332.74444,5
40332.78611,5
40332.79167,5
40332.82778,8
40332.86944,6
40332.91111,5
40332.91667,5
40332.95278,6
40332.99444,6
40332.99931,6
40333.03611,0
40333.04167,0
40333.07778,7
40333.11944,0
40333.16111,3
40333.16667,3
40333.20278,0
40333.24444,3
40333.28611,3
40333.29167,3
40333.32778,7
40333.36944,8
40333.41111,6
40333.41667,6
40333.45278,6
40333.49444,9
40333.53611,10
40333.54167,10
40333.57778,11
40333.61944,13
40333.66111,13
40333.66667,13
40333.70278,11
40333.74444,8
40333.78611,6
40333.79167,6
40333.82778,7
40333.84583,6
40333.86944,9
40333.91111,8
40333.91667,8
40333.95278,10
40333.99444,5
40333.99931,5
40334.03611,5
40334.04167,5
40334.07778,5
40334.11944,3
40334.16111,6
40334.16667,6
40334.20278,5
40334.24444,6
40334.28611,7
40334.29167,7
40334.32778,7
40334.36944,8
40334.41111,10
40334.41667,10
40334.45278,6
40334.49444,9
40334.53611,13
40334.54167,13
40334.57778,14
40334.61944,11
40334.66111,10
40334.66667,10
40334.70278,10
40334.74444,7
40334.78611,13
40334.79167,13
40334.82778,8
40334.86944,7
40334.91111,6
40334.91667,6
40334.95278,8
40334.99444,6
40334.99931,6
40335.03611,3
40335.04167,3
40335.07778,7
40335.11944,5
40335.16111,5
40335.16667,5
40335.20278,3
40335.24444,7
40335.28611,10
40335.29167,10
40335.32778,13
40335.36944,10
40335.41111,13
40335.41667,13
40335.45278,13
40335.49444,14
40335.53611,20
40335.54167,19
40335.55833,17
40335.56806,29
40335.57778,13
40335.61944,16
40335.66111,10
40335.66667,10
40335.70278,8
40335.74444,16
40335.78611,11
40335.79167,11
40335.82778,15
40335.86944,11
40335.91111,14
40335.91667,14
40335.95278,16
40335.99444,11
40335.99931,11
40336.03611,14
40336.04167,14
40336.07778,9
40336.11944,7
40336.16111,8
40336.16667,8
40336.20278,9
40336.24444,10
40336.28611,9
40336.29167,9
40336.32778,9
40336.36944,7
40336.41111,7
40336.41667,7
40336.45278,14
40336.49444,18
40336.53611,15
40336.54167,15
40336.57778,14
40336.61944,14
40336.66111,16
40336.66667,16
40336.70278,14
40336.74444,13
40336.78611,11
40336.79167,11
40336.82778,8
40336.86944,7
40336.91111,8
40336.91667,8
40336.95278,8
40336.99444,7
40336.99931,7
40337.03611,8
40337.04167,8
40337.07778,11
40337.11944,10
40337.16111,10
40337.16667,10
40337.20278,8
40337.24444,13
40337.28611,10
40337.29167,10
40337.32778,9
40337.36944,11
40337.38542,9
40337.38681,9
40337.41111,8
40337.41667,8
40337.45278,9
40337.49444,7
40337.53611,11
40337.54167,11
40337.57778,11
40337.61944,10
40337.66111,14
40337.66667,14
40337.70278,9
40337.74444,8
40337.78611,7
40337.79167,7
40337.82778,3
40337.86944,7
40337.91111,5
40337.91667,5
40337.95278,0
40337.99444,0
40337.99931,0
40338.03611,7
40338.04167,7
40338.07778,6
40338.11944,9
40338.16111,7
40338.16667,7
40338.20278,11
40338.24444,11
40338.28611,7
40338.29167,7
40338.32778,10
40338.36944,11
40338.41111,16
40338.41667,16
40338.45278,11
40338.49444,18
40338.53611,14
40338.54167,14
40338.55694,9
40338.56458,11
40338.57292,5
40338.57778,6
40338.58472,5
40338.61944,0
40338.62778,0
40338.64375,5
40338.65556,5
40338.66111,10
40338.66667,10
40338.67778,6
40338.70278,7
40338.74444,8
40338.78611,9
40338.79167,9
40338.82778,13
40338.86944,9
40338.91111,10
40338.91667,10
40338.95278,6
40338.99444,6
40338.99931,6
40339.03611,5
40339.04167,5
40339.07778,0
40339.11944,0
40339.16111,3
40339.16667,3
40339.20278,0
40339.24444,7
40339.28611,5
40339.29167,5
40339.32778,7
40339.36944,13
40339.41111,10
40339.41667,10
40339.45278,14
40339.49444,14
40339.53611,14
40339.54167,14
40339.57778,15
40339.61944,11
40339.66111,15
40339.66667,15
40339.70278,11
40339.74444,13
40339.78611,10
40339.79167,10
40339.82778,5
40339.86944,5
40339.91111,7
40339.91667,7
40339.95278,3
40339.99444,5
40339.99931,5
40340.03611,7
40340.04167,7
40340.07778,10
40340.11944,8
40340.16111,8
40340.16667,8
40340.20278,6
40340.24444,7
40340.28611,6
40340.29167,6
40340.32778,5
40340.36944,7
40340.41111,0
40340.41667,0
40340.45278,3
40340.49444,6
40340.53611,5
40340.54167,5
40340.57778,8
40340.61944,9
40340.66111,8
40340.66667,8
40340.70278,6
40340.74444,11
40340.78611,9
40340.79167,9
40340.82778,9
40340.86944,7
40340.91111,6
40340.91667,6
40340.95278,5
40340.99444,7
40340.99931,7
40341.03611,5
40341.04167,5
40341.07778,9
40341.11944,11
40341.16111,7
40341.16667,7
40341.20278,8
40341.24444,9
40341.28611,9
40341.29167,9
40341.32778,13
40341.36944,10
40341.41111,11
40341.41667,11
40341.45278,10
40341.49444,11
40341.53611,10
40341.54167,10
40341.57778,11
40341.61944,9
40341.66111,13
40341.66667,13
40341.68403,11
40341.70278,18
40341.70486,26
40341.71389,22
40341.72153,16
40341.72986,16
40341.74444,9
40341.78611,5
40341.79167,5
40341.82778,8
40341.86944,8
40341.91111,9
40341.91667,9
40341.95278,5
40341.99444,7
40341.99931,7
40342.03611,5
40342.04167,5
40342.07778,5
40342.11944,3
40342.16111,5
40342.16667,5
40342.20278,3
40342.24444,6
40342.28611,3
40342.29167,3
40342.32778,3
40342.36944,10
40342.41111,6
40342.41667,6
40342.45278,8
40342.49444,11
40342.53611,8
40342.54167,8
40342.57778,13
40342.59792,11
40342.61944,16
40342.62361,15
40342.63194,11
40342.64514,10
40342.66111,9
40342.66667,9
40342.70278,11
40342.74444,10
40342.78611,10
40342.79167,10
40342.82778,10
40342.86944,9
40342.91111,10
40342.91667,10
40342.95278,8
40342.99444,8
40342.99931,8
40343.03611,8
40343.04167,8
40343.07778,3
40343.11944,6
40343.16111,7
40343.16667,7
40343.20278,9
40343.24444,7
40343.28056,5
40343.28611,5
40343.29167,5
40343.30417,3
40343.32778,6
40343.36944,9
40343.3875,8
40343.41111,11
40343.41667,11
40343.45278,8
40343.49444,6
40343.53611,9
40343.54167,9
40343.57778,5
40343.61944,6
40343.66111,10
40343.66667,10
40343.70278,10
40343.74444,22
40343.75,15
40343.75417,8
40343.76181,6
40343.76458,6
40343.78611,0
40343.79167,0
40343.80694,16
40343.81042,13
40343.81319,11
40343.81597,14
40343.81736,13
40343.81944,10
40343.82778,6
40343.86944,0
40343.91111,5
40343.91667,5
40343.95278,6
40343.99444,8
40343.99931,8
40344.03611,8
40344.04167,8
40344.07778,6
40344.11944,5
40344.16111,6
40344.16667,6
40344.20278,6
40344.24444,8
40344.28611,10
40344.29167,10
40344.32778,10
40344.36944,6
40344.41111,7
40344.41667,7
40344.45278,7
40344.49444,7
40344.51528,3
40344.53611,0
40344.54167,0
40344.57778,6
40344.61944,7
40344.62778,10
40344.63264,9
40344.63681,9
40344.63819,9
40344.66111,9
40344.66667,9
40344.70278,7
40344.74444,8
40344.78611,9
40344.79167,9
40344.82778,7
40344.86944,8
40344.87986,8
40344.89722,8
40344.91111,7
40344.91667,7
40344.95278,6
40344.99444,5
40344.99931,5
40345.03611,5
40345.04167,5
40345.07778,3
40345.11944,3
40345.16111,5
40345.16667,5
40345.20278,7
40345.20764,5
40345.24444,5
40345.28611,6
40345.29167,6
40345.32778,7
40345.34931,9
40345.35833,11
40345.36944,10
40345.37847,9
40345.39306,8
40345.41111,8
40345.41667,8
40345.45278,5
40345.48681,8
40345.49444,10
40345.50139,9
40345.53611,11
40345.54167,11
40345.55833,13
40345.57778,9
40345.61944,8
40345.66111,8
40345.66667,8
40345.70278,10
40345.73194,8
40345.74444,10
40345.75278,9
40345.78611,8
40345.79167,8
40345.82778,6
40345.86944,8
40345.91111,10
40345.91667,10
40345.95278,9
40345.99444,11
40345.99931,11
40346.03611,7
40346.04167,7
40346.07778,5
40346.11944,5
40346.16111,6
40346.16667,6
40346.20278,9
40346.24444,8
40346.28611,9
40346.29167,9
40346.32778,10
40346.36944,17
40346.41111,17
40346.41667,17
40346.45278,20
40346.49444,14
40346.53611,17
40346.54167,17
40346.57778,18
40346.61944,17
40346.66111,11
40346.66667,11
40346.70278,16
40346.74444,11
40346.78611,17
40346.79167,17
40346.82778,17
40346.86944,13
40346.91111,13
40346.91667,13
40346.95278,11
40346.99444,15
40346.99931,15
40347.03611,11
40347.04167,11
40347.07778,6
40347.11944,6
40347.16111,5
40347.16667,5
40347.20278,6
40347.24444,7
40347.28611,6
40347.29167,6
40347.32778,5
40347.36944,3
40347.41111,5
40347.41667,5
40347.45278,8
40347.49444,3
40347.53611,5
40347.54167,5
40347.57778,6
40347.61944,3
40347.66111,0
40347.66667,0
40347.70278,8
40347.74444,15
40347.78611,9
40347.79167,9
40347.82778,9
40347.86944,6
40347.91111,8
40347.91667,8
40347.95278,7
40347.99444,8
40347.99931,8
40348.03611,3
40348.04167,3
40348.07778,3
40348.10278,6
40348.11944,8
40348.16111,8
40348.16667,8
40348.20278,9
40348.24444,9
40348.28611,11
40348.29167,11
40348.32778,11
40348.36944,8
40348.41111,11
40348.41667,11
40348.45278,13
40348.49444,11
40348.53611,11
40348.54167,11
40348.57778,13
40348.61944,13
40348.66111,13
40348.66667,13
40348.70278,10
40348.74444,10
40348.78611,9
40348.79167,9
40348.82778,8
40348.86944,8
40348.91111,10
40348.91667,10
40348.95278,11
40348.99444,9
40348.99931,9
40349.03611,6
40349.04167,6
40349.07778,7
40349.11944,8
40349.16111,6
40349.16667,6
40349.20278,0
40349.24444,5
40349.28611,5
40349.29167,5
40349.32778,3
40349.36944,11
40349.41111,9
40349.41667,9
40349.45278,7
40349.49444,9
40349.53611,14
40349.54167,14
40349.57778,14
40349.61944,18
40349.66111,13
40349.66667,13
40349.70278,15
40349.74444,13
40349.78611,9
40349.79167,9
40349.82778,5
40349.86944,5
40349.91111,9
40349.91667,9
40349.95278,8
40349.99444,6
40349.99931,6
40350.03611,7
40350.04167,7
40350.07778,10
40350.11944,9
40350.16111,9
40350.16667,9
40350.20278,11
40350.24444,13
40350.28611,9
40350.29167,9
40350.32778,9
40350.36944,8
40350.41111,10
40350.41667,10
40350.45278,8
40350.49444,5
40350.53611,8
40350.54167,8
40350.57778,10
40350.61944,6
40350.66111,9
40350.66667,9
40350.70278,8
40350.74444,7
40350.78611,9
40350.79167,9
40350.82778,7
40350.86944,3
40350.91111,0
40350.91667,0
40350.95278,0
40350.99444,6
40350.99931,6
40351.03611,3
40351.04167,3
40351.07778,0
40351.11944,3
40351.16111,6
40351.16667,6
40351.20278,0
40351.24444,0
40351.28611,0
40351.29167,0
40351.29861,0
40351.32778,3
40351.36944,8
40351.41111,10
40351.41667,10
40351.45278,7
40351.49444,7
40351.53611,13
40351.54167,13
40351.57778,15
40351.61944,11
40351.66111,8
40351.66667,8
40351.70278,10
40351.74444,14
40351.78611,10
40351.79167,10
40351.79306,39
40351.79653,13
40351.80069,0
40351.80347,3
40351.80833,7
40351.82569,11
40351.82778,9
40351.86944,3
40351.91111,0
40351.91667,0
40351.95278,7
40351.99444,5
40351.99931,5
40352.03611,6
40352.04167,6
40352.07778,3
40352.11944,5
40352.16111,6
40352.16667,6
40352.20278,3
40352.24444,3
40352.28611,6
40352.29167,6
40352.32778,11
40352.36944,11
40352.41111,9
40352.41667,9
40352.45278,9
40352.49444,9
40352.53611,13
40352.54167,13
40352.57778,13
40352.61944,13
40352.66111,8
40352.66667,8
40352.70278,7
40352.74444,5
40352.78611,7
40352.79167,7
40352.82778,7
40352.86944,7
40352.91111,7
40352.91667,7
40352.95278,6
40352.99444,10
40352.99931,10
40353.03611,10
40353.04167,10
40353.07778,5
40353.11944,0
40353.16111,3
40353.16667,3
40353.20278,6
40353.24444,7
40353.28611,9
40353.29167,9
40353.32778,10
40353.36944,8
40353.41111,13
40353.41667,13
40353.44028,10
40353.45278,15
40353.49444,11
40353.53611,16
40353.54167,16
40353.57778,16
40353.61944,17
40353.66111,9
40353.66667,9
40353.67153,23
40353.67778,30
40353.70278,13
40353.74444,14
40353.78611,11
40353.79167,11
40353.82778,9
40353.86944,10
40353.91111,8
40353.91667,8
40353.95278,9
40353.99444,8
40353.99931,8
40354.03611,11
40354.04167,11
40354.07778,10
40354.11944,10
40354.16111,7
40354.16667,7
40354.20278,10
40354.24444,10
40354.28611,13
40354.29167,13
40354.32778,10
40354.36944,3
40354.41111,7
40354.41667,7
40354.45278,3
40354.49444,0
40354.53611,6
40354.54167,6
40354.57778,3
40354.61944,6
40354.63264,14
40354.66111,13
40354.66667,13
40354.70278,13
40354.74444,7
40354.78611,9
40354.79167,9
40354.82778,5
40354.86944,5
40354.91111,0
40354.91667,0
40354.95278,3
40354.99444,0
40354.99931,0
40355.03611,0
40355.04167,0
40355.07778,3
40355.11944,0
40355.16111,6
40355.16667,6
40355.20278,0
40355.24444,0
40355.28611,3
40355.29167,3
40355.32778,5
40355.36944,6
40355.41111,8
40355.41667,8
40355.45278,11
40355.49444,8
40355.53611,6
40355.54167,6
40355.57778,9
40355.61944,8
40355.66111,9
40355.66667,9
40355.70278,9
40355.74444,8
40355.78611,7
40355.79167,7
40355.82778,5
40355.86944,3
40355.91111,5
40355.91667,5
40355.95278,0
40355.99444,3
40355.99931,3
40356.03611,0
40356.04167,0
40356.07778,5
40356.11944,0
40356.16111,0
40356.16667,0
40356.20278,0
40356.24444,5
40356.28611,7
40356.29167,7
40356.32778,9
40356.36944,8
40356.41111,10
40356.41667,10
40356.45278,15
40356.49444,15
40356.53611,6
40356.54167,6
40356.57778,14
40356.61944,14
40356.66111,11
40356.66667,11
40356.70278,16
40356.74444,13
40356.78611,10
40356.79167,10
40356.82778,6
40356.86944,6
40356.91111,7
40356.91667,7
40356.95278,6
40356.99444,11
40356.99931,11
40357.03611,7
40357.04167,7
40357.07778,10
40357.11944,10
40357.16111,8
40357.16667,8
40357.20278,9
40357.24444,8
40357.28611,10
40357.29167,10
40357.32778,10
40357.36944,14
40357.41111,11
40357.41667,11
40357.45278,10
40357.49444,11
40357.53611,16
40357.54167,16
40357.55486,20
40357.56319,13
40357.57778,16
40357.58194,24
40357.58472,30
40357.58819,20
40357.59097,14
40357.59583,11
40357.60417,9
40357.60694,11
40357.61042,6
40357.61389,6
40357.61944,7
40357.66111,5
40357.66667,5
40357.70278,5
40357.74444,0
40357.78611,8
40357.79167,8
40357.82778,6
40357.86944,7
40357.91111,6
40357.91667,6
40357.95278,7
40357.99444,7
40357.99931,7
40358.03611,10
40358.04167,10
40358.07778,7
40358.11944,6
40358.16111,6
40358.16667,6
40358.20278,6
40358.24444,9
40358.28611,7
40358.29167,7
40358.32778,6
40358.36944,7
40358.41111,8
40358.41667,8
40358.45278,7
40358.49444,10
40358.53611,13
40358.54167,13
40358.57778,16
40358.61944,10
40358.66111,9
40358.66667,9
40358.70278,10
40358.74444,14
40358.78611,14
40358.79167,14
40358.82778,10
40358.86944,10
40358.91111,14
40358.91667,14
40358.95278,11
40358.99444,15
40358.99931,15
40359.03611,16
40359.04167,16
40359.07778,16
40359.11944,17
40359.16111,14
40359.16667,14
40359.20278,13
40359.24444,16
40359.28611,16
40359.29167,16
40359.32778,13
40359.36944,11
40359.41111,9
40359.41667,9
40359.45278,7
40359.49444,6
40359.53611,5
40359.54167,5
40359.57778,11
40359.61944,7
40359.66111,0
40359.66667,0
40359.70278,5
40359.74444,6
40359.78611,15
40359.79167,15
40359.82778,8
40359.86944,5
40359.91111,5
40359.91667,5
40359.95278,6
40359.99444,6
40359.99931,6
40360.03611,8
40360.04167,8
40360.07778,15
40360.11944,13
40360.16111,14
40360.16667,14
40360.20278,13
40360.24444,11
40360.28611,13
40360.29167,13
40360.32778,16
40360.36944,17
40360.41111,9
40360.41667,9
40360.45278,7
40360.49444,9
40360.53611,13
40360.54167,13
40360.57778,11
40360.61944,13
40360.66111,11
40360.66667,11
40360.70278,10
40360.74444,13
40360.78611,9
40360.79167,9
40360.82778,14
40360.86944,10
40360.91111,10
40360.91667,10
40360.95278,8
40360.99444,8
40360.99931,8
40361.03611,7
40361.04167,7
40361.07778,7
40361.11944,6
40361.16111,7
40361.16667,7
40361.20278,7
40361.24444,6
40361.28611,7
40361.29167,7
40361.32778,15
40361.36944,11
40361.41111,9
40361.41667,9
40361.45278,8
40361.49444,0
40361.53611,14
40361.54167,14
40361.57778,7
40361.61944,0
40361.66111,0
40361.66667,0
40361.70278,6
40361.74444,3
40361.78611,7
40361.79167,7
40361.82778,8
40361.86944,5
40361.91111,5
40361.91667,5
40361.95278,5
40361.99444,5
40361.99931,5
40362.03611,5
40362.04167,5
40362.07778,0
40362.11944,5
40362.16111,5
40362.16667,5
40362.20278,3
40362.24444,6
40362.28611,7
40362.29167,7
40362.32778,5
40362.36944,5
40362.41111,7
40362.41667,7
40362.45278,6
40362.49444,9
40362.53611,7
40362.54167,7
40362.57778,9
40362.61944,8
40362.66111,7
40362.66667,7
40362.70278,9
40362.74444,9
40362.78611,10
40362.79167,10
40362.82778,7
40362.86944,6
40362.91111,9
40362.91667,9
40362.95278,8
40362.99444,6
40362.99931,6
40363.03611,5
40363.04167,5
40363.07778,3
40363.11944,8
40363.16111,5
40363.16667,5
40363.20278,3
40363.24444,3
40363.28611,6
40363.29167,6
40363.32778,5
40363.36944,5
40363.41111,7
40363.41667,7
40363.45278,6
40363.49444,7
40363.53611,10
40363.54167,10
40363.57778,8
40363.61944,11
40363.66111,9
40363.66667,9
40363.70278,11
40363.74444,11
40363.78611,8
40363.79167,8
40363.82778,6
40363.86944,7
40363.91111,5
40363.91667,5
40363.95278,6
40363.99444,5
40363.99931,5
40364.03611,6
40364.04167,6
40364.07778,3
40364.11944,3
40364.16111,5
40364.16667,5
40364.20278,0
40364.24444,0
40364.28611,0
40364.29167,0
40364.32778,0
40364.36944,8
40364.41111,8
40364.41667,8
40364.45278,5
40364.49444,6
40364.53611,10
40364.54167,10
40364.57778,10
40364.61944,6
40364.66111,9
40364.66667,9
40364.70278,6
40364.74444,7
40364.78611,3
40364.79167,3
40364.82778,5
40364.86944,3
40364.91111,6
40364.91667,6
40364.95278,5
40364.99444,0
40364.99931,0
40365.03611,3
40365.04167,3
40365.07778,0
40365.11944,0
40365.16111,0
40365.16667,0
40365.20278,0
40365.24444,0
40365.28611,3
40365.29167,3
40365.32778,0
40365.36944,8
40365.41111,7
40365.41667,7
40365.45278,9
40365.49444,7
40365.53611,7
40365.54167,7
40365.57778,9
40365.61944,9
40365.66111,7
40365.66667,7
40365.70278,0
40365.74444,10
40365.78611,7
40365.79167,7
40365.82778,5
40365.86944,3
40365.91111,6
40365.91667,6
40365.95278,5
40365.99444,0
40365.99931,0
40366.03611,3
40366.04167,3
40366.07778,6
40366.11944,5
40366.16111,7
40366.16667,7
40366.20278,6
40366.24444,5
40366.28611,6
40366.29167,6
40366.32778,7
40366.36944,5
40366.41111,6
40366.41667,6
40366.45278,11
40366.49444,10
40366.53611,6
40366.54167,6
40366.57778,0
40366.61944,3
40366.66111,7
40366.66667,7
40366.70278,11
40366.74444,6
40366.78611,8
40366.79167,8
40366.82778,0
40366.86944,3
40366.91111,0
40366.91667,0
40366.95278,3
40366.99444,3
40366.99931,3
40367.03611,0
40367.04167,0
40367.07778,5
40367.11944,5
40367.16111,7
40367.16667,7
40367.20278,7
40367.24444,3
40367.28611,6
40367.29167,6
40367.32778,3
40367.36944,0
40367.41111,9
40367.41667,9
40367.45278,5
40367.49444,7
40367.53611,5
40367.54167,5
40367.57778,5
40367.61944,11
40367.66111,14
40367.66667,14
40367.70278,13
40367.74444,14
40367.78611,9
40367.79167,9
40367.82778,7
40367.86944,6
40367.91111,11
40367.91667,11
40367.95278,10
40367.99444,10
40367.99931,10
40368.01528,7
40368.03611,5
40368.04167,5
40368.0625,7
40368.07778,5
40368.11944,3
40368.14444,0
40368.15417,0
40368.16111,0
40368.16667,0
40368.20278,5
40368.24444,7
40368.28611,7
40368.29167,7
40368.30139,0
40368.32569,7
40368.32778,7
40368.34444,7
40368.36944,6
40368.39375,3
40368.41111,3
40368.41667,3
40368.45278,3
40368.49444,5
40368.53611,5
40368.54167,5
40368.57778,3
40368.61944,8
40368.66111,11
40368.66667,11
40368.70278,10
40368.74444,9
40368.78611,8
40368.79167,8
40368.82778,10
40368.86944,7
40368.91111,8
40368.91667,8
40368.93264,9
40368.95139,3
40368.95278,3
40368.99444,0
40368.99931,0
40369.03611,8
40369.04167,8
40369.07778,6
40369.11944,8
40369.14861,8
40369.16111,3
40369.16667,3
40369.17361,6
40369.175,6
40369.17986,6
40369.18472,5
40369.19167,0
40369.19722,0
40369.20278,0
40369.20972,6
40369.2125,6
40369.22431,7
40369.23333,7
40369.24444,6
40369.28611,11
40369.29167,11
40369.30833,9
40369.31528,9
40369.32778,7
40369.33056,6
40369.33611,8
40369.33819,7
40369.34514,7
40369.34653,8
40369.34792,8
40369.35694,8
40369.35972,9
40369.36319,8
40369.36806,9
40369.36944,8
40369.37361,7
40369.37778,8
40369.38611,7
40369.38889,9
40369.40625,11
40369.40903,10
40369.40972,10
40369.41111,9
40369.41528,8
40369.41667,7
40369.41806,9
40369.42014,11
40369.42222,11
40369.425,8
40369.42639,10
40369.43403,9
40369.43681,15
40369.44375,13
40369.45139,9
40369.45278,15
40369.45417,14
40369.46458,11
40369.49236,15
40369.49444,17
40369.51389,11
40369.52153,11
40369.53194,13
40369.53611,16
40369.53889,14
40369.57778,15
40369.59792,17
40369.61944,16
40369.62778,17
40369.64931,15
40369.66111,13
40369.66667,13
40369.70278,13
40369.74444,16
40369.78611,14
40369.79167,14
40369.82778,10
40369.86944,7
40369.89306,7
40369.91111,8
40369.91667,8
40369.95278,7
40369.99444,6
40369.99931,6
40370.03611,7
40370.04167,7
40370.07778,0
40370.11944,6
40370.16111,0
40370.16667,0
40370.20278,6
40370.24444,8
40370.28611,5
40370.29167,5
40370.32778,7
40370.36944,6
40370.41111,9
40370.41667,9
40370.45278,11
40370.49444,8
40370.53611,6
40370.54167,6
40370.57778,9
40370.61944,0
40370.66111,5
40370.66667,5
40370.70278,10
40370.74444,6
40370.78611,7
40370.79167,7
40370.82778,0
40370.86944,5
40370.91111,0
40370.91667,0
40370.95278,0
40370.99444,5
40370.99931,5
40371.03611,6
40371.04167,6
40371.07778,3
40371.11944,7
40371.16111,0
40371.16667,0
40371.20278,3
40371.24444,5
40371.28611,5
40371.29167,5
40371.32778,7
40371.36944,9
40371.41111,7
40371.41667,7
40371.45278,9
40371.49444,11
40371.53611,13
40371.54167,13
40371.56111,15
40371.57778,16
40371.58194,14
40371.59306,7
40371.61944,3
40371.64583,16
40371.64931,13
40371.65139,8
40371.65694,7
40371.66111,6
40371.66667,6
40371.66944,11
40371.68056,17
40371.70278,9
40371.74444,6
40371.78611,0
40371.79167,0
40371.82778,0
40371.86944,5
40371.88264,18
40371.88472,11
40371.88819,8
40371.89028,7
40371.89444,5
40371.9,5
40371.90278,7
40371.91111,7
40371.91667,7
40371.95278,6
40371.99444,9
40371.99931,9
40372.02014,5
40372.03472,11
40372.03611,10
40372.04167,10
40372.05208,5
40372.07778,7
40372.1125,0
40372.11944,5
40372.13819,3
40372.14722,3
40372.16111,0
40372.16667,0
40372.18056,3
40372.20278,3
40372.24444,0
40372.26042,0
40372.28611,0
40372.29167,0
40372.29375,0
40372.32431,5
40372.32778,6
40372.34792,7
40372.36806,7
40372.36944,8
40372.39028,7
40372.41111,6
40372.41667,6
40372.45278,3
40372.49444,5
40372.51667,5
40372.53611,3
40372.54167,3
40372.57292,7
40372.57778,7
40372.58542,9
40372.59167,9
40372.59722,9
40372.61944,9
40372.66111,9
40372.66667,9
40372.70278,6
40372.74444,5
40372.78333,0
40372.78611,31
40372.78819,29
40372.79028,13
40372.79167,31
40372.79375,3
40372.79653,3
40372.8,0
40372.81528,7
40372.81875,6
40372.82292,3
40372.82778,3
40372.86944,3
40372.91111,0
40372.91667,0
40372.94861,3
40372.95278,5
40372.96736,14
40372.96944,10
40372.97153,11
40372.98472,8
40372.99028,7
40372.99236,6
40372.99444,5
40372.99931,5
40373.00417,10
40373.00764,9
40373.01736,3
40373.02708,0
40373.03611,0
40373.03889,3
40373.04167,0
40373.07778,9
40373.08403,8
40373.11944,5
40373.14306,6
40373.14792,7
40373.15972,3
40373.16111,3
40373.16667,3
40373.20139,6
40373.20278,6
40373.24444,7
40373.25972,11
40373.28611,8
40373.29167,8
40373.29792,10
40373.30417,11
40373.31667,9
40373.32639,9
40373.32778,9
40373.33264,11
40373.34306,11
40373.35139,14
40373.36944,16
40373.375,14
40373.4,14
40373.41111,13
40373.41667,13
40373.42778,16
40373.45278,17
40373.46597,16
40373.49444,17
40373.53611,16
40373.54167,16
40373.57778,16
40373.61944,9
40373.66111,11
40373.66667,11
40373.70278,9
40373.74444,5
40373.78611,6
40373.79167,6
40373.82778,5
40373.86944,3
40373.91111,3
40373.91667,3
40373.95278,0
40373.99444,0
40373.99931,0
40374.03611,5
40374.04167,5
40374.07778,3
40374.11944,0
40374.16111,3
40374.16667,3
40374.20278,5
40374.24444,3
40374.28611,10
40374.29167,10
40374.32778,6
40374.36944,3
40374.41111,0
40374.41667,0
40374.45278,5
40374.49444,9
40374.53611,5
40374.54167,5
40374.57778,8
40374.61944,10
40374.66111,8
40374.66667,8
40374.70278,7
40374.74444,8
40374.78611,6
40374.79167,6
40374.82778,8
40374.86944,6
40374.91111,6
40374.91667,6
40374.95278,10
40374.99444,10
40374.99931,10
40375.03611,10
40375.04167,10
40375.07778,9
40375.11944,6
40375.16111,3
40375.16667,3
40375.20278,7
40375.24444,7
40375.28611,8
40375.29167,8
40375.32778,8
40375.36944,9
40375.41111,9
40375.41667,9
40375.45278,8
40375.49444,5
40375.53611,11
40375.54167,11
40375.57778,14
40375.61944,11
40375.66111,14
40375.66667,14
40375.70278,15
40375.74444,7
40375.78611,5
40375.79167,5
40375.80764,7
40375.82778,5
40375.86944,7
40375.88889,6
40375.90139,6
40375.91111,7
40375.91667,7
40375.94583,6
40375.95,6
40375.95278,5
40375.95764,8
40375.96042,14
40375.9625,25
40375.96944,22
40375.97847,15
40375.98542,9
40375.99444,7
40375.99931,7
40376.01111,6
40376.03611,5
40376.04167,5
40376.07778,0
40376.11944,0
40376.16111,3
40376.16667,3
40376.20278,3
40376.24444,5
40376.28611,5
40376.29167,5
40376.32778,6
40376.36944,8
40376.41111,8
40376.41667,8
40376.45278,7
40376.49444,10
40376.53611,3
40376.54167,3
40376.57778,6
40376.61944,9
40376.66111,10
40376.66667,10
40376.70278,8
40376.74444,7
40376.78611,8
40376.79167,8
40376.82778,9
40376.86944,13
40376.91111,10
40376.91667,10
40376.95278,10
40376.99444,7
40376.99931,7
40377.03611,10
40377.04167,10
40377.07778,5
40377.11944,6
40377.16111,7
40377.16667,7
40377.20278,7
40377.24444,5
40377.28611,8
40377.29167,8
40377.32778,6
40377.36944,9
40377.41111,10
40377.41667,10
40377.45278,8
40377.49444,9
40377.53611,11
40377.54167,11
40377.57778,9
40377.61944,13
40377.66111,14
40377.66667,14
40377.70278,11
40377.74444,9
40377.78611,7
40377.79167,7
40377.82778,7
40377.86944,6
40377.91111,11
40377.91667,13
40377.95278,6
40377.975,5
40377.99444,0
40377.99931,0
40378.03611,8
40378.04167,8
40378.07778,7
40378.11944,11
40378.16111,11
40378.16667,11
40378.20278,8
40378.24444,7
40378.28611,7
40378.29167,7
40378.32778,9
40378.36944,6
40378.41111,11
40378.41667,11
40378.45278,16
40378.49444,11
40378.53611,11
40378.54167,11
40378.57778,11
40378.61944,16
40378.66111,13
40378.66667,13
40378.70278,15
40378.74444,10
40378.78611,0
40378.79167,0
40378.82778,0
40378.86944,3
40378.91111,7
40378.91667,7
40378.95278,6
40378.99444,5
40378.99931,5
40379.03611,8
40379.04167,8
40379.07778,5
40379.11944,0
40379.16111,0
40379.16667,0
40379.20278,7
40379.24444,5
40379.28611,3
40379.29167,3
40379.32778,3
40379.36944,8
40379.41111,8
40379.41667,8
40379.42361,7
40379.45278,10
40379.49444,14
40379.53611,8
40379.54167,8
40379.57778,14
40379.61944,14
40379.66111,7
40379.66667,7
40379.70278,9
40379.74444,10
40379.78611,10
40379.79167,10
40379.82778,11
40379.86944,6
40379.91111,6
40379.91667,6
40379.95278,10
40379.99444,5
40379.99931,5
40380.03611,7
40380.04167,7
40380.07778,3
40380.11944,5
40380.16111,7
40380.16667,7
40380.20278,6
40380.24444,3
40380.28611,3
40380.29167,3
40380.32778,0
40380.36944,8
40380.41111,3
40380.41667,3
40380.45278,8
40380.46806,6
40380.48056,0
40380.49444,10
40380.53611,10
40380.54167,10
40380.57778,9
40380.61944,9
40380.66111,11
40380.66667,11
40380.70278,13
40380.74444,11
40380.78611,9
40380.79167,9
40380.82778,8
40380.86944,8
40380.91111,7
40380.91667,7
40380.95278,8
40380.99444,7
40380.99931,7
40381.03611,7
40381.04167,7
40381.07778,10
40381.11944,10
40381.16111,7
40381.16667,7
40381.20278,5
40381.24444,5
40381.28611,8
40381.29167,8
40381.32778,11
40381.36944,8
40381.41111,13
40381.41667,13
40381.45278,14
40381.49444,13
40381.53611,10
40381.54167,10
40381.57778,14
40381.61944,9
40381.66111,6
40381.66667,6
40381.70278,0
40381.74444,0
40381.78611,7
40381.79167,7
40381.82778,8
40381.86944,3
40381.91111,3
40381.91667,3
40381.95278,5
40381.99444,3
40381.99931,3
40382.03611,0
40382.04167,0
40382.07778,0
40382.11944,5
40382.16111,0
40382.16667,0
40382.20278,0
40382.24444,0
40382.28611,0
40382.29167,0
40382.32778,5
40382.36944,5
40382.41111,8
40382.41667,8
40382.45278,10
40382.49444,8
40382.53611,8
40382.54167,8
40382.57778,7
40382.61944,6
40382.66111,8
40382.66667,8
40382.70278,15
40382.74444,14
40382.78611,10
40382.79167,10
40382.82778,8
40382.86944,9
40382.91111,11
40382.91667,11
40382.95278,10
40382.99444,8
40382.99931,8
40383.03611,3
40383.04167,3
40383.07778,3
40383.11944,5
40383.16111,8
40383.16667,8
40383.20278,7
40383.24444,6
40383.28611,8
40383.29167,8
40383.32778,13
40383.36944,7
40383.41111,10
40383.41667,10
40383.45278,7
40383.49444,11
40383.53611,14
40383.54167,14
40383.57778,11
40383.61944,14
40383.66111,8
40383.66667,8
40383.70278,11
40383.74444,15
40383.78611,13
40383.79167,13
40383.82778,7
40383.86944,6
40383.91111,7
40383.91667,7
40383.95278,9
40383.99444,10
40383.99931,10
40384.03611,9
40384.04167,9
40384.07778,8
40384.11944,8
40384.16111,5
40384.16667,5
40384.20278,7
40384.24444,3
40384.28611,3
40384.29167,3
40384.32778,7
40384.36944,5
40384.41111,7
40384.41667,7
40384.45278,10
40384.49444,7
40384.53611,13
40384.54167,13
40384.57778,10
40384.61111,38
40384.6125,43
40384.61597,33
40384.61806,29
40384.61944,25
40384.62153,22
40384.62361,22
40384.62569,22
40384.62986,11
40384.63403,5
40384.63681,5
40384.64097,6
40384.64306,6
40384.64722,6
40384.66111,3
40384.66667,3
40384.70278,5
40384.74444,10
40384.78611,13
40384.79167,13
40384.82778,9
40384.86944,7
40384.91111,7
40384.91667,7
40384.95278,9
40384.99444,13
40384.99931,13
40385.03611,9
40385.04167,9
40385.07778,9
40385.11806,14
40385.11944,13
40385.16111,10
40385.16667,10
40385.20278,10
40385.24444,14
40385.25347,13
40385.28611,11
40385.29167,11
40385.3125,11
40385.32778,11
40385.36944,8
40385.41111,10
40385.41667,10
40385.45278,8
40385.49444,8
40385.53611,5
40385.54167,5
40385.57778,5
40385.61944,7
40385.66111,14
40385.66667,14
40385.70278,9
40385.74444,9
40385.78611,7
40385.79167,7
40385.82778,9
40385.86944,7
40385.91111,5
40385.91667,5
40385.95278,3
40385.99444,5
40385.99931,5
40386.03611,3
40386.04167,3
40386.07778,0
40386.11944,5
40386.16111,0
40386.16667,0
40386.20278,0
40386.24444,0
40386.28611,0
40386.29167,0
40386.32778,8
40386.36944,6
40386.41111,8
40386.41667,8
40386.45278,10
40386.49444,10
40386.53611,10
40386.54167,10
40386.57778,13
40386.61944,9
40386.66111,9
40386.66667,9
40386.70278,13
40386.74444,13
40386.78611,8
40386.82778,9
40386.86944,7
40386.91111,5
40386.91667,5
40386.95278,6
40386.99444,8
40386.99931,8
40387.03611,9
40387.04167,9
40387.05764,7
40387.07778,7
40387.11667,9
40387.11944,9
40387.16111,8
40387.16667,8
40387.19236,7
40387.20278,9
40387.23958,7
40387.24444,7
40387.24792,6
40387.28611,8
40387.29167,8
40387.32778,8
40387.35972,8
40387.36944,7
40387.41111,5
40387.41667,5
40387.45278,8
40387.49444,9
40387.53611,8
40387.54167,8
40387.57778,7
40387.61944,10
40387.66111,11
40387.66667,11
40387.70278,10
40387.74444,11
40387.78611,7
40387.79167,7
40387.82778,8
40387.86944,7
40387.91111,10
40387.91667,10
40387.95278,8
40387.99444,8
40387.99931,8
40388.03611,6
40388.04167,6
40388.07778,7
40388.11944,7
40388.16111,6
40388.16667,6
40388.20278,5
40388.24444,7
40388.28611,7
40388.29167,7
40388.31319,5
40388.32778,5
40388.36944,0
40388.41111,9
40388.41667,9
40388.45278,7
40388.49444,13
40388.52778,9
40388.53611,14
40388.54167,14
40388.54236,15
40388.55208,23
40388.55556,18
40388.56875,14
40388.57778,10
40388.58611,14
40388.59583,9
40388.60347,3
40388.61944,5
40388.63958,0
40388.66111,5
40388.66667,5
40388.70278,0
40388.74444,3
40388.76458,7
40388.78611,3
40388.79167,3
40388.80139,6
40388.80417,7
40388.81806,6
40388.82778,6
40388.84931,0
40388.86944,6
40388.90347,6
40388.91111,8
40388.91667,8
40388.95278,11
40388.99444,13
40388.99931,13
40389.03611,11
40389.04167,11
40389.07778,13
40389.11944,10
40389.16111,11
40389.16667,11
40389.20278,10
40389.24444,13
40389.28611,9
40389.29167,9
40389.32778,13
40389.36944,9
40389.41111,7
40389.41667,7
40389.45278,7
40389.49444,8
40389.53611,13
40389.54167,13
40389.57778,9
40389.61944,7
40389.66111,7
40389.66667,7
40389.70278,3
40389.74444,0
40389.78611,6
40389.79167,6
40389.82778,8
40389.86944,6
40389.91111,5
40389.91667,5
40389.95278,3
40389.99444,3
40389.99931,3
40390.03611,3
40390.04167,3
40390.07778,0
40390.11944,5
40390.16111,3
40390.16667,3
40390.20278,3
40390.24444,0
40390.28611,3
40390.29167,3
40390.32778,3
40390.36944,6
40390.41111,7
40390.41667,7
40390.45278,9
40390.49444,14
40390.53611,11
40390.54167,11
40390.57778,9
40390.61944,8
40390.66111,10
40390.66667,10
40390.70278,11
40390.74444,11
40390.78611,8
40390.79167,8
40390.81597,9
40390.82778,7
40390.86944,11
40390.91111,15
40390.91667,15
40390.95278,15
40390.99444,14
40390.99931,14
40391.03611,10
40391.04167,10
40391.05278,9
40391.07778,7
40391.08889,7
40391.11944,3
40391.16111,6
40391.16667,6
40391.20278,6
40391.24444,3
40391.28611,3
40391.29167,3
40391.32778,0
40391.36944,3
40391.41111,0
40391.41667,0
40391.45278,6
40391.49444,6
40391.53611,15
40391.54167,15
40391.57778,13
40391.61944,6
40391.66111,3
40391.66667,3
40391.70278,7
40391.74444,7
40391.78611,6
40391.79167,6
40391.82778,8
40391.86944,8
40391.91111,7
40391.91667,7
40391.95278,9
40391.99444,10
40391.99931,10
40392.03611,7
40392.04167,7
40392.07778,3
40392.11944,5
40392.16111,3
40392.16667,3
40392.19861,3
40392.20278,3
40392.22222,5
40392.23611,6
40392.24444,5
40392.26528,8
40392.27431,5
40392.28611,8
40392.29167,8
40392.32778,5
40392.36944,6
40392.41111,0
40392.41667,0
40392.45278,0
40392.49444,5
40392.53611,6
40392.54167,6
40392.57778,11
40392.61944,7
40392.66111,11
40392.66667,11
40392.70278,10
40392.74444,6
40392.78611,7
40392.79167,7
40392.82778,11
40392.86944,9
40392.91111,8
40392.91667,8
40392.95278,13
40392.99444,11
40392.99931,11
40393.02569,10
40393.03611,10
40393.04167,10
40393.07778,9
40393.08264,8
40393.11944,10
40393.12569,11
40393.16111,11
40393.16667,11
40393.19653,9
40393.20278,9
40393.24444,8
40393.27986,8
40393.28611,9
40393.29167,9
40393.30556,9
40393.32778,10
40393.36944,9
40393.41111,8
40393.41667,8
40393.44861,9
40393.45278,10
40393.49444,10
40393.53611,13
40393.54167,13
40393.57778,10
40393.61944,9
40393.66111,9
40393.66667,9
40393.70278,9
40393.74444,8
40393.78611,10
40393.79167,10
40393.82778,10
40393.86944,7
40393.91111,7
40393.91667,7
40393.95278,10
40393.99444,11
40393.99931,11
40394.03611,9
40394.04167,9
40394.07778,10
40394.11944,9
40394.12639,5
40394.13125,5
40394.13958,7
40394.15972,8
40394.16111,7
40394.16667,7
40394.20278,8
40394.24444,9
40394.27014,7
40394.28611,8
40394.29167,8
40394.32431,10
40394.32778,8
40394.36944,8
40394.39306,10
40394.41111,13
40394.41667,13
40394.45278,10
40394.49444,9
40394.53611,8
40394.54167,8
40394.57778,10
40394.61944,5
40394.66111,13
40394.66667,13
40394.70278,11
40394.74444,14
40394.78611,10
40394.79167,10
40394.82778,14
40394.86944,5
40394.91111,10
40394.91667,10
40394.95278,9
40394.99444,8
40394.99931,8
40395.03611,8
40395.04167,8
40395.07778,8
40395.11944,5
40395.16111,6
40395.16667,6
40395.20278,3
40395.24444,6
40395.26319,8
40395.28611,8
40395.29167,8
40395.32778,7
40395.36944,6
40395.41111,9
40395.41667,9
40395.45278,11
40395.49444,7
40395.53611,9
40395.54167,9
40395.57778,13
40395.58194,7
40395.60764,8
40395.61042,17
40395.6125,30
40395.61389,29
40395.61806,37
40395.61944,21
40395.62431,15
40395.63056,7
40395.64583,9
40395.65486,0
40395.66111,3
40395.66667,3
40395.67986,14
40395.69375,3
40395.70278,7
40395.73056,8
40395.74306,11
40395.74444,14
40395.74931,10
40395.76389,3
40395.78611,0
40395.79167,0
40395.82778,8
40395.8625,11
40395.86736,11
40395.86944,11
40395.89722,7
40395.91111,9
40395.91667,9
40395.95278,9
40395.99444,7
40395.99931,7
40396.03611,3
40396.04167,3
40396.07778,6
40396.11944,3
40396.16111,5
40396.16667,5
40396.20278,3
40396.24444,6
40396.28611,0
40396.29167,0
40396.32778,5
40396.36944,6
40396.41111,9
40396.41667,9
40396.45278,10
40396.49444,17
40396.53611,14
40396.54167,14
40396.57778,15
40396.61944,13
40396.66111,13
40396.66667,13
40396.70278,8
40396.74444,10
40396.78611,11
40396.79167,11
40396.82778,8
40396.86944,8
40396.91111,7
40396.91667,7
40396.95278,6
40396.99444,5
40396.99931,5
40397.03611,0
40397.04167,0
40397.07778,8
40397.11944,9
40397.16111,9
40397.16667,9
40397.20278,7
40397.24444,6
40397.28611,8
40397.29167,8
40397.32778,7
40397.36944,8
40397.41111,5
40397.41667,5
40397.45278,5
40397.49444,3
40397.53611,5
40397.54167,5
40397.57778,3
40397.61944,3
40397.66111,7
40397.66667,7
40397.70278,7
40397.74444,9
40397.78611,7
40397.79167,7
40397.82778,6
40397.86944,3
40397.91111,7
40397.91667,7
40397.95278,5
40397.99444,6
40397.99931,6
40398.03611,5
40398.04167,5
40398.07778,3
40398.11944,3
40398.16111,0
40398.16667,0
40398.20278,3
40398.24444,5
40398.28611,0
40398.29167,0
40398.32778,6
40398.36944,8
40398.41111,8
40398.41667,8
40398.45278,9
40398.49444,9
40398.53611,8
40398.54167,8
40398.57778,10
40398.61944,9
40398.66111,8
40398.66667,8
40398.70278,10
40398.74444,7
40398.78611,6
40398.79167,6
40398.82778,8
40398.86944,7
40398.91111,9
40398.91667,9
40398.95278,9
40398.99444,10
40398.99931,10
40399.03611,8
40399.04167,8
40399.07778,10
40399.11944,9
40399.16111,6
40399.16667,6
40399.20278,6
40399.24444,5
40399.28611,6
40399.29167,6
40399.32778,7
40399.36944,6
40399.41111,7
40399.41667,7
40399.45278,9
40399.49444,13
40399.53611,11
40399.54167,11
40399.57778,13
40399.61944,10
40399.66111,9
40399.66667,9
40399.70278,13
40399.74444,13
40399.78611,10
40399.79167,10
40399.82778,10
40399.86944,10
40399.91111,9
40399.91667,9
40399.95278,13
40399.99444,9
40399.99931,9
40400.03611,8
40400.04167,8
40400.07778,9
40400.11944,6
40400.16111,8
40400.16667,8
40400.20278,7
40400.24444,3
40400.28611,3
40400.29167,3
40400.32778,5
40400.36944,0
40400.41111,9
40400.41667,9
40400.45278,10
40400.49444,8
40400.53611,10
40400.54167,10
40400.57778,7
40400.61944,7
40400.66111,5
40400.66667,5
40400.70278,5
40400.74444,3
40400.78611,7
40400.79167,7
40400.82778,7
40400.86944,6
40400.91111,5
40400.91667,5
40400.95278,3
40400.99444,5
40400.99931,5
40401.03611,0
40401.04167,0
40401.07778,7
40401.11944,6
40401.16111,7
40401.16667,7
40401.20278,9
40401.24444,0
40401.28611,6
40401.29167,6
40401.32778,11
40401.36944,7
40401.41111,0
40401.41667,0
40401.45278,10
40401.49444,10
40401.53611,8
40401.54167,8
40401.57778,11
40401.61944,6
40401.66111,3
40401.66667,3
40401.70278,0
40401.74444,11
40401.78611,6
40401.79167,6
40401.82778,3
40401.86944,0
40401.91111,6
40401.91667,6
40401.95278,5
40401.99444,5
40401.99931,5
40402.03611,3
40402.04167,3
40402.07778,7
40402.11944,5
40402.16111,6
40402.16667,6
40402.20278,3
40402.21806,3
40402.24444,6
40402.25556,7
40402.26042,6
40402.26806,8
40402.27431,23
40402.27639,32
40402.27917,23
40402.28194,29
40402.28472,20
40402.28611,15
40402.28819,24
40402.29792,13
40402.30556,3
40402.31319,0
40402.32778,8
40402.35,10
40402.36944,9
40402.37986,7
40402.38681,5
40402.41111,6
40402.41667,6
40402.45278,3
40402.49444,0
40402.53611,0
40402.54167,0
40402.57778,6
40402.59097,8
40402.61944,0
40402.63125,7
40402.64097,9
40402.66111,9
40402.66667,9
40402.70278,9
40402.71597,15
40402.72569,13
40402.73472,3
40402.73889,0
40402.74444,10
40402.75139,9
40402.75903,8
40402.76458,3
40402.77708,11
40402.78611,11
40402.79167,11
40402.79653,7
40402.80764,8
40402.82778,7
40402.86944,3
40402.91111,6
40402.91667,6
40402.95278,5
40402.99444,7
40402.99931,7
40403.01458,10
40403.02431,11
40403.03611,11
40403.04167,11
40403.07778,6
40403.11944,10
40403.13125,7
40403.15347,7
40403.15972,9
40403.16111,9
40403.16667,9
40403.17292,7
40403.20278,6
40403.22917,11
40403.24444,13
40403.25347,13
40403.28611,13
40403.29167,13
40403.30347,11
40403.32778,11
40403.34444,9
40403.35417,8
40403.36944,8
40403.41111,10
40403.41667,10
40403.45278,14
40403.47153,10
40403.49444,13
40403.53611,9
40403.54167,9
40403.57778,13
40403.61944,15
40403.66111,14
40403.66667,14
40403.70278,16
40403.74444,15
40403.78611,10
40403.79167,10
40403.82778,8
40403.86944,7
40403.8875,7
40403.91111,7
40403.91667,7
40403.95278,6
40403.99444,0
40403.99931,0
40404.03611,5
40404.04167,5
40404.07778,7
40404.11944,0
40404.16111,3
40404.16667,3
40404.20278,0
40404.24444,3
40404.28611,7
40404.29167,7
40404.32778,5
40404.36944,9
40404.41111,8
40404.41667,8
40404.45278,8
40404.49444,0
40404.53611,0
40404.54167,0
40404.57778,0
40404.61944,0
40404.66111,9
40404.66667,9
40404.70278,10
40404.74444,9
40404.78611,6
40404.79167,6
40404.82778,6
40404.86944,9
40404.91111,9
40404.91667,9
40404.95278,10
40404.99444,8
40404.99931,8
40405.03611,9
40405.04167,9
40405.07778,7
40405.11944,7
40405.16111,7
40405.16667,7
40405.20278,5
40405.21042,6
40405.24444,7
40405.28611,10
40405.29167,10
40405.32778,9
40405.36944,10
40405.39306,8
40405.40139,11
40405.41111,13
40405.41667,13
40405.41736,9
40405.44931,10
40405.45139,10
40405.45278,13
40405.45972,10
40405.46667,11
40405.47917,15
40405.49444,11
40405.53611,14
40405.54167,14
40405.57778,15
40405.61944,13
40405.64444,14
40405.66111,13
40405.66667,13
40405.70278,13
40405.71875,14
40405.72917,10
40405.74097,14
40405.74444,14
40405.78611,13
40405.79167,13
40405.80694,13
40405.82778,9
40405.83194,10
40405.86944,7
40405.91111,11
40405.91667,11
40405.95278,9
40405.99444,5
40405.99931,5
40406.03611,6
40406.04167,6
40406.07778,3
40406.11944,6
40406.16111,9
40406.16667,9
40406.20278,7
40406.24444,7
40406.28611,6
40406.29167,6
40406.32778,9
40406.36944,8
40406.41111,7
40406.41667,7
40406.45278,8
40406.49444,9
40406.53611,11
40406.54167,11
40406.57778,13
40406.61944,11
40406.66111,8
40406.66667,8
40406.70278,11
40406.74444,8
40406.78611,13
40406.79167,13
40406.82778,10
40406.86944,8
40406.91111,8
40406.91667,8
40406.95278,8
40406.99444,7
40406.99931,7
40407.03611,6
40407.04167,6
40407.07778,5
40407.11944,3
40407.16111,0
40407.16667,0
40407.20278,0
40407.24444,6
40407.28611,7
40407.29167,7
40407.32778,8
40407.36944,8
40407.41111,5
40407.41667,5
40407.45278,0
40407.49444,5
40407.53611,5
40407.54167,5
40407.57778,0
40407.61944,3
40407.66111,3
40407.66667,3
40407.70278,5
40407.74444,7
40407.78611,7
40407.79167,7
40407.82778,6
40407.86944,3
40407.91111,0
40407.91667,0
40407.95278,6
40407.99444,5
40407.99931,5
40408.03611,7
40408.04167,7
40408.05764,6
40408.07778,5
40408.11944,10
40408.16111,9
40408.16667,9
40408.20278,10
40408.21597,7
40408.22361,8
40408.23889,10
40408.24306,15
40408.24444,15
40408.24722,14
40408.25347,13
40408.26875,13
40408.27222,13
40408.27639,10
40408.28611,8
40408.29167,8
40408.3,10
40408.32778,7
40408.33889,10
40408.36458,9
40408.36944,13
40408.39028,8
40408.39722,7
40408.41111,9
40408.41528,9
40408.41667,9
40408.42986,9
40408.45278,8
40408.49444,9
40408.53611,9
40408.54167,9
40408.57778,9
40408.61944,9
40408.62569,11
40408.63611,10
40408.64653,8
40408.66111,7
40408.66667,7
40408.67639,7
40408.69097,7
40408.70278,7
40408.74444,6
40408.78611,3
40408.79167,3
40408.82014,5
40408.82778,6
40408.85833,6
40408.86944,6
40408.91111,6
40408.91667,6
40408.92292,5
40408.95278,5
40408.99444,5
40408.99931,5
40409.03611,5
40409.04167,5
40409.07778,6
40409.11944,6
40409.1375,3
40409.16111,3
40409.16667,3
40409.19375,5
40409.20278,0
40409.24444,7
40409.28611,6
40409.29167,6
40409.32778,5
40409.36944,8
40409.41111,6
40409.41667,6
40409.45278,3
40409.49444,0
40409.53611,3
40409.54167,3
40409.57778,3
40409.61944,0
40409.66111,0
40409.66667,0
40409.70278,5
40409.74444,0
40409.78611,3
40409.79167,3
40409.82778,6
40409.85208,5
40409.86944,3
40409.91111,7
40409.91667,7
40409.95278,5
40409.99444,7
40409.99931,7
40410.03611,5
40410.04167,5
40410.07778,3
40410.11944,3
40410.16111,0
40410.16667,0
40410.20278,0
40410.24444,6
40410.28611,7
40410.29167,7
40410.32778,7
40410.36944,6
40410.41111,3
40410.41667,3
40410.45278,6
40410.49444,8
40410.53611,0
40410.54167,0
40410.57778,6
40410.61944,8
40410.66111,8
40410.66667,8
40410.70278,6
40410.74444,7
40410.78611,6
40410.79167,6
40410.82778,5
40410.86944,3
40410.91111,3
40410.91667,3
40410.95278,0
40410.99444,5
40410.99931,5
40411.03611,0
40411.04167,0
40411.07778,5
40411.11944,0
40411.16111,6
40411.16667,6
40411.20278,0
40411.24444,5
40411.28611,5
40411.29167,5
40411.32778,0
40411.36944,6
40411.41111,7
40411.41667,7
40411.45278,11
40411.49444,13
40411.53611,10
40411.54167,10
40411.57778,11
40411.61944,11
40411.66111,9
40411.66667,9
40411.70278,10
40411.74444,9
40411.78611,8
40411.79167,8
40411.82778,10
40411.86944,13
40411.91111,10
40411.91667,10
40411.95278,11
40411.99444,10
40411.99931,10
40412.03611,9
40412.04167,9
40412.07778,10
40412.11944,10
40412.16111,13
40412.16667,13
40412.20278,13
40412.24444,13
40412.28611,10
40412.29167,10
40412.30347,9
40412.31319,11
40412.32778,14
40412.36944,10
40412.41111,11
40412.41667,11
40412.42083,13
40412.45278,14
40412.49444,9
40412.53611,11
40412.54167,11
40412.55417,13
40412.57778,17
40412.58472,9
40412.59028,3
40412.61944,6
40412.66111,5
40412.66667,5
40412.70278,10
40412.74444,15
40412.78611,14
40412.79167,14
40412.82778,7
40412.86944,9
40412.91111,5
40412.91667,5
40412.95278,0
40412.99444,6
40412.99931,6
40413.03611,6
40413.04167,6
40413.07778,7
40413.11944,6
40413.16111,6
40413.16667,6
40413.20278,6
40413.24444,7
40413.28611,9
40413.29167,9
40413.32778,9
40413.36944,7
40413.41111,0
40413.41667,0
40413.45278,9
40413.49444,7
40413.53611,10
40413.54167,10
40413.57778,13
40413.61944,7
40413.66111,7
40413.66667,7
40413.70278,9
40413.74444,8
40413.78611,10
40413.79167,10
40413.82778,10
40413.86944,3
40413.91111,14
40413.91458,14
40413.91667,14
40413.92292,13
40413.95278,13
40413.95972,10
40413.99167,16
40413.99444,14
40413.99931,14
40414.03125,14
40414.03611,16
40414.04167,16
40414.07778,15
40414.11944,16
40414.16111,13
40414.16667,13
40414.20278,15
40414.24444,9
40414.28611,11
40414.29167,11
40414.32778,13
40414.36944,16
40414.38194,13
40414.41111,10
40414.41667,10
40414.43194,9
40414.45278,10
40414.49097,9
40414.49444,6
40414.53611,5
40414.54167,5
40414.57778,7
40414.61944,11
40414.66111,9
40414.66667,9
40414.70278,10
40414.74444,11
40414.78611,9
40414.79167,9
40414.82569,9
40414.82778,10
40414.84722,11
40414.86944,8
40414.87986,9
40414.88611,6
40414.89375,8
40414.90625,8
40414.90764,8
40414.90972,9
40414.91111,10
40414.91667,10
40414.92083,7
40414.95278,3
40414.97917,7
40414.99444,6
40414.99931,6
40415.03611,6
40415.04167,6
40415.07778,7
40415.11944,7
40415.16111,7
40415.16667,7
40415.20278,7
40415.24444,3
40415.28611,5
40415.29167,5
40415.32778,7
40415.36944,8
40415.41111,5
40415.41667,5
40415.45278,13
40415.49444,8
40415.53611,13
40415.54167,13
40415.57778,9
40415.61944,9
40415.66111,5
40415.66667,5
40415.70278,5
40415.74444,0
40415.78611,5
40415.79167,5
40415.82778,7
40415.86944,5
40415.91111,9
40415.91667,9
40415.95278,8
40415.99444,6
40415.99931,6
40416.03611,6
40416.04167,6
40416.07778,0
40416.11944,0
40416.16111,5
40416.16667,5
40416.20278,3
40416.24444,5
40416.28611,3
40416.29167,3
40416.32778,0
40416.36944,11
40416.41111,11
40416.41667,11
40416.45278,9
40416.49444,9
40416.53611,8
40416.54167,8
40416.57778,9
40416.61944,11
40416.66111,11
40416.66667,11
40416.70278,8
40416.74444,7
40416.78611,10
40416.79167,10
40416.82778,6
40416.86944,6
40416.91111,5
40416.91667,5
40416.95278,8
40416.99444,6
40416.99931,6
40417.03611,8
40417.04167,8
40417.07778,6
40417.11944,5
40417.16111,8
40417.16667,8
40417.20278,7
40417.24444,8
40417.28611,8
40417.29167,7
40417.32778,7
40417.36944,7
40417.41111,5
40417.41667,7
40417.45278,0
40417.49444,5
40417.52986,5
40417.53611,5
40417.54167,3
40417.54653,3
40417.55069,3
40417.56458,3
40417.56875,0
40417.57778,3
40417.61944,0
40417.66111,6
40417.66667,6
40417.67778,0
40417.70278,0
40417.74444,3
40417.78611,5
40417.79167,5
40417.82778,8
40417.86944,7
40417.88056,7
40417.91111,8
40417.91667,8
40417.95278,3
40417.99444,0
40417.99931,0
40418.03611,0
40418.04167,0
40418.07778,0
40418.11944,6
40418.16111,3
40418.16667,3
40418.20278,3
40418.21389,3
40418.24444,0
40418.28611,0
40418.29167,0
40418.32778,3
40418.33056,3
40418.36944,3
40418.41111,3
40418.41667,3
40418.45278,3
40418.49444,0
40418.53611,3
40418.54167,3
40418.57778,0
40418.61944,3
40418.66111,7
40418.66667,7
40418.70278,5
40418.74444,8
40418.78611,6
40418.79167,6
40418.82778,7
40418.86944,7
40418.91111,0
40418.91667,0
40418.95278,0
40418.99444,0
40418.99931,0
40419.03611,0
40419.04167,0
40419.07778,3
40419.11944,0
40419.16111,3
40419.16667,3
40419.20278,0
40419.24444,0
40419.28611,0
40419.29167,0
40419.32778,3
40419.36944,0
40419.41111,5
40419.41667,5
40419.45278,3
40419.49444,9
40419.53611,3
40419.57778,3
40419.61944,7
40419.66111,9
40419.66667,9
40419.70278,10
40419.74444,8
40419.78611,7
40419.79167,7
40419.82778,6
40419.86944,5
40419.91111,5
40419.91667,5
40419.95278,0
40419.99444,3
40419.99931,3
40420.03611,0
40420.04167,0
40420.07778,0
40420.11944,5
40420.16111,0
40420.16667,0
40420.20278,0
40420.24444,0
40420.28611,0
40420.29167,0
40420.32778,0
40420.36944,8
40420.41111,8
40420.41667,8
40420.45278,9
40420.49444,10
40420.53611,6
40420.54167,6
40420.57778,3
40420.61944,0
40420.66111,9
40420.66667,9
40420.70278,9
40420.74444,8
40420.78611,8
40420.79167,8
40420.82778,6
40420.86944,7
40420.91111,6
40420.91667,6
40420.95278,3
40420.99444,0
40420.99931,0
40421.03611,0
40421.04167,0
40421.07778,0
40421.11944,5
40421.16111,3
40421.16667,3
40421.20278,0
40421.24444,6
40421.28611,0
40421.29167,0
40421.32778,6
40421.36944,5
40421.41111,3
40421.41667,3
40421.45278,3
40421.49444,3
40421.53611,5
40421.54167,5
40421.57778,3
40421.61944,3
40421.66111,5
40421.66667,5
40421.70278,6
40421.74444,6
40421.78611,7
40421.79167,7
40421.82778,7
40421.86944,7
40421.91111,6
40421.91667,6
40421.95278,3
40421.99444,6
40421.99931,6
40422.03611,5
40422.04167,5
40422.07778,6
40422.11944,5
40422.16111,3
40422.16667,3
40422.20278,0
40422.24444,3
40422.28611,3
40422.29167,3
40422.32778,3
40422.36944,6
40422.41111,7
40422.41667,7
40422.45278,8
40422.49444,11
40422.53611,11
40422.54167,11
40422.57778,11
40422.61944,9
40422.66111,9
40422.66667,9
40422.70278,9
40422.74444,7
40422.78611,7
40422.79167,7
40422.82778,8
40422.86944,14
40422.91111,13
40422.91667,13
40422.95278,10
40422.99444,10
40422.99931,10
40423.03611,10
40423.04167,10
40423.07778,9
40423.11944,5
40423.16111,3
40423.16667,3
40423.20278,6
40423.24444,7
40423.28611,3
40423.29167,3
40423.32778,7
40423.36944,7
40423.41111,10
40423.41667,10
40423.45278,9
40423.49444,9
40423.53611,11
40423.54167,11
40423.57778,9
40423.61944,9
40423.66111,10
40423.66667,10
40423.70278,9
40423.74444,9
40423.78611,9
40423.79167,9
40423.82778,9
40423.86944,9
40423.91111,3
40423.91667,3
40423.95278,0
40423.99444,0
40423.99931,0
40424.03611,0
40424.04167,0
40424.07778,3
40424.11944,3
40424.16111,7
40424.16667,7
40424.20278,6
40424.24444,6
40424.28611,7
40424.29167,7
40424.32778,10
40424.36944,8
40424.41111,7
40424.41667,7
40424.45278,8
40424.49444,10
40424.53611,8
40424.54167,8
40424.57778,8
40424.61944,5
40424.66111,3
40424.66667,3
40424.70278,8
40424.74444,9
40424.78611,8
40424.79167,8
40424.82778,8
40424.86944,7
40424.91111,10
40424.91667,10
40424.95278,13
40424.99444,20
40424.99931,20
40425.03611,8
40425.04167,8
40425.07778,9
40425.11944,6
40425.16111,8
40425.16667,8
40425.20278,13
40425.24444,8
40425.28611,11
40425.29167,11
40425.32778,15
40425.36944,17
40425.41111,15
40425.41667,15
40425.45278,9
40425.49444,13
40425.53611,16
40425.54167,16
40425.57778,13
40425.61944,13
40425.66111,15
40425.66667,15
40425.70278,16
40425.74444,11
40425.78611,6
40425.79167,6
40425.82778,5
40425.86944,5
40425.91111,11
40425.91667,11
40425.95278,11
40425.99444,9
40425.99931,9
40426.03611,8
40426.04167,8
40426.07778,6
40426.11944,5
40426.16111,6
40426.16667,6
40426.20278,3
40426.24444,7
40426.28611,8
40426.29167,8
40426.32778,7
40426.36944,7
40426.41111,8
40426.41667,8
40426.45278,7
40426.49444,6
40426.53611,11
40426.54167,11
40426.57778,11
40426.61944,3
40426.66111,10
40426.66667,10
40426.70278,10
40426.74444,10
40426.78611,8
40426.79167,8
40426.82778,5
40426.86944,0
40426.91111,8
40426.91667,8
40426.95278,7
40426.99444,0
40426.99931,0
40427.03611,5
40427.04167,5
40427.07778,7
40427.11944,6
40427.16111,6
40427.16667,6
40427.20278,8
40427.24444,6
40427.28611,6
40427.29167,6
40427.32778,5
40427.36944,3
40427.41111,0
40427.41667,0
40427.45278,7
40427.49444,9
40427.53611,10
40427.54167,10
40427.57778,11
40427.61944,9
40427.66111,9
40427.66667,9
40427.70278,10
40427.74444,8
40427.78611,8
40427.79167,8
40427.82778,11
40427.86944,14
40427.91111,10
40427.91667,10
40427.95278,13
40427.99444,7
40427.99931,7
40428.03611,9
40428.04167,9
40428.07778,10
40428.11944,7
40428.16111,10
40428.16667,10
40428.20278,8
40428.24444,8
40428.28611,6
40428.29167,6
40428.32778,9
40428.36944,9
40428.41111,10
40428.41667,10
40428.45278,13
40428.49444,10
40428.53611,13
40428.54167,13
40428.57778,10
40428.61944,11
40428.66111,17
40428.66667,17
40428.70278,14
40428.74444,14
40428.78611,13
40428.79167,13
40428.82778,14
40428.86944,14
40428.91111,15
40428.91667,15
40428.95278,11
40428.99444,9
40428.99931,9
40429.03611,10
40429.04167,10
40429.07778,10
40429.11944,11
40429.16111,10
40429.16667,10
40429.20278,10
40429.24444,9
40429.28611,9
40429.29167,9
40429.32778,11
40429.36944,11
40429.41111,10
40429.41667,10
40429.43056,18
40429.45278,14
40429.49444,17
40429.53611,20
40429.54167,19
40429.57778,18
40429.61944,17
40429.66111,14
40429.66667,14
40429.70278,16
40429.74444,14
40429.78611,9
40429.79167,9
40429.82778,14
40429.86944,16
40429.91111,17
40429.91667,17
40429.95278,11
40429.99444,11
40429.99931,11
40430.03611,11
40430.04167,11
40430.07778,9
40430.11944,11
40430.16111,8
40430.16667,8
40430.20278,8
40430.24444,8
40430.28611,13
40430.29167,13
40430.32778,14
40430.36944,18
40430.41111,15
40430.41667,15
40430.45278,16
40430.49444,10
40430.53611,11
40430.54167,11
40430.57778,16
40430.61944,14
40430.66111,15
40430.66667,15
40430.70278,16
40430.74444,16
40430.78611,15
40430.79167,15
40430.82778,13
40430.86944,10
40430.91111,13
40430.91667,13
40430.95278,11
40430.99444,11
40430.99931,11
40431.03611,15
40431.04167,15
40431.07778,9
40431.11944,9
40431.16111,10
40431.16667,10
40431.20278,7
40431.24444,13
40431.28611,13
40431.29167,13
40431.32778,15
40431.36944,14
40431.41111,9
40431.41667,9
40431.45278,13
40431.49444,11
40431.53611,13
40431.54167,13
40431.57778,13
40431.61944,8
40431.66111,9
40431.66667,9
40431.70278,9
40431.74444,14
40431.78611,8
40431.79167,8
40431.82778,13
40431.86944,9
40431.91111,8
40431.91667,8
40431.95278,8
40431.99444,6
40431.99931,6
40432.03611,5
40432.04167,5
40432.07778,7
40432.11944,5
40432.16111,5
40432.16667,5
40432.20278,6
40432.24444,6
40432.28611,6
40432.29167,6
40432.32778,5
40432.36944,0
40432.41111,0
40432.41667,0
40432.45278,0
40432.49444,3
40432.53611,5
40432.54167,5
40432.57778,3
40432.61944,3
40432.66111,7
40432.66667,7
40432.70278,11
40432.74444,13
40432.78611,8
40432.79167,8
40432.82778,5
40432.85972,8
40432.86944,10
40432.91111,8
40432.91667,8
40432.95278,10
40432.99444,8
40432.99931,8
40433.03611,9
40433.04167,9
40433.07778,10
40433.11944,7
40433.125,9
40433.15486,9
40433.16111,7
40433.16597,9
40433.16667,7
40433.17778,9
40433.20139,6
40433.20278,6
40433.20625,5
40433.21528,8
40433.21944,8
40433.22292,6
40433.22847,5
40433.23333,5
40433.24444,5
40433.25,3
40433.25764,5
40433.28611,3
40433.29167,3
40433.29236,5
40433.30278,5
40433.30972,5
40433.31806,6
40433.32778,5
40433.34583,5
40433.35764,3
40433.36944,5
40433.37639,5
40433.38681,0
40433.39375,5
40433.39931,5
40433.40556,3
40433.41111,3
40433.41667,3
40433.42847,3
40433.45278,0
40433.46389,0
40433.47847,0
40433.49444,0
40433.525,0
40433.53611,5
40433.54167,5
40433.57778,6
40433.58056,7
40433.61944,7
40433.62847,9
40433.65486,9
40433.66111,9
40433.66458,8
40433.66597,9
40433.66667,9
40433.68264,10
40433.68472,8
40433.70278,10
40433.72639,9
40433.73125,9
40433.73681,10
40433.73958,11
40433.74097,11
40433.74444,10
40433.74653,9
40433.75694,10
40433.76597,8
40433.775,7
40433.78611,8
40433.79167,8
40433.79306,8
40433.82778,7
40433.83194,7
40433.86944,5
40433.91111,5
40433.91667,5
40433.93542,3
40433.94167,5
40433.94722,6
40433.95069,6
40433.95278,5
40433.95833,5
40433.97222,5
40433.98056,7
40433.99444,7
40433.99931,7
40434.00139,7
40434.03611,6
40434.04167,6
40434.07778,7
40434.11806,10
40434.11944,8
40434.14028,5
40434.16111,3
40434.16667,3
40434.20278,0
40434.24444,0
40434.25903,3
40434.28194,0
40434.28611,0
40434.29167,0
40434.29861,0
40434.32778,0
40434.34722,5
40434.36944,5
40434.38889,5
40434.41111,3
40434.41667,3
40434.45278,8
40434.49444,13
40434.53611,11
40434.54167,11
40434.57778,15
40434.61944,14
40434.66111,13
40434.66667,13
40434.70278,11
40434.74444,9
40434.78611,0
40434.79167,0
40434.82778,7
40434.86944,0
40434.91111,3
40434.91667,3
40434.95278,5
40434.99444,5
40434.99931,5
40435.03611,5
40435.04167,5
40435.07778,3
40435.11944,0
40435.16111,6
40435.16667,6
40435.20278,5
40435.24444,7
40435.28611,0
40435.29167,0
40435.32778,6
40435.36944,10
40435.41111,13
40435.41667,13
40435.45278,9
40435.49444,14
40435.53611,13
40435.54167,13
40435.57778,10
40435.61944,15
40435.66111,9
40435.66667,9
40435.70278,7
40435.74444,5
40435.78611,0
40435.79167,0
40435.82778,0
40435.86944,7
40435.91111,0
40435.91667,0
40435.95278,0
40435.99444,3
40435.99931,3
40436.03611,0
40436.04167,0
40436.07778,3
40436.11944,0
40436.16111,3
40436.16667,3
40436.20278,0
40436.24444,5
40436.28611,0
40436.29167,0
40436.32778,0
40436.36944,5
40436.41111,3
40436.41667,3
40436.45278,3
40436.49444,6
40436.53611,3
40436.54167,3
40436.57778,0
40436.61944,0
40436.63819,5
40436.66111,6
40436.66667,6
40436.70278,9
40436.74444,8
40436.78611,5
40436.79167,5
40436.82778,3
40436.86944,3
40436.91111,5
40436.91667,5
40436.95278,0
40436.99444,0
40436.99931,0
40437.03611,0
40437.04167,0
40437.07778,3
40437.11944,6
40437.16111,0
40437.16667,0
40437.20278,0
40437.24444,6
40437.28611,7
40437.29167,7
40437.32778,7
40437.36944,7
40437.41111,9
40437.41667,9
40437.45278,13
40437.49444,8
40437.53611,11
40437.54167,11
40437.57778,20
40437.59306,23
40437.61944,13
40437.63403,11
40437.66111,13
40437.66667,13
40437.70278,15
40437.73056,6
40437.74444,6
40437.78611,0
40437.79167,0
40437.82778,7
40437.86944,6
40437.91111,5
40437.91667,5
40437.95278,0
40437.96667,5
40437.99444,3
40437.99931,3
40438.00347,9
40438.00694,20
40438.01528,11
40438.03611,5
40438.04167,5
40438.07778,3
40438.11944,15
40438.16111,8
40438.16667,8
40438.20278,9
40438.24444,5
40438.28611,5
40438.29167,5
40438.32778,11
40438.36944,14
40438.41111,14
40438.41667,14
40438.45278,11
40438.49444,8
40438.53611,11
40438.54167,11
40438.57778,14
40438.61944,10
40438.66111,16
40438.66667,16
40438.70278,15
40438.74444,9
40438.78611,11
40438.79167,11
40438.82778,8
40438.86944,13
40438.91111,14
40438.91667,14
40438.95278,14
40438.99444,10
40438.99931,10
40439.03611,10
40439.04167,10
40439.07778,8
40439.11944,8
40439.16111,10
40439.16667,10
40439.20278,10
40439.24444,9
40439.28611,7
40439.29167,7
40439.32778,8
40439.36944,5
40439.41111,0
40439.41667,0
40439.45278,3
40439.49444,5
40439.53611,3
40439.54167,3
40439.57778,6
40439.61944,6
40439.66111,11
40439.66667,11
40439.70278,3
40439.74444,0
40439.78611,9
40439.79167,9
40439.82778,5
40439.86944,0
40439.91111,0
40439.91667,0
40439.95278,0
40439.99444,0
40439.99931,0
40440.03611,3
40440.04167,3
40440.07778,0
40440.11944,5
40440.16111,5
40440.16667,5
40440.20278,0
40440.24444,0
40440.28611,0
40440.29167,0
40440.32778,3
40440.36944,0
40440.41111,5
40440.41667,5
40440.45278,6
40440.49444,8
40440.53611,8
40440.54167,8
40440.57778,6
40440.61944,5
40440.66111,0
40440.66667,0
40440.70278,6
40440.74444,5
40440.78611,8
40440.79167,8
40440.82778,5
40440.86944,7
40440.91111,6
40440.91667,6
40440.95278,0
40440.99444,0
40440.99931,0
40441.03611,3
40441.04167,3
40441.07778,5
40441.11944,7
40441.16111,10
40441.16667,10
40441.20278,13
40441.24444,13
40441.28611,16
40441.29167,16
40441.32778,14
40441.36944,15
40441.41111,15
40441.41667,15
40441.45278,11
40441.49444,11
40441.53611,15
40441.54167,15
40441.57778,10
40441.61944,16
40441.66111,9
40441.66667,9
40441.70278,14
40441.74444,9
40441.78611,9
40441.79167,9
40441.82778,9
40441.86944,11
40441.91111,6
40441.91667,6
40441.95278,8
40441.99444,0
40441.99931,0
40442.03611,6
40442.04167,6
40442.07778,5
40442.11944,7
40442.16111,6
40442.16667,6
40442.20278,7
40442.24444,0
40442.28611,5
40442.29167,5
40442.32778,5
40442.36944,0
40442.41111,0
40442.41667,0
40442.45278,9
40442.49444,11
40442.53611,7
40442.54167,7
40442.57778,9
40442.61944,8
40442.66111,9
40442.66667,9
40442.70278,10
40442.74444,7
40442.78611,8
40442.79167,8
40442.82778,7
40442.86944,8
40442.91111,8
40442.91667,8
40442.95278,9
40442.99444,10
40442.99931,10
40443.03611,10
40443.04167,10
40443.07778,10
40443.11944,10
40443.16111,10
40443.16667,10
40443.20278,9
40443.24444,7
40443.28611,7
40443.29167,7
40443.32778,15
40443.36944,11
40443.41111,13
40443.41667,13
40443.45278,11
40443.49444,13
40443.53611,10
40443.54167,10
40443.5625,10
40443.57778,9
40443.61944,7
40443.66111,9
40443.66667,9
40443.70278,7
40443.74444,9
40443.78611,6
40443.79167,6
40443.82778,7
40443.86944,5
40443.91111,6
40443.91667,6
40443.95278,5
40443.99444,6
40443.99931,6
40444.03611,5
40444.04167,5
40444.07778,3
40444.11944,3
40444.16111,3
40444.16667,3
40444.20278,6
40444.24444,0
40444.28611,0
40444.29167,0
40444.32778,0
40444.36944,6
40444.41111,0
40444.41667,0
40444.45278,5
40444.49444,5
40444.53611,8
40444.54167,8
40444.57778,6
40444.61944,9
40444.63194,8
40444.64306,9
40444.65208,9
40444.66111,9
40444.66667,9
40444.70278,0
40444.73194,9
40444.74444,10
40444.78611,3
40444.79167,3
40444.82778,3
40444.86944,5
40444.91111,3
40444.91667,3
40444.95278,5
40444.99444,5
40444.99931,5
40445.03611,3
40445.04167,3
40445.07778,3
40445.11944,0
40445.16111,0
40445.16667,0
40445.20278,6
40445.24444,6
40445.28611,7
40445.29167,7
40445.32778,9
40445.36944,7
40445.41111,8
40445.41667,8
40445.45278,9
40445.49444,8
40445.53611,13
40445.54167,13
40445.57778,17
40445.61944,16
40445.66111,18
40445.66667,18
40445.70278,15
40445.74444,17
40445.78611,13
40445.79167,13
40445.82778,10
40445.86944,10
40445.91111,7
40445.91667,7
40445.95278,13
40445.99444,14
40445.99931,14
40446.03611,13
40446.04167,13
40446.07778,10
40446.11944,10
40446.16111,9
40446.16667,9
40446.20278,9
40446.24444,10
40446.28611,9
40446.29167,9
40446.32778,6
40446.36944,5
40446.41111,5
40446.41667,5
40446.45278,5
40446.49444,5
40446.53611,5
40446.54167,5
40446.57778,6
40446.61944,7
40446.66111,8
40446.66667,8
40446.70278,11
40446.74444,8
40446.78611,13
40446.79167,13
40446.82778,5
40446.86944,14
40446.91111,14
40446.91667,14
40446.95278,11
40446.99444,13
40446.99931,13
40447.03611,15
40447.04167,15
40447.07778,13
40447.11944,14
40447.16111,14
40447.16667,14
40447.20278,13
40447.24444,8
40447.28611,10
40447.29167,10
40447.32778,10
40447.36944,10
40447.41111,14
40447.41667,14
40447.45278,11
40447.49444,11
40447.53611,9
40447.54167,9
40447.57778,7
40447.61944,11
40447.66111,11
40447.66667,11
40447.70278,11
40447.74444,11
40447.78611,11
40447.79167,11
40447.82778,11
40447.86944,10
40447.88194,9
40447.91111,13
40447.91667,13
40447.91806,11
40447.95278,9
40447.98472,9
40447.99444,8
40447.99931,8
40448.03472,11
40448.03611,10
40448.04167,10
40448.05764,10
40448.07778,9
40448.09097,8
40448.11944,7
40448.12569,7
40448.16111,8
40448.16667,8
40448.20278,7
40448.23264,8
40448.24167,7
40448.24444,7
40448.25347,7
40448.28611,5
40448.29167,5
40448.32778,5
40448.36944,7
40448.37917,7
40448.40139,9
40448.41111,10
40448.41667,10
40448.44306,8
40448.45278,15
40448.49444,15
40448.53611,17
40448.54167,17
40448.57778,15
40448.61667,20
40448.61944,18
40448.65139,14
40448.66111,20
40448.66667,19
40448.67431,22
40448.70278,13
40448.71667,13
40448.74444,14
40448.78472,16
40448.78611,15
40448.79167,15
40448.80694,17
40448.82778,15
40448.86944,7
40448.87083,7
40448.87431,5
40448.88819,8
40448.91111,13
40448.91667,13
40448.93472,10
40448.95278,9
40448.95764,11
40448.99444,9
40448.99931,9
40449.01111,8
40449.03611,8
40449.04167,8
40449.04722,8
40449.07778,9
40449.10972,7
40449.11944,6
40449.16111,8
40449.16667,8
40449.20278,10
40449.24306,15
40449.24444,14
40449.28611,20
40449.29167,19
40449.31458,20
40449.32778,14
40449.36944,15
40449.41111,16
40449.41667,16
40449.45278,15
40449.49444,18
40449.53611,20
40449.54167,19
40449.57778,14
40449.61944,16
40449.66111,14
40449.66667,14
40449.70278,11
40449.74444,8
40449.78611,8
40449.79167,8
40449.82778,7
40449.86944,11
40449.91111,11
40449.91667,11
40449.95278,8
40449.99444,8
40449.99931,8
40450.03611,7
40450.04167,7
40450.07778,9
40450.11944,7
40450.16111,8
40450.16667,8
40450.20278,8
40450.24444,10
40450.28611,8
40450.29167,8
40450.32778,8
40450.36944,3
40450.41111,5
40450.41667,5
40450.45278,7
40450.47292,7
40450.49444,0
40450.52639,3
40450.53611,0
40450.54167,0
40450.56806,7
40450.57778,3
40450.61944,3
40450.65625,5
40450.66111,5
40450.66597,6
40450.66667,5
40450.70278,5
40450.74444,7
40450.74931,6
40450.78611,6
40450.79167,7
40450.80972,5
40450.81736,6
40450.82778,6
40450.84167,7
40450.86944,7
40450.89861,7
40450.90347,7
40450.91111,7
40450.91667,7
40450.91736,7
40450.92222,7
40450.92917,6
40450.93542,8
40450.94514,9
40450.95139,8
40450.95278,8
40450.9625,5
40450.99444,7
40450.99931,7
40451.03611,9
40451.04167,9
40451.07778,9
40451.08542,10
40451.09653,9
40451.10139,10
40451.11944,8
40451.13542,10
40451.14514,10
40451.16111,8
40451.16458,10
40451.16667,8
40451.175,8
40451.18125,0
40451.18889,6
40451.20278,7
40451.23472,7
40451.24444,8
40451.26944,7
40451.28403,9
40451.28611,8
40451.29167,8
40451.30139,10
40451.32083,0
40451.325,7
40451.32778,8
40451.36389,11
40451.36944,9
40451.37222,8
40451.37847,8
40451.3875,11
40451.39097,11
40451.39653,9
40451.40139,14
40451.40417,13
40451.40556,11
40451.40764,13
40451.41111,21
40451.41389,25
40451.41806,21
40451.45139,18
40451.45278,15
40451.49444,16
40451.53611,28
40451.54167,28
40451.57639,28
40451.57778,24
40451.61944,17
40451.66111,21
40451.66667,21
40451.70278,14
40451.72778,13
40451.74444,9
40451.75208,8
40451.76944,6
40451.78472,10
40451.78611,8
40451.79167,8
40451.79444,15
40451.82361,5
40451.82778,5
40451.8375,9
40451.86667,11
40451.86806,11
40451.86944,11
40451.88333,6
40451.91111,9
40451.91667,9
40451.92153,10
40451.92986,13
40451.94861,14
40451.95278,16
40451.9625,17
40451.97569,14
40451.98472,16
40451.99444,18
40451.99931,18
40452.01042,17
40452.03611,17
40452.04167,17
40452.07778,14
40452.11944,16
40452.12847,20
40452.16111,16
40452.16667,16
40452.175,13
40452.18472,13
40452.20278,15
40452.24444,17
40452.28611,13
40452.29167,13
40452.32778,14
40452.36944,16
40452.41111,17
40452.41667,17
40452.45278,16
40452.49444,20
40452.53611,23
40452.54167,23
40452.54931,17
40452.57778,22
40452.61944,18
40452.66111,23
40452.66667,23
40452.70278,17
40452.74444,11
40452.78611,8
40452.79167,8
40452.82778,6
40452.86944,13
40452.91111,10
40452.91667,10
40452.95278,13
40452.99444,11
40452.99931,11
40453.03611,13
40453.04167,13
40453.07778,9
40453.11944,9
40453.16111,7
40453.16667,7
40453.20278,7
40453.24444,0
40453.28611,6
40453.29167,6
40453.32778,6
40453.36944,5
40453.41111,3
40453.41667,3
40453.45278,0
40453.49444,5
40453.53611,3
40453.54167,3
40453.57778,6
40453.61944,0
40453.66111,5
40453.66667,5
40453.70278,5
40453.74444,10
40453.78611,9
40453.79167,9
40453.82778,0
40453.86944,0
40453.91111,3
40453.91667,3
40453.95278,6
40453.99444,0
40453.99931,0
40454.03611,5
40454.04167,5
40454.07778,5
40454.11944,5
40454.16111,6
40454.16667,6
40454.20278,6
40454.24444,6
40454.28611,13
40454.29167,13
40454.32778,13
40454.36944,13
40454.41111,14
40454.41667,14
40454.45278,13
40454.49097,11
40454.49444,14
40454.53611,14
40454.54167,14
40454.56597,16
40454.57778,13
40454.61944,14
40454.66111,16
40454.66667,16
40454.70278,13
40454.74444,8
40454.78611,7
40454.79167,7
40454.82778,11
40454.86944,8
40454.90069,14
40454.91111,16
40454.91667,16
40454.93264,16
40454.95278,17
40454.99444,14
40454.99931,14
40455.03611,15
40455.04167,15
40455.07639,14
40455.07778,13
40455.0875,15
40455.11597,15
40455.11944,15
40455.12778,14
40455.16111,14
40455.16667,14
40455.20278,15
40455.20972,15
40455.24444,16
40455.28264,14
40455.28611,14
40455.29167,14
40455.30347,14
40455.32639,14
40455.32778,13
40455.35208,11
40455.36389,16
40455.36944,14
40455.39375,13
40455.40972,16
40455.41111,15
40455.41667,15
40455.4375,15
40455.45278,16
40455.49444,15
40455.53611,16
40455.54167,16
40455.57778,14
40455.61944,17
40455.64931,16
40455.65139,15
40455.65764,15
40455.66111,16
40455.66319,16
40455.67153,13
40455.68333,11
40455.70278,13
40455.7375,11
40455.74444,14
40455.78611,9
40455.79167,9
40455.81875,10
40455.82778,10
40455.86944,9
40455.91111,11
40455.91667,11
40455.95278,14
40455.99444,9
40455.99931,9
40456.03611,9
40456.04167,9
40456.07778,8
40456.11944,10
40456.16111,14
40456.16667,14
40456.20278,13
40456.24444,14
40456.28611,10
40456.29167,10
40456.32778,13
40456.36944,13
40456.41111,15
40456.41667,15
40456.45278,13
40456.49444,21
40456.53611,16
40456.54167,16
40456.57778,13
40456.61944,11
40456.66111,13
40456.66667,13
40456.70278,11
40456.74444,6
40456.78611,8
40456.79167,8
40456.82778,7
40456.86944,9
40456.91111,7
40456.91667,7
40456.95278,8
40456.99444,8
40456.99931,8
40457.03611,7
40457.04167,7
40457.07778,5
40457.11944,6
40457.16111,3
40457.16667,3
40457.20278,7
40457.24444,6
40457.27014,7
40457.28611,7
40457.29167,7
40457.32361,5
40457.32778,8
40457.35417,9
40457.36944,13
40457.41111,7
40457.41667,7
40457.45278,10
40457.49444,9
40457.52083,7
40457.53611,9
40457.54167,9
40457.57778,13
40457.61944,11
40457.66111,14
40457.66667,14
40457.70278,10
40457.74444,6
40457.78611,7
40457.79167,7
40457.82778,9
40457.86944,8
40457.91111,7
40457.91667,7
40457.94097,3
40457.95278,8
40457.99444,3
40457.99931,3
40458.03611,3
40458.04167,3
40458.07778,6
40458.11944,7
40458.16111,6
40458.16667,6
40458.20278,8
40458.24444,8
40458.28611,6
40458.29167,6
40458.32778,6
40458.36944,7
40458.41111,14
40458.41667,14
40458.45278,14
40458.49444,16
40458.53611,15
40458.54167,15
40458.57778,16
40458.61944,13
40458.66111,11
40458.66667,11
40458.70278,9
40458.74444,9
40458.78611,9
40458.79167,9
40458.82778,8
40458.86944,8
40458.91111,10
40458.91667,10
40458.95278,3
40458.99444,6
40458.99931,6
40459.03611,6
40459.04167,6
40459.07778,0
40459.11944,3
40459.16111,0
40459.16667,0
40459.20278,0
40459.24444,0
40459.28611,0
40459.29167,0
40459.32778,8
40459.36944,7
40459.41111,10
40459.41667,10
40459.45278,6
40459.49444,0
40459.53611,10
40459.54167,10
40459.57778,8
40459.61944,7
40459.66111,11
40459.66667,11
40459.70278,7
40459.74444,7
40459.78611,6
40459.79167,6
40459.82778,6
40459.86944,7
40459.91111,7
40459.91667,7
40459.95278,5
40459.99444,7
40459.99931,7
40460.03611,6
40460.04167,6
40460.07778,7
40460.11944,6
40460.16111,5
40460.16667,5
40460.20278,3
40460.24444,5
40460.28611,5
40460.29167,5
40460.32778,5
40460.36944,3
40460.41111,3
40460.41667,3
40460.43542,5
40460.45278,6
40460.49444,10
40460.53611,10
40460.54167,10
40460.57778,9
40460.61944,14
40460.66111,6
40460.66667,6
40460.70278,5
40460.74444,0
40460.78611,5
40460.79167,5
40460.82778,3
40460.86944,5
40460.91111,3
40460.91667,3
40460.95278,3
40460.99444,3
40460.99931,3
40461.03611,5
40461.04167,5
40461.07778,6
40461.11944,5
40461.16111,7
40461.16667,7
40461.20278,7
40461.24444,3
40461.28611,6
40461.29167,6
40461.32778,5
40461.36944,0
40461.41111,0
40461.41667,0
40461.45278,5
40461.49444,9
40461.53611,13
40461.54167,13
40461.57778,10
40461.61944,11
40461.66111,7
40461.66667,7
40461.70278,8
40461.74444,9
40461.78611,8
40461.79167,8
40461.82778,7
40461.86944,8
40461.91111,9
40461.91667,9
40461.95278,8
40461.99444,7
40461.99931,7
40462.03611,7
40462.04167,7
40462.07778,8
40462.11944,6
40462.16111,7
40462.16667,7
40462.20278,5
40462.24444,0
40462.28611,0
40462.29167,0
40462.32778,0
40462.36944,0
40462.41111,3
40462.41667,3
40462.45278,6
40462.49444,8
40462.53611,11
40462.54167,11
40462.57778,7
40462.61944,10
40462.66111,6
40462.66667,6
40462.70278,6
40462.74444,8
40462.78611,8
40462.79167,8
40462.82778,3
40462.86944,6
40462.91111,6
40462.91667,6
40462.95278,6
40462.99444,6
40462.99931,6
40463.03611,6
40463.04167,6
40463.07778,7
40463.11944,10
40463.16111,6
40463.16667,6
40463.20278,0
40463.24444,3
40463.28611,3
40463.29167,3
40463.32778,7
40463.36944,3
40463.41111,0
40463.41667,0
40463.45278,6
40463.49444,8
40463.53611,10
40463.54167,10
40463.54931,8
40463.57778,8
40463.61944,8
40463.66111,6
40463.66667,6
40463.70278,7
40463.74444,7
40463.78611,9
40463.79167,9
40463.82778,9
40463.86944,6
40463.91111,7
40463.91667,7
40463.95278,7
40463.99444,10
40463.99931,10
40464.03611,13
40464.04167,13
40464.07778,11
40464.11944,13
40464.16111,11
40464.16667,11
40464.20278,13
40464.24444,13
40464.28611,9
40464.29167,9
40464.32778,14
40464.36944,6
40464.41111,5
40464.41667,5
40464.45278,5
40464.49444,3
40464.53611,0
40464.54167,0
40464.57778,6
40464.61944,3
40464.66111,0
40464.66667,0
40464.70278,0
40464.74444,10
40464.78611,3
40464.79167,3
40464.82778,0
40464.86944,9
40464.91111,6
40464.91667,6
40464.95278,0
40464.99444,3
40464.99931,3
40465.03611,0
40465.04167,0
40465.07778,5
40465.11944,0
40465.13611,3
40465.16111,5
40465.16667,5
40465.16944,6
40465.20278,5
40465.21806,7
40465.22986,6
40465.23681,7
40465.24444,6
40465.27083,3
40465.28264,0
40465.28611,0
40465.29167,0
40465.31458,5
40465.31944,0
40465.32778,5
40465.33819,7
40465.34583,5
40465.36181,3
40465.36944,6
40465.38542,0
40465.41111,6
40465.41667,6
40465.42431,7
40465.42778,8
40465.44375,3
40465.44722,5
40465.45278,8
40465.45764,3
40465.46389,9
40465.47431,14
40465.48125,10
40465.48958,9
40465.49444,10
40465.50625,10
40465.53611,8
40465.54167,8
40465.56806,9
40465.57778,11
40465.59167,11
40465.61806,10
40465.61944,13
40465.64028,14
40465.66111,13
40465.66667,13
40465.70278,11
40465.74444,10
40465.78611,11
40465.79167,11
40465.82778,11
40465.86944,9
40465.91111,15
40465.91667,15
40465.95278,8
40465.99444,7
40465.99931,7
40466.03611,7
40466.04167,7
40466.07778,7
40466.11944,8
40466.16111,3
40466.16667,3
40466.20278,5
40466.24444,7
40466.28611,9
40466.29167,9
40466.32778,13
40466.36944,11
40466.41111,11
40466.41667,11
40466.45278,18
40466.49444,11
40466.53611,15
40466.54167,15
40466.57778,15
40466.61944,14
40466.66111,10
40466.66667,10
40466.70278,17
40466.74444,15
40466.78611,13
40466.79167,13
40466.82778,11
40466.86944,11
40466.91111,14
40466.91667,14
40466.95278,14
40466.99444,14
40466.99931,14
40467.03611,13
40467.04167,13
40467.07778,10
40467.11944,10
40467.16111,6
40467.16667,6
40467.20278,9
40467.24444,7
40467.28611,9
40467.29167,9
40467.32778,11
40467.36944,14
40467.41111,23
40467.41667,23
40467.45278,21
40467.49444,18
40467.53611,22
40467.54167,22
40467.57778,15
40467.61944,13
40467.66111,14
40467.66667,14
40467.70278,8
40467.74444,7
40467.78611,6
40467.79167,6
40467.82778,6
40467.86944,5
40467.91111,6
40467.91667,6
40467.95278,6
40467.99444,6
40467.99931,6
40468.03611,5
40468.04167,5
40468.07778,3
40468.11944,5
40468.16111,7
40468.16667,7
40468.20278,6
40468.24444,7
40468.28611,7
40468.29167,7
40468.32778,7
40468.36944,8
40468.41111,13
40468.41667,13
40468.45278,11
40468.49444,13
40468.53611,10
40468.54167,10
40468.57778,11
40468.61944,14
40468.66111,9
40468.66667,9
40468.70278,10
40468.74444,7
40468.78611,7
40468.79167,7
40468.82778,6
40468.86944,0
40468.91111,3
40468.91667,3
40468.95278,3
40468.99444,6
40468.99931,6
40469.03611,5
40469.04167,5
40469.07778,5
40469.11944,6
40469.16111,5
40469.16667,5
40469.20278,0
40469.24444,0
40469.28611,0
40469.29167,0
40469.32778,0
40469.36944,3
40469.41111,3
40469.41667,3
40469.45278,3
40469.49444,3
40469.53611,5
40469.54167,5
40469.56806,3
40469.57778,3
40469.61944,0
40469.66111,0
40469.66667,0
40469.70278,0
40469.74444,6
40469.78611,3
40469.79167,3
40469.82778,0
40469.86944,6
40469.91111,3
40469.91667,3
40469.95278,6
40469.99444,7
40469.99931,7
40470.03611,9
40470.04167,9
40470.07778,11
40470.11944,14
40470.16111,11
40470.16667,11
40470.20278,16
40470.24444,8
40470.28611,3
40470.29167,3
40470.32778,6
40470.34097,7
40470.36944,5
40470.38611,3
40470.40347,3
40470.41111,5
40470.41667,5
40470.45139,5
40470.45278,6
40470.48264,3
40470.49444,3
40470.50278,0
40470.53611,3
40470.54167,3
40470.55417,0
40470.57778,3
40470.58819,3
40470.61944,5
40470.62222,6
40470.66111,8
40470.66667,8
40470.70278,7
40470.74444,5
40470.78611,7
40470.79167,7
40470.82778,5
40470.86944,3
40470.91111,0
40470.91667,0
40470.95278,0
40470.99444,3
40470.99931,3
40471.03611,6
40471.04167,6
40471.07778,3
40471.11944,5
40471.16111,0
40471.16667,0
40471.20278,0
40471.24444,0
40471.28611,0
40471.29167,0
40471.32778,3
40471.36944,0
40471.39514,3
40471.40208,5
40471.40972,5
40471.41111,3
40471.41667,3
40471.45278,3
40471.47083,5
40471.49444,6
40471.51875,6
40471.53611,3
40471.54167,3
40471.56042,5
40471.56667,5
40471.57778,0
40471.60903,3
40471.61944,5
40471.65139,3
40471.66111,5
40471.66667,5
40471.70278,6
40471.74444,7
40471.75764,8
40471.78611,9
40471.79167,9
40471.8,7
40471.82639,6
40471.82778,7
40471.86944,8
40471.90972,7
40471.91111,8
40471.91667,8
40471.95278,9
40471.99444,6
40471.99931,6
40472.03611,5
40472.04167,5
40472.04861,6
40472.05486,5
40472.07292,7
40472.07778,7
40472.11944,11
40472.12431,10
40472.16111,13
40472.16667,13
40472.18958,10
40472.20278,8
40472.20972,8
40472.24444,11
40472.28194,7
40472.28611,5
40472.28958,7
40472.29167,5
40472.32292,11
40472.32778,13
40472.36944,10
40472.41111,9
40472.41667,9
40472.42153,11
40472.44583,8
40472.45278,10
40472.49444,11
40472.53611,16
40472.54167,16
40472.57778,20
40472.60278,22
40472.61944,16
40472.66111,15
40472.66667,15
40472.70278,14
40472.74444,13
40472.78611,6
40472.79167,6
40472.82778,5
40472.86944,5
40472.91111,6
40472.91667,6
40472.95278,5
40472.99444,9
40472.99931,9
40473.03611,8
40473.04167,8
40473.07778,7
40473.11944,13
40473.16111,14
40473.16667,14
40473.20278,11
40473.24444,13
40473.28611,8
40473.29167,8
40473.32778,13
40473.36944,13
40473.41111,14
40473.41667,14
40473.45278,11
40473.49444,17
40473.53611,15
40473.54167,15
40473.57778,16
40473.61944,9
40473.66111,15
40473.66667,15
40473.70278,9
40473.74444,3
40473.78611,0
40473.79167,0
40473.82778,5
40473.86944,3
40473.89097,5
40473.91111,5
40473.91667,5
40473.95278,6
40473.99444,5
40473.99931,5
40474.03611,3
40474.04167,3
40474.07778,6
40474.11944,5
40474.16111,6
40474.16667,6
40474.20278,6
40474.24444,8
40474.28611,6
40474.29167,6
40474.32778,6
40474.36944,8
40474.41111,10
40474.41667,10
40474.45278,11
40474.49444,14
40474.53611,11
40474.54167,11
40474.57778,10
40474.61944,8
40474.66111,13
40474.66667,13
40474.70278,10
40474.74444,7
40474.78611,7
40474.79167,7
40474.82778,7
40474.86944,7
40474.91111,6
40474.91667,6
40474.95278,3
40474.99444,8
40474.99931,8
40475.03611,6
40475.04167,6
40475.07778,6
40475.11944,7
40475.16111,8
40475.16667,8
40475.20278,5
40475.24444,9
40475.28611,7
40475.29167,7
40475.32778,5
40475.36944,7
40475.41111,7
40475.41667,7
40475.45278,10
40475.49444,10
40475.53611,10
40475.54167,10
40475.57778,9
40475.61944,9
40475.66111,7
40475.66667,7
40475.70278,7
40475.74444,7
40475.78611,7
40475.79167,7
40475.82778,5
40475.86944,5
40475.91111,9
40475.91667,9
40475.95278,8
40475.99444,7
40475.99931,7
40476.03611,7
40476.04167,7
40476.07778,11
40476.11944,11
40476.16111,11
40476.16667,11
40476.20278,14
40476.24444,11
40476.28611,10
40476.29167,10
40476.32778,13
40476.35139,14
40476.36944,10
40476.39931,17
40476.41111,15
40476.43056,16
40476.45278,16
40476.47222,13
40476.48958,15
40476.49444,14
40476.53611,6
40476.54167,6
40476.56667,14
40476.57778,11
40476.61944,15
40476.66111,14
40476.66667,14
40476.70278,9
40476.74444,13
40476.78611,15
40476.79167,15
40476.82778,10
40476.86944,16
40476.91111,16
40476.91667,16
40476.95278,11
40476.99444,9
40476.99931,9
40477.01944,10
40477.03611,11
40477.04167,11
40477.07361,8
40477.07778,7
40477.09375,7
40477.11944,9
40477.15,8
40477.16111,9
40477.16667,9
40477.20139,7
40477.20278,7
40477.24444,6
40477.24931,7
40477.28611,7
40477.29167,7
40477.30139,9
40477.32431,8
40477.32778,9
40477.34931,13
40477.36806,10
40477.36944,15
40477.41111,15
40477.41667,15
40477.45278,10
40477.49444,10
40477.53472,9
40477.53611,9
40477.54167,9
40477.56528,9
40477.57014,8
40477.57778,6
40477.60903,10
40477.61389,10
40477.61806,10
40477.61944,10
40477.66111,11
40477.66667,11
40477.70278,11
40477.74444,10
40477.78611,10
40477.79167,10
40477.82778,13
40477.86944,18
40477.91111,16
40477.91667,16
40477.95278,11
40477.99444,14
40477.99931,14
40478.02153,13
40478.03611,10
40478.04167,10
40478.04792,10
40478.07778,11
40478.1125,6
40478.11944,6
40478.16111,7
40478.16667,7
40478.18333,10
40478.19792,11
40478.20278,10
40478.24444,11
40478.26042,15
40478.27222,14
40478.28056,17
40478.28611,15
40478.29167,15
40478.29514,9
40478.31597,10
40478.32153,9
40478.32778,9
40478.33264,9
40478.36389,10
40478.36944,10
40478.37569,11
40478.39167,11
40478.41111,11
40478.41667,11
40478.42083,14
40478.45278,13
40478.46389,13
40478.47083,10
40478.47847,9
40478.48194,15
40478.48819,15
40478.49444,13
40478.49931,5
40478.50417,10
40478.50972,14
40478.52778,5
40478.53333,6
40478.53611,5
40478.54167,5
40478.55,5
40478.56111,5
40478.57778,9
40478.6,10
40478.61944,13
40478.62847,10
40478.65139,9
40478.66111,11
40478.66667,11
40478.70278,8
40478.74444,0
40478.76806,3
40478.78611,6
40478.79167,6
40478.82778,5
40478.84444,6
40478.85347,7
40478.86806,7
40478.86944,7
40478.8875,6
40478.91111,5
40478.91667,5
40478.95278,7
40478.96736,8
40478.9875,8
40478.99444,10
40478.99931,10
40479.03611,6
40479.04167,6
40479.07778,7
40479.11944,3
40479.15972,5
40479.16111,5
40479.16667,5
40479.19236,6
40479.20278,6
40479.24444,0
40479.28611,3
40479.29167,3
40479.32778,6
40479.36944,7
40479.41111,7
40479.41667,7
40479.45278,9
40479.49444,8
40479.53611,14
40479.54167,14
40479.57778,11
40479.61944,15
40479.66111,17
40479.66667,17
40479.70278,13
40479.74444,11
40479.78611,9
40479.79167,9
40479.82778,15
40479.86944,21
40479.91111,20
40479.91667,19
40479.95278,17
40479.99444,17
40479.99931,17
40480.03611,11
40480.04167,11
40480.07778,18
40480.11944,16
40480.16111,15
40480.16667,15
40480.20278,11
40480.24444,13
40480.28611,13
40480.29167,13
40480.32778,15
40480.36944,22
40480.41111,22
40480.41667,22
40480.45278,15
40480.49444,22
40480.53611,20
40480.54167,19
40480.57778,14
40480.61944,21
40480.66111,16
40480.66667,16
40480.70278,15
40480.74444,15
40480.78611,16
40480.79167,16
40480.82778,8
40480.86944,8
40480.91111,10
40480.91667,10
40480.95278,6
40480.99444,3
40480.99931,3
40481.03611,3
40481.04167,3
40481.07778,3
40481.11944,5
40481.16111,5
40481.16667,5
40481.20278,7
40481.24444,7
40481.28611,5
40481.29167,5
40481.32778,5
40481.36944,10
40481.41111,11
40481.41667,11
40481.45278,13
40481.49444,13
40481.53611,14
40481.54167,14
40481.57778,16
40481.61944,17
40481.66111,17
40481.66667,17
40481.70278,13
40481.74444,15
40481.78611,15
40481.79167,15
40481.82778,15
40481.86944,13
40481.91111,11
40481.91667,11
40481.95278,9
40481.99444,9
40481.99931,9
40482.03611,7
40482.04167,7
40482.07778,7
40482.11944,5
40482.16111,5
40482.16667,5
40482.20278,7
40482.24444,6
40482.28611,0
40482.29167,0
40482.32778,0
40482.36944,0
40482.41111,11
40482.41667,11
40482.45278,17
40482.49444,18
40482.53611,14
40482.54167,14
40482.56319,18
40482.57778,16
40482.61944,14
40482.66111,16
40482.66667,16
40482.70278,16
40482.74444,11
40482.78611,10
40482.79167,10
40482.82778,10
40482.86944,9
40482.91111,6
40482.91667,6
40482.95278,6
40482.99444,8
40482.99931,8
40483.03611,0
40483.04167,0
40483.07778,0
40483.11944,5
40483.16111,5
40483.16667,5
40483.20278,7
40483.24444,7
40483.28611,8
40483.29167,8
40483.32778,7
40483.36944,11
40483.41111,6
40483.41667,6
40483.45278,13
40483.49444,5
40483.53611,8
40483.54167,8
40483.57778,9
40483.61944,5
40483.66111,8
40483.66667,8
40483.70278,7
40483.74444,8
40483.78611,9
40483.79167,9
40483.82778,13
40483.86944,7
40483.91111,7
40483.91667,7
40483.95278,8
40483.99444,10
40483.99931,10
40484.03611,10
40484.04167,10
40484.07778,10
40484.11944,11
40484.16111,11
40484.16667,11
40484.20278,11
40484.24444,9
40484.28611,8
40484.29167,8
40484.32778,11
40484.36944,11
40484.41111,6
40484.41667,6
40484.45278,0
40484.49444,0
40484.53611,3
40484.54167,3
40484.57778,0
40484.61944,6
40484.66111,5
40484.66667,5
40484.70278,6
40484.74444,8
40484.78611,7
40484.79167,7
40484.82778,5
40484.86944,3
40484.91111,0
40484.91667,0
40484.95278,0
40484.99444,3
40484.99931,3
40485.03611,0
40485.04167,0
40485.07778,0
40485.11944,0
40485.16111,0
40485.16667,0
40485.20278,6
40485.24444,6
40485.28611,7
40485.29167,7
40485.32778,5
40485.35694,5
40485.36944,3
40485.41111,0
40485.41667,0
40485.45278,0
40485.49444,7
40485.53611,8
40485.54167,8
40485.57778,9
40485.61944,9
40485.66111,7
40485.66667,7
40485.70278,8
40485.74444,7
40485.78611,5
40485.79167,5
40485.81806,0
40485.82778,0
40485.83611,0
40485.85764,0
40485.85972,3
40485.86944,5
40485.91111,0
40485.91667,0
40485.95278,0
40485.99444,0
40485.99931,0
40486.01389,0
40486.03611,3
40486.04167,3
40486.07639,6
40486.07778,7
40486.09236,8
40486.10694,9
40486.11944,9
40486.13819,8
40486.14514,7
40486.14931,9
40486.16111,8
40486.16667,8
40486.20278,10
40486.24444,9
40486.27569,11
40486.28611,9
40486.29167,9
40486.30417,10
40486.32639,11
40486.32778,10
40486.33472,10
40486.35903,10
40486.36944,14
40486.41111,10
40486.41667,10
40486.42708,14
40486.4375,9
40486.44861,13
40486.45278,13
40486.46597,13
40486.47847,15
40486.49444,14
40486.53611,15
40486.54167,15
40486.57778,13
40486.61944,13
40486.63958,13
40486.66111,10
40486.66667,10
40486.6875,13
40486.69444,14
40486.69792,9
40486.70278,10
40486.70972,9
40486.72847,11
40486.74444,14
40486.77292,8
40486.78472,10
40486.78611,9
40486.79167,9
40486.80903,9
40486.81389,10
40486.82778,8
40486.83611,11
40486.84583,13
40486.86042,10
40486.86944,9
40486.87847,14
40486.90069,13
40486.91111,10
40486.91667,10
40486.93819,11
40486.94722,13
40486.95278,11
40486.98125,13
40486.99444,11
40486.99931,11
40487.03611,7
40487.04167,7
40487.06389,9
40487.07778,8
40487.11944,8
40487.16111,10
40487.16667,10
40487.20278,7
40487.24444,6
40487.28611,7
40487.29167,7
40487.32778,9
40487.36944,13
40487.41111,17
40487.41667,17
40487.45278,14
40487.49444,15
40487.53611,13
40487.54167,13
40487.57778,11
40487.61944,13
40487.66111,13
40487.66667,13
40487.70278,11
40487.74444,7
40487.78611,7
40487.79167,7
40487.82778,10
40487.86944,8
40487.91111,8
40487.91667,8
40487.95278,9
40487.99444,6
40487.99931,6
40488.03611,8
40488.04167,8
40488.07778,10
40488.11944,8
40488.16111,6
40488.16667,6
40488.20278,7
40488.22708,8
40488.24444,10
40488.28611,10
40488.29167,10
40488.32778,13
40488.36944,13
40488.41111,11
40488.41667,11
40488.45278,11
40488.49444,9
40488.53611,10
40488.54167,10
40488.57778,9
40488.61944,13
40488.66111,13
40488.66667,13
40488.70278,11
40488.74444,10
40488.78611,11
40488.79167,11
40488.82778,13
40488.86944,13
40488.91111,14
40488.91667,14
40488.95278,13
40488.99444,14
40488.99931,14
40489.03611,13
40489.04167,13
40489.07778,14
40489.11944,11
40489.16111,11
40489.16667,11
40489.20278,10
40489.24444,7
40489.28611,8
40489.29167,8
40489.32778,11
40489.36944,13
40489.41111,16
40489.41667,16
40489.45278,17
40489.49444,15
40489.53611,9
40489.54167,9
40489.57778,14
40489.61944,14
40489.66111,15
40489.66667,15
40489.70278,8
40489.74444,8
40489.78611,8
40489.79167,8
40489.82778,8
40489.86944,3
40489.91111,7
40489.91667,7
40489.95278,7
40489.99444,10
40489.99931,10
40490.03611,11
40490.04167,11
40490.07778,7
40490.11944,8
40490.16111,9
40490.16667,9
40490.20278,7
40490.24444,10
40490.28611,7
40490.29167,7
40490.32778,7
40490.36944,11
40490.41111,13
40490.41667,13
40490.45278,14
40490.49444,13
40490.53611,16
40490.54167,16
40490.57778,18
40490.61944,18
40490.66111,10
40490.66667,10
40490.70278,16
40490.74444,13
40490.78611,14
40490.79167,14
40490.82778,13
40490.86944,14
40490.91111,13
40490.91667,13
40490.95278,13
40490.99444,14
40490.99931,14
40491.03611,13
40491.04167,13
40491.07778,11
40491.11944,10
40491.16111,9
40491.16667,9
40491.20278,9
40491.24444,6
40491.28611,10
40491.29167,10
40491.32778,8
40491.36944,11
40491.41111,13
40491.41667,13
40491.45278,11
40491.49444,11
40491.53611,8
40491.54167,8
40491.57778,13
40491.61944,9
40491.66111,10
40491.66667,10
40491.70278,10
40491.74444,14
40491.78611,11
40491.79167,11
40491.82778,14
40491.86944,16
40491.91111,10
40491.91667,10
40491.95278,11
40491.99444,10
40491.99931,10
40492.03611,9
40492.04167,9
40492.07778,8
40492.11944,6
40492.16111,10
40492.16667,10
40492.20278,8
40492.24444,8
40492.28611,7
40492.29167,7
40492.32778,11
40492.36944,11
40492.41111,10
40492.41667,10
40492.45278,9
40492.49444,5
40492.53611,8
40492.54167,8
40492.57778,10
40492.61944,9
40492.66111,8
40492.66667,8
40492.70278,13
40492.74444,7
40492.78611,7
40492.79167,7
40492.82778,8
40492.86944,8
40492.91111,6
40492.91667,6
40492.95278,3
40492.99444,3
40492.99931,3
40493.03611,3
40493.04167,3
40493.07778,6
40493.11944,8
40493.16111,8
40493.16667,8
40493.20278,7
40493.24444,9
40493.28611,7
40493.29167,7
40493.32778,7
40493.36944,14
40493.41111,15
40493.41667,15
40493.45278,9
40493.49444,7
40493.53611,6
40493.57778,0
40493.61944,5
40493.66111,7
40493.66667,7
40493.70278,8
40493.74444,6
40493.78611,0
40493.79167,0
40493.82778,0
40493.86944,0
40493.91111,3
40493.91667,3
40493.95278,0
40493.99444,0
40493.99931,0
40494.03611,5
40494.04167,5
40494.07778,3
40494.11944,3
40494.16111,5
40494.16667,5
40494.20278,6
40494.24444,6
40494.28611,6
40494.29167,6
40494.32778,6
40494.36944,3
40494.41111,8
40494.41667,8
40494.45278,7
40494.49444,7
40494.53611,5
40494.54167,5
40494.57778,5
40494.61944,6
40494.66111,5
40494.66667,5
40494.70278,7
40494.74444,0
40494.78611,0
40494.79167,0
40494.82778,0
40494.86944,0
40494.91111,5
40494.91667,5
40494.95278,0
40494.99444,0
40494.99931,0
40495.03611,0
40495.04167,0
40495.07778,0
40495.11944,0
40495.16111,0
40495.16667,0
40495.20278,3
40495.24444,5
40495.28611,6
40495.29167,6
40495.32778,6
40495.36944,0
40495.41111,0
40495.41667,0
40495.45278,0
40495.49444,0
40495.53611,0
40495.54167,0
40495.57778,0
40495.61944,0
40495.66111,0
40495.66667,0
40495.70278,5
40495.74444,3
40495.78611,3
40495.79167,3
40495.82778,0
40495.86944,0
40495.91111,0
40495.91667,0
40495.95278,0
40495.99444,0
40495.99931,0
40496.03611,0
40496.04167,0
40496.07778,0
40496.11944,0
40496.16111,0
40496.16667,0
40496.20278,0
40496.24444,0
40496.28611,0
40496.29167,0
40496.32778,3
40496.36944,0
40496.41111,0
40496.41667,0
40496.45278,7
40496.49444,6
40496.53611,7
40496.54167,7
40496.57778,8
40496.61944,10
40496.66111,8
40496.66667,8
40496.70278,6
40496.74444,7
40496.78611,6
40496.79167,6
40496.82778,6
40496.86944,3
40496.91111,8
40496.91667,8
40496.95278,3
40496.99444,3
40496.99931,3
40497.03611,0
40497.04167,0
40497.07778,3
40497.10903,3
40497.11944,5
40497.16111,5
40497.16667,5
40497.20278,5
40497.24444,0
40497.28611,5
40497.29167,5
40497.30625,3
40497.32778,0
40497.3625,5
40497.36944,5
40497.40208,8
40497.41111,10
40497.41667,10
40497.45278,0
40497.49444,5
40497.50139,3
40497.51181,6
40497.53611,5
40497.54167,5
40497.57778,0
40497.61944,3
40497.66111,0
40497.66667,0
40497.70278,7
40497.74444,5
40497.78611,0
40497.79167,0
40497.82778,0
40497.86944,5
40497.91111,0
40497.91667,0
40497.95278,0
40497.99444,0
40497.99931,0
40498.03611,6
40498.04167,6
40498.05556,0
40498.07778,5
40498.11806,0
40498.11944,3
40498.13194,0
40498.16111,5
40498.16667,5
40498.20278,3
40498.22639,8
40498.24444,0
40498.26389,0
40498.28333,6
40498.28611,5
40498.29167,0
40498.29444,0
40498.32778,0
40498.35486,6
40498.36944,6
40498.38542,6
40498.39444,6
40498.41111,8
40498.41667,8
40498.42986,9
40498.45278,8
40498.49444,6
40498.53056,7
40498.53611,8
40498.54167,8
40498.55556,6
40498.57778,7
40498.61944,0
40498.66111,3
40498.66667,3
40498.70278,13
40498.74444,10
40498.78611,11
40498.79167,11
40498.81736,9
40498.82778,11
40498.86042,13
40498.86944,17
40498.91111,17
40498.91667,17
40498.91875,20
40498.92708,16
40498.93542,22
40498.93958,20
40498.95278,20
40498.99306,15
40498.99444,14
40498.99931,14
40499.03125,18
40499.03403,37
40499.03611,21
40499.04167,21
40499.05069,22
40499.07778,21
40499.11944,10
40499.16111,13
40499.16667,13
40499.20278,14
40499.24444,14
40499.28611,8
40499.29167,8
40499.3125,11
40499.32778,8
40499.36944,10
40499.41111,20
40499.41667,19
40499.45278,22
40499.49444,20
40499.53611,18
40499.54167,18
40499.57778,22
40499.61944,17
40499.66111,15
40499.66667,15
40499.70278,15
40499.74444,10
40499.78611,9
40499.79167,9
40499.82778,7
40499.86944,5
40499.91111,6
40499.91667,6
40499.95278,8
40499.99444,6
40499.99931,6
40500.03611,8
40500.04167,8
40500.07778,7
40500.11944,5
40500.16111,3
40500.16667,3
40500.20278,3
40500.24444,3
40500.27083,3
40500.28611,3
40500.29167,3
40500.32778,3
40500.36944,5
40500.41111,6
40500.41667,6
40500.45278,6
40500.49444,10
40500.53611,11
40500.54167,11
40500.55903,11
40500.57778,11
40500.61944,15
40500.66111,11
40500.66667,11
40500.70278,11
40500.74444,8
40500.78611,9
40500.79167,9
40500.82778,9
40500.86944,13
40500.91111,8
40500.91667,8
40500.95278,8
40500.99444,9
40500.99931,9
40501.03611,5
40501.04167,5
40501.07778,3
40501.11944,0
40501.16111,5
40501.16667,5
40501.20278,6
40501.24444,5
40501.28611,9
40501.29167,9
40501.32778,7
40501.36944,10
40501.41111,13
40501.41667,13
40501.45278,13
40501.49444,15
40501.53611,11
40501.54167,11
40501.57778,3
40501.61944,3
40501.66111,6
40501.66667,6
40501.70278,3
40501.74444,0
40501.78611,0
40501.79167,0
40501.82778,3
40501.86944,3
40501.91111,6
40501.91667,6
40501.95278,7
40501.99444,3
40501.99931,3
40502.03611,7
40502.04167,7
40502.07778,8
40502.11944,6
40502.16111,6
40502.16667,6
40502.20278,7
40502.24444,6
40502.28611,9
40502.29167,9
40502.32778,3
40502.36944,0
40502.41111,3
40502.41667,3
40502.45278,5
40502.49444,6
40502.53611,5
40502.54167,5
40502.57778,13
40502.61944,6
40502.66111,5
40502.66667,5
40502.70278,6
40502.74444,7
40502.78611,8
40502.79167,8
40502.82778,7
40502.86944,6
40502.91111,7
40502.91667,7
40502.95278,5
40502.99444,9
40502.99931,9
40503.03611,3
40503.04167,3
40503.07778,0
40503.11944,7
40503.16111,0
40503.16667,0
40503.20278,0
40503.24444,3
40503.28611,5
40503.29167,5
40503.32778,5
40503.36944,3
40503.41111,6
40503.41667,6
40503.45278,5
40503.49444,3
40503.53611,3
40503.54167,3
40503.57778,0
40503.61944,0
40503.66111,9
40503.66667,9
40503.70278,7
40503.74444,7
40503.78611,5
40503.79167,5
40503.81181,0
40503.82778,5
40503.86944,0
40503.91111,3
40503.91667,3
40503.95278,0
40503.98472,0
40503.99444,0
40503.99931,0
40504.02986,0
40504.03611,0
40504.04167,0
40504.05208,0
40504.07778,3
40504.11597,3
40504.11944,3
40504.13194,3
40504.16111,3
40504.16667,3
40504.20278,3
40504.24444,7
40504.28611,8
40504.28819,9
40504.30069,10
40504.32778,8
40504.33889,7
40504.36528,6
40504.36944,6
40504.39653,7
40504.41111,7
40504.41667,7
40504.43125,8
40504.45278,9
40504.46111,8
40504.49444,10
40504.53611,11
40504.54167,11
40504.57778,6
40504.61944,10
40504.66111,8
40504.66667,8
40504.70278,3
40504.74444,0
40504.78611,0
40504.79167,0
40504.82778,5
40504.86944,6
40504.91111,7
40504.91667,7
40504.95278,8
40504.99444,6
40504.99931,6
40505.03611,8
40505.04167,8
40505.07778,6
40505.11944,6
40505.16111,9
40505.16667,9
40505.20278,7
40505.24444,8
40505.28611,7
40505.29167,7
40505.32778,8
40505.36944,13
40505.41111,13
40505.41667,13
40505.45278,13
40505.49444,9
40505.53611,9
40505.54167,9
40505.57778,6
40505.61944,6
40505.64792,6
40505.66111,10
40505.66667,10
40505.70278,7
40505.74444,8
40505.78611,6
40505.79167,6
40505.82778,10
40505.86944,14
40505.91111,15
40505.91667,15
40505.95278,8
40505.99444,9
40505.99931,9
40506.03611,9
40506.04167,9
40506.07778,14
40506.11944,14
40506.16111,11
40506.16667,11
40506.20278,10
40506.24444,9
40506.28611,11
40506.29167,11
40506.32778,14
40506.36944,14
40506.41111,14
40506.41667,14
40506.45278,14
40506.49444,8
40506.53611,9
40506.54167,9
40506.57778,8
40506.61944,8
40506.66111,8
40506.66667,8
40506.70278,8
40506.74444,9
40506.78611,9
40506.79167,9
40506.82778,7
40506.85556,6
40506.86944,0
40506.89167,6
40506.91111,6
40506.91667,6
40506.95278,5
40506.99444,6
40506.99931,6
40507.03611,6
40507.04167,6
40507.07778,5
40507.09444,0
40507.11944,3
40507.12292,0
40507.16111,0
40507.16667,0
40507.20278,0
40507.24444,0
40507.28611,5
40507.29167,5
40507.30278,5
40507.31528,5
40507.32778,6
40507.36944,3
40507.41111,5
40507.41667,5
40507.45278,6
40507.49444,7
40507.53611,11
40507.54167,11
40507.57778,7
40507.61944,8
40507.66111,10
40507.66667,10
40507.70278,7
40507.72847,8
40507.74444,7
40507.78611,7
40507.79167,7
40507.82778,7
40507.86944,7
40507.91111,8
40507.91667,8
40507.95278,13
40507.99444,14
40507.99931,14
40508.03611,17
40508.04167,17
40508.05069,15
40508.07778,18
40508.11944,17
40508.16111,15
40508.16667,15
40508.20278,15
40508.20972,8
40508.24444,6
40508.28611,6
40508.29167,6
40508.32778,8
40508.36944,6
40508.41111,5
40508.41667,5
40508.45278,14
40508.49444,11
40508.53611,11
40508.54167,11
40508.57778,11
40508.61944,13
40508.66111,14
40508.66667,14
40508.70278,13
40508.74444,7
40508.78611,6
40508.79167,6
40508.82778,10
40508.86944,9
40508.91111,13
40508.91667,13
40508.95278,13
40508.99444,10
40508.99931,10
40509.03611,14
40509.04167,14
40509.07778,11
40509.11944,13
40509.16111,6
40509.16667,6
40509.20278,5
40509.24444,3
40509.28611,7
40509.29167,7
40509.32778,6
40509.36944,8
40509.41111,6
40509.41667,6
40509.45278,14
40509.49444,16
40509.53611,20
40509.54167,19
40509.57778,14
40509.61944,18
40509.66111,18
40509.66667,18
40509.70278,16
40509.74444,14
40509.78611,11
40509.79167,11
40509.82778,16
40509.86944,9
40509.91111,7
40509.91667,7
40509.95278,8
40509.99444,9
40509.99931,9
40510.03611,13
40510.04167,13
40510.07778,10
40510.11944,6
40510.16111,8
40510.16667,8
40510.20278,8
40510.24444,7
40510.28611,8
40510.29167,8
40510.32778,8
40510.36944,10
40510.41111,7
40510.41667,7
40510.45278,5
40510.49444,6
40510.53611,3
40510.54167,3
40510.57778,6
40510.61944,0
40510.66111,0
40510.66667,0
40510.70278,3
40510.74444,3
40510.78611,7
40510.79167,7
40510.82778,7
40510.86944,3
40510.91111,5
40510.91667,5
40510.95278,0
40510.99444,5
40510.99931,5
40511.03611,3
40511.04167,3
40511.07778,0
40511.11944,0
40511.16111,0
40511.16667,0
40511.20278,0
40511.24444,0
40511.28611,6
40511.29167,6
40511.32778,3
40511.36944,0
40511.41111,3
40511.41667,3
40511.45278,6
40511.49444,7
40511.53611,7
40511.54167,7
40511.57778,9
40511.61944,7
40511.66111,9
40511.66667,9
40511.70278,7
40511.74444,6
40511.78611,6
40511.79167,6
40511.82778,0
40511.86944,5
40511.90694,7
40511.90972,5
40511.91111,5
40511.91667,5
40511.95278,5
40511.95972,5
40511.96597,3
40511.99444,0
40511.99931,0
40512.03611,0
40512.04167,0
40512.07778,0
40512.09653,3
40512.11944,3
40512.16111,7
40512.16667,7
40512.18958,7
40512.20278,5
40512.24444,3
40512.28611,7
40512.29167,7
40512.32639,5
40512.32778,5
40512.33056,5
40512.36944,7
40512.41111,7
40512.41667,7
40512.42778,6
40512.45278,3
40512.49444,8
40512.53611,9
40512.54167,9
40512.57778,11
40512.61944,14
40512.66111,14
40512.66667,14
40512.70278,15
40512.74444,17
40512.78611,11
40512.79167,11
40512.80972,11
40512.81806,14
40512.82778,14
40512.86944,15
40512.89236,14
40512.91111,11
40512.91667,11
40512.95278,10
40512.99444,11
40512.99931,11
40513.03611,20
40513.04167,19
40513.07778,21
40513.11944,21
40513.16111,25
40513.16667,25
40513.20278,25
40513.24444,28
40513.28472,16
40513.28611,18
40513.29167,18
40513.32778,23
40513.34167,16
40513.34722,14
40513.35486,14
40513.36806,13
40513.36944,10
40513.39028,11
40513.39375,28
40513.39583,23
40513.39931,20
40513.40417,20
40513.40764,17
40513.41111,16
40513.41528,11
40513.41667,16
40513.42569,20
40513.43681,21
40513.44861,20
40513.45278,20
40513.46042,15
40513.48264,16
40513.49444,13
40513.50556,13
40513.53611,17
40513.54167,17
40513.57778,16
40513.61944,22
40513.66111,20
40513.66667,19
40513.70278,15
40513.74444,11
40513.78611,9
40513.79167,9
40513.82778,8
40513.86944,10
40513.91111,10
40513.91667,10
40513.95278,8
40513.99444,8
40513.99931,8
40514.03611,0
40514.04167,0
40514.07778,0
40514.11944,5
40514.16111,5
40514.16667,5
40514.20278,3
40514.24444,0
40514.28611,0
40514.29167,0
40514.32778,7
40514.36944,10
40514.41111,13
40514.41667,13
40514.42222,11
40514.45278,16
40514.49444,14
40514.53611,13
40514.54167,13
40514.57778,11
40514.61944,8
40514.66111,7
40514.66667,7
40514.70278,9
40514.74444,9
40514.78611,6
40514.79167,6
40514.82778,8
40514.86944,10
40514.91111,7
40514.91667,7
40514.95278,8
40514.99444,8
40514.99931,8
40515.03611,8
40515.04167,8
40515.07778,7
40515.11944,8
40515.16111,7
40515.16667,7
40515.20278,6
40515.24444,5
40515.28611,5
40515.29167,5
40515.32778,6
40515.34653,3
40515.36944,6
40515.41111,9
40515.41667,9
40515.45278,11
40515.49444,11
40515.53611,9
40515.54167,9
40515.57778,10
40515.61944,11
40515.66111,13
40515.66667,13
40515.70278,11
40515.74444,13
40515.78611,7
40515.79167,7
40515.82778,8
40515.86944,11
40515.91111,15
40515.91667,15
40515.95278,14
40515.99444,11
40515.99931,11
40516.03611,13
40516.04167,13
40516.07778,13
40516.11944,9
40516.16111,9
40516.16667,9
40516.20278,10
40516.24444,13
40516.28611,11
40516.29167,11
40516.32778,9
40516.36944,10
40516.41111,11
40516.41667,11
40516.45278,7
40516.49444,10
40516.53611,10
40516.54167,10
40516.57778,9
40516.61944,7
40516.66111,6
40516.66667,6
40516.70278,8
40516.74444,9
40516.78611,6
40516.79167,6
40516.82778,8
40516.86944,8
40516.91111,9
40516.91667,9
40516.95278,7
40516.99444,11
40516.99931,11
40517.03611,14
40517.04167,14
40517.07778,14
40517.11944,8
40517.16111,10
40517.16667,10
40517.20278,13
40517.24444,14
40517.28611,17
40517.29167,17
40517.32778,18
40517.36944,10
40517.41111,15
40517.41667,15
40517.45278,17
40517.49444,18
40517.53611,16
40517.54167,16
40517.57778,24
40517.61944,23
40517.66111,23
40517.66667,23
40517.70278,14
40517.74444,11
40517.78611,14
40517.79167,14
40517.82778,20
40517.86944,15
40517.91111,17
40517.91667,17
40517.95278,11
40517.99444,9
40517.99931,9
40518.03611,14
40518.04167,14
40518.07778,11
40518.11944,7
40518.16111,9
40518.16667,9
40518.20278,11
40518.24444,13
40518.28611,14
40518.29167,14
40518.31042,11
40518.32778,14
40518.36944,17
40518.41111,22
40518.41667,22
40518.45278,21
40518.49444,18
40518.53611,28
40518.54167,28
40518.57778,20
40518.61944,16
40518.66111,18
40518.66667,18
40518.70278,16
40518.74444,18
40518.78611,15
40518.79167,15
40518.82778,16
40518.86944,10
40518.91111,18
40518.91667,18
40518.95278,16
40518.99444,9
40518.99931,9
40519.03611,18
40519.04167,18
40519.07778,10
40519.11944,10
40519.16111,13
40519.16667,13
40519.20278,9
40519.24444,17
40519.28611,9
40519.29167,9
40519.32778,15
40519.36944,18
40519.41111,20
40519.41667,19
40519.45278,18
40519.49444,18
40519.53611,18
40519.54167,18
40519.57778,23
40519.61944,21
40519.66111,15
40519.66667,15
40519.70278,15
40519.74444,18
40519.78611,16
40519.79167,16
40519.82778,14
40519.86944,14
40519.91111,13
40519.91667,13
40519.95278,13
40519.99444,15
40519.99931,15
40520.03611,11
40520.04167,11
40520.07778,13
40520.11944,10
40520.16111,10
40520.16667,10
40520.20278,7
40520.24444,5
40520.28611,8
40520.29167,8
40520.32778,6
40520.36944,10
40520.41111,21
40520.41667,21
40520.45278,13
40520.49444,15
40520.53611,10
40520.54167,10
40520.57778,15
40520.61944,15
40520.66111,17
40520.66667,17
40520.70278,11
40520.74444,13
40520.78611,8
40520.79167,8
40520.82778,6
40520.86944,8
40520.91111,6
40520.91667,6
40520.95278,7
40520.99444,8
40520.99931,8
40521.03611,7
40521.04167,7
40521.07778,7
40521.11944,7
40521.16111,7
40521.16667,7
40521.20278,6
40521.24444,5
40521.28611,6
40521.29167,6
40521.32778,7
40521.36944,9
40521.41111,9
40521.41667,9
40521.45278,13
40521.49444,14
40521.53611,14
40521.54167,14
40521.57778,14
40521.61944,11
40521.66111,6
40521.66667,6
40521.70278,10
40521.74444,8
40521.78611,6
40521.79167,6
40521.82778,0
40521.86944,0
40521.91111,0
40521.91667,0
40521.94306,0
40521.95278,5
40521.99444,0
40521.99931,0
40522.03611,3
40522.04167,3
40522.07778,0
40522.11944,0
40522.16111,0
40522.20278,6
40522.24444,5
40522.28611,7
40522.29167,7
40522.32778,9
40522.36944,9
40522.41111,9
40522.41667,9
40522.44028,6
40522.45278,6
40522.45764,7
40522.46667,8
40522.47569,9
40522.48472,5
40522.49444,7
40522.51944,6
40522.53611,6
40522.54167,6
40522.57778,8
40522.61944,9
40522.66111,6
40522.66667,6
40522.70278,9
40522.74444,3
40522.78611,3
40522.79167,3
40522.82778,0
40522.86944,3
40522.89792,0
40522.91111,3
40522.91667,3
40522.95278,5
40522.99444,0
40522.99931,0
40523.03611,0
40523.04167,0
40523.07778,0
40523.11944,0
40523.16111,0
40523.16667,0
40523.20278,0
40523.24444,3
40523.28611,3
40523.29167,3
40523.32778,5
40523.36944,3
40523.41111,6
40523.41667,6
40523.45278,0
40523.49444,3
40523.53611,5
40523.54167,5
40523.57778,0
40523.61944,7
40523.66111,8
40523.66667,8
40523.70278,6
40523.73056,7
40523.74236,7
40523.74444,7
40523.78611,5
40523.79167,5
40523.82778,5
40523.8375,0
40523.84653,6
40523.86944,5
40523.91111,6
40523.91667,6
40523.92361,6
40523.93333,7
40523.94236,8
40523.95278,7
40523.95833,8
40523.97361,8
40523.99444,9
40523.99931,9
40524.00556,7
40524.01319,6
40524.03125,6
40524.03611,8
40524.04167,8
40524.04444,7
40524.06875,7
40524.07778,8
40524.09931,7
40524.11944,7
40524.14167,5
40524.15139,5
40524.15972,5
40524.16111,5
40524.16667,5
40524.16944,5
40524.17986,5
40524.18542,5
40524.19375,0
40524.20278,3
40524.23472,3
40524.24444,0
40524.24792,0
40524.25486,0
40524.27292,0
40524.27986,0
40524.28611,0
40524.29097,3
40524.29167,0
40524.30208,5
40524.32639,0
40524.32778,0
40524.36944,11
40524.37708,10
40524.39028,13
40524.40694,9
40524.41111,10
40524.41667,10
40524.42222,10
40524.45139,13
40524.45278,10
40524.49444,13
40524.53611,10
40524.54167,10
40524.57778,7
40524.61944,5
40524.62292,5
40524.65139,3
40524.65625,5
40524.65972,5
40524.66111,5
40524.66667,5
40524.66875,0
40524.67014,0
40524.67222,0
40524.6875,3
40524.69167,3
40524.69444,3
40524.70278,0
40524.70486,0
40524.70625,0
40524.725,0
40524.73264,3
40524.73403,5
40524.74444,6
40524.77222,5
40524.77431,5
40524.77847,5
40524.78611,5
40524.78889,8
40524.79097,7
40524.79167,5
40524.79722,9
40524.81458,7
40524.82431,8
40524.82778,8
40524.86944,13
40524.91111,10
40524.91667,10
40524.95278,14
40524.99931,14
40525.03611,13
40525.07778,7
40525.11944,15
40525.16111,10
40525.16667,10
40525.20278,17
40525.24444,13
40525.24653,16
40525.26736,7
40525.27778,8
40525.28611,9
40525.29167,9
40525.30764,11
40525.32778,13
40525.36944,14
40525.41111,9
40525.41667,9
40525.45278,21
40525.49444,20
40525.53611,21
40525.54167,21
40525.57778,22
40525.61944,22
40525.66111,18
40525.66667,18
40525.70278,20
40525.74444,18
40525.78611,21
40525.79167,21
40525.82778,15
40525.86944,25
40525.91111,20
40525.91667,19
40525.95278,14
40525.98264,22
40525.99444,22
40525.99583,21
40525.99931,21
40526.00972,13
40526.01181,14
40526.02222,9
40526.03611,17
40526.04167,17
40526.07778,14
40526.11944,15
40526.16111,11
40526.16667,11
40526.20278,18
40526.24444,15
40526.28611,17
40526.29167,17
40526.32778,22
40526.36944,21
40526.41111,20
40526.41667,19
40526.45278,17
40526.49444,17
40526.53611,18
40526.54167,18
40526.57778,22
40526.61944,21
40526.66111,21
40526.66667,21
40526.70278,20
40526.74444,18
40526.78611,22
40526.79167,22
40526.82778,15
40526.86944,17
40526.91111,11
40526.91667,11
40526.95278,15
40526.99444,15
40526.99931,15
40527.03611,9
40527.04167,9
40527.07778,14
40527.11944,11
40527.16111,9
40527.16667,9
40527.20278,7
40527.24444,11
40527.28611,10
40527.29167,10
40527.32778,9
40527.36944,13
40527.41111,17
40527.41667,17
40527.45278,18
40527.49444,16
40527.53611,10
40527.54167,10
40527.57778,15
40527.61944,16
40527.66111,18
40527.66667,18
40527.70278,16
40527.74444,11
40527.78611,13
40527.79167,13
40527.82778,10
40527.86944,13
40527.91111,5
40527.91667,5
40527.95278,9
40527.99444,7
40527.99931,7
40528.03611,9
40528.04167,9
40528.07778,9
40528.11944,11
40528.16111,3
40528.16667,3
40528.20278,5
40528.24444,6
40528.28611,5
40528.29167,5
40528.30208,3
40528.32778,7
40528.35833,6
40528.36944,7
40528.41111,5
40528.41319,0
40528.41458,3
40528.41667,0
40528.42222,5
40528.42778,6
40528.43472,3
40528.44514,0
40528.45278,0
40528.49444,3
40528.51875,0
40528.53611,0
40528.54167,0
40528.54514,0
40528.57778,3
40528.59097,0
40528.59444,0
40528.60208,6
40528.60625,3
40528.61319,3
40528.61944,3
40528.62708,5
40528.63403,5
40528.65278,0
40528.66111,0
40528.66667,0
40528.70278,0
40528.71667,0
40528.74444,5
40528.78611,6
40528.79167,6
40528.79444,5
40528.82778,7
40528.86944,5
40528.88333,5
40528.91111,7
40528.91667,7
40528.94444,7
40528.95278,8
40528.99444,6
40528.99931,6
40529.03611,9
40529.04167,9
40529.07778,7
40529.11944,7
40529.16111,7
40529.16667,7
40529.20278,11
40529.24444,13
40529.28611,8
40529.29167,8
40529.32778,11
40529.36944,13
40529.41111,13
40529.41667,13
40529.45278,6
40529.4875,7
40529.49444,11
40529.53611,5
40529.54167,5
40529.57778,5
40529.61944,10
40529.66111,6
40529.66667,6
40529.70278,3
40529.74444,6
40529.78611,7
40529.79167,7
40529.82778,3
40529.86944,3
40529.91111,5
40529.91667,5
40529.95278,3
40529.99444,6
40529.99931,6
40530.03611,7
40530.04167,7
40530.07778,3
40530.11944,0
40530.16111,6
40530.16667,6
40530.20278,3
40530.24444,0
40530.28611,3
40530.29167,3
40530.32778,5
40530.36944,3
40530.41111,0
40530.41667,0
40530.45278,0
40530.49444,5
40530.53611,8
40530.54167,8
40530.55278,8
40530.57778,6
40530.61944,7
40530.64514,9
40530.66111,8
40530.66667,8
40530.70278,5
40530.74444,5
40530.78611,3
40530.79167,3
40530.82778,6
40530.86944,3
40530.91111,0
40530.91667,0
40530.95278,0
40530.99444,0
40530.99931,0
40531.03611,0
40531.04167,0
40531.07778,0
40531.11944,3
40531.16111,3
40531.16667,3
40531.20278,7
40531.24444,6
40531.28611,10
40531.29167,10
40531.32778,13
40531.36944,13
40531.41111,13
40531.41667,13
40531.45278,15
40531.49444,13
40531.53611,11
40531.54167,11
40531.57778,10
40531.61944,13
40531.66111,13
40531.66667,13
40531.70278,11
40531.74444,8
40531.78611,8
40531.79167,8
40531.82778,11
40531.86944,17
40531.91111,14
40531.91667,14
40531.95278,13
40531.99444,11
40531.99931,11
40532.03611,11
40532.04167,11
40532.07778,14
40532.11944,10
40532.16111,9
40532.16667,9
40532.20278,7
40532.24444,7
40532.28611,10
40532.29167,10
40532.32778,11
40532.36944,9
40532.41111,14
40532.41667,14
40532.45278,13
40532.49444,21
40532.53611,16
40532.54167,16
40532.57778,21
40532.61944,18
40532.66111,15
40532.66667,15
40532.70278,16
40532.74444,8
40532.78611,10
40532.79167,10
40532.82778,21
40532.86944,17
40532.91111,18
40532.91667,18
40532.95278,11
40532.99444,10
40532.99931,10
40533.03611,8
40533.04167,8
40533.07778,8
40533.11944,8
40533.16111,8
40533.16667,8
40533.20278,13
40533.24444,10
40533.28611,11
40533.29167,11
40533.32778,11
40533.36944,15
40533.41111,16
40533.41667,16
40533.45278,14
40533.49444,15
40533.53611,15
40533.54167,15
40533.57778,17
40533.61944,10
40533.66111,9
40533.66667,9
40533.70278,8
40533.74444,9
40533.78611,8
40533.79167,8
40533.82778,9
40533.86944,7
40533.91111,9
40533.91667,9
40533.95278,8
40533.99444,8
40533.99931,8
40534.03611,11
40534.04167,11
40534.07778,9
40534.11944,10
40534.16111,11
40534.16667,11
40534.20278,6
40534.24444,8
40534.28611,10
40534.29167,10
40534.32778,8
40534.36944,7
40534.41111,9
40534.41667,9
40534.45278,8
40534.49444,8
40534.53611,9
40534.54167,9
40534.57778,10
40534.61944,9
40534.66111,15
40534.66667,15
40534.70278,10
40534.74444,11
40534.78611,13
40534.79167,13
40534.82778,14
40534.86944,16
40534.91111,11
40534.91667,11
40534.95278,15
40534.99444,18
40534.99931,18
40535.03611,25
40535.04167,25
40535.07778,17
40535.11944,19
40535.16111,16
40535.16667,16
40535.20278,21
40535.24444,16
40535.28611,17
40535.29167,17
40535.32778,15
40535.36944,17
40535.41111,21
40535.41667,21
40535.45278,28
40535.49444,25
40535.53611,29
40535.54167,29
40535.57778,28
40535.61944,24
40535.66111,24
40535.66667,24
40535.70278,17
40535.74444,14
40535.78611,17
40535.79167,17
40535.82778,11
40535.86944,20
40535.91111,18
40535.91667,18
40535.95278,21
40535.99444,14
40535.99931,14
40536.03611,18
40536.04167,18
40536.07778,16
40536.11944,15
40536.16111,17
40536.16667,17
40536.20278,11
40536.24444,11
40536.28611,13
40536.29167,13
40536.32778,14
40536.36944,14
40536.41111,16
40536.41667,16
40536.45278,16
40536.49444,14
40536.53611,16
40536.54167,16
40536.57778,16
40536.61944,15
40536.66111,13
40536.66667,13
40536.70278,13
40536.74444,14
40536.78611,11
40536.79167,11
40536.82778,9
40536.86944,10
40536.91111,8
40536.91667,8
40536.95278,9
40536.99444,10
40536.99931,10
40537.03611,11
40537.04167,11
40537.07778,8
40537.11944,7
40537.16111,7
40537.16667,7
40537.20278,6
40537.24444,6
40537.28611,7
40537.29167,7
40537.32778,6
40537.36944,8
40537.38958,9
40537.39792,8
40537.41111,7
40537.41667,7
40537.42153,9
40537.45278,6
40537.49306,5
40537.49444,8
40537.53611,7
40537.54167,7
40537.55903,6
40537.57778,7
40537.61944,9
40537.66111,7
40537.66667,7
40537.70278,7
40537.74444,6
40537.78611,5
40537.79167,5
40537.82778,5
40537.86944,6
40537.91111,6
40537.91667,6
40537.95278,5
40537.975,7
40537.99444,6
40537.99931,6
40538.03611,3
40538.04167,3
40538.05278,6
40538.06319,6
40538.07778,10
40538.11944,7
40538.16111,9
40538.16667,9
40538.16944,11
40538.20278,11
40538.24444,16
40538.28611,14
40538.29167,14
40538.32778,13
40538.33889,18
40538.36944,16
40538.41111,15
40538.41667,15
40538.45278,16
40538.49444,17
40538.53611,21
40538.54167,21
40538.55556,23
40538.57778,24
40538.59444,22
40538.60278,22
40538.60625,23
40538.61458,22
40538.61944,22
40538.62708,17
40538.62847,22
40538.63264,22
40538.64653,23
40538.66111,18
40538.66667,18
40538.67222,20
40538.69028,15
40538.70278,21
40538.72361,21
40538.72917,18
40538.74306,14
40538.74444,16
40538.77778,15
40538.78194,14
40538.78611,15
40538.79028,15
40538.79167,15
40538.79375,16
40538.82778,14
40538.86944,26
40538.91111,17
40538.91667,17
40538.95278,16
40538.99444,24
40538.99931,24
40539.03611,17
40539.04167,17
40539.07778,21
40539.11944,22
40539.16111,25
40539.16667,25
40539.20278,24
40539.24444,25
40539.28611,32
40539.29167,32
40539.31181,30
40539.32778,28
40539.36944,23
40539.41111,18
40539.41667,18
40539.45278,25
40539.49444,23
40539.525,21
40539.53611,22
40539.54167,22
40539.57778,30
40539.61944,21
40539.66111,30
40539.66667,30
40539.70278,24
40539.74444,15
40539.78611,15
40539.79167,15
40539.82778,20
40539.86944,22
40539.91111,22
40539.91667,22
40539.95278,11
40539.99444,13
40539.99931,13
40540.03611,11
40540.04167,11
40540.07778,13
40540.11944,9
40540.16111,10
40540.16667,10
40540.20278,15
40540.24444,14
40540.28611,7
40540.29167,7
40540.32778,9
40540.36944,13
40540.41111,14
40540.41667,14
40540.45278,16
40540.49444,11
40540.53611,20
40540.54167,19
40540.57778,14
40540.61944,17
40540.66111,7
40540.66667,7
40540.70278,9
40540.74444,8
40540.78611,9
40540.79167,9
40540.82778,8
40540.86944,11
40540.91111,0
40540.91667,0
40540.95278,3
40540.99444,6
40540.99931,6
40541.03611,5
40541.04167,5
40541.07778,7
40541.11944,10
40541.16111,7
40541.16667,7
40541.20278,8
40541.24444,7
40541.28611,5
40541.29167,5
40541.32778,3
40541.36944,8
40541.41111,10
40541.41667,10
40541.45278,10
40541.49444,13
40541.53611,14
40541.54167,14
40541.57778,10
40541.61944,11
40541.66111,8
40541.66667,8
40541.70278,8
40541.74444,6
40541.78611,3
40541.79167,3
40541.82778,0
40541.86944,3
40541.91111,5
40541.91667,5
40541.95278,0
40541.99444,6
40541.99931,6
40542.03611,0
40542.04167,0
40542.07778,0
40542.11944,0
40542.16111,0
40542.16667,0
40542.20278,0
40542.24444,0
40542.28611,0
40542.29167,0
40542.32778,0
40542.36944,3
40542.41111,5
40542.41667,5
40542.45278,7
40542.49444,7
40542.53611,7
40542.54167,7
40542.57778,9
40542.61944,7
40542.66111,8
40542.66667,8
40542.70278,10
40542.74444,9
40542.78611,7
40542.79167,7
40542.82778,8
40542.86944,5
40542.91111,5
40542.91667,5
40542.95278,7
40542.99444,5
40542.99931,5
40543.03611,6
40543.04167,6
40543.07778,5
40543.11944,7
40543.16111,5
40543.16667,5
40543.20278,0
40543.24444,0
40543.28611,0
40543.29167,0
40543.32778,0
40543.36944,6
40543.41111,6
40543.41667,6
40543.45278,6
40543.49444,6
40543.53611,7
40543.54167,7
40543.57778,3
40543.61944,7
40543.66111,6
40543.66667,6
40543.70278,5
40543.74444,5
40543.78611,5
40543.79167,5
40543.82778,0
40543.86944,0
40543.91111,3
40543.91667,3
40543.95278,0
40543.99444,0
40543.99931,0
