40179.03611,0.89
40179.04167,0.89
40179.07778,0.89
40179.09722,0.93
40179.11389,0.93
40179.11944,0.89
40179.16111,0.89
40179.16667,0.89
40179.16806,0.87
40179.20278,0.89
40179.24444,0.89
40179.28056,0.87
40179.28611,0.88
40179.29167,0.88
40179.30278,0.87
40179.31389,0.87
40179.32778,0.89
40179.36944,0.89
40179.41111,0.89
40179.41667,0.89
40179.45278,0.76
40179.49444,0.71
40179.53611,0.63
40179.54167,0.63
40179.57778,0.6
40179.61944,0.6
40179.66111,0.58
40179.66667,0.58
40179.70278,0.57
40179.74444,0.58
40179.78611,0.57
40179.79167,0.57
40179.82778,0.52
40179.86944,0.47
40179.91111,0.49
40179.91667,0.49
40179.95278,0.49
40179.99444,0.49
40179.99931,0.49
40180.03611,0.49
40180.04167,0.49
40180.07778,0.49
40180.11944,0.49
40180.16111,0.49
40180.16667,0.49
40180.20278,0.49
40180.24444,0.47
40180.28611,0.46
40180.29167,0.46
40180.32778,0.46
40180.36944,0.43
40180.41111,0.43
40180.41667,0.43
40180.45278,0.43
40180.49444,0.38
40180.53611,0.38
40180.54167,0.38
40180.57778,0.37
40180.61944,0.35
40180.66111,0.37
40180.66667,0.37
40180.70278,0.39
40180.74444,0.4
40180.78611,0.4
40180.79167,0.4
40180.82778,0.42
40180.86944,0.42
40180.91111,0.43
40180.91667,0.43
40180.95278,0.43
40180.99444,0.41
40180.99931,0.41
40181.03611,0.45
40181.04167,0.45
40181.07778,0.41
40181.11944,0.43
40181.16111,0.43
40181.16667,0.43
40181.20278,0.43
40181.24444,0.43
40181.28611,0.45
40181.29167,0.45
40181.32778,0.45
40181.36944,0.41
40181.41111,0.41
40181.41667,0.41
40181.45278,0.4
40181.49444,0.36
40181.53611,0.35
40181.54167,0.35
40181.57778,0.35
40181.61944,0.37
40181.66111,0.39
40181.66667,0.39
40181.70278,0.4
40181.74444,0.42
40181.78611,0.42
40181.79167,0.42
40181.82778,0.46
40181.86944,0.46
40181.91111,0.46
40181.91667,0.46
40181.95278,0.46
40181.99444,0.48
40181.99931,0.48
40182.03611,0.48
40182.04167,0.48
40182.07778,0.46
40182.11944,0.5
40182.16111,0.48
40182.16667,0.48
40182.20278,0.5
40182.24444,0.5
40182.28611,0.5
40182.29167,0.5
40182.32778,0.5
40182.36944,0.48
40182.41111,0.44
40182.41667,0.44
40182.45278,0.43
40182.49444,0.4
40182.53611,0.4
40182.54167,0.4
40182.57778,0.38
40182.61944,0.37
40182.66111,0.4
40182.66667,0.4
40182.70278,0.45
40182.74444,0.45
40182.78611,0.45
40182.79167,0.45
40182.82778,0.47
40182.86944,0.49
40182.91111,0.49
40182.91667,0.49
40182.95278,0.51
40182.99444,0.53
40182.99931,0.53
40183.03611,0.51
40183.04167,0.51
40183.07778,0.51
40183.11944,0.49
40183.16111,0.47
40183.16667,0.47
40183.20278,0.49
40183.24444,0.49
40183.28611,0.53
40183.29167,0.53
40183.30764,0.54
40183.32778,0.55
40183.34306,0.51
40183.36944,0.49
40183.41111,0.47
40183.41667,0.47
40183.45278,0.43
40183.49444,0.42
40183.53611,0.4
40183.54167,0.4
40183.57778,0.37
40183.61944,0.38
40183.66111,0.4
40183.66667,0.4
40183.70278,0.42
40183.74444,0.43
40183.78611,0.47
40183.79167,0.47
40183.82778,0.47
40183.86944,0.47
40183.91111,0.47
40183.91667,0.47
40183.95278,0.47
40183.99444,0.47
40183.99931,0.47
40184.03611,0.49
40184.04167,0.49
40184.07778,0.49
40184.11944,0.49
40184.16111,0.51
40184.16667,0.51
40184.20278,0.51
40184.24444,0.49
40184.28611,0.49
40184.29167,0.49
40184.32778,0.52
40184.35764,0.59
40184.36944,0.61
40184.41111,0.54
40184.41667,0.54
40184.45278,0.44
40184.49444,0.44
40184.53611,0.44
40184.54167,0.44
40184.57778,0.44
40184.61944,0.43
40184.66111,0.44
40184.66667,0.44
40184.70278,0.46
40184.74444,0.49
40184.78611,0.52
40184.79167,0.52
40184.82778,0.5
40184.86944,0.5
40184.91111,0.52
40184.91667,0.52
40184.95278,0.52
40184.99444,0.54
40184.99931,0.54
40185.03611,0.54
40185.04167,0.54
40185.07778,0.56
40185.11944,0.56
40185.16111,0.56
40185.16667,0.56
40185.20278,0.56
40185.24444,0.56
40185.28611,0.56
40185.29167,0.56
40185.32778,0.56
40185.36944,0.54
40185.41111,0.5
40185.41667,0.5
40185.45278,0.46
40185.49444,0.46
40185.53611,0.43
40185.54167,0.43
40185.57778,0.42
40185.61944,0.41
40185.66111,0.44
40185.66667,0.44
40185.70278,0.48
40185.74444,0.5
40185.78611,0.52
40185.79167,0.52
40185.82778,0.56
40185.86944,0.52
40185.91111,0.52
40185.91667,0.52
40185.93125,0.6
40185.95278,0.61
40185.98056,0.69
40185.99444,0.79
40185.99931,0.79
40186,0.8
40186.00556,0.86
40186.025,0.86
40186.03333,0.86
40186.03611,0.88
40186.04167,0.88
40186.04653,0.86
40186.04931,0.86
40186.06667,0.86
40186.07431,0.86
40186.07778,0.88
40186.10208,0.93
40186.11944,0.89
40186.16111,0.85
40186.16667,0.85
40186.16875,0.87
40186.17847,0.93
40186.18472,0.86
40186.19097,0.86
40186.19444,0.86
40186.19861,0.8
40186.20278,0.82
40186.20972,0.8
40186.22569,0.86
40186.24444,0.82
40186.28611,0.72
40186.29167,0.72
40186.32778,0.67
40186.36944,0.58
40186.38542,0.51
40186.41111,0.49
40186.41667,0.49
40186.45278,0.49
40186.49444,0.46
40186.53611,0.44
40186.54167,0.44
40186.56389,0.43
40186.57778,0.43
40186.61944,0.43
40186.66111,0.43
40186.66667,0.43
40186.70278,0.44
40186.74444,0.46
40186.78611,0.48
40186.79167,0.48
40186.82778,0.48
40186.86944,0.5
40186.91111,0.53
40186.91667,0.53
40186.95278,0.53
40186.99444,0.55
40186.99931,0.55
40187.03611,0.55
40187.04167,0.55
40187.07778,0.57
40187.11944,0.57
40187.16111,0.55
40187.16667,0.55
40187.20278,0.55
40187.24444,0.55
40187.28611,0.6
40187.29167,0.6
40187.32778,0.57
40187.36944,0.56
40187.41111,0.54
40187.41667,0.54
40187.45278,0.5
40187.49444,0.42
40187.53611,0.38
40187.54167,0.38
40187.57778,0.35
40187.61944,0.32
40187.66111,0.34
40187.66667,0.34
40187.70278,0.35
40187.74444,0.36
40187.78611,0.41
40187.79167,0.41
40187.82778,0.43
40187.86944,0.47
40187.91111,0.49
40187.91667,0.49
40187.95278,0.49
40187.99444,0.51
40187.99931,0.51
40188.03611,0.5
40188.04167,0.5
40188.07778,0.52
40188.11944,0.55
40188.16111,0.55
40188.16667,0.55
40188.20278,0.52
40188.24444,0.52
40188.28611,0.48
40188.29167,0.48
40188.32778,0.45
40188.36944,0.44
40188.41111,0.42
40188.41667,0.42
40188.45278,0.37
40188.49444,0.33
40188.53611,0.31
40188.54167,0.31
40188.57778,0.29
40188.61944,0.29
40188.66111,0.33
40188.66667,0.33
40188.70278,0.36
40188.74444,0.38
40188.78611,0.38
40188.79167,0.38
40188.82778,0.37
40188.86944,0.4
40188.91111,0.42
40188.91667,0.42
40188.95278,0.48
40188.99444,0.5
40188.99931,0.5
40189.03611,0.53
40189.04167,0.53
40189.07778,0.52
40189.11944,0.55
40189.16111,0.5
40189.16667,0.5
40189.20278,0.52
40189.24444,0.5
40189.28611,0.52
40189.29167,0.52
40189.32778,0.5
40189.36944,0.48
40189.41111,0.44
40189.41667,0.44
40189.45278,0.47
40189.49444,0.43
40189.53611,0.38
40189.54167,0.38
40189.57778,0.35
40189.61944,0.34
40189.66111,0.34
40189.66667,0.34
40189.70278,0.31
40189.74444,0.42
40189.78611,0.47
40189.79167,0.47
40189.82778,0.5
40189.86944,0.73
40189.91111,0.79
40189.91667,0.79
40189.95278,0.82
40189.99444,0.56
40189.99931,0.56
40190.03611,0.5
40190.04167,0.5
40190.07778,0.5
40190.11944,0.52
40190.16111,0.49
40190.16667,0.49
40190.20278,0.51
40190.24444,0.49
40190.28611,0.49
40190.29167,0.49
40190.32778,0.51
40190.36944,0.49
40190.41111,0.49
40190.41667,0.49
40190.45278,0.45
40190.49444,0.45
40190.53611,0.45
40190.54167,0.45
40190.57778,0.43
40190.61944,0.42
40190.66111,0.42
40190.66667,0.42
40190.70278,0.43
40190.74444,0.42
40190.78611,0.45
40190.79167,0.45
40190.82778,0.49
40190.86944,0.49
40190.91111,0.51
40190.91667,0.51
40190.95278,0.54
40190.99444,0.56
40190.99931,0.56
40191.03611,0.56
40191.04167,0.56
40191.07778,0.58
40191.11944,0.56
40191.16111,0.58
40191.16667,0.58
40191.20278,0.6
40191.24444,0.6
40191.28611,0.63
40191.29167,0.63
40191.32778,0.58
40191.36944,0.56
40191.41111,0.5
40191.41667,0.5
40191.45278,0.44
40191.49444,0.41
40191.53611,0.35
40191.54167,0.35
40191.57778,0.35
40191.61944,0.32
40191.66111,0.32
40191.66667,0.32
40191.70278,0.34
40191.74444,0.36
40191.78611,0.52
40191.79167,0.52
40191.82778,0.55
40191.86944,0.64
40191.91111,0.61
40191.91667,0.61
40191.95278,0.66
40191.99444,0.79
40191.99931,0.79
40192.03611,0.75
40192.04167,0.75
40192.07778,0.78
40192.11944,0.82
40192.16111,0.78
40192.16667,0.78
40192.20278,0.75
40192.24444,0.78
40192.28611,0.72
40192.29167,0.72
40192.32639,0.74
40192.32778,0.75
40192.36944,0.76
40192.41111,0.61
40192.45278,0.47
40192.49444,0.4
40192.53611,0.34
40192.54167,0.34
40192.57778,0.32
40192.61944,0.32
40192.66111,0.32
40192.66667,0.32
40192.70278,0.29
40192.74444,0.47
40192.78611,0.4
40192.79167,0.4
40192.82778,0.6
40192.86944,0.54
40192.91111,0.55
40192.91667,0.55
40192.95278,0.75
40192.99444,0.61
40192.99931,0.61
40193.03611,0.75
40193.04167,0.75
40193.07778,0.85
40193.11944,0.79
40193.16111,0.79
40193.16667,0.79
40193.20278,0.82
40193.24444,0.75
40193.28611,0.79
40193.29167,0.79
40193.32778,0.79
40193.36944,0.75
40193.41111,0.67
40193.41667,0.67
40193.45278,0.53
40193.49444,0.41
40193.52639,0.4
40193.53611,0.38
40193.54167,0.38
40193.57778,0.39
40193.61944,0.34
40193.66111,0.37
40193.66667,0.37
40193.70278,0.45
40193.74444,0.54
40193.78611,0.54
40193.79167,0.54
40193.82778,0.63
40193.86944,0.66
40193.91111,0.66
40193.91667,0.66
40193.95278,0.68
40193.99444,0.66
40193.99931,0.66
40194.03611,0.77
40194.04167,0.77
40194.07778,0.83
40194.11944,0.89
40194.16111,0.89
40194.16667,0.89
40194.20278,0.85
40194.24444,0.85
40194.28611,0.85
40194.29167,0.85
40194.32778,0.88
40194.36944,0.89
40194.41111,0.86
40194.41667,0.86
40194.45278,0.79
40194.49444,0.73
40194.53611,0.66
40194.54167,0.66
40194.57778,0.57
40194.61944,0.54
40194.66111,0.57
40194.66667,0.57
40194.70278,0.61
40194.74444,0.66
40194.78611,0.71
40194.79167,0.71
40194.82778,0.71
40194.86944,0.79
40194.91111,0.79
40194.91667,0.79
40194.95278,0.73
40194.99444,0.83
40194.99931,0.83
40195.03611,0.79
40195.04167,0.79
40195.07778,0.82
40195.11944,0.79
40195.16111,0.79
40195.16667,0.79
40195.20278,0.79
40195.24444,0.79
40195.26181,0.81
40195.28611,0.82
40195.29167,0.82
40195.32778,0.86
40195.36944,0.89
40195.40417,0.87
40195.41111,0.89
40195.41667,0.89
40195.42639,0.87
40195.45278,0.93
40195.47708,0.93
40195.49444,0.89
40195.53611,0.89
40195.54167,0.89
40195.56111,0.87
40195.57778,0.89
40195.61944,0.89
40195.63333,0.87
40195.64167,0.87
40195.65556,0.87
40195.66111,0.93
40195.66389,0.93
40195.68542,0.87
40195.69514,0.87
40195.70278,0.89
40195.71667,0.87
40195.73611,0.87
40195.74306,0.87
40195.74444,0.89
40195.76319,0.93
40195.78611,0.9
40195.79167,0.9
40195.80556,0.93
40195.80833,0.93
40195.81042,0.93
40195.81389,0.93
40195.82778,0.9
40195.83819,0.93
40195.83958,0.93
40195.84167,0.93
40195.85556,0.93
40195.85764,0.93
40195.86806,0.93
40195.86944,0.89
40195.87083,0.87
40195.87222,0.87
40195.875,0.87
40195.87917,0.87
40195.88194,0.87
40195.88333,0.87
40195.89792,0.87
40195.90069,0.87
40195.90417,0.87
40195.91111,0.86
40195.91667,0.86
40195.92222,0.87
40195.9375,0.87
40195.95278,0.86
40195.99306,0.87
40195.99444,0.86
40195.99931,0.86
40196.03611,0.82
40196.04167,0.82
40196.04722,0.81
40196.07778,0.82
40196.08542,0.81
40196.11944,0.82
40196.14306,0.81
40196.16111,0.82
40196.16667,0.82
40196.16875,0.81
40196.20278,0.79
40196.24444,0.76
40196.28611,0.76
40196.29028,0.76
40196.29167,0.76
40196.325,0.76
40196.32778,0.76
40196.35694,0.71
40196.36944,0.68
40196.41111,0.66
40196.41667,0.66
40196.45278,0.61
40196.49444,0.59
40196.53611,0.55
40196.54167,0.55
40196.57778,0.51
40196.61944,0.49
40196.66111,0.51
40196.66667,0.51
40196.70278,0.5
40196.74444,0.58
40196.78611,0.54
40196.79167,0.54
40196.82778,0.68
40196.86944,0.74
40196.91111,0.79
40196.91667,0.79
40196.95278,0.82
40196.99444,0.86
40196.99931,0.86
40197.03611,0.86
40197.04167,0.86
40197.07778,0.86
40197.11944,0.89
40197.16111,0.85
40197.16667,0.85
40197.20278,0.89
40197.24444,0.82
40197.28611,0.89
40197.29167,0.89
40197.32778,0.89
40197.35556,0.87
40197.36944,0.86
40197.41111,0.86
40197.41667,0.86
40197.45278,0.77
40197.49444,0.71
40197.53611,0.64
40197.54167,0.64
40197.57778,0.57
40197.61944,0.38
40197.66111,0.38
40197.66667,0.38
40197.70278,0.38
40197.74444,0.5
40197.78611,0.61
40197.79167,0.61
40197.82778,0.61
40197.86944,0.66
40197.91111,0.73
40197.91667,0.73
40197.95278,0.76
40197.99444,0.82
40197.99931,0.82
40198.03611,0.73
40198.04167,0.73
40198.07778,0.73
40198.11944,0.7
40198.16111,0.67
40198.16667,0.67
40198.20278,0.65
40198.24444,0.73
40198.25208,0.7
40198.27222,0.75
40198.28611,0.73
40198.28819,0.75
40198.3,0.75
40198.31944,0.75
40198.32778,0.76
40198.36944,0.7
40198.41111,0.67
40198.41667,0.67
40198.45278,0.6
40198.49444,0.6
40198.51806,0.61
40198.53611,0.53
40198.54167,0.53
40198.57778,0.47
40198.61944,0.43
40198.66111,0.43
40198.66667,0.43
40198.69375,0.53
40198.70278,0.51
40198.74444,0.49
40198.78611,0.47
40198.79167,0.47
40198.82778,0.51
40198.86944,0.51
40198.91111,0.6
40198.91667,0.6
40198.95278,0.59
40198.99444,0.62
40198.99931,0.62
40199.03611,0.57
40199.04167,0.57
40199.07778,0.57
40199.11944,0.62
40199.16111,0.61
40199.16667,0.61
40199.20278,0.64
40199.24444,0.66
40199.28611,0.67
40199.29167,0.67
40199.32778,0.66
40199.36944,0.64
40199.41111,0.62
40199.41667,0.62
40199.45278,0.57
40199.49444,0.49
40199.53611,0.43
40199.54167,0.43
40199.57778,0.42
40199.61944,0.45
40199.66111,0.51
40199.66667,0.51
40199.70278,0.55
40199.74444,0.55
40199.78611,0.53
40199.79167,0.53
40199.81944,0.56
40199.82778,0.58
40199.84444,0.65
40199.85556,0.65
40199.86944,0.7
40199.87917,0.7
40199.91111,0.76
40199.91667,0.76
40199.95278,0.82
40199.99444,0.82
40199.99931,0.82
40200.03056,0.87
40200.03611,0.86
40200.04167,0.86
40200.04931,0.87
40200.06944,0.81
40200.07778,0.82
40200.11806,0.81
40200.11944,0.82
40200.16111,0.79
40200.16667,0.79
40200.20278,0.76
40200.24444,0.76
40200.28611,0.73
40200.29167,0.73
40200.30486,0.7
40200.31458,0.75
40200.32778,0.76
40200.35972,0.7
40200.36944,0.7
40200.38611,0.7
40200.39861,0.75
40200.40625,0.7
40200.41111,0.68
40200.41667,0.68
40200.45278,0.62
40200.49444,0.6
40200.53611,0.58
40200.54167,0.58
40200.57778,0.55
40200.6,0.53
40200.61944,0.53
40200.66111,0.53
40200.66667,0.53
40200.70278,0.55
40200.74444,0.6
40200.78611,0.65
40200.79167,0.65
40200.82778,0.58
40200.86944,0.57
40200.91111,0.6
40200.91667,0.6
40200.95278,0.6
40200.99444,0.6
40200.99931,0.6
40201.03611,0.55
40201.04167,0.55
40201.07778,0.67
40201.11944,0.67
40201.16111,0.75
40201.16667,0.75
40201.20278,0.7
40201.24444,0.75
40201.28611,0.73
40201.29167,0.73
40201.32778,0.64
40201.36944,0.57
40201.41111,0.52
40201.41667,0.52
40201.45278,0.49
40201.49444,0.43
40201.53611,0.38
40201.54167,0.38
40201.57778,0.39
40201.61944,0.34
40201.66111,0.38
40201.66667,0.38
40201.70278,0.47
40201.74444,0.51
40201.78611,0.57
40201.79167,0.57
40201.82778,0.62
40201.86944,0.67
40201.91111,0.7
40201.91667,0.7
40201.95278,0.7
40201.99444,0.7
40201.99931,0.7
40202.03611,0.7
40202.04167,0.7
40202.07778,0.7
40202.11944,0.7
40202.16111,0.73
40202.16667,0.73
40202.20278,0.73
40202.24444,0.76
40202.28611,0.73
40202.29167,0.73
40202.32778,0.76
40202.36944,0.82
40202.39375,0.81
40202.41111,0.86
40202.41667,0.86
40202.44097,0.87
40202.45278,0.86
40202.49444,0.86
40202.53472,0.81
40202.53611,0.79
40202.54167,0.79
40202.57778,0.76
40202.61944,0.76
40202.66111,0.73
40202.66667,0.73
40202.70278,0.77
40202.74444,0.77
40202.78611,0.83
40202.79167,0.83
40202.82778,0.8
40202.86944,0.78
40202.91111,0.83
40202.91667,0.83
40202.93194,0.88
40202.95278,0.84
40202.99444,0.84
40202.99931,0.84
40203.03611,0.84
40203.04167,0.84
40203.07778,0.87
40203.11944,0.83
40203.16111,0.83
40203.16667,0.83
40203.18194,0.83
40203.19583,0.88
40203.20278,0.84
40203.24444,0.84
40203.28611,0.86
40203.29167,0.86
40203.32778,0.84
40203.33958,0.83
40203.35833,0.83
40203.36806,0.83
40203.36944,0.84
40203.38542,0.88
40203.39097,0.88
40203.40972,0.88
40203.41111,0.9
40203.41597,0.88
40203.41667,0.9
40203.42778,0.94
40203.44653,0.83
40203.45278,0.87
40203.47014,0.83
40203.49444,0.61
40203.53611,0.55
40203.54167,0.55
40203.57153,0.55
40203.57778,0.56
40203.61944,0.52
40203.66111,0.56
40203.66667,0.56
40203.70278,0.58
40203.74444,0.58
40203.78611,0.71
40203.79167,0.71
40203.82778,0.59
40203.86944,0.5
40203.91111,0.63
40203.91667,0.63
40203.95278,0.63
40203.99444,0.54
40203.99931,0.54
40204.03611,0.44
40204.04167,0.44
40204.07778,0.43
40204.11944,0.45
40204.16111,0.47
40204.16667,0.47
40204.20278,0.43
40204.24444,0.46
40204.28611,0.46
40204.29167,0.46
40204.32778,0.48
40204.36944,0.49
40204.41111,0.49
40204.41667,0.49
40204.45278,0.45
40204.49444,0.42
40204.53611,0.42
40204.54167,0.42
40204.57778,0.44
40204.61944,0.42
40204.66111,0.47
40204.66667,0.47
40204.70278,0.6
40204.74444,0.53
40204.78611,0.51
40204.79167,0.51
40204.82778,0.52
40204.86944,0.51
40204.91111,0.48
40204.91667,0.48
40204.95278,0.48
40204.99444,0.5
40204.99931,0.5
40205.03611,0.48
40205.04167,0.48
40205.07778,0.52
40205.11944,0.52
40205.16111,0.54
40205.16667,0.54
40205.20278,0.54
40205.24444,0.56
40205.28611,0.56
40205.29167,0.56
40205.32778,0.52
40205.35417,0.48
40205.36944,0.5
40205.39792,0.48
40205.41111,0.48
40205.41667,0.48
40205.45278,0.43
40205.49444,0.43
40205.53611,0.42
40205.54167,0.42
40205.57778,0.35
40205.61944,0.35
40205.66111,0.37
40205.66667,0.37
40205.70278,0.4
40205.74444,0.43
40205.78611,0.49
40205.79167,0.49
40205.82778,0.47
40205.86944,0.47
40205.91111,0.57
40205.91667,0.57
40205.95278,0.59
40205.99444,0.73
40205.99931,0.73
40206.03611,0.7
40206.04167,0.7
40206.07778,0.67
40206.11944,0.72
40206.16111,0.67
40206.16667,0.67
40206.20278,0.7
40206.24444,0.65
40206.28611,0.59
40206.29167,0.59
40206.32778,0.62
40206.36944,0.55
40206.41111,0.53
40206.41667,0.53
40206.45278,0.45
40206.49444,0.42
40206.53611,0.41
40206.54167,0.41
40206.57778,0.37
40206.61944,0.28
40206.66111,0.27
40206.66667,0.27
40206.70278,0.28
40206.74444,0.27
40206.78611,0.27
40206.79167,0.27
40206.82778,0.32
40206.86944,0.36
40206.91111,0.38
40206.91667,0.38
40206.95278,0.35
40206.99444,0.37
40206.99931,0.37
40207.03611,0.42
40207.04167,0.42
40207.07778,0.44
40207.11944,0.46
40207.16111,0.42
40207.16667,0.42
40207.20278,0.41
40207.24444,0.41
40207.28611,0.41
40207.29167,0.41
40207.32778,0.41
40207.36944,0.41
40207.41111,0.42
40207.41667,0.42
40207.45278,0.43
40207.49444,0.38
40207.53611,0.38
40207.54167,0.38
40207.57778,0.37
40207.61944,0.35
40207.66111,0.35
40207.66667,0.35
40207.70278,0.34
40207.74444,0.34
40207.78611,0.34
40207.79167,0.34
40207.82778,0.35
40207.86944,0.35
40207.91111,0.35
40207.91667,0.35
40207.95278,0.38
40207.99444,0.38
40207.99931,0.38
40208.03611,0.4
40208.04167,0.4
40208.07778,0.42
40208.11944,0.42
40208.16111,0.44
40208.16667,0.44
40208.20278,0.42
40208.24444,0.42
40208.28611,0.42
40208.29167,0.42
40208.32778,0.44
40208.36944,0.44
40208.38403,0.49
40208.38611,0.54
40208.39236,0.54
40208.40139,0.63
40208.41111,0.71
40208.41389,0.73
40208.42153,0.73
40208.425,0.73
40208.42778,0.73
40208.44444,0.79
40208.45278,0.81
40208.47153,0.79
40208.49444,0.77
40208.49792,0.79
40208.50347,0.79
40208.50556,0.79
40208.52778,0.73
40208.53611,0.77
40208.54167,0.77
40208.55,0.73
40208.55694,0.73
40208.56319,0.73
40208.56667,0.73
40208.57014,0.73
40208.57778,0.74
40208.57986,0.73
40208.58889,0.73
40208.59653,0.73
40208.59861,0.73
40208.61042,0.73
40208.61736,0.73
40208.61944,0.77
40208.62222,0.79
40208.64028,0.73
40208.65972,0.79
40208.66111,0.77
40208.66667,0.77
40208.69306,0.79
40208.70278,0.77
40208.71736,0.73
40208.72292,0.79
40208.73403,0.73
40208.74444,0.74
40208.75972,0.73
40208.77847,0.73
40208.78611,0.74
40208.79097,0.73
40208.79167,0.74
40208.81944,0.73
40208.82639,0.73
40208.82778,0.74
40208.83542,0.73
40208.86806,0.68
40208.86944,0.71
40208.90069,0.68
40208.91111,0.68
40208.91667,0.68
40208.94306,0.68
40208.94653,0.73
40208.95278,0.71
40208.96181,0.73
40208.97083,0.73
40208.98681,0.73
40208.99444,0.74
40208.99861,0.73
40208.99931,0.73
40209.01181,0.73
40209.02014,0.73
40209.02639,0.63
40209.03611,0.59
40209.04167,0.59
40209.07778,0.52
40209.11944,0.5
40209.16111,0.51
40209.16667,0.51
40209.20278,0.54
40209.24444,0.51
40209.28611,0.54
40209.29167,0.54
40209.32778,0.49
40209.36944,0.47
40209.41111,0.4
40209.41667,0.4
40209.45278,0.35
40209.49444,0.35
40209.53611,0.34
40209.54167,0.34
40209.57778,0.31
40209.61944,0.3
40209.66111,0.3
40209.66667,0.3
40209.70278,0.28
40209.74444,0.32
40209.78611,0.43
40209.79167,0.43
40209.82778,0.43
40209.86944,0.44
40209.91111,0.53
40209.91667,0.53
40209.95278,0.55
40209.99444,0.57
40209.99931,0.57
40210.03611,0.53
40210.04167,0.53
40210.07778,0.71
40210.11944,0.65
40210.16111,0.68
40210.16667,0.68
40210.20278,0.71
40210.24444,0.57
40210.28611,0.49
40210.29167,0.49
40210.32778,0.49
40210.36944,0.49
40210.41111,0.45
40210.41667,0.45
40210.45278,0.43
40210.49444,0.4
40210.53611,0.38
40210.54167,0.38
40210.57778,0.37
40210.61944,0.34
40210.66111,0.33
40210.66667,0.33
40210.70278,0.33
40210.74444,0.34
40210.78611,0.48
40210.79167,0.48
40210.82778,0.56
40210.86944,0.54
40210.91111,0.61
40210.91667,0.61
40210.95278,0.67
40210.99444,0.67
40210.99931,0.67
40211.03611,0.66
40211.04167,0.66
40211.07778,0.69
40211.11944,0.66
40211.16111,0.75
40211.16667,0.75
40211.20278,0.72
40211.24444,0.72
40211.28611,0.75
40211.29167,0.75
40211.32778,0.69
40211.36944,0.79
40211.41111,0.7
40211.41667,0.7
40211.45278,0.61
40211.49444,0.55
40211.53611,0.54
40211.54167,0.54
40211.57778,0.47
40211.61944,0.45
40211.66111,0.49
40211.66667,0.49
40211.70278,0.65
40211.74444,0.7
40211.76389,0.7
40211.78611,0.88
40211.79167,0.79
40211.79375,0.81
40211.79861,0.81
40211.80278,0.81
40211.80486,0.81
40211.82083,0.81
40211.82639,0.87
40211.82778,0.89
40211.83542,0.81
40211.86944,0.89
40211.91111,0.92
40211.91667,0.92
40211.95278,0.89
40211.97778,0.87
40211.99236,0.87
40211.99444,0.88
40211.99931,0.88
40212.00069,0.93
40212.01528,0.87
40212.01875,0.87
40212.02708,0.93
40212.03611,0.92
40212.04167,0.92
40212.06875,0.87
40212.07778,0.88
40212.08056,0.93
40212.09167,0.81
40212.09583,0.81
40212.10278,0.81
40212.10486,0.81
40212.1125,0.87
40212.11944,0.85
40212.12639,0.87
40212.16111,0.88
40212.16667,0.88
40212.17917,0.81
40212.20278,0.88
40212.22083,0.87
40212.24444,0.85
40212.25625,0.87
40212.28611,0.85
40212.29167,0.85
40212.30625,0.81
40212.32222,0.81
40212.32778,0.85
40212.33333,0.87
40212.36528,0.81
40212.36944,0.85
40212.39653,0.87
40212.40764,0.87
40212.41111,0.85
40212.41667,0.85
40212.45278,0.78
40212.49444,0.73
40212.51319,0.75
40212.53611,0.67
40212.54167,0.67
40212.55417,0.66
40212.57778,0.62
40212.60972,0.61
40212.61944,0.62
40212.66111,0.62
40212.66667,0.62
40212.70278,0.62
40212.74444,0.63
40212.78611,0.6
40212.79167,0.6
40212.82778,0.6
40212.86944,0.65
40212.91111,0.65
40212.91667,0.65
40212.95278,0.62
40212.99444,0.6
40212.99931,0.6
40213.03611,0.55
40213.04167,0.55
40213.07778,0.54
40213.11944,0.58
40213.16111,0.56
40213.16667,0.56
40213.20278,0.56
40213.24444,0.54
40213.28611,0.54
40213.29167,0.54
40213.32778,0.54
40213.36944,0.52
40213.41111,0.46
40213.41667,0.46
40213.45278,0.42
40213.49444,0.39
40213.53611,0.4
40213.54167,0.4
40213.57778,0.35
40213.61944,0.33
40213.66111,0.35
40213.66667,0.35
40213.70278,0.35
40213.74444,0.43
40213.78611,0.41
40213.79167,0.41
40213.82778,0.54
40213.86944,0.59
40213.91111,0.57
40213.91667,0.57
40213.95278,0.7
40213.99444,0.61
40213.99931,0.61
40214.03611,0.73
40214.04167,0.73
40214.07778,0.73
40214.11944,0.64
40214.16111,0.67
40214.16667,0.67
40214.20278,0.64
40214.24444,0.7
40214.28611,0.59
40214.29167,0.59
40214.32778,0.59
40214.35972,0.65
40214.36944,0.59
40214.41111,0.62
40214.41667,0.62
40214.44375,0.75
40214.45278,0.78
40214.45764,0.75
40214.46319,0.81
40214.475,0.87
40214.47778,0.87
40214.48611,0.87
40214.49028,0.87
40214.49306,0.87
40214.49444,0.89
40214.5,0.87
40214.5125,0.87
40214.53611,0.89
40214.54167,0.89
40214.54514,0.87
40214.57014,0.87
40214.57778,0.89
40214.60764,0.87
40214.61944,0.89
40214.63958,0.87
40214.65139,0.87
40214.65694,0.87
40214.66111,0.89
40214.66667,0.89
40214.69792,0.87
40214.70139,0.87
40214.70278,0.89
40214.71458,0.81
40214.74444,0.89
40214.77569,0.87
40214.78611,0.89
40214.79167,0.89
40214.80139,0.87
40214.8125,0.87
40214.81597,0.87
40214.82778,0.89
40214.86944,0.88
40214.91111,0.88
40214.91667,0.88
40214.92986,0.87
40214.95278,0.92
40214.99444,0.92
40214.99931,0.92
40215.03611,0.92
40215.04167,0.92
40215.05972,0.93
40215.07222,0.93
40215.07778,0.92
40215.07917,0.93
40215.10139,0.93
40215.11944,0.92
40215.16111,0.92
40215.16667,0.92
40215.20278,0.89
40215.24444,0.89
40215.28264,0.86
40215.28611,0.88
40215.29167,0.88
40215.31389,0.86
40215.32778,0.88
40215.36944,0.88
40215.41111,0.92
40215.41667,0.92
40215.45278,0.89
40215.49444,0.88
40215.50764,0.93
40215.52083,0.93
40215.53611,0.88
40215.54167,0.88
40215.56597,0.86
40215.57778,0.85
40215.61944,0.84
40215.64028,0.86
40215.66111,0.84
40215.66667,0.84
40215.67847,0.8
40215.69792,0.8
40215.70278,0.84
40215.70833,0.8
40215.71389,0.8
40215.72569,0.8
40215.74444,0.75
40215.78611,0.69
40215.79167,0.69
40215.82778,0.68
40215.86944,0.72
40215.91111,0.74
40215.91667,0.74
40215.95278,0.68
40215.99444,0.66
40215.99931,0.66
40216.03611,0.65
40216.04167,0.65
40216.07778,0.65
40216.11944,0.62
40216.16111,0.65
40216.16667,0.65
40216.20278,0.65
40216.24444,0.68
40216.28611,0.64
40216.29167,0.64
40216.32778,0.62
40216.36944,0.65
40216.41111,0.57
40216.41667,0.57
40216.45278,0.55
40216.49444,0.55
40216.53611,0.54
40216.54167,0.54
40216.57778,0.54
40216.61944,0.49
40216.66111,0.49
40216.66667,0.49
40216.70278,0.52
40216.74444,0.51
40216.78611,0.56
40216.79167,0.56
40216.82778,0.72
40216.86944,0.63
40216.91111,0.53
40216.91667,0.53
40216.95278,0.53
40216.99444,0.58
40216.99931,0.58
40217.03611,0.6
40217.04167,0.6
40217.07778,0.57
40217.11944,0.6
40217.16111,0.6
40217.16667,0.6
40217.20278,0.6
40217.24444,0.6
40217.28611,0.6
40217.29167,0.6
40217.32778,0.57
40217.36944,0.55
40217.41111,0.51
40217.41667,0.51
40217.45278,0.49
40217.49444,0.47
40217.53611,0.43
40217.54167,0.43
40217.57778,0.42
40217.61944,0.4
40217.66111,0.4
40217.66667,0.4
40217.70278,0.42
40217.74444,0.45
40217.78611,0.51
40217.79167,0.51
40217.82778,0.49
40217.86944,0.49
40217.91111,0.49
40217.91667,0.49
40217.95278,0.51
40217.99444,0.6
40217.99931,0.6
40218.03611,0.6
40218.04167,0.6
40218.07778,0.6
40218.11944,0.57
40218.16111,0.66
40218.16667,0.66
40218.20278,0.6
40218.24444,0.55
40218.28611,0.63
40218.29167,0.63
40218.32778,0.63
40218.36944,0.61
40218.41111,0.63
40218.41667,0.63
40218.45278,0.61
40218.49444,0.58
40218.53611,0.59
40218.54167,0.59
40218.57778,0.58
40218.61944,0.5
40218.66111,0.57
40218.66667,0.57
40218.67083,0.56
40218.68611,0.65
40218.68889,0.65
40218.69583,0.75
40218.70278,0.79
40218.70764,0.8
40218.70903,0.8
40218.74444,0.75
40218.75208,0.8
40218.75347,0.8
40218.75833,0.8
40218.76389,0.8
40218.77083,0.86
40218.78611,0.88
40218.79167,0.88
40218.79722,0.86
40218.82778,0.88
40218.84375,0.86
40218.8625,0.86
40218.86944,0.89
40218.87847,0.93
40218.88681,0.93
40218.89375,0.93
40218.89653,0.93
40218.90694,0.93
40218.91111,0.89
40218.91667,0.89
40218.92014,0.93
40218.92569,0.93
40218.92847,0.93
40218.93681,0.93
40218.95278,0.85
40218.98333,0.86
40218.99444,0.85
40218.99931,0.85
40219.03611,0.88
40219.04167,0.88
40219.04722,0.86
40219.07083,0.86
40219.07778,0.85
40219.10833,0.93
40219.11944,0.89
40219.12778,0.93
40219.13542,0.93
40219.15486,0.86
40219.16111,0.89
40219.16667,0.89
40219.17778,0.93
40219.18681,0.93
40219.19375,0.93
40219.19722,0.93
40219.20278,0.89
40219.2125,0.93
40219.21597,0.93
40219.22014,0.86
40219.22708,0.86
40219.24028,0.86
40219.24444,0.88
40219.26458,0.86
40219.27014,0.86
40219.275,0.86
40219.27917,0.93
40219.28611,0.89
40219.29167,0.89
40219.3,0.86
40219.31528,0.86
40219.32778,0.85
40219.33681,0.86
40219.34722,0.86
40219.36181,0.8
40219.36806,0.8
40219.36944,0.81
40219.37986,0.74
40219.41111,0.81
40219.41667,0.81
40219.43611,0.86
40219.45139,0.8
40219.45278,0.81
40219.48403,0.8
40219.49444,0.78
40219.52847,0.86
40219.53472,0.86
40219.53611,0.81
40219.54167,0.81
40219.55486,0.8
40219.57778,0.78
40219.60764,0.8
40219.61944,0.78
40219.63889,0.74
40219.64583,0.74
40219.65417,0.74
40219.66111,0.77
40219.66528,0.74
40219.66667,0.77
40219.68611,0.74
40219.69514,0.69
40219.69861,0.69
40219.70278,0.69
40219.71458,0.69
40219.74167,0.74
40219.74444,0.72
40219.75833,0.74
40219.77778,0.74
40219.77917,0.74
40219.78611,0.75
40219.79167,0.75
40219.82778,0.75
40219.86736,0.74
40219.86944,0.78
40219.89097,0.74
40219.90417,0.74
40219.91111,0.75
40219.91667,0.75
40219.95278,0.66
40219.99444,0.61
40219.99931,0.61
40220.03611,0.61
40220.04167,0.61
40220.07778,0.61
40220.11944,0.61
40220.16111,0.59
40220.16667,0.59
40220.20278,0.59
40220.24444,0.56
40220.28611,0.56
40220.29167,0.56
40220.32778,0.56
40220.36944,0.56
40220.41111,0.54
40220.41667,0.54
40220.45278,0.5
40220.49444,0.48
40220.53611,0.44
40220.54167,0.44
40220.57778,0.45
40220.61944,0.43
40220.66111,0.43
40220.66667,0.43
40220.70278,0.45
40220.74444,0.48
40220.78611,0.5
40220.79167,0.5
40220.82778,0.54
40220.86944,0.56
40220.91111,0.52
40220.91667,0.52
40220.95278,0.56
40220.99444,0.56
40220.99931,0.56
40221.03611,0.56
40221.04167,0.56
40221.07778,0.59
40221.11944,0.56
40221.16111,0.54
40221.16667,0.54
40221.20278,0.56
40221.24444,0.56
40221.28611,0.56
40221.29167,0.56
40221.32778,0.56
40221.36944,0.54
40221.41111,0.49
40221.41667,0.49
40221.45278,0.48
40221.49444,0.48
40221.53611,0.44
40221.54167,0.44
40221.57778,0.42
40221.61944,0.44
40221.66111,0.44
40221.66667,0.44
40221.70278,0.46
40221.74444,0.44
40221.78611,0.46
40221.79167,0.46
40221.82778,0.48
40221.86944,0.59
40221.91111,0.5
40221.91667,0.5
40221.95278,0.54
40221.99444,0.59
40221.99931,0.59
40222.03611,0.61
40222.04167,0.61
40222.07778,0.58
40222.11944,0.58
40222.16111,0.61
40222.16667,0.61
40222.20278,0.61
40222.24444,0.56
40222.28611,0.6
40222.29167,0.6
40222.32778,0.6
40222.36944,0.58
40222.41111,0.54
40222.41667,0.54
40222.45278,0.49
40222.49444,0.45
40222.53611,0.49
40222.54167,0.49
40222.57778,0.43
40222.61944,0.44
40222.66111,0.43
40222.66667,0.43
40222.70278,0.42
40222.74444,0.43
40222.78611,0.43
40222.79167,0.43
40222.82778,0.45
40222.86944,0.49
40222.91111,0.49
40222.91667,0.49
40222.95278,0.47
40222.99444,0.49
40222.99931,0.49
40223.03611,0.51
40223.04167,0.51
40223.07778,0.53
40223.11944,0.57
40223.16111,0.57
40223.16667,0.57
40223.20278,0.6
40223.24444,0.63
40223.28611,0.63
40223.29167,0.63
40223.32778,0.58
40223.36944,0.49
40223.41111,0.46
40223.41667,0.46
40223.45278,0.44
40223.49444,0.44
40223.53611,0.43
40223.54167,0.43
40223.57778,0.41
40223.61944,0.41
40223.66111,0.43
40223.66667,0.43
40223.70278,0.44
40223.74444,0.48
40223.78611,0.5
40223.79167,0.5
40223.82778,0.52
40223.86944,0.52
40223.91111,0.56
40223.91667,0.56
40223.95278,0.58
40223.99444,0.56
40223.99931,0.56
40224.03611,0.69
40224.04167,0.69
40224.07778,0.66
40224.11944,0.72
40224.16111,0.75
40224.16667,0.75
40224.20278,0.75
40224.24444,0.78
40224.28611,0.78
40224.29167,0.78
40224.32778,0.82
40224.36944,0.78
40224.40208,0.64
40224.41111,0.64
40224.41667,0.64
40224.45278,0.54
40224.49444,0.54
40224.53611,0.52
40224.54167,0.52
40224.57778,0.5
40224.60139,0.48
40224.60417,0.56
40224.61042,0.6
40224.61944,0.7
40224.63611,0.75
40224.6375,0.75
40224.64028,0.75
40224.64444,0.81
40224.64792,0.81
40224.65625,0.87
40224.65833,0.87
40224.66111,0.85
40224.66389,0.87
40224.66806,0.87
40224.67431,0.87
40224.67569,0.87
40224.68681,0.81
40224.69583,0.87
40224.7,0.87
40224.70278,0.85
40224.70972,0.87
40224.71875,0.87
40224.73542,0.87
40224.74444,0.89
40224.74931,0.87
40224.75556,0.87
40224.775,0.87
40224.78611,0.89
40224.79167,0.89
40224.80972,0.87
40224.81111,0.87
40224.81736,0.87
40224.82778,0.92
40224.86944,0.92
40224.91111,0.85
40224.91667,0.85
40224.95278,0.85
40224.96597,0.81
40224.99444,0.73
40224.99931,0.73
40225.03611,0.73
40225.04167,0.73
40225.07778,0.64
40225.11944,0.61
40225.16111,0.49
40225.16667,0.49
40225.20278,0.47
40225.24444,0.54
40225.28611,0.51
40225.29167,0.51
40225.32778,0.51
40225.36944,0.49
40225.41111,0.49
40225.41667,0.49
40225.45278,0.5
40225.49444,0.48
40225.53611,0.42
40225.54167,0.42
40225.57778,0.4
40225.61944,0.39
40225.66111,0.4
40225.66667,0.4
40225.70278,0.42
40225.74444,0.42
40225.78611,0.43
40225.79167,0.43
40225.82778,0.47
40225.86944,0.47
40225.91111,0.52
40225.91667,0.52
40225.95278,0.54
40225.99444,0.56
40225.99931,0.56
40226.03611,0.63
40226.04167,0.63
40226.07778,0.58
40226.11944,0.58
40226.16111,0.6
40226.16667,0.6
40226.20278,0.6
40226.24444,0.61
40226.28611,0.6
40226.29167,0.6
40226.32778,0.58
40226.36944,0.58
40226.41111,0.56
40226.41667,0.56
40226.45278,0.54
40226.49444,0.52
40226.53611,0.48
40226.54167,0.48
40226.57778,0.5
40226.61944,0.5
40226.66111,0.46
40226.66667,0.46
40226.70278,0.46
40226.74444,0.44
40226.78611,0.48
40226.79167,0.48
40226.82778,0.48
40226.86944,0.52
40226.91111,0.52
40226.91667,0.52
40226.95278,0.52
40226.99444,0.54
40226.99931,0.54
40227.03611,0.56
40227.04167,0.56
40227.07778,0.56
40227.11944,0.55
40227.16111,0.54
40227.16667,0.54
40227.20278,0.54
40227.24444,0.54
40227.28611,0.52
40227.29167,0.52
40227.32778,0.55
40227.36944,0.53
40227.41111,0.51
40227.41667,0.51
40227.45278,0.51
40227.49444,0.49
40227.53611,0.47
40227.54167,0.47
40227.57778,0.45
40227.61944,0.43
40227.66111,0.43
40227.66667,0.43
40227.70278,0.47
40227.74444,0.49
40227.78611,0.5
40227.79167,0.5
40227.82778,0.5
40227.86944,0.55
40227.91111,0.55
40227.95278,0.55
40227.99444,0.57
40227.99931,0.57
40228.03611,0.59
40228.04167,0.59
40228.07778,0.59
40228.11944,0.57
40228.16111,0.52
40228.16667,0.52
40228.18194,0.52
40228.20278,0.52
40228.21111,0.52
40228.24444,0.54
40228.28611,0.51
40228.29167,0.51
40228.32778,0.51
40228.36944,0.48
40228.41111,0.47
40228.41667,0.47
40228.45278,0.47
40228.49444,0.45
40228.53611,0.43
40228.54167,0.43
40228.57778,0.38
40228.61944,0.38
40228.66111,0.37
40228.66667,0.37
40228.70278,0.38
40228.74444,0.42
40228.78611,0.43
40228.79167,0.43
40228.82778,0.45
40228.86944,0.47
40228.91111,0.48
40228.91667,0.48
40228.95278,0.51
40228.99444,0.52
40228.99931,0.52
40229.03611,0.54
40229.04167,0.54
40229.07778,0.52
40229.11944,0.52
40229.16111,0.52
40229.16667,0.52
40229.20278,0.52
40229.24444,0.52
40229.28611,0.52
40229.29167,0.52
40229.32778,0.46
40229.36944,0.48
40229.41111,0.43
40229.41667,0.43
40229.45278,0.41
40229.49444,0.36
40229.53611,0.36
40229.54167,0.36
40229.57778,0.35
40229.61944,0.32
40229.66111,0.32
40229.66667,0.32
40229.70278,0.34
40229.74444,0.31
40229.78611,0.38
40229.79167,0.38
40229.82778,0.5
40229.86944,0.38
40229.91111,0.27
40229.91667,0.27
40229.95278,0.43
40229.99444,0.43
40229.99931,0.43
40230.03611,0.64
40230.04167,0.64
40230.07778,0.56
40230.11944,0.61
40230.16111,0.72
40230.16667,0.72
40230.20278,0.67
40230.24444,0.66
40230.28611,0.44
40230.29167,0.44
40230.32778,0.41
40230.36944,0.43
40230.41111,0.45
40230.41667,0.45
40230.45278,0.44
40230.49444,0.44
40230.53611,0.42
40230.54167,0.42
40230.57778,0.39
40230.61944,0.39
40230.66111,0.41
40230.66667,0.41
40230.70278,0.5
40230.74444,0.46
40230.78611,0.52
40230.79167,0.52
40230.82778,0.47
40230.86944,0.51
40230.91111,0.65
40230.91667,0.65
40230.95278,0.65
40230.99444,0.73
40230.99931,0.73
40231.03611,0.7
40231.04167,0.7
40231.07778,0.7
40231.11944,0.73
40231.16111,0.79
40231.16667,0.79
40231.20278,0.76
40231.24444,0.79
40231.28611,0.79
40231.29167,0.79
40231.32778,0.76
40231.36944,0.6
40231.41111,0.55
40231.41667,0.55
40231.45278,0.53
40231.49444,0.53
40231.53611,0.53
40231.54167,0.53
40231.57778,0.53
40231.61944,0.6
40231.66111,0.7
40231.66667,0.7
40231.70278,0.79
40231.71944,0.75
40231.74444,0.82
40231.75764,0.87
40231.78611,0.86
40231.78889,0.93
40231.79167,0.86
40231.82778,0.86
40231.86944,0.86
40231.89306,0.87
40231.90278,0.93
40231.91111,0.89
40231.91667,0.89
40231.95278,0.89
40231.99444,0.86
40231.99931,0.86
40232.03611,0.86
40232.04167,0.86
40232.07778,0.86
40232.11944,0.89
40232.16111,0.86
40232.16667,0.86
40232.20278,0.89
40232.23403,0.87
40232.24444,0.89
40232.28611,0.86
40232.29167,0.86
40232.32778,0.86
40232.36944,0.86
40232.40833,0.81
40232.41111,0.86
40232.41667,0.86
40232.45278,0.83
40232.49444,0.79
40232.53611,0.74
40232.54167,0.74
40232.55,0.76
40232.5625,0.71
40232.57778,0.71
40232.61944,0.71
40232.66111,0.71
40232.66667,0.71
40232.70278,0.68
40232.7375,0.71
40232.74444,0.73
40232.78611,0.73
40232.79167,0.73
40232.82778,0.73
40232.86944,0.77
40232.91111,0.77
40232.91667,0.77
40232.95278,0.73
40232.99444,0.7
40232.99931,0.7
40233.03611,0.65
40233.04167,0.65
40233.07778,0.63
40233.11944,0.63
40233.16111,0.63
40233.16667,0.63
40233.20278,0.65
40233.24444,0.62
40233.28611,0.62
40233.29167,0.62
40233.32778,0.6
40233.36944,0.55
40233.41111,0.53
40233.41667,0.53
40233.45278,0.49
40233.49444,0.49
40233.53611,0.49
40233.54167,0.49
40233.57778,0.48
40233.61944,0.48
40233.66111,0.46
40233.66667,0.46
40233.70278,0.47
40233.74444,0.47
40233.78611,0.53
40233.79167,0.53
40233.82778,0.49
40233.86944,0.53
40233.91111,0.53
40233.91667,0.53
40233.95278,0.6
40233.99444,0.63
40233.99931,0.63
40234.03611,0.73
40234.04167,0.73
40234.07778,0.79
40234.10625,0.87
40234.11944,0.86
40234.16111,0.82
40234.16667,0.82
40234.17569,0.81
40234.19028,0.81
40234.20278,0.85
40234.24444,0.82
40234.28611,0.78
40234.29167,0.78
40234.32778,0.76
40234.36944,0.65
40234.41111,0.53
40234.41667,0.53
40234.45278,0.45
40234.49444,0.43
40234.53611,0.41
40234.54167,0.41
40234.57778,0.41
40234.61944,0.41
40234.66111,0.43
40234.66667,0.43
40234.70278,0.45
40234.74444,0.46
40234.78611,0.5
40234.79167,0.5
40234.82778,0.5
40234.86944,0.48
40234.91111,0.43
40234.91667,0.43
40234.95278,0.45
40234.99444,0.45
40234.99931,0.45
40235.03611,0.45
40235.04167,0.45
40235.07778,0.45
40235.11944,0.47
40235.16111,0.47
40235.16667,0.47
40235.20278,0.47
40235.24444,0.45
40235.28611,0.45
40235.29167,0.45
40235.32778,0.46
40235.36944,0.44
40235.41111,0.44
40235.41667,0.44
40235.45278,0.42
40235.49444,0.42
40235.53611,0.42
40235.54167,0.42
40235.57778,0.41
40235.61944,0.44
40235.66111,0.44
40235.66667,0.44
40235.70278,0.46
40235.74444,0.46
40235.78611,0.48
40235.79167,0.48
40235.82778,0.55
40235.86944,0.55
40235.91111,0.55
40235.91667,0.55
40235.95278,0.5
40235.99444,0.5
40235.99931,0.5
40236.03611,0.52
40236.04167,0.52
40236.05,0.52
40236.05625,0.52
40236.07778,0.52
40236.08681,0.52
40236.11944,0.61
40236.1375,0.75
40236.16111,0.79
40236.16597,0.86
40236.16667,0.79
40236.17292,0.86
40236.17708,0.86
40236.18125,0.86
40236.1875,0.86
40236.20278,0.82
40236.24444,0.79
40236.28611,0.75
40236.29167,0.75
40236.32778,0.72
40236.36944,0.62
40236.41111,0.52
40236.41667,0.52
40236.45278,0.47
40236.49444,0.42
40236.53611,0.42
40236.54167,0.42
40236.57778,0.38
40236.61944,0.4
40236.66111,0.37
40236.66667,0.37
40236.70278,0.4
40236.74444,0.42
40236.78611,0.43
40236.79167,0.43
40236.82778,0.49
40236.86944,0.47
40236.91111,0.47
40236.91667,0.47
40236.95278,0.48
40236.99444,0.51
40236.99931,0.51
40237.03611,0.46
40237.04167,0.46
40237.07778,0.48
40237.11944,0.5
40237.16111,0.48
40237.16667,0.48
40237.20278,0.48
40237.24444,0.52
40237.28611,0.51
40237.29167,0.51
40237.32778,0.52
40237.36944,0.5
40237.41111,0.49
40237.41667,0.49
40237.45278,0.49
40237.49444,0.51
40237.53611,0.49
40237.54167,0.49
40237.57778,0.44
40237.61944,0.4
40237.66111,0.44
40237.66667,0.44
40237.70278,0.47
40237.74444,0.53
40237.78611,0.55
40237.79167,0.55
40237.82778,0.6
40237.86944,0.63
40237.91111,0.63
40237.91667,0.63
40237.95278,0.63
40237.99444,0.65
40237.99931,0.65
40238.03611,0.65
40238.04167,0.65
40238.07778,0.65
40238.11944,0.67
40238.16111,0.65
40238.16667,0.65
40238.20278,0.65
40238.24444,0.62
40238.28611,0.6
40238.29167,0.6
40238.32778,0.58
40238.36944,0.47
40238.41111,0.44
40238.41667,0.44
40238.45278,0.48
40238.49444,0.44
40238.53611,0.41
40238.54167,0.41
40238.57778,0.41
40238.61944,0.39
40238.66111,0.38
40238.66667,0.38
40238.70278,0.41
40238.74444,0.4
40238.78611,0.44
40238.79167,0.44
40238.82778,0.45
40238.86944,0.47
40238.91111,0.49
40238.91667,0.49
40238.95278,0.53
40238.99444,0.53
40238.99931,0.53
40239.03611,0.58
40239.04167,0.58
40239.07778,0.58
40239.11944,0.6
40239.16111,0.65
40239.16667,0.65
40239.20278,0.65
40239.24444,0.62
40239.28611,0.62
40239.29167,0.62
40239.32778,0.62
40239.36944,0.6
40239.41111,0.55
40239.41667,0.55
40239.45278,0.55
40239.46944,0.53
40239.49444,0.53
40239.53611,0.53
40239.54167,0.53
40239.57778,0.58
40239.61944,0.6
40239.63056,0.66
40239.63542,0.66
40239.65486,0.66
40239.66111,0.67
40239.66667,0.67
40239.70278,0.73
40239.74444,0.79
40239.76736,0.81
40239.78611,0.79
40239.79167,0.79
40239.82778,0.86
40239.86944,0.82
40239.89097,0.87
40239.89653,0.87
40239.89931,0.87
40239.90833,0.87
40239.91111,0.86
40239.91667,0.86
40239.94722,0.87
40239.95278,0.86
40239.99444,0.82
40239.99931,0.82
40240.03611,0.86
40240.04167,0.86
40240.07778,0.86
40240.09375,0.87
40240.09931,0.87
40240.11944,0.83
40240.16111,0.83
40240.16667,0.83
40240.19444,0.87
40240.20278,0.83
40240.24444,0.79
40240.28611,0.79
40240.29167,0.79
40240.32778,0.79
40240.36944,0.73
40240.41111,0.7
40240.41667,0.7
40240.45278,0.73
40240.49444,0.7
40240.53611,0.7
40240.54167,0.7
40240.57778,0.71
40240.61944,0.71
40240.64514,0.71
40240.66111,0.73
40240.66667,0.73
40240.67847,0.76
40240.69444,0.76
40240.70278,0.73
40240.71181,0.76
40240.7375,0.76
40240.74444,0.73
40240.78611,0.77
40240.79167,0.77
40240.82778,0.73
40240.86944,0.73
40240.91111,0.73
40240.91667,0.73
40240.95278,0.7
40240.99444,0.65
40240.99931,0.65
40241.03611,0.6
40241.04167,0.6
40241.07778,0.58
40241.11944,0.55
40241.16111,0.52
40241.16667,0.52
40241.20278,0.48
40241.24444,0.55
40241.28611,0.55
40241.29167,0.55
40241.32778,0.52
40241.36944,0.48
40241.41111,0.43
40241.41667,0.43
40241.45278,0.4
40241.49444,0.37
40241.53611,0.32
40241.54167,0.32
40241.57778,0.29
40241.61944,0.27
40241.66111,0.26
40241.66667,0.26
40241.70278,0.26
40241.74444,0.31
40241.78611,0.34
40241.79167,0.34
40241.82778,0.35
40241.86944,0.33
40241.91111,0.36
40241.91667,0.36
40241.95278,0.38
40241.99444,0.41
40241.99931,0.41
40242.03611,0.41
40242.04167,0.41
40242.07778,0.44
40242.11944,0.41
40242.16111,0.44
40242.16667,0.44
40242.20278,0.44
40242.24444,0.44
40242.28611,0.46
40242.29167,0.46
40242.32778,0.44
40242.34722,0.45
40242.36944,0.43
40242.41111,0.38
40242.41667,0.38
40242.45278,0.38
40242.49444,0.35
40242.53611,0.32
40242.54167,0.32
40242.57778,0.29
40242.61944,0.28
40242.66111,0.27
40242.66667,0.27
40242.70278,0.28
40242.74444,0.29
40242.78611,0.32
40242.79167,0.32
40242.82778,0.32
40242.86944,0.37
40242.91111,0.38
40242.91667,0.38
40242.95278,0.45
40242.99444,0.45
40242.99931,0.45
40243.03611,0.45
40243.04167,0.45
40243.07778,0.43
40243.11944,0.42
40243.16111,0.4
40243.16667,0.4
40243.20278,0.44
40243.24444,0.45
40243.28611,0.52
40243.29167,0.52
40243.32778,0.48
40243.36944,0.41
40243.41111,0.29
40243.41667,0.29
40243.45278,0.27
40243.49444,0.22
40243.53611,0.21
40243.54167,0.21
40243.57778,0.18
40243.61944,0.16
40243.66111,0.19
40243.66667,0.19
40243.70278,0.19
40243.74444,0.2
40243.78611,0.21
40243.79167,0.21
40243.82778,0.21
40243.86944,0.25
40243.91111,0.25
40243.91667,0.25
40243.95278,0.28
40243.99444,0.31
40243.99931,0.31
40244.03611,0.33
40244.04167,0.33
40244.07778,0.35
40244.11944,0.33
40244.16111,0.36
40244.16667,0.36
40244.20278,0.34
40244.24444,0.33
40244.28611,0.32
40244.29167,0.32
40244.32778,0.3
40244.36944,0.26
40244.41111,0.22
40244.41667,0.22
40244.45278,0.2
40244.49444,0.18
40244.53611,0.16
40244.54167,0.16
40244.57778,0.13
40244.61944,0.15
40244.66111,0.15
40244.66667,0.15
40244.70278,0.17
40244.74444,0.19
40244.78611,0.19
40244.79167,0.19
40244.82778,0.22
40244.86944,0.28
40244.91111,0.39
40244.91667,0.39
40244.95278,0.58
40244.99444,0.45
40244.99931,0.45
40245.03611,0.45
40245.04167,0.45
40245.07778,0.26
40245.11944,0.29
40245.16111,0.36
40245.16667,0.36
40245.20278,0.38
40245.24444,0.41
40245.28611,0.36
40245.29167,0.36
40245.32778,0.37
40245.36944,0.27
40245.41111,0.23
40245.41667,0.23
40245.45278,0.2
40245.49444,0.17
40245.53611,0.16
40245.54167,0.16
40245.57778,0.13
40245.61944,0.14
40245.66111,0.13
40245.66667,0.13
40245.70278,0.14
40245.74444,0.17
40245.78611,0.18
40245.79167,0.18
40245.82778,0.19
40245.86944,0.26
40245.91111,0.24
40245.91667,0.24
40245.95278,0.25
40245.99444,0.25
40245.99931,0.25
40246.03611,0.26
40246.04167,0.26
40246.07778,0.32
40246.11944,0.37
40246.16111,0.37
40246.16667,0.37
40246.20278,0.51
40246.24444,0.58
40246.28611,0.53
40246.29167,0.53
40246.32778,0.46
40246.36944,0.3
40246.41111,0.24
40246.41667,0.24
40246.45278,0.26
40246.49444,0.25
40246.53611,0.24
40246.54167,0.24
40246.57778,0.21
40246.61944,0.19
40246.66111,0.18
40246.66667,0.18
40246.70278,0.23
40246.74444,0.34
40246.78611,0.33
40246.79167,0.33
40246.82778,0.35
40246.86944,0.5
40246.91111,0.48
40246.91667,0.48
40246.95278,0.46
40246.99444,0.54
40246.99931,0.54
40247.03611,0.48
40247.04167,0.48
40247.07778,0.68
40247.11944,0.68
40247.16111,0.54
40247.16667,0.54
40247.20278,0.63
40247.24444,0.63
40247.28611,0.61
40247.29167,0.61
40247.32778,0.56
40247.36944,0.55
40247.41111,0.49
40247.41667,0.49
40247.45278,0.52
40247.49444,0.46
40247.53611,0.41
40247.54167,0.41
40247.57778,0.43
40247.61944,0.43
40247.66111,0.4
40247.66667,0.4
40247.70278,0.48
40247.74444,0.56
40247.78611,0.66
40247.79167,0.66
40247.82778,0.69
40247.86944,0.74
40247.91111,0.71
40247.91667,0.71
40247.95278,0.74
40247.99444,0.77
40247.99931,0.77
40248.03611,0.77
40248.04167,0.77
40248.07778,0.77
40248.11944,0.8
40248.16111,0.83
40248.16667,0.83
40248.20278,0.83
40248.24444,0.86
40248.27431,0.82
40248.28611,0.8
40248.29167,0.8
40248.32778,0.8
40248.36944,0.75
40248.39236,0.67
40248.41111,0.67
40248.41667,0.67
40248.45278,0.67
40248.49444,0.65
40248.53611,0.58
40248.54167,0.58
40248.57778,0.6
40248.61944,0.62
40248.66111,0.7
40248.66667,0.7
40248.70278,0.7
40248.74444,0.74
40248.75208,0.72
40248.78611,0.77
40248.79167,0.77
40248.82778,0.77
40248.86944,0.77
40248.91111,0.8
40248.91667,0.8
40248.93403,0.82
40248.94375,0.82
40248.95278,0.8
40248.99444,0.8
40248.99931,0.8
40249.01528,0.88
40249.02917,0.88
40249.03611,0.87
40249.04167,0.87
40249.07778,0.89
40249.11944,0.89
40249.12778,0.88
40249.15139,0.88
40249.16111,0.87
40249.16667,0.87
40249.17778,0.88
40249.19583,0.88
40249.20278,0.89
40249.24444,0.86
40249.28611,0.86
40249.29167,0.86
40249.32778,0.86
40249.36944,0.86
40249.41111,0.86
40249.41667,0.86
40249.45139,0.88
40249.45278,0.86
40249.47431,0.88
40249.49444,0.86
40249.49861,0.88
40249.50833,0.88
40249.53611,0.86
40249.54167,0.86
40249.55069,0.88
40249.57014,0.88
40249.57778,0.89
40249.61042,0.88
40249.61944,0.89
40249.63403,0.88
40249.65486,0.88
40249.66111,0.89
40249.66667,0.89
40249.68542,0.88
40249.70278,0.89
40249.74444,0.86
40249.77083,0.88
40249.77569,0.88
40249.77917,0.88
40249.78611,0.86
40249.79167,0.86
40249.79653,0.88
40249.80208,0.88
40249.81458,0.88
40249.82778,0.86
40249.85764,0.88
40249.86944,0.89
40249.89028,0.88
40249.91111,0.9
40249.91667,0.9
40249.92569,0.94
40249.94583,0.94
40249.95278,0.86
40249.95833,0.87
40249.98889,0.87
40249.99444,0.86
40249.99931,0.86
40250.01875,0.87
40250.03611,0.89
40250.04167,0.89
40250.05208,0.87
40250.05903,0.87
40250.07778,0.86
40250.11944,0.86
40250.13611,0.82
40250.14167,0.82
40250.14931,0.82
40250.16111,0.83
40250.16667,0.83
40250.18056,0.88
40250.18542,0.94
40250.20278,0.86
40250.20972,0.88
40250.21111,0.88
40250.21458,0.88
40250.225,0.88
40250.23542,0.88
40250.23889,0.88
40250.24444,0.89
40250.24653,0.82
40250.26042,0.88
40250.27361,0.82
40250.27847,0.82
40250.28611,0.86
40250.28958,0.82
40250.29167,0.86
40250.29931,0.82
40250.32083,0.82
40250.32222,0.82
40250.32778,0.86
40250.33681,0.88
40250.36944,0.87
40250.37083,0.88
40250.37361,0.88
40250.38542,0.88
40250.39444,0.88
40250.39861,0.88
40250.41111,0.87
40250.41667,0.87
40250.45278,0.87
40250.45972,0.88
40250.47778,0.88
40250.48194,0.88
40250.49444,0.87
40250.49792,0.88
40250.50903,0.88
40250.53611,0.87
40250.54167,0.87
40250.55903,0.88
40250.57639,0.88
40250.57778,0.89
40250.58403,0.88
40250.60694,0.88
40250.60903,0.88
40250.61667,0.88
40250.61944,0.89
40250.62986,0.88
40250.63542,0.88
40250.6375,0.88
40250.65833,0.88
40250.66111,0.89
40250.66319,0.88
40250.66667,0.89
40250.66875,0.88
40250.68125,0.88
40250.68611,0.88
40250.70278,0.89
40250.74167,0.88
40250.74444,0.86
40250.75556,0.88
40250.76389,0.88
40250.77292,0.88
40250.78611,0.89
40250.79167,0.89
40250.80833,0.88
40250.82778,0.86
40250.86944,0.86
40250.87917,0.82
40250.91111,0.86
40250.91597,0.82
40250.91667,0.86
40250.95278,0.89
40250.96389,0.88
40250.99444,0.89
40250.99931,0.89
40251.00694,0.88
40251.03611,0.89
40251.04167,0.89
40251.04931,0.88
40251.07569,0.94
40251.07778,0.93
40251.08472,0.88
40251.09653,0.88
40251.1125,0.88
40251.11806,0.88
40251.11944,0.89
40251.16111,0.89
40251.16667,0.89
40251.20278,0.89
40251.23403,0.88
40251.24444,0.89
40251.28611,0.86
40251.29167,0.86
40251.32778,0.9
40251.35625,0.94
40251.36944,0.9
40251.41111,0.86
40251.41667,0.86
40251.45278,0.86
40251.47778,0.82
40251.49444,0.83
40251.53611,0.83
40251.54167,0.83
40251.55069,0.82
40251.57778,0.83
40251.61528,0.82
40251.61944,0.86
40251.62431,0.82
40251.64097,0.82
40251.65972,0.88
40251.66111,0.86
40251.66389,0.88
40251.66597,0.88
40251.66667,0.86
40251.66875,0.88
40251.70278,0.86
40251.74444,0.86
40251.75347,0.88
40251.77778,0.88
40251.78611,0.86
40251.79167,0.86
40251.80208,0.82
40251.82778,0.83
40251.84514,0.82
40251.86944,0.86
40251.89167,0.88
40251.90347,0.88
40251.90833,0.88
40251.91111,0.86
40251.91667,0.86
40251.95278,0.83
40251.99167,0.87
40251.99444,0.86
40251.99931,0.86
40252.03611,0.86
40252.04167,0.86
40252.04583,0.87
40252.07778,0.83
40252.11944,0.83
40252.15556,0.82
40252.15972,0.82
40252.16111,0.8
40252.16667,0.8
40252.20278,0.86
40252.24444,0.86
40252.28611,0.8
40252.29097,0.82
40252.29167,0.8
40252.32778,0.79
40252.36944,0.77
40252.39306,0.71
40252.41111,0.77
40252.41667,0.77
40252.4375,0.71
40252.45278,0.71
40252.49306,0.71
40252.49444,0.71
40252.50625,0.71
40252.53611,0.68
40252.54167,0.68
40252.56319,0.67
40252.57778,0.68
40252.61944,0.71
40252.62778,0.67
40252.63472,0.71
40252.66111,0.68
40252.66667,0.68
40252.70278,0.66
40252.74444,0.74
40252.78611,0.74
40252.79167,0.74
40252.82778,0.74
40252.86944,0.74
40252.91111,0.74
40252.91667,0.74
40252.95278,0.74
40252.99444,0.74
40252.99931,0.74
40253.03264,0.71
40253.03611,0.71
40253.04167,0.71
40253.04583,0.71
40253.07778,0.69
40253.10069,0.71
40253.11806,0.71
40253.11944,0.71
40253.13125,0.71
40253.15694,0.71
40253.16111,0.68
40253.16667,0.68
40253.20278,0.68
40253.22917,0.66
40253.24444,0.68
40253.26389,0.66
40253.28611,0.63
40253.29167,0.63
40253.32778,0.56
40253.36944,0.5
40253.41111,0.41
40253.41667,0.41
40253.45278,0.31
40253.49444,0.29
40253.53611,0.26
40253.54167,0.26
40253.57778,0.25
40253.61944,0.23
40253.66111,0.23
40253.66667,0.23
40253.70278,0.26
40253.74444,0.29
40253.78611,0.32
40253.79167,0.32
40253.82778,0.3
40253.86944,0.43
40253.91111,0.66
40253.91667,0.66
40253.95278,0.74
40253.99444,0.73
40253.99931,0.73
40254.03611,0.63
40254.04167,0.63
40254.07778,0.74
40254.11944,0.68
40254.16111,0.73
40254.16667,0.73
40254.20278,0.73
40254.24444,0.76
40254.28611,0.71
40254.29167,0.71
40254.32778,0.48
40254.36944,0.4
40254.41111,0.32
40254.41667,0.32
40254.45278,0.26
40254.49444,0.23
40254.53611,0.22
40254.54167,0.22
40254.57778,0.2
40254.61944,0.19
40254.66111,0.2
40254.66667,0.2
40254.70278,0.23
40254.74444,0.25
40254.78611,0.19
40254.79167,0.19
40254.82778,0.35
40254.86944,0.39
40254.91111,0.52
40254.91667,0.52
40254.95278,0.5
40254.99444,0.66
40254.99931,0.66
40255.03611,0.66
40255.07778,0.63
40255.11944,0.68
40255.16111,0.68
40255.16667,0.68
40255.20278,0.71
40255.24444,0.71
40255.27917,0.71
40255.28611,0.73
40255.29167,0.73
40255.32778,0.71
40255.36944,0.59
40255.41111,0.41
40255.41667,0.41
40255.45278,0.27
40255.49444,0.2
40255.53611,0.2
40255.54167,0.2
40255.57778,0.18
40255.61944,0.18
40255.66111,0.16
40255.66667,0.16
40255.67917,0.18
40255.70278,0.17
40255.74444,0.2
40255.78611,0.18
40255.79167,0.18
40255.82778,0.33
40255.86944,0.32
40255.91111,0.59
40255.91667,0.59
40255.95278,0.59
40255.99444,0.63
40255.99931,0.63
40256.03611,0.69
40256.04167,0.69
40256.07778,0.69
40256.11944,0.73
40256.16111,0.68
40256.16667,0.68
40256.20278,0.77
40256.24444,0.8
40256.28611,0.71
40256.29167,0.71
40256.32778,0.59
40256.36944,0.35
40256.40694,0.3
40256.41111,0.29
40256.41667,0.29
40256.45278,0.25
40256.49444,0.26
40256.53611,0.25
40256.54167,0.25
40256.57778,0.22
40256.61944,0.21
40256.66111,0.22
40256.66667,0.22
40256.70278,0.22
40256.74444,0.21
40256.78611,0.34
40256.79167,0.34
40256.82778,0.35
40256.86944,0.36
40256.91111,0.42
40256.91667,0.42
40256.95278,0.47
40256.99444,0.61
40256.99931,0.61
40257.03611,0.61
40257.04167,0.61
40257.07778,0.74
40257.11944,0.69
40257.16111,0.77
40257.16667,0.77
40257.20278,0.66
40257.24444,0.74
40257.28611,0.74
40257.29167,0.74
40257.32778,0.71
40257.36944,0.57
40257.41111,0.5
40257.41667,0.5
40257.45278,0.28
40257.49444,0.23
40257.53611,0.26
40257.54167,0.26
40257.57778,0.21
40257.61944,0.24
40257.66111,0.28
40257.66667,0.28
40257.70278,0.3
40257.72292,0.29
40257.74444,0.23
40257.78611,0.32
40257.79167,0.32
40257.82778,0.33
40257.86944,0.44
40257.91111,0.42
40257.91667,0.42
40257.95278,0.38
40257.99444,0.55
40257.99931,0.55
40258.03611,0.51
40258.04167,0.51
40258.07778,0.51
40258.11944,0.72
40258.16111,0.66
40258.16667,0.66
40258.20278,0.71
40258.24444,0.71
40258.28611,0.64
40258.29167,0.64
40258.32778,0.69
40258.36944,0.55
40258.41111,0.5
40258.41667,0.5
40258.45278,0.46
40258.49444,0.4
40258.53611,0.35
40258.54167,0.35
40258.57778,0.28
40258.61944,0.35
40258.66111,0.38
40258.66667,0.38
40258.70278,0.39
40258.74444,0.45
40258.78611,0.47
40258.79167,0.47
40258.82778,0.47
40258.86944,0.52
40258.91111,0.56
40258.91667,0.56
40258.95278,0.58
40258.99444,0.58
40258.99931,0.58
40259.03611,0.67
40259.04167,0.67
40259.07778,0.67
40259.11944,0.75
40259.16111,0.78
40259.16667,0.78
40259.20278,0.8
40259.24444,0.8
40259.25417,0.82
40259.27569,0.82
40259.28611,0.83
40259.29167,0.83
40259.31597,0.83
40259.32778,0.81
40259.36944,0.75
40259.40694,0.77
40259.41111,0.84
40259.41667,0.84
40259.45278,0.86
40259.46736,0.83
40259.48958,0.88
40259.49444,0.84
40259.50972,0.88
40259.53611,0.84
40259.54167,0.84
40259.57778,0.81
40259.58611,0.78
40259.61944,0.84
40259.62292,0.83
40259.625,0.83
40259.63056,0.83
40259.63472,0.83
40259.64306,0.83
40259.66111,0.84
40259.6625,0.83
40259.66667,0.84
40259.66944,0.83
40259.67292,0.83
40259.70278,0.84
40259.70625,0.83
40259.725,0.83
40259.73056,0.83
40259.73958,0.83
40259.74444,0.78
40259.78611,0.78
40259.79167,0.78
40259.82778,0.6
40259.86944,0.67
40259.91111,0.74
40259.91667,0.74
40259.95278,0.75
40259.99444,0.61
40259.99931,0.61
40260.03611,0.57
40260.04167,0.57
40260.07778,0.59
40260.11944,0.66
40260.16111,0.63
40260.16667,0.63
40260.20278,0.61
40260.24444,0.61
40260.28611,0.61
40260.29167,0.61
40260.32778,0.56
40260.36944,0.56
40260.41111,0.58
40260.41667,0.58
40260.45278,0.61
40260.49444,0.59
40260.53611,0.57
40260.54167,0.57
40260.57778,0.54
40260.61944,0.56
40260.66111,0.56
40260.66667,0.56
40260.70278,0.57
40260.74444,0.71
40260.78611,0.68
40260.79167,0.68
40260.82778,0.57
40260.86944,0.57
40260.91111,0.57
40260.91667,0.57
40260.95278,0.59
40260.99444,0.59
40260.99931,0.59
40261.03611,0.59
40261.04167,0.59
40261.07778,0.57
40261.11944,0.57
40261.16111,0.56
40261.16667,0.56
40261.20278,0.52
40261.24444,0.54
40261.28611,0.59
40261.29167,0.59
40261.32778,0.51
40261.36944,0.44
40261.41111,0.38
40261.41667,0.38
40261.45278,0.34
40261.49444,0.31
40261.53611,0.28
40261.54167,0.28
40261.57778,0.25
40261.61944,0.24
40261.66111,0.24
40261.66667,0.24
40261.67847,0.24
40261.70278,0.23
40261.74444,0.23
40261.78611,0.23
40261.79167,0.23
40261.82778,0.29
40261.86944,0.53
40261.91111,0.62
40261.91667,0.62
40261.95278,0.57
40261.99444,0.64
40261.99931,0.64
40262.03611,0.61
40262.04167,0.61
40262.07778,0.64
40262.11944,0.66
40262.16111,0.69
40262.16667,0.69
40262.20278,0.66
40262.24444,0.68
40262.28611,0.66
40262.29167,0.66
40262.32778,0.61
40262.36944,0.53
40262.41111,0.53
40262.41667,0.53
40262.45278,0.44
40262.49444,0.45
40262.53611,0.35
40262.54167,0.35
40262.57778,0.31
40262.61944,0.28
40262.66111,0.32
40262.66667,0.32
40262.70278,0.28
40262.74028,0.29
40262.74444,0.3
40262.78611,0.35
40262.79167,0.35
40262.79444,0.33
40262.80139,0.35
40262.8125,0.37
40262.82778,0.33
40262.86944,0.39
40262.90556,0.59
40262.91111,0.6
40262.91667,0.6
40262.95278,0.74
40262.99444,0.81
40262.99931,0.81
40263.03611,0.87
40263.04167,0.87
40263.07778,0.9
40263.11944,0.87
40263.16111,0.9
40263.16667,0.9
40263.17014,0.94
40263.20278,0.9
40263.23958,0.94
40263.24444,0.9
40263.27361,0.82
40263.28611,0.83
40263.29167,0.83
40263.31736,0.82
40263.32778,0.8
40263.36944,0.77
40263.41111,0.8
40263.41667,0.8
40263.45278,0.68
40263.49444,0.68
40263.53611,0.63
40263.54167,0.63
40263.57778,0.51
40263.58333,0.5
40263.61944,0.48
40263.66111,0.41
40263.66667,0.41
40263.70278,0.39
40263.74444,0.37
40263.78611,0.37
40263.79167,0.37
40263.82778,0.35
40263.86944,0.33
40263.91111,0.35
40263.91667,0.35
40263.95278,0.36
40263.99444,0.36
40263.99931,0.36
40264.03611,0.36
40264.04167,0.36
40264.07778,0.37
40264.11944,0.37
40264.16111,0.4
40264.16667,0.4
40264.20278,0.42
40264.24444,0.43
40264.28611,0.44
40264.29167,0.44
40264.32778,0.44
40264.36944,0.45
40264.41111,0.41
40264.41667,0.41
40264.45278,0.37
40264.49444,0.37
40264.53611,0.36
40264.54167,0.36
40264.57778,0.34
40264.61944,0.33
40264.66111,0.34
40264.66667,0.34
40264.70278,0.36
40264.74444,0.42
40264.78611,0.47
40264.79167,0.47
40264.82778,0.52
40264.86944,0.6
40264.91111,0.62
40264.91667,0.62
40264.95278,0.7
40264.97847,0.75
40264.99444,0.73
40264.99931,0.73
40265.03611,0.76
40265.04167,0.76
40265.07778,0.79
40265.09236,0.81
40265.11944,0.76
40265.13125,0.81
40265.16111,0.76
40265.16667,0.76
40265.18681,0.81
40265.20278,0.79
40265.24444,0.79
40265.28611,0.83
40265.29167,0.83
40265.32778,0.76
40265.36944,0.73
40265.41111,0.73
40265.41667,0.73
40265.45278,0.74
40265.49444,0.71
40265.53611,0.64
40265.54167,0.64
40265.57778,0.6
40265.61944,0.58
40265.63403,0.52
40265.66111,0.54
40265.66667,0.54
40265.70278,0.58
40265.74444,0.6
40265.78611,0.64
40265.79167,0.64
40265.82778,0.81
40265.83889,0.88
40265.84028,0.88
40265.85,0.82
40265.86944,0.86
40265.89236,0.88
40265.91111,0.89
40265.91667,0.89
40265.93333,0.88
40265.9375,0.82
40265.95139,0.88
40265.95278,0.92
40265.99444,0.89
40265.99931,0.89
40266.03611,0.87
40266.04167,0.87
40266.07014,0.94
40266.07778,0.89
40266.11944,0.93
40266.12431,0.88
40266.14792,0.88
40266.16111,0.93
40266.16667,0.93
40266.17708,0.88
40266.20278,0.89
40266.23819,0.88
40266.24444,0.93
40266.26667,0.88
40266.28611,0.89
40266.29167,0.89
40266.30486,0.88
40266.32778,0.89
40266.34028,0.88
40266.35903,0.88
40266.36181,0.88
40266.36944,0.89
40266.37986,0.94
40266.39306,0.88
40266.41111,0.86
40266.41667,0.86
40266.42083,0.82
40266.43611,0.82
40266.48056,0.82
40266.49444,0.86
40266.53611,0.87
40266.54167,0.87
40266.54514,0.82
40266.55556,0.82
40266.57778,0.81
40266.61944,0.78
40266.66111,0.81
40266.66667,0.81
40266.70278,0.78
40266.71111,0.77
40266.71736,0.77
40266.71944,0.77
40266.74444,0.78
40266.76875,0.77
40266.78611,0.77
40266.79167,0.77
40266.82778,0.8
40266.86944,0.8
40266.91111,0.8
40266.91667,0.8
40266.95278,0.77
40266.99167,0.77
40266.99444,0.77
40266.99931,0.77
40267.02292,0.77
40267.03611,0.75
40267.04167,0.75
40267.07778,0.77
40267.11944,0.71
40267.16111,0.68
40267.16667,0.68
40267.20278,0.66
40267.24444,0.61
40267.28611,0.61
40267.29167,0.61
40267.32778,0.58
40267.36944,0.58
40267.41111,0.56
40267.41667,0.56
40267.45278,0.49
40267.49444,0.45
40267.53611,0.4
40267.54167,0.4
40267.57778,0.37
40267.61944,0.35
40267.66111,0.3
40267.66667,0.3
40267.70278,0.29
40267.74444,0.3
40267.78611,0.33
40267.79167,0.33
40267.82778,0.48
40267.86944,0.59
40267.91111,0.45
40267.91667,0.45
40267.95278,0.46
40267.99444,0.46
40267.99931,0.46
40268.03611,0.35
40268.04167,0.35
40268.07778,0.35
40268.11944,0.36
40268.16111,0.38
40268.16667,0.38
40268.20278,0.41
40268.24444,0.39
40268.28611,0.38
40268.29167,0.38
40268.32778,0.35
40268.36944,0.35
40268.41111,0.33
40268.41667,0.33
40268.45278,0.32
40268.49444,0.31
40268.53611,0.28
40268.54167,0.28
40268.57778,0.28
40268.61944,0.27
40268.66111,0.27
40268.66667,0.27
40268.70278,0.25
40268.71736,0.27
40268.74444,0.23
40268.78611,0.24
40268.79167,0.24
40268.82778,0.28
40268.86944,0.39
40268.91111,0.51
40268.91667,0.51
40268.95278,0.63
40268.99444,0.72
40268.99931,0.72
40269.03611,0.69
40269.04167,0.69
40269.07778,0.71
40269.11944,0.77
40269.16111,0.71
40269.16667,0.71
40269.20278,0.71
40269.24444,0.69
40269.28611,0.68
40269.29167,0.68
40269.32778,0.6
40269.36944,0.56
40269.41111,0.52
40269.41667,0.52
40269.45278,0.52
40269.49444,0.45
40269.53611,0.35
40269.54167,0.35
40269.57778,0.33
40269.61944,0.32
40269.66111,0.3
40269.66667,0.3
40269.70278,0.31
40269.74444,0.31
40269.78611,0.45
40269.79167,0.45
40269.82778,0.46
40269.86944,0.5
40269.91111,0.52
40269.91667,0.52
40269.95278,0.53
40269.99444,0.58
40269.99931,0.58
40270.03611,0.67
40270.04167,0.67
40270.07778,0.72
40270.11944,0.75
40270.16111,0.72
40270.16667,0.72
40270.20278,0.74
40270.24444,0.77
40270.28611,0.69
40270.29167,0.69
40270.32778,0.72
40270.36944,0.64
40270.41111,0.58
40270.41667,0.58
40270.45278,0.51
40270.49444,0.43
40270.53611,0.4
40270.54167,0.4
40270.57778,0.4
40270.61944,0.4
40270.66111,0.37
40270.66667,0.37
40270.70278,0.4
40270.74444,0.44
40270.78611,0.47
40270.79167,0.47
40270.82778,0.52
40270.86944,0.56
40270.91111,0.65
40270.91667,0.65
40270.95278,0.67
40270.99444,0.72
40270.99931,0.72
40271.03611,0.77
40271.04167,0.77
40271.07778,0.8
40271.11944,0.83
40271.16111,0.86
40271.16667,0.86
40271.20278,0.86
40271.24444,0.86
40271.28611,0.83
40271.29167,0.83
40271.3125,0.82
40271.32778,0.8
40271.33056,0.82
40271.36944,0.8
40271.41111,0.8
40271.41667,0.8
40271.44375,0.72
40271.45278,0.72
40271.49444,0.65
40271.53611,0.59
40271.54167,0.59
40271.57778,0.5
40271.61944,0.5
40271.66111,0.49
40271.66667,0.49
40271.70278,0.48
40271.74444,0.53
40271.78611,0.59
40271.79167,0.59
40271.82778,0.68
40271.86944,0.73
40271.91111,0.73
40271.91667,0.73
40271.95278,0.73
40271.99444,0.84
40271.99931,0.84
40272.03611,0.81
40272.04167,0.81
40272.07778,0.87
40272.11944,0.87
40272.16111,0.87
40272.16667,0.87
40272.20278,0.87
40272.24444,0.87
40272.28611,0.83
40272.29167,0.83
40272.32778,0.78
40272.36944,0.52
40272.41111,0.39
40272.41667,0.39
40272.45278,0.36
40272.49444,0.3
40272.53611,0.27
40272.54167,0.27
40272.57778,0.27
40272.61944,0.29
40272.66111,0.33
40272.66667,0.33
40272.70278,0.35
40272.74444,0.34
40272.78611,0.31
40272.79167,0.31
40272.82778,0.52
40272.86944,0.5
40272.91111,0.47
40272.91667,0.47
40272.95278,0.67
40272.99444,0.6
40272.99931,0.6
40273.03611,0.78
40273.04167,0.78
40273.07778,0.69
40273.11944,0.7
40273.16111,0.84
40273.16667,0.84
40273.20278,0.74
40273.24444,0.81
40273.28611,0.78
40273.29167,0.78
40273.32778,0.78
40273.36944,0.73
40273.41111,0.68
40273.41667,0.68
40273.45278,0.63
40273.49444,0.54
40273.53611,0.42
40273.54167,0.42
40273.57778,0.37
40273.61944,0.39
40273.66111,0.45
40273.66667,0.45
40273.70278,0.41
40273.74444,0.41
40273.78611,0.31
40273.79167,0.31
40273.82778,0.43
40273.86944,0.53
40273.91111,0.63
40273.91667,0.63
40273.95278,0.66
40273.99444,0.73
40273.99931,0.73
40274.03611,0.78
40274.04167,0.78
40274.07778,0.75
40274.11944,0.78
40274.16111,0.75
40274.16667,0.75
40274.20278,0.73
40274.24444,0.78
40274.28611,0.76
40274.29167,0.76
40274.32778,0.68
40274.36944,0.63
40274.41111,0.47
40274.41667,0.47
40274.45278,0.5
40274.49444,0.49
40274.53611,0.44
40274.54167,0.44
40274.57778,0.41
40274.61944,0.37
40274.66111,0.24
40274.66667,0.24
40274.70278,0.25
40274.74444,0.27
40274.78611,0.27
40274.79167,0.27
40274.82778,0.35
40274.86944,0.29
40274.91111,0.4
40274.91667,0.4
40274.95278,0.45
40274.99444,0.46
40274.99931,0.46
40275.03611,0.37
40275.04167,0.37
40275.07778,0.4
40275.11944,0.44
40275.16111,0.42
40275.16667,0.42
40275.20278,0.46
40275.24444,0.68
40275.28611,0.61
40275.29167,0.61
40275.32778,0.48
40275.36944,0.5
40275.41111,0.45
40275.41667,0.45
40275.45278,0.44
40275.49444,0.33
40275.53611,0.28
40275.54167,0.28
40275.57778,0.32
40275.61944,0.29
40275.66111,0.3
40275.66667,0.3
40275.70278,0.28
40275.74444,0.29
40275.78611,0.26
40275.79167,0.26
40275.82778,0.34
40275.86944,0.34
40275.91111,0.31
40275.91667,0.31
40275.95278,0.32
40275.99444,0.35
40275.99931,0.35
40276.03611,0.39
40276.04167,0.39
40276.07778,0.41
40276.11944,0.5
40276.16111,0.53
40276.16667,0.53
40276.20278,0.57
40276.24444,0.57
40276.28611,0.57
40276.29167,0.57
40276.32778,0.55
40276.36944,0.56
40276.41111,0.55
40276.41667,0.55
40276.45278,0.47
40276.49444,0.38
40276.53611,0.38
40276.54167,0.38
40276.57778,0.37
40276.60486,0.35
40276.61944,0.35
40276.66111,0.38
40276.66667,0.38
40276.70278,0.37
40276.74444,0.37
40276.77569,0.39
40276.78611,0.42
40276.78958,0.64
40276.79167,0.42
40276.79375,0.83
40276.80069,0.78
40276.80764,0.78
40276.81458,0.78
40276.82778,0.81
40276.86944,0.84
40276.88889,0.88
40276.89306,0.83
40276.89653,0.83
40276.90347,0.77
40276.91111,0.81
40276.91667,0.81
40276.95278,0.81
40276.99444,0.87
40276.99931,0.87
40277.03611,0.84
40277.04167,0.84
40277.07778,0.84
40277.11944,0.74
40277.16111,0.69
40277.16667,0.69
40277.20278,0.57
40277.24444,0.54
40277.28611,0.48
40277.29167,0.48
40277.32778,0.48
40277.36319,0.47
40277.36944,0.46
40277.41111,0.42
40277.41667,0.42
40277.45278,0.4
40277.49444,0.41
40277.53611,0.37
40277.54167,0.37
40277.57778,0.39
40277.61944,0.34
40277.66111,0.37
40277.66667,0.37
40277.70278,0.34
40277.74444,0.32
40277.78611,0.36
40277.79167,0.36
40277.82778,0.39
40277.86944,0.39
40277.91111,0.46
40277.91667,0.46
40277.95278,0.48
40277.99444,0.48
40277.99931,0.48
40278.03611,0.5
40278.04167,0.5
40278.07778,0.54
40278.11944,0.54
40278.16111,0.54
40278.16667,0.54
40278.20278,0.58
40278.24444,0.49
40278.28611,0.48
40278.29167,0.48
40278.32778,0.39
40278.36944,0.4
40278.41111,0.4
40278.41667,0.4
40278.45278,0.39
40278.49444,0.35
40278.53611,0.32
40278.54167,0.32
40278.57778,0.29
40278.61944,0.26
40278.66111,0.24
40278.66667,0.24
40278.70278,0.24
40278.74444,0.19
40278.78611,0.38
40278.79167,0.38
40278.82778,0.42
40278.86944,0.49
40278.91111,0.46
40278.91667,0.46
40278.95278,0.48
40278.99444,0.53
40278.99931,0.53
40279.03611,0.53
40279.04167,0.53
40279.07778,0.61
40279.11944,0.68
40279.16111,0.69
40279.16667,0.69
40279.20278,0.71
40279.24444,0.73
40279.28611,0.71
40279.29167,0.71
40279.32778,0.62
40279.36944,0.56
40279.41111,0.52
40279.41667,0.52
40279.45278,0.49
40279.49444,0.34
40279.53611,0.25
40279.54167,0.25
40279.57778,0.26
40279.61944,0.27
40279.66111,0.32
40279.66667,0.32
40279.70278,0.34
40279.74444,0.41
40279.78611,0.29
40279.79167,0.29
40279.82778,0.54
40279.86944,0.54
40279.91111,0.31
40279.91667,0.31
40279.95278,0.43
40279.99444,0.54
40279.99931,0.54
40280.03611,0.54
40280.04167,0.54
40280.07778,0.56
40280.11944,0.65
40280.16111,0.54
40280.16667,0.54
40280.20278,0.5
40280.24444,0.44
40280.28611,0.42
40280.29167,0.42
40280.32778,0.39
40280.36944,0.3
40280.41111,0.32
40280.41667,0.32
40280.45278,0.26
40280.49444,0.2
40280.53611,0.22
40280.54167,0.22
40280.57778,0.23
40280.61944,0.21
40280.66111,0.23
40280.66667,0.23
40280.70278,0.23
40280.74444,0.22
40280.78611,0.29
40280.79167,0.29
40280.82778,0.33
40280.86944,0.28
40280.91111,0.39
40280.91667,0.39
40280.95278,0.39
40280.99444,0.47
40280.99931,0.47
40281.03611,0.46
40281.04167,0.46
40281.07778,0.49
40281.11944,0.51
40281.16111,0.47
40281.16667,0.47
40281.20278,0.57
40281.24444,0.59
40281.28611,0.55
40281.29167,0.55
40281.32778,0.51
40281.36944,0.49
40281.41111,0.51
40281.41667,0.51
40281.43472,0.54
40281.45278,0.61
40281.49444,0.69
40281.53611,0.8
40281.54167,0.8
40281.56806,0.87
40281.57778,0.83
40281.61944,0.83
40281.66111,0.8
40281.66319,0.82
40281.66458,0.82
40281.66597,0.82
40281.66667,0.8
40281.68819,0.87
40281.68958,0.82
40281.69097,0.82
40281.69722,0.82
40281.70278,0.83
40281.72361,0.87
40281.74028,0.82
40281.74444,0.83
40281.74931,0.87
40281.77292,0.87
40281.78333,0.87
40281.78611,0.83
40281.79167,0.83
40281.79722,0.82
40281.82778,0.8
40281.83264,0.82
40281.86944,0.8
40281.87083,0.87
40281.88056,0.82
40281.88194,0.82
40281.88611,0.82
40281.90278,0.87
40281.91111,0.83
40281.91667,0.83
40281.91736,0.82
40281.95278,0.83
40281.96181,0.82
40281.98403,0.82
40281.99444,0.8
40281.99931,0.8
40282.02986,0.82
40282.03611,0.83
40282.04167,0.83
40282.07778,0.8
40282.08681,0.82
40282.09583,0.82
40282.11944,0.83
40282.16111,0.83
40282.16667,0.83
40282.20278,0.83
40282.24444,0.83
40282.27431,0.87
40282.28611,0.86
40282.29167,0.86
40282.32778,0.71
40282.36944,0.66
40282.40625,0.63
40282.41111,0.61
40282.41667,0.61
40282.43819,0.55
40282.45278,0.55
40282.49444,0.46
40282.53611,0.38
40282.54167,0.38
40282.57778,0.35
40282.61944,0.37
40282.66111,0.37
40282.66667,0.37
40282.70278,0.38
40282.74444,0.38
40282.78611,0.46
40282.79167,0.46
40282.82778,0.55
40282.86944,0.59
40282.91111,0.64
40282.91667,0.64
40282.95278,0.66
40282.99444,0.71
40282.99931,0.71
40283.03611,0.74
40283.04167,0.74
40283.07778,0.8
40283.11944,0.8
40283.16111,0.79
40283.16667,0.79
40283.20278,0.8
40283.24444,0.77
40283.28611,0.74
40283.29167,0.74
40283.32778,0.66
40283.36944,0.64
40283.41111,0.58
40283.41667,0.58
40283.45278,0.45
40283.49444,0.45
40283.53611,0.49
40283.54167,0.49
40283.57778,0.44
40283.61944,0.41
40283.66111,0.43
40283.66667,0.43
40283.70278,0.38
40283.74444,0.49
40283.78611,0.42
40283.79167,0.42
40283.82778,0.61
40283.86944,0.6
40283.91111,0.6
40283.91667,0.6
40283.95278,0.58
40283.99444,0.67
40283.99931,0.67
40284.03611,0.65
40284.04167,0.65
40284.07778,0.78
40284.11944,0.75
40284.16111,0.81
40284.16667,0.81
40284.20278,0.81
40284.24444,0.78
40284.28611,0.73
40284.29167,0.73
40284.32778,0.66
40284.36944,0.55
40284.41111,0.3
40284.41667,0.3
40284.45278,0.32
40284.49444,0.28
40284.53611,0.27
40284.54167,0.27
40284.57778,0.27
40284.61944,0.29
40284.66111,0.3
40284.66667,0.3
40284.66875,0.28
40284.68403,0.28
40284.70278,0.3
40284.72847,0.32
40284.74444,0.33
40284.75833,0.32
40284.75972,0.34
40284.76736,0.47
40284.78611,0.4
40284.79167,0.4
40284.82778,0.52
40284.86944,0.46
40284.91111,0.46
40284.91667,0.46
40284.95278,0.43
40284.99444,0.57
40284.99931,0.57
40285.02222,0.56
40285.03611,0.59
40285.04167,0.59
40285.07778,0.58
40285.11944,0.48
40285.16111,0.43
40285.16667,0.42
40285.20278,0.44
40285.22778,0.45
40285.24444,0.44
40285.28611,0.44
40285.29167,0.44
40285.32778,0.39
40285.36944,0.36
40285.41111,0.38
40285.41667,0.38
40285.45278,0.34
40285.49444,0.32
40285.53611,0.27
40285.54167,0.27
40285.57778,0.33
40285.61944,0.34
40285.66111,0.36
40285.66667,0.36
40285.70278,0.34
40285.74444,0.37
40285.78611,0.4
40285.79167,0.4
40285.82778,0.41
40285.86944,0.39
40285.91111,0.44
40285.91667,0.44
40285.95278,0.5
40285.99444,0.46
40285.99931,0.46
40286.03611,0.52
40286.04167,0.52
40286.07778,0.51
40286.11944,0.56
40286.16111,0.6
40286.16667,0.6
40286.20278,0.58
40286.24444,0.62
40286.28611,0.58
40286.29167,0.58
40286.32778,0.51
40286.36944,0.5
40286.41111,0.46
40286.41667,0.46
40286.45278,0.44
40286.49444,0.45
40286.50625,0.44
40286.53611,0.45
40286.54167,0.45
40286.57778,0.42
40286.61944,0.41
40286.66111,0.41
40286.66667,0.41
40286.70278,0.45
40286.74444,0.43
40286.78611,0.47
40286.79167,0.47
40286.82778,0.5
40286.86944,0.52
40286.91111,0.52
40286.91667,0.52
40286.95278,0.55
40286.99444,0.56
40286.99931,0.56
40287.03611,0.61
40287.04167,0.61
40287.07778,0.59
40287.11944,0.59
40287.16111,0.61
40287.16667,0.61
40287.20278,0.61
40287.24444,0.61
40287.28611,0.58
40287.29167,0.58
40287.32778,0.54
40287.36944,0.49
40287.41111,0.44
40287.41667,0.44
40287.45278,0.38
40287.49444,0.34
40287.53611,0.33
40287.54167,0.33
40287.57778,0.32
40287.61944,0.3
40287.66111,0.28
40287.66667,0.28
40287.70278,0.28
40287.74444,0.27
40287.78611,0.35
40287.79167,0.35
40287.82778,0.39
40287.86944,0.41
40287.91111,0.46
40287.91667,0.46
40287.95278,0.46
40287.99444,0.57
40287.99931,0.57
40288.03611,0.71
40288.04167,0.71
40288.07778,0.68
40288.11944,0.66
40288.16111,0.61
40288.16667,0.61
40288.20278,0.68
40288.24444,0.71
40288.28611,0.64
40288.29167,0.64
40288.32778,0.55
40288.36944,0.43
40288.41111,0.37
40288.41667,0.37
40288.45278,0.37
40288.49444,0.37
40288.53611,0.37
40288.54167,0.37
40288.57778,0.32
40288.61944,0.3
40288.66111,0.33
40288.66667,0.33
40288.70278,0.31
40288.74444,0.43
40288.78611,0.54
40288.79167,0.54
40288.82778,0.56
40288.86944,0.56
40288.91111,0.55
40288.91667,0.55
40288.95278,0.53
40288.99444,0.6
40288.99931,0.6
40289.03611,0.65
40289.04167,0.65
40289.07778,0.69
40289.11944,0.72
40289.16111,0.72
40289.16667,0.72
40289.20278,0.72
40289.24444,0.75
40289.28611,0.69
40289.29167,0.69
40289.31597,0.72
40289.32778,0.74
40289.35069,0.72
40289.36042,0.72
40289.36944,0.8
40289.41111,0.8
40289.41667,0.8
40289.45278,0.83
40289.46528,0.82
40289.4875,0.82
40289.49444,0.81
40289.53611,0.81
40289.54167,0.81
40289.57431,0.77
40289.57778,0.81
40289.58194,0.88
40289.58403,0.88
40289.59236,0.88
40289.60069,0.88
40289.60903,0.88
40289.61944,0.84
40289.62361,0.88
40289.62917,0.88
40289.63611,0.88
40289.64306,0.88
40289.65417,0.88
40289.66111,0.87
40289.66667,0.87
40289.68194,0.88
40289.69167,0.88
40289.70069,0.88
40289.70139,0.88
40289.70278,0.87
40289.70764,0.88
40289.7375,0.88
40289.74444,0.83
40289.75,0.82
40289.78611,0.83
40289.79167,0.83
40289.8125,0.88
40289.82222,0.88
40289.82778,0.87
40289.84167,0.88
40289.84931,0.88
40289.86944,0.87
40289.88681,0.82
40289.89653,0.88
40289.90486,0.88
40289.91111,0.87
40289.91667,0.87
40289.91736,0.88
40289.92639,0.94
40289.94444,0.94
40289.94722,0.94
40289.95278,0.93
40289.98125,0.94
40289.99444,0.9
40289.99931,0.9
40290.03611,0.87
40290.04167,0.87
40290.07778,0.89
40290.09444,0.88
40290.09931,0.88
40290.1125,0.88
40290.11528,0.88
40290.11944,0.89
40290.12569,0.88
40290.14514,0.88
40290.16111,0.92
40290.16667,0.92
40290.17014,0.88
40290.18958,0.88
40290.20278,0.89
40290.23056,0.88
40290.23542,0.88
40290.24444,0.89
40290.25903,0.88
40290.26875,0.88
40290.28611,0.86
40290.29167,0.86
40290.29931,0.82
40290.31528,0.82
40290.32778,0.77
40290.36944,0.65
40290.41111,0.63
40290.41667,0.63
40290.45278,0.42
40290.49444,0.33
40290.53611,0.33
40290.54167,0.33
40290.57778,0.28
40290.61944,0.28
40290.63194,0.38
40290.66111,0.33
40290.66667,0.33
40290.70278,0.32
40290.74444,0.29
40290.78611,0.32
40290.79167,0.32
40290.82778,0.34
40290.86944,0.37
40290.91111,0.41
40290.91667,0.41
40290.95278,0.56
40290.99444,0.69
40290.99931,0.69
40291.03611,0.51
40291.04167,0.51
40291.07778,0.51
40291.11944,0.69
40291.16111,0.57
40291.16667,0.57
40291.20278,0.59
40291.24444,0.64
40291.28611,0.55
40291.29167,0.55
40291.32778,0.51
40291.36944,0.47
40291.41111,0.43
40291.41667,0.43
40291.45278,0.37
40291.49444,0.35
40291.53611,0.35
40291.54167,0.35
40291.57778,0.34
40291.61944,0.32
40291.66111,0.34
40291.66667,0.34
40291.70278,0.35
40291.74444,0.3
40291.78611,0.38
40291.79167,0.38
40291.82778,0.46
40291.86944,0.39
40291.91111,0.44
40291.91667,0.44
40291.95278,0.51
40291.99444,0.54
40291.99931,0.54
40292.03611,0.57
40292.04167,0.57
40292.07778,0.64
40292.11944,0.53
40292.16111,0.64
40292.16667,0.64
40292.20278,0.64
40292.24444,0.57
40292.28611,0.45
40292.29167,0.45
40292.32778,0.38
40292.36944,0.35
40292.41111,0.35
40292.41667,0.35
40292.45278,0.58
40292.49444,0.58
40292.53611,0.51
40292.54167,0.51
40292.57778,0.48
40292.61944,0.51
40292.66111,0.53
40292.66667,0.53
40292.70278,0.56
40292.74444,0.55
40292.78611,0.6
40292.79167,0.6
40292.80972,0.59
40292.82778,0.62
40292.86944,0.6
40292.91111,0.62
40292.91667,0.62
40292.95278,0.69
40292.97361,0.67
40292.99444,0.77
40292.99931,0.77
40293.03611,0.83
40293.04167,0.83
40293.05694,0.82
40293.07778,0.83
40293.10764,0.88
40293.11944,0.87
40293.14444,0.94
40293.16111,0.9
40293.16667,0.9
40293.18542,0.88
40293.20278,0.87
40293.22569,0.88
40293.24444,0.9
40293.28611,0.87
40293.29167,0.87
40293.32083,0.88
40293.32778,0.87
40293.36944,0.87
40293.38403,0.83
40293.41111,0.86
40293.41667,0.86
40293.45278,0.84
40293.49444,0.81
40293.525,0.73
40293.53611,0.73
40293.54167,0.73
40293.56736,0.69
40293.57778,0.66
40293.61944,0.62
40293.66111,0.67
40293.66667,0.67
40293.70278,0.69
40293.74444,0.78
40293.74583,0.78
40293.77361,0.83
40293.77708,0.83
40293.78264,0.83
40293.78611,0.84
40293.79167,0.84
40293.80486,0.88
40293.82639,0.88
40293.82778,0.87
40293.86042,0.88
40293.86944,0.87
40293.8875,0.82
40293.89722,0.82
40293.90486,0.82
40293.91111,0.81
40293.91667,0.81
40293.94375,0.82
40293.95139,0.82
40293.95278,0.81
40293.95556,0.82
40293.97708,0.88
40293.99444,0.84
40293.99931,0.84
40294.01597,0.82
40294.03611,0.87
40294.04167,0.87
40294.06875,0.94
40294.07778,0.9
40294.11944,0.87
40294.13889,0.82
40294.16111,0.87
40294.16667,0.87
40294.20278,0.87
40294.24444,0.87
40294.28611,0.83
40294.29167,0.83
40294.29514,0.88
40294.32778,0.9
40294.35903,0.88
40294.36944,0.84
40294.39167,0.82
40294.41111,0.81
40294.41667,0.81
40294.41875,0.88
40294.42708,0.88
40294.44028,0.88
40294.45278,0.87
40294.45764,0.82
40294.46597,0.88
40294.48611,0.82
40294.49444,0.81
40294.53611,0.81
40294.54167,0.81
40294.57778,0.8
40294.60833,0.77
40294.61111,0.83
40294.61319,0.77
40294.61944,0.8
40294.66111,0.84
40294.66667,0.84
40294.66806,0.83
40294.6875,0.88
40294.70278,0.9
40294.74444,0.9
40294.75972,0.88
40294.77639,0.88
40294.77917,0.88
40294.78056,0.88
40294.78194,0.88
40294.78611,0.9
40294.79167,0.9
40294.82778,0.9
40294.85833,0.88
40294.86806,0.88
40294.86944,0.87
40294.87708,0.88
40294.88056,0.88
40294.91111,0.87
40294.91667,0.87
40294.92708,0.88
40294.93472,0.88
40294.95278,0.9
40294.99444,0.87
40294.99931,0.87
40295.03611,0.87
40295.04167,0.87
40295.07778,0.78
40295.10486,0.77
40295.11944,0.78
40295.15417,0.82
40295.16111,0.84
40295.16667,0.84
40295.20278,0.83
40295.22847,0.72
40295.24444,0.72
40295.25764,0.72
40295.28611,0.67
40295.29167,0.67
40295.32778,0.6
40295.36944,0.56
40295.41111,0.47
40295.41667,0.47
40295.45278,0.41
40295.49444,0.41
40295.53611,0.38
40295.54167,0.38
40295.57778,0.41
40295.61944,0.41
40295.66111,0.38
40295.66667,0.38
40295.70278,0.34
40295.74444,0.33
40295.78611,0.34
40295.79167,0.34
40295.82778,0.41
40295.86944,0.43
40295.91111,0.41
40295.91667,0.41
40295.95278,0.48
40295.99444,0.5
40295.99931,0.5
40296.03611,0.4
40296.04167,0.4
40296.07778,0.42
40296.11944,0.39
40296.16111,0.43
40296.16667,0.43
40296.20278,0.47
40296.24444,0.49
40296.28611,0.5
40296.29167,0.5
40296.32778,0.46
40296.36944,0.41
40296.41111,0.38
40296.41667,0.38
40296.45278,0.37
40296.49444,0.34
40296.53611,0.32
40296.54167,0.32
40296.57778,0.31
40296.61944,0.29
40296.66111,0.3
40296.66667,0.3
40296.70278,0.29
40296.74444,0.31
40296.78611,0.3
40296.79167,0.3
40296.82778,0.32
40296.86944,0.35
40296.91111,0.38
40296.91667,0.38
40296.95278,0.38
40296.99444,0.39
40296.99931,0.39
40297.03611,0.52
40297.04167,0.52
40297.07778,0.51
40297.11944,0.51
40297.16111,0.54
40297.16667,0.54
40297.20278,0.5
40297.24444,0.48
40297.28611,0.41
40297.29167,0.41
40297.32778,0.33
40297.36944,0.28
40297.41111,0.28
40297.41667,0.28
40297.45278,0.27
40297.49444,0.23
40297.53611,0.23
40297.54167,0.23
40297.57778,0.24
40297.61944,0.24
40297.66111,0.22
40297.66667,0.22
40297.70278,0.23
40297.74444,0.23
40297.78611,0.26
40297.79167,0.26
40297.82778,0.29
40297.86944,0.4
40297.91111,0.67
40297.91667,0.67
40297.95278,0.62
40297.99444,0.65
40297.99931,0.65
40298.03611,0.72
40298.04167,0.72
40298.07778,0.69
40298.11944,0.64
40298.16111,0.69
40298.16667,0.69
40298.20278,0.77
40298.24444,0.72
40298.28611,0.72
40298.29167,0.72
40298.32778,0.67
40298.36944,0.5
40298.41111,0.5
40298.41667,0.5
40298.45278,0.48
40298.49444,0.39
40298.53611,0.33
40298.54167,0.33
40298.57778,0.35
40298.61944,0.36
40298.66111,0.31
40298.66667,0.31
40298.70278,0.28
40298.74444,0.34
40298.78611,0.51
40298.79167,0.51
40298.82778,0.55
40298.86944,0.55
40298.91111,0.65
40298.91667,0.65
40298.95278,0.6
40298.99444,0.6
40298.99931,0.6
40299.03611,0.7
40299.04167,0.7
40299.07778,0.65
40299.11944,0.75
40299.16111,0.73
40299.16667,0.73
40299.20278,0.73
40299.24444,0.7
40299.28611,0.7
40299.29167,0.7
40299.32778,0.68
40299.36944,0.61
40299.41111,0.57
40299.41667,0.57
40299.45278,0.52
40299.49444,0.49
40299.53611,0.47
40299.54167,0.47
40299.57778,0.39
40299.61944,0.35
40299.66111,0.42
40299.66667,0.42
40299.70278,0.45
40299.74444,0.51
40299.78611,0.56
40299.79167,0.56
40299.82778,0.62
40299.86944,0.69
40299.91111,0.69
40299.91667,0.69
40299.95278,0.71
40299.99444,0.69
40299.99931,0.69
40300.03611,0.79
40300.04167,0.79
40300.07778,0.79
40300.11944,0.76
40300.16111,0.74
40300.16667,0.74
40300.20278,0.81
40300.24444,0.81
40300.28611,0.79
40300.29167,0.79
40300.32778,0.71
40300.36944,0.67
40300.41111,0.63
40300.41667,0.63
40300.45278,0.63
40300.49444,0.63
40300.53611,0.59
40300.54167,0.59
40300.57778,0.55
40300.61944,0.57
40300.66111,0.61
40300.66667,0.61
40300.70278,0.61
40300.74444,0.63
40300.78611,0.69
40300.79167,0.69
40300.82778,0.67
40300.86944,0.69
40300.91111,0.65
40300.91667,0.65
40300.95278,0.65
40300.99444,0.64
40300.99931,0.64
40301.03611,0.67
40301.04167,0.67
40301.07778,0.62
40301.11944,0.62
40301.16111,0.65
40301.16667,0.65
40301.20278,0.77
40301.24444,0.82
40301.27431,0.83
40301.28611,0.87
40301.29167,0.87
40301.32778,0.84
40301.35347,0.88
40301.36806,0.83
40301.36944,0.82
40301.41111,0.82
40301.41667,0.82
40301.45278,0.74
40301.49444,0.67
40301.53611,0.69
40301.54167,0.69
40301.57778,0.69
40301.61944,0.67
40301.66111,0.63
40301.66667,0.63
40301.70278,0.56
40301.74444,0.64
40301.78611,0.79
40301.79167,0.79
40301.82778,0.74
40301.86944,0.79
40301.91111,0.81
40301.91667,0.81
40301.95278,0.82
40301.99444,0.79
40301.99931,0.79
40302.03611,0.82
40302.04167,0.82
40302.07778,0.84
40302.11944,0.87
40302.16111,0.87
40302.16667,0.87
40302.20278,0.84
40302.24444,0.84
40302.28611,0.52
40302.29167,0.52
40302.32778,0.5
40302.36944,0.42
40302.41111,0.4
40302.41667,0.4
40302.45278,0.34
40302.49444,0.33
40302.53611,0.31
40302.54167,0.31
40302.57778,0.31
40302.61944,0.31
40302.66111,0.28
40302.66667,0.28
40302.70278,0.27
40302.74444,0.27
40302.78611,0.29
40302.79167,0.29
40302.82778,0.28
40302.86944,0.32
40302.91111,0.38
40302.91667,0.38
40302.95278,0.45
40302.99444,0.52
40302.99931,0.52
40303.03611,0.59
40303.04167,0.59
40303.07778,0.58
40303.11944,0.65
40303.16111,0.65
40303.16667,0.65
40303.20278,0.7
40303.24444,0.72
40303.28611,0.68
40303.29167,0.68
40303.32778,0.55
40303.36944,0.43
40303.41111,0.35
40303.41667,0.35
40303.45278,0.31
40303.49444,0.3
40303.53611,0.32
40303.54167,0.32
40303.57778,0.33
40303.61944,0.33
40303.66111,0.37
40303.66667,0.37
40303.70278,0.38
40303.74444,0.41
40303.78611,0.45
40303.79167,0.45
40303.82778,0.5
40303.86944,0.57
40303.91111,0.68
40303.91667,0.68
40303.95278,0.71
40303.99444,0.71
40303.99931,0.71
40304.03611,0.66
40304.04167,0.66
40304.07778,0.64
40304.11944,0.68
40304.16111,0.66
40304.16667,0.66
40304.20278,0.68
40304.24444,0.66
40304.28611,0.63
40304.29167,0.63
40304.32778,0.57
40304.36944,0.52
40304.41111,0.42
40304.41667,0.42
40304.42292,0.42
40304.45278,0.44
40304.49444,0.39
40304.53611,0.33
40304.54167,0.33
40304.57778,0.27
40304.61944,0.26
40304.66111,0.24
40304.66667,0.24
40304.70278,0.22
40304.74444,0.22
40304.78611,0.24
40304.79167,0.24
40304.82778,0.27
40304.86944,0.26
40304.91111,0.3
40304.91667,0.3
40304.95278,0.33
40304.99444,0.35
40304.99931,0.35
40305.03611,0.4
40305.04167,0.4
40305.07778,0.37
40305.11944,0.44
40305.16111,0.43
40305.16667,0.43
40305.20278,0.49
40305.24444,0.47
40305.28611,0.43
40305.29167,0.43
40305.32778,0.43
40305.36944,0.39
40305.41111,0.38
40305.41667,0.38
40305.45278,0.38
40305.49444,0.38
40305.53611,0.38
40305.54167,0.38
40305.57778,0.34
40305.61944,0.37
40305.66111,0.39
40305.66667,0.39
40305.70278,0.41
40305.74444,0.5
40305.78611,0.55
40305.79167,0.55
40305.82778,0.57
40305.86944,0.57
40305.91111,0.55
40305.91667,0.55
40305.95278,0.59
40305.99444,0.61
40305.99931,0.61
40306.03611,0.61
40306.04167,0.61
40306.07778,0.63
40306.11944,0.65
40306.16111,0.66
40306.16667,0.66
40306.20278,0.66
40306.24444,0.66
40306.28611,0.62
40306.29167,0.62
40306.32778,0.56
40306.36944,0.54
40306.41111,0.48
40306.41667,0.48
40306.45278,0.23
40306.49444,0.23
40306.53611,0.23
40306.54167,0.23
40306.57778,0.16
40306.61944,0.2
40306.66111,0.21
40306.66667,0.21
40306.70278,0.2
40306.74444,0.22
40306.78611,0.25
40306.79167,0.25
40306.82778,0.28
40306.86944,0.3
40306.91111,0.33
40306.91667,0.33
40306.95278,0.37
40306.99444,0.39
40306.99931,0.39
40307.03611,0.42
40307.04167,0.42
40307.07778,0.49
40307.11944,0.49
40307.16111,0.52
40307.16667,0.52
40307.20278,0.57
40307.24444,0.61
40307.28611,0.57
40307.29167,0.57
40307.30278,0.58
40307.32778,0.51
40307.36944,0.42
40307.41111,0.37
40307.41667,0.37
40307.45278,0.33
40307.49444,0.32
40307.53611,0.27
40307.54167,0.27
40307.57778,0.24
40307.61944,0.25
40307.66111,0.24
40307.66667,0.24
40307.70278,0.25
40307.74444,0.27
40307.78611,0.3
40307.79167,0.3
40307.82778,0.33
40307.86944,0.34
40307.91111,0.37
40307.91667,0.37
40307.95278,0.39
40307.99444,0.41
40307.99931,0.41
40308.03611,0.41
40308.04167,0.41
40308.07778,0.44
40308.11944,0.46
40308.16111,0.51
40308.16667,0.51
40308.20278,0.51
40308.24444,0.49
40308.28611,0.44
40308.29167,0.44
40308.32778,0.37
40308.36944,0.31
40308.41111,0.29
40308.41667,0.29
40308.45278,0.28
40308.49444,0.27
40308.53611,0.25
40308.54167,0.25
40308.57778,0.25
40308.61944,0.23
40308.66111,0.25
40308.66667,0.25
40308.70278,0.24
40308.74444,0.24
40308.78611,0.24
40308.79167,0.24
40308.82778,0.28
40308.86944,0.36
40308.91111,0.36
40308.91667,0.36
40308.95278,0.4
40308.99444,0.48
40308.99931,0.48
40309.03611,0.5
40309.04167,0.5
40309.07778,0.66
40309.11944,0.61
40309.16111,0.59
40309.16667,0.59
40309.20278,0.58
40309.24444,0.48
40309.28611,0.41
40309.29167,0.41
40309.32778,0.36
40309.35139,0.38
40309.36944,0.38
40309.40486,0.38
40309.41111,0.4
40309.41667,0.4
40309.45278,0.45
40309.47431,0.51
40309.49444,0.52
40309.53611,0.71
40309.54167,0.71
40309.57778,0.74
40309.61944,0.75
40309.66111,0.8
40309.66667,0.8
40309.70278,0.74
40309.74444,0.77
40309.78611,0.77
40309.79167,0.77
40309.82778,0.74
40309.86944,0.72
40309.91111,0.69
40309.91667,0.69
40309.95278,0.67
40309.99444,0.69
40309.99931,0.69
40310.02847,0.72
40310.03403,0.72
40310.03611,0.7
40310.04167,0.7
40310.04792,0.72
40310.07778,0.69
40310.11944,0.75
40310.14931,0.82
40310.16111,0.78
40310.16667,0.78
40310.20278,0.8
40310.24444,0.8
40310.28611,0.78
40310.29167,0.78
40310.30903,0.77
40310.32778,0.7
40310.33611,0.73
40310.33681,0.73
40310.36944,0.65
40310.41111,0.64
40310.41667,0.64
40310.45278,0.62
40310.49444,0.58
40310.53611,0.54
40310.54167,0.54
40310.57778,0.58
40310.61944,0.6
40310.66111,0.56
40310.66667,0.56
40310.70278,0.69
40310.70833,0.78
40310.71597,0.88
40310.73056,0.88
40310.73472,0.88
40310.73681,0.88
40310.74306,0.83
40310.74444,0.84
40310.76667,0.83
40310.77083,0.83
40310.78611,0.8
40310.79167,0.8
40310.82778,0.84
40310.86944,0.84
40310.91111,0.81
40310.91667,0.81
40310.93403,0.82
40310.95278,0.83
40310.96042,0.82
40310.99444,0.81
40310.99931,0.81
40311.01875,0.77
40311.03611,0.8
40311.04167,0.8
40311.04931,0.77
40311.07778,0.77
40311.0875,0.77
40311.11944,0.77
40311.13403,0.77
40311.16111,0.77
40311.16667,0.77
40311.17153,0.77
40311.20278,0.77
40311.24444,0.8
40311.28611,0.8
40311.29167,0.8
40311.32778,0.77
40311.36944,0.77
40311.41111,0.75
40311.41667,0.75
40311.45278,0.77
40311.47708,0.72
40311.49444,0.72
40311.53611,0.67
40311.54167,0.67
40311.55278,0.63
40311.57778,0.63
40311.61944,0.6
40311.66111,0.58
40311.66667,0.58
40311.70278,0.6
40311.74444,0.62
40311.78611,0.65
40311.79167,0.65
40311.82778,0.7
40311.86944,0.7
40311.91111,0.72
40311.91667,0.72
40311.95278,0.78
40311.99444,0.8
40311.99931,0.8
40312.03611,0.8
40312.04167,0.8
40312.06458,0.82
40312.07778,0.87
40312.11944,0.84
40312.15069,0.83
40312.16111,0.86
40312.16667,0.86
40312.20278,0.87
40312.22917,0.83
40312.24444,0.86
40312.28611,0.87
40312.29167,0.87
40312.32639,0.81
40312.33125,0.83
40312.36944,0.73
40312.37361,0.73
40312.37778,0.73
40312.41111,0.73
40312.41667,0.73
40312.45278,0.67
40312.49444,0.64
40312.53611,0.58
40312.54167,0.58
40312.57778,0.55
40312.61944,0.46
40312.66111,0.48
40312.66667,0.48
40312.70278,0.46
40312.72986,0.55
40312.73264,0.51
40312.74028,0.58
40312.74306,0.65
40312.74444,0.65
40312.74861,0.65
40312.75972,0.74
40312.76667,0.74
40312.77847,0.78
40312.78264,0.78
40312.78611,0.8
40312.78889,0.78
40312.79167,0.81
40312.79306,0.78
40312.79583,0.74
40312.79861,0.78
40312.80347,0.74
40312.8125,0.74
40312.82292,0.69
40312.82778,0.71
40312.84583,0.78
40312.86944,0.84
40312.91111,0.84
40312.91667,0.84
40312.95278,0.64
40312.99444,0.57
40312.99931,0.57
40313.03611,0.66
40313.04167,0.66
40313.07778,0.63
40313.11944,0.68
40313.16111,0.68
40313.16667,0.68
40313.20278,0.55
40313.24444,0.47
40313.28611,0.45
40313.29167,0.45
40313.32778,0.45
40313.36944,0.39
40313.41111,0.38
40313.41667,0.38
40313.45278,0.33
40313.49444,0.31
40313.53611,0.3
40313.54167,0.3
40313.57778,0.3
40313.61944,0.29
40313.66111,0.31
40313.66667,0.31
40313.70278,0.28
40313.74444,0.28
40313.78611,0.33
40313.79167,0.33
40313.82778,0.46
40313.86944,0.55
40313.91111,0.51
40313.91667,0.51
40313.95278,0.68
40313.99444,0.61
40313.99931,0.61
40314.03611,0.61
40314.04167,0.61
40314.07778,0.7
40314.11944,0.7
40314.16111,0.65
40314.16667,0.65
40314.20278,0.63
40314.24444,0.58
40314.28611,0.56
40314.29167,0.56
40314.32778,0.54
40314.36944,0.51
40314.41111,0.53
40314.41667,0.53
40314.45278,0.45
40314.49444,0.46
40314.53611,0.44
40314.54167,0.44
40314.57778,0.4
40314.61944,0.4
40314.66111,0.39
40314.66667,0.39
40314.70278,0.4
40314.74444,0.4
40314.78611,0.41
40314.79167,0.41
40314.82778,0.53
40314.86944,0.5
40314.91111,0.5
40314.91667,0.5
40314.95278,0.6
40314.99444,0.56
40314.99931,0.56
40315.03611,0.6
40315.04167,0.6
40315.07778,0.65
40315.11944,0.65
40315.16111,0.75
40315.16667,0.75
40315.20278,0.75
40315.24444,0.8
40315.28611,0.78
40315.29167,0.78
40315.32778,0.75
40315.36944,0.8
40315.41111,0.75
40315.45278,0.78
40315.49444,0.78
40315.53611,0.81
40315.54167,0.81
40315.57778,0.78
40315.61944,0.75
40315.65417,0.77
40315.65764,0.77
40315.66111,0.78
40315.66667,0.78
40315.70139,0.82
40315.70278,0.81
40315.73056,0.88
40315.74444,0.84
40315.74861,0.88
40315.75208,0.88
40315.75556,0.88
40315.75972,0.88
40315.76458,0.88
40315.76597,0.88
40315.77083,0.88
40315.78403,0.82
40315.78611,0.87
40315.79028,0.88
40315.79167,0.87
40315.79653,0.88
40315.79861,0.82
40315.81389,0.88
40315.81597,0.88
40315.82083,0.88
40315.82292,0.88
40315.82778,0.87
40315.83403,0.88
40315.86944,0.83
40315.91111,0.83
40315.91667,0.83
40315.92639,0.82
40315.92986,0.82
40315.95278,0.86
40315.95833,0.82
40315.99444,0.86
40315.99931,0.86
40316.00139,0.82
40316.03333,0.82
40316.03611,0.86
40316.04167,0.86
40316.04792,0.82
40316.07778,0.86
40316.11458,0.88
40316.11944,0.89
40316.16111,0.86
40316.16667,0.86
40316.19514,0.82
40316.20278,0.86
40316.22361,0.88
40316.24028,0.88
40316.24444,0.87
40316.26528,0.94
40316.27847,0.88
40316.28611,0.87
40316.29167,0.87
40316.32778,0.83
40316.35139,0.88
40316.36944,0.87
40316.39514,0.88
40316.41111,0.84
40316.41667,0.84
40316.45278,0.81
40316.49444,0.81
40316.53611,0.81
40316.54167,0.81
40316.57778,0.78
40316.61944,0.78
40316.62708,0.72
40316.63472,0.77
40316.63611,0.77
40316.65,0.72
40316.65764,0.72
40316.66111,0.74
40316.66667,0.74
40316.70278,0.75
40316.74444,0.75
40316.78611,0.75
40316.79167,0.75
40316.82778,0.77
40316.86944,0.77
40316.91111,0.75
40316.91667,0.75
40316.95278,0.77
40316.99444,0.77
40316.99931,0.77
40317.03611,0.77
40317.04167,0.77
40317.07778,0.77
40317.11042,0.77
40317.11944,0.8
40317.16111,0.83
40317.16667,0.83
40317.20278,0.83
40317.24444,0.8
40317.28611,0.72
40317.29167,0.72
40317.32778,0.7
40317.36944,0.67
40317.41111,0.67
40317.41667,0.67
40317.45278,0.58
40317.49444,0.61
40317.51319,0.6
40317.52431,0.64
40317.53611,0.59
40317.54167,0.59
40317.57778,0.59
40317.61944,0.57
40317.66111,0.6
40317.66667,0.6
40317.70278,0.63
40317.74444,0.65
40317.78611,0.65
40317.79167,0.65
40317.82778,0.65
40317.86944,0.7
40317.91111,0.7
40317.91667,0.7
40317.95278,0.72
40317.99444,0.75
40317.99931,0.75
40318.03611,0.78
40318.04167,0.78
40318.07778,0.78
40318.11944,0.84
40318.16111,0.87
40318.16667,0.87
40318.20278,0.87
40318.24444,0.78
40318.28611,0.68
40318.29167,0.68
40318.32778,0.63
40318.36944,0.55
40318.41111,0.5
40318.41667,0.5
40318.45278,0.46
40318.49444,0.37
40318.53611,0.38
40318.54167,0.38
40318.54792,0.37
40318.57778,0.37
40318.61944,0.35
40318.66111,0.34
40318.66667,0.34
40318.70278,0.34
40318.74444,0.29
40318.78611,0.33
40318.79167,0.33
40318.82778,0.52
40318.86944,0.61
40318.91111,0.71
40318.91667,0.71
40318.95278,0.78
40318.99444,0.75
40318.99931,0.75
40319.03611,0.7
40319.04167,0.7
40319.07778,0.78
40319.11944,0.75
40319.16111,0.87
40319.16667,0.87
40319.20278,0.84
40319.24444,0.84
40319.28611,0.84
40319.29167,0.84
40319.32778,0.68
40319.36944,0.61
40319.41111,0.52
40319.41667,0.52
40319.45278,0.38
40319.49444,0.32
40319.53611,0.27
40319.54167,0.27
40319.57778,0.31
40319.61944,0.32
40319.66111,0.34
40319.66667,0.34
40319.70278,0.42
40319.74444,0.47
40319.78611,0.47
40319.79167,0.47
40319.82778,0.5
40319.86944,0.51
40319.91111,0.53
40319.91667,0.53
40319.95278,0.55
40319.99444,0.65
40319.99931,0.65
40320.03611,0.66
40320.04167,0.66
40320.07778,0.59
40320.11944,0.66
40320.16111,0.68
40320.16667,0.68
40320.20278,0.73
40320.24444,0.75
40320.28611,0.78
40320.29167,0.78
40320.32778,0.7
40320.36944,0.62
40320.41111,0.56
40320.41667,0.56
40320.45278,0.57
40320.49444,0.52
40320.53611,0.52
40320.54167,0.52
40320.57778,0.54
40320.61944,0.54
40320.66111,0.6
40320.66667,0.6
40320.70278,0.68
40320.74444,0.76
40320.78611,0.76
40320.79167,0.76
40320.82778,0.73
40320.86944,0.76
40320.91111,0.78
40320.91667,0.78
40320.95278,0.81
40320.99444,0.84
40320.99931,0.84
40321.00069,0.83
40321.03611,0.84
40321.04167,0.84
40321.05278,0.78
40321.05694,0.83
40321.05972,0.83
40321.06181,0.83
40321.06667,0.88
40321.07083,0.94
40321.07778,0.87
40321.08472,0.88
40321.09444,0.88
40321.10625,0.88
40321.11944,0.87
40321.14444,0.83
40321.16111,0.87
40321.16667,0.87
40321.20278,0.87
40321.21319,0.94
40321.21944,0.94
40321.22708,0.94
40321.24444,0.87
40321.24931,0.88
40321.28611,0.87
40321.29167,0.87
40321.31111,0.83
40321.32778,0.87
40321.35903,0.83
40321.36944,0.81
40321.41111,0.82
40321.41667,0.82
40321.45278,0.79
40321.49444,0.76
40321.53611,0.76
40321.54167,0.76
40321.57778,0.74
40321.58681,0.69
40321.58958,0.78
40321.59792,0.74
40321.61944,0.74
40321.66111,0.71
40321.66667,0.71
40321.68611,0.69
40321.70278,0.71
40321.73681,0.83
40321.73889,0.83
40321.74444,0.84
40321.78125,0.78
40321.78611,0.76
40321.78889,0.73
40321.79792,0.73
40321.82778,0.76
40321.83681,0.78
40321.83958,0.78
40321.86806,0.73
40321.86944,0.76
40321.91111,0.78
40321.91667,0.78
40321.95278,0.81
40321.99444,0.78
40321.99931,0.78
40322.01319,0.83
40322.03611,0.81
40322.04167,0.81
40322.07778,0.81
40322.11944,0.81
40322.16111,0.84
40322.16667,0.84
40322.18958,0.83
40322.20278,0.84
40322.21319,0.88
40322.24444,0.84
40322.25486,0.83
40322.27014,0.73
40322.28611,0.81
40322.29167,0.81
40322.32153,0.83
40322.32778,0.81
40322.36944,0.76
40322.41111,0.73
40322.41667,0.73
40322.45278,0.73
40322.49444,0.71
40322.53056,0.69
40322.53611,0.69
40322.54167,0.69
40322.57222,0.65
40322.57778,0.67
40322.60486,0.61
40322.61806,0.65
40322.61944,0.6
40322.66111,0.54
40322.66667,0.54
40322.70278,0.52
40322.74444,0.64
40322.78611,0.69
40322.79167,0.69
40322.81389,0.73
40322.82778,0.73
40322.86944,0.79
40322.91111,0.79
40322.91667,0.79
40322.93889,0.83
40322.95069,0.78
40322.95278,0.81
40322.96111,0.83
40322.99444,0.81
40322.99931,0.81
40323.03611,0.81
40323.04167,0.81
40323.07778,0.81
40323.11944,0.81
40323.16111,0.84
40323.16667,0.84
40323.16736,0.88
40323.20278,0.84
40323.22222,0.88
40323.24444,0.87
40323.25208,0.88
40323.27708,0.88
40323.28611,0.81
40323.29167,0.81
40323.32778,0.81
40323.34028,0.78
40323.36944,0.79
40323.41111,0.76
40323.41667,0.76
40323.43542,0.78
40323.45278,0.73
40323.48403,0.74
40323.49444,0.79
40323.51319,0.74
40323.53611,0.62
40323.54167,0.62
40323.54931,0.61
40323.57778,0.52
40323.61944,0.58
40323.66111,0.49
40323.66667,0.49
40323.70278,0.49
40323.74444,0.52
40323.78611,0.58
40323.79167,0.58
40323.82778,0.62
40323.86944,0.68
40323.91111,0.61
40323.91667,0.61
40323.95278,0.76
40323.99444,0.73
40323.99931,0.73
40324.03611,0.81
40324.04167,0.81
40324.07778,0.84
40324.11944,0.81
40324.16111,0.81
40324.16667,0.81
40324.20278,0.84
40324.24444,0.84
40324.28611,0.76
40324.29167,0.76
40324.32778,0.67
40324.36944,0.58
40324.41111,0.48
40324.41667,0.48
40324.45278,0.51
40324.49444,0.55
40324.53611,0.46
40324.54167,0.46
40324.57778,0.42
40324.61944,0.43
40324.66111,0.43
40324.66667,0.43
40324.70278,0.43
40324.74444,0.48
40324.78611,0.5
40324.79167,0.5
40324.82778,0.55
40324.86944,0.58
40324.91111,0.74
40324.91667,0.74
40324.95278,0.81
40324.99444,0.84
40324.99931,0.84
40325.03611,0.81
40325.04167,0.81
40325.07778,0.74
40325.11944,0.71
40325.16111,0.69
40325.16667,0.69
40325.20278,0.76
40325.24444,0.76
40325.28611,0.64
40325.29167,0.64
40325.32778,0.56
40325.36944,0.48
40325.41111,0.48
40325.41667,0.48
40325.45278,0.42
40325.49444,0.41
40325.53611,0.42
40325.54167,0.42
40325.57778,0.4
40325.61944,0.42
40325.66111,0.53
40325.66667,0.53
40325.70278,0.51
40325.74444,0.59
40325.78611,0.61
40325.79167,0.61
40325.82778,0.6
40325.86806,0.69
40325.86944,0.67
40325.88681,0.74
40325.91111,0.69
40325.91667,0.69
40325.92639,0.69
40325.93194,0.73
40325.93681,0.78
40325.94097,0.78
40325.94861,0.74
40325.95278,0.62
40325.96181,0.51
40325.97569,0.48
40325.99306,0.61
40325.99444,0.62
40325.99931,0.62
40326.00139,0.61
40326.02014,0.57
40326.02917,0.51
40326.03611,0.47
40326.04167,0.49
40326.04861,0.48
40326.07639,0.57
40326.07778,0.56
40326.11944,0.49
40326.16111,0.61
40326.16667,0.61
40326.20278,0.64
40326.24444,0.68
40326.24931,0.6
40326.28611,0.68
40326.29167,0.68
40326.32778,0.78
40326.36944,0.76
40326.41111,0.71
40326.41667,0.71
40326.45278,0.71
40326.49444,0.71
40326.53611,0.67
40326.54167,0.67
40326.54722,0.65
40326.57153,0.69
40326.57778,0.67
40326.5875,0.69
40326.61944,0.66
40326.66111,0.67
40326.66667,0.67
40326.68958,0.69
40326.70278,0.69
40326.70556,0.69
40326.71319,0.69
40326.72014,0.69
40326.74444,0.69
40326.78611,0.66
40326.79167,0.66
40326.82778,0.84
40326.84653,0.88
40326.84931,0.88
40326.85278,0.88
40326.85625,0.88
40326.86944,0.87
40326.91111,0.81
40326.91667,0.81
40326.95278,0.81
40326.99444,0.84
40326.99931,0.84
40327.03611,0.84
40327.04167,0.84
40327.06042,0.88
40327.07778,0.84
40327.08611,0.83
40327.09861,0.88
40327.10278,0.88
40327.11944,0.84
40327.16111,0.84
40327.16597,0.88
40327.16667,0.84
40327.20139,0.83
40327.20278,0.84
40327.24444,0.81
40327.28611,0.81
40327.29167,0.81
40327.32778,0.76
40327.33819,0.73
40327.36944,0.69
40327.38472,0.69
40327.41111,0.69
40327.41667,0.69
40327.45278,0.69
40327.49444,0.71
40327.50278,0.69
40327.53611,0.69
40327.54167,0.69
40327.57778,0.69
40327.61944,0.64
40327.66111,0.6
40327.66667,0.6
40327.70278,0.62
40327.74444,0.67
40327.78611,0.62
40327.79167,0.62
40327.82778,0.71
40327.86944,0.74
40327.91111,0.84
40327.91667,0.84
40327.95278,0.82
40327.99444,0.82
40327.99931,0.82
40328.03611,0.82
40328.04167,0.82
40328.07778,0.84
40328.11944,0.84
40328.16111,0.87
40328.16667,0.87
40328.20278,0.84
40328.24444,0.84
40328.28611,0.76
40328.29167,0.76
40328.32778,0.69
40328.36944,0.61
40328.41111,0.53
40328.41667,0.53
40328.45278,0.46
40328.49444,0.4
40328.53611,0.39
40328.54167,0.39
40328.57778,0.38
40328.61944,0.35
40328.66111,0.39
40328.66667,0.39
40328.70278,0.39
40328.74444,0.4
40328.78611,0.39
40328.79167,0.39
40328.82778,0.47
40328.86944,0.6
40328.91111,0.62
40328.91667,0.62
40328.95278,0.71
40328.99444,0.74
40328.99931,0.74
40329.03611,0.79
40329.04167,0.79
40329.07778,0.81
40329.11944,0.81
40329.16111,0.84
40329.16667,0.84
40329.20278,0.81
40329.24444,0.84
40329.28611,0.82
40329.29167,0.82
40329.32778,0.77
40329.36944,0.71
40329.41111,0.65
40329.41667,0.65
40329.45278,0.63
40329.49444,0.57
40329.53611,0.47
40329.54167,0.47
40329.57778,0.39
40329.61944,0.42
40329.66111,0.41
40329.66667,0.41
40329.70278,0.43
40329.74444,0.48
40329.78611,0.51
40329.79167,0.51
40329.82778,0.57
40329.86944,0.58
40329.91111,0.57
40329.91667,0.57
40329.95278,0.51
40329.99444,0.54
40329.99931,0.54
40330.03611,0.6
40330.04167,0.6
40330.07778,0.6
40330.11944,0.69
40330.16111,0.74
40330.16667,0.74
40330.20278,0.74
40330.24444,0.74
40330.28611,0.71
40330.29167,0.71
40330.32778,0.64
40330.36944,0.65
40330.41111,0.58
40330.41667,0.58
40330.45278,0.61
40330.49444,0.48
40330.52222,0.51
40330.53611,0.72
40330.54167,0.72
40330.54792,0.58
40330.55417,0.66
40330.55694,0.7
40330.55972,0.74
40330.56319,0.83
40330.56597,0.89
40330.57569,0.79
40330.57778,0.79
40330.58264,0.74
40330.61944,0.71
40330.66111,0.6
40330.66667,0.6
40330.70278,0.74
40330.74444,0.69
40330.78611,0.72
40330.79167,0.72
40330.82778,0.72
40330.86944,0.82
40330.91111,0.84
40330.91667,0.84
40330.95278,0.84
40330.99444,0.88
40330.99931,0.88
40331.03611,0.88
40331.04167,0.88
40331.07778,0.85
40331.11944,0.87
40331.16111,0.73
40331.16667,0.73
40331.20278,0.76
40331.24444,0.71
40331.28611,0.64
40331.29167,0.64
40331.32778,0.58
40331.36944,0.48
40331.41111,0.42
40331.41667,0.42
40331.45278,0.42
40331.49444,0.42
40331.53611,0.42
40331.54167,0.42
40331.57778,0.39
40331.61944,0.39
40331.66111,0.42
40331.66667,0.42
40331.70278,0.4
40331.74444,0.45
40331.78611,0.59
40331.79167,0.58
40331.82778,0.6
40331.86944,0.64
40331.91111,0.72
40331.91667,0.72
40331.95278,0.77
40331.99444,0.74
40331.99931,0.74
40332.03611,0.77
40332.04167,0.77
40332.07778,0.77
40332.11944,0.82
40332.16111,0.82
40332.16667,0.82
40332.20278,0.84
40332.24444,0.79
40332.28611,0.77
40332.29167,0.77
40332.32778,0.74
40332.36944,0.69
40332.41111,0.61
40332.41667,0.61
40332.45278,0.4
40332.49444,0.39
40332.52778,0.41
40332.53611,0.42
40332.54167,0.42
40332.57778,0.41
40332.61944,0.41
40332.64931,0.55
40332.65764,0.55
40332.66111,0.57
40332.66667,0.57
40332.66806,0.65
40332.67917,0.83
40332.68264,0.83
40332.68958,0.78
40332.70278,0.87
40332.72292,0.83
40332.73264,0.83
40332.74444,0.81
40332.78611,0.81
40332.79167,0.81
40332.82778,0.82
40332.86944,0.84
40332.91111,0.87
40332.91667,0.87
40332.95278,0.84
40332.99444,0.84
40332.99931,0.84
40333.03611,0.84
40333.04167,0.84
40333.07778,0.84
40333.11944,0.82
40333.16111,0.79
40333.16667,0.79
40333.20278,0.79
40333.24444,0.79
40333.28611,0.76
40333.29167,0.76
40333.32778,0.74
40333.36944,0.69
40333.41111,0.63
40333.41667,0.63
40333.45278,0.53
40333.49444,0.55
40333.53611,0.54
40333.54167,0.54
40333.57778,0.52
40333.61944,0.52
40333.66111,0.55
40333.66667,0.55
40333.70278,0.59
40333.74444,0.63
40333.78611,0.65
40333.79167,0.65
40333.82778,0.67
40333.84583,0.66
40333.86944,0.67
40333.91111,0.69
40333.91667,0.69
40333.95278,0.71
40333.99444,0.74
40333.99931,0.74
40334.03611,0.71
40334.04167,0.71
40334.07778,0.74
40334.11944,0.74
40334.16111,0.76
40334.16667,0.76
40334.20278,0.79
40334.24444,0.79
40334.28611,0.71
40334.29167,0.71
40334.32778,0.62
40334.36944,0.61
40334.41111,0.65
40334.41667,0.65
40334.45278,0.5
40334.49444,0.48
40334.53611,0.47
40334.54167,0.47
40334.57778,0.5
40334.61944,0.5
40334.66111,0.47
40334.66667,0.47
40334.70278,0.52
40334.74444,0.59
40334.78611,0.55
40334.79167,0.55
40334.82778,0.59
40334.86944,0.61
40334.91111,0.63
40334.91667,0.63
40334.95278,0.55
40334.99444,0.69
40334.99931,0.69
40335.03611,0.69
40335.04167,0.69
40335.07778,0.77
40335.11944,0.82
40335.16111,0.84
40335.16667,0.84
40335.20278,0.85
40335.24444,0.79
40335.28611,0.74
40335.29167,0.74
40335.32778,0.63
40335.36944,0.57
40335.41111,0.54
40335.41667,0.54
40335.45278,0.57
40335.49444,0.54
40335.53611,0.48
40335.54167,0.48
40335.55833,0.55
40335.56806,0.62
40335.57778,0.64
40335.61944,0.64
40335.66111,0.64
40335.66667,0.64
40335.70278,0.6
40335.74444,0.49
40335.78611,0.44
40335.79167,0.44
40335.82778,0.45
40335.86944,0.48
40335.91111,0.5
40335.91667,0.5
40335.95278,0.52
40335.99444,0.53
40335.99931,0.53
40336.03611,0.55
40336.04167,0.55
40336.07778,0.56
40336.11944,0.63
40336.16111,0.63
40336.16667,0.63
40336.20278,0.63
40336.24444,0.61
40336.28611,0.55
40336.29167,0.55
40336.32778,0.51
40336.36944,0.53
40336.41111,0.5
40336.41667,0.5
40336.45278,0.46
40336.49444,0.45
40336.53611,0.4
40336.54167,0.4
40336.57778,0.42
40336.61944,0.42
40336.66111,0.39
40336.66667,0.39
40336.70278,0.4
40336.74444,0.39
40336.78611,0.38
40336.79167,0.38
40336.82778,0.43
40336.86944,0.44
40336.91111,0.47
40336.91667,0.47
40336.95278,0.53
40336.99444,0.59
40336.99931,0.59
40337.03611,0.52
40337.04167,0.52
40337.07778,0.51
40337.11944,0.5
40337.16111,0.6
40337.16667,0.6
40337.20278,0.58
40337.24444,0.52
40337.28611,0.47
40337.29167,0.47
40337.32778,0.44
40337.36944,0.38
40337.38542,0.36
40337.38681,0.36
40337.41111,0.36
40337.41667,0.36
40337.45278,0.32
40337.49444,0.32
40337.53611,0.31
40337.54167,0.31
40337.57778,0.26
40337.61944,0.29
40337.66111,0.27
40337.66667,0.27
40337.70278,0.28
40337.74444,0.29
40337.78611,0.27
40337.79167,0.27
40337.82778,0.31
40337.86944,0.4
40337.91111,0.46
40337.91667,0.46
40337.95278,0.47
40337.99444,0.49
40337.99931,0.49
40338.03611,0.49
40338.04167,0.49
40338.07778,0.53
40338.11944,0.53
40338.16111,0.57
40338.16667,0.57
40338.20278,0.59
40338.24444,0.59
40338.28611,0.63
40338.29167,0.63
40338.32778,0.68
40338.36944,0.73
40338.41111,0.68
40338.41667,0.68
40338.45278,0.59
40338.49444,0.52
40338.53611,0.55
40338.54167,0.55
40338.55694,0.73
40338.56458,0.69
40338.57292,0.73
40338.57778,0.76
40338.58472,0.78
40338.61944,0.73
40338.62778,0.73
40338.64375,0.78
40338.65556,0.74
40338.66111,0.71
40338.66667,0.71
40338.67778,0.69
40338.70278,0.69
40338.74444,0.71
40338.78611,0.76
40338.79167,0.76
40338.82778,0.72
40338.86944,0.72
40338.91111,0.74
40338.91667,0.74
40338.95278,0.76
40338.99444,0.79
40338.99931,0.79
40339.03611,0.84
40339.04167,0.84
40339.07778,0.84
40339.11944,0.87
40339.16111,0.87
40339.16667,0.87
40339.20278,0.84
40339.24444,0.87
40339.28611,0.74
40339.29167,0.74
40339.32778,0.62
40339.36944,0.47
40339.41111,0.44
40339.41667,0.44
40339.45278,0.37
40339.49444,0.32
40339.53611,0.31
40339.54167,0.31
40339.57778,0.32
40339.61944,0.31
40339.66111,0.31
40339.66667,0.31
40339.70278,0.29
40339.74444,0.31
40339.78611,0.34
40339.79167,0.34
40339.82778,0.38
40339.86944,0.38
40339.91111,0.42
40339.91667,0.42
40339.95278,0.48
40339.99444,0.64
40339.99931,0.64
40340.03611,0.61
40340.04167,0.61
40340.07778,0.57
40340.11944,0.59
40340.16111,0.63
40340.16667,0.63
40340.20278,0.68
40340.24444,0.66
40340.28611,0.59
40340.29167,0.59
40340.32778,0.56
40340.36944,0.5
40340.41111,0.43
40340.41667,0.43
40340.45278,0.42
40340.49444,0.41
40340.53611,0.41
40340.54167,0.41
40340.57778,0.4
40340.61944,0.41
40340.66111,0.39
40340.66667,0.39
40340.70278,0.43
40340.74444,0.49
40340.78611,0.52
40340.79167,0.52
40340.82778,0.54
40340.86944,0.54
40340.91111,0.6
40340.91667,0.6
40340.95278,0.62
40340.99444,0.64
40340.99931,0.64
40341.03611,0.66
40341.04167,0.66
40341.07778,0.73
40341.11944,0.79
40341.16111,0.79
40341.16667,0.79
40341.20278,0.78
40341.24444,0.76
40341.28611,0.69
40341.29167,0.69
40341.32778,0.62
40341.36944,0.6
40341.41111,0.56
40341.41667,0.56
40341.45278,0.53
40341.49444,0.53
40341.53611,0.5
40341.54167,0.5
40341.57778,0.5
40341.61944,0.5
40341.66111,0.49
40341.66667,0.49
40341.68403,0.52
40341.70278,0.55
40341.70486,0.49
40341.71389,0.55
40341.72153,0.55
40341.72986,0.66
40341.74444,0.74
40341.78611,0.77
40341.79167,0.77
40341.82778,0.77
40341.86944,0.82
40341.91111,0.84
40341.91667,0.84
40341.95278,0.88
40341.99444,0.82
40341.99931,0.82
40342.03611,0.85
40342.04167,0.85
40342.07778,0.85
40342.11944,0.85
40342.16111,0.85
40342.16667,0.85
40342.20278,0.85
40342.24444,0.79
40342.28611,0.79
40342.29167,0.79
40342.32778,0.67
40342.36944,0.57
40342.41111,0.57
40342.41667,0.57
40342.45278,0.52
40342.49444,0.5
40342.53611,0.49
40342.54167,0.49
40342.57778,0.46
40342.59792,0.41
40342.61944,0.47
40342.62361,0.55
40342.63194,0.55
40342.64514,0.44
40342.66111,0.43
40342.66667,0.43
40342.70278,0.47
40342.74444,0.47
40342.78611,0.48
40342.79167,0.48
40342.82778,0.53
40342.86944,0.53
40342.91111,0.57
40342.91667,0.57
40342.95278,0.58
40342.99444,0.61
40342.99931,0.61
40343.03611,0.62
40343.04167,0.62
40343.07778,0.6
40343.11944,0.62
40343.16111,0.6
40343.16667,0.6
40343.20278,0.58
40343.24444,0.58
40343.28056,0.61
40343.28611,0.6
40343.29167,0.6
40343.30417,0.58
40343.32778,0.57
40343.36944,0.57
40343.3875,0.55
40343.41111,0.51
40343.41667,0.51
40343.45278,0.49
40343.49444,0.51
40343.53611,0.51
40343.54167,0.51
40343.57778,0.53
40343.61944,0.48
40343.66111,0.52
40343.66667,0.52
40343.70278,0.65
40343.74444,0.7
40343.75,0.79
40343.75417,0.79
40343.76181,0.79
40343.76458,0.84
40343.78611,0.74
40343.79167,0.74
40343.80694,0.79
40343.81042,0.83
40343.81319,0.89
40343.81597,0.89
40343.81736,0.89
40343.81944,0.89
40343.82778,0.85
40343.86944,0.79
40343.91111,0.85
40343.91667,0.85
40343.95278,0.82
40343.99444,0.88
40343.99931,0.88
40344.03611,0.79
40344.04167,0.79
40344.07778,0.79
40344.11944,0.76
40344.16111,0.79
40344.16667,0.79
40344.20278,0.76
40344.24444,0.74
40344.28611,0.69
40344.29167,0.69
40344.32778,0.67
40344.36944,0.6
40344.41111,0.58
40344.41667,0.58
40344.45278,0.54
40344.49444,0.52
40344.51528,0.58
40344.53611,0.64
40344.54167,0.64
40344.57778,0.64
40344.61944,0.67
40344.62778,0.65
40344.63264,0.65
40344.63681,0.65
40344.63819,0.65
40344.66111,0.65
40344.66667,0.65
40344.70278,0.64
40344.74444,0.67
40344.78611,0.64
40344.79167,0.64
40344.82778,0.67
40344.86944,0.67
40344.87986,0.65
40344.89722,0.65
40344.91111,0.66
40344.91667,0.66
40344.95278,0.71
40344.99444,0.76
40344.99931,0.76
40345.03611,0.79
40345.04167,0.79
40345.07778,0.79
40345.11944,0.79
40345.16111,0.76
40345.16667,0.76
40345.20278,0.81
40345.20764,0.78
40345.24444,0.79
40345.28611,0.79
40345.29167,0.79
40345.32778,0.79
40345.34931,0.74
40345.35833,0.74
40345.36944,0.79
40345.37847,0.78
40345.39306,0.74
40345.41111,0.76
40345.41667,0.76
40345.45278,0.76
40345.48681,0.78
40345.49444,0.82
40345.50139,0.83
40345.53611,0.77
40345.54167,0.77
40345.55833,0.74
40345.57778,0.76
40345.61944,0.77
40345.66111,0.74
40345.66667,0.74
40345.70278,0.69
40345.73194,0.74
40345.74444,0.72
40345.75278,0.7
40345.78611,0.74
40345.79167,0.74
40345.82778,0.74
40345.86944,0.82
40345.91111,0.79
40345.91667,0.79
40345.95278,0.76
40345.99444,0.74
40345.99931,0.74
40346.03611,0.77
40346.04167,0.77
40346.07778,0.79
40346.11944,0.81
40346.16111,0.82
40346.16667,0.82
40346.20278,0.64
40346.24444,0.62
40346.28611,0.52
40346.29167,0.52
40346.32778,0.49
40346.36944,0.45
40346.41111,0.46
40346.41667,0.46
40346.45278,0.43
40346.49444,0.42
40346.53611,0.4
40346.54167,0.4
40346.57778,0.4
40346.61944,0.37
40346.66111,0.4
40346.66667,0.4
40346.70278,0.4
40346.74444,0.41
40346.78611,0.45
40346.79167,0.45
40346.82778,0.47
40346.86944,0.47
40346.91111,0.5
40346.91667,0.5
40346.95278,0.52
40346.99444,0.53
40346.99931,0.53
40347.03611,0.51
40347.04167,0.51
40347.07778,0.57
40347.11944,0.59
40347.16111,0.63
40347.16667,0.63
40347.20278,0.63
40347.24444,0.59
40347.28611,0.55
40347.29167,0.55
40347.32778,0.5
40347.36944,0.46
40347.41111,0.43
40347.41667,0.43
40347.45278,0.41
40347.49444,0.39
40347.53611,0.37
40347.54167,0.37
40347.57778,0.36
40347.61944,0.32
40347.66111,0.33
40347.66667,0.33
40347.70278,0.37
40347.74444,0.47
40347.78611,0.52
40347.79167,0.52
40347.82778,0.52
40347.86944,0.56
40347.91111,0.64
40347.91667,0.64
40347.95278,0.66
40347.99444,0.64
40347.99931,0.64
40348.03611,0.68
40348.04167,0.68
40348.07778,0.76
40348.10278,0.73
40348.11944,0.71
40348.16111,0.71
40348.16667,0.71
40348.20278,0.79
40348.24444,0.76
40348.28611,0.76
40348.29167,0.76
40348.32778,0.69
40348.36944,0.69
40348.41111,0.6
40348.41667,0.6
40348.45278,0.57
40348.49444,0.48
40348.53611,0.47
40348.54167,0.47
40348.57778,0.47
40348.61944,0.31
40348.66111,0.36
40348.66667,0.36
40348.70278,0.41
40348.74444,0.47
40348.78611,0.48
40348.79167,0.48
40348.82778,0.55
40348.86944,0.65
40348.91111,0.65
40348.91667,0.65
40348.95278,0.71
40348.99444,0.74
40348.99931,0.74
40349.03611,0.74
40349.04167,0.74
40349.07778,0.76
40349.11944,0.74
40349.16111,0.77
40349.16667,0.77
40349.20278,0.77
40349.24444,0.71
40349.28611,0.62
40349.29167,0.62
40349.32778,0.59
40349.36944,0.51
40349.41111,0.48
40349.41667,0.48
40349.45278,0.43
40349.49444,0.38
40349.53611,0.37
40349.54167,0.37
40349.57778,0.32
40349.61944,0.33
40349.66111,0.33
40349.66667,0.33
40349.70278,0.34
40349.74444,0.34
40349.78611,0.39
40349.79167,0.39
40349.82778,0.39
40349.86944,0.42
40349.91111,0.46
40349.91667,0.46
40349.95278,0.49
40349.99444,0.49
40349.99931,0.49
40350.03611,0.52
40350.04167,0.52
40350.07778,0.54
40350.11944,0.56
40350.16111,0.58
40350.16667,0.58
40350.20278,0.54
40350.24444,0.58
40350.28611,0.54
40350.29167,0.54
40350.32778,0.53
40350.36944,0.48
40350.41111,0.39
40350.41667,0.39
40350.45278,0.38
40350.49444,0.35
40350.53611,0.34
40350.54167,0.34
40350.57778,0.31
40350.61944,0.31
40350.66111,0.32
40350.66667,0.32
40350.70278,0.34
40350.74444,0.36
40350.78611,0.38
40350.79167,0.38
40350.82778,0.44
40350.86944,0.44
40350.91111,0.51
40350.91667,0.51
40350.95278,0.55
40350.99444,0.64
40350.99931,0.64
40351.03611,0.64
40351.04167,0.64
40351.07778,0.64
40351.11944,0.69
40351.16111,0.76
40351.16667,0.76
40351.20278,0.69
40351.24444,0.71
40351.28611,0.69
40351.29167,0.69
40351.29861,0.62
40351.32778,0.6
40351.36944,0.51
40351.41111,0.53
40351.41667,0.53
40351.45278,0.48
40351.49444,0.43
40351.53611,0.41
40351.54167,0.41
40351.57778,0.44
40351.61944,0.4
40351.66111,0.37
40351.66667,0.37
40351.70278,0.4
40351.74444,0.42
40351.78611,0.46
40351.79167,0.46
40351.79306,0.55
40351.79653,0.65
40351.80069,0.61
40351.80347,0.65
40351.80833,0.66
40351.82569,0.7
40351.82778,0.69
40351.86944,0.71
40351.91111,0.69
40351.91667,0.69
40351.95278,0.71
40351.99444,0.77
40351.99931,0.77
40352.03611,0.77
40352.04167,0.77
40352.07778,0.76
40352.11944,0.79
40352.16111,0.79
40352.16667,0.79
40352.20278,0.79
40352.24444,0.77
40352.28611,0.63
40352.29167,0.63
40352.32778,0.57
40352.36944,0.54
40352.41111,0.47
40352.41667,0.47
40352.45278,0.44
40352.49444,0.38
40352.53611,0.38
40352.54167,0.38
40352.57778,0.37
40352.61944,0.36
40352.66111,0.34
40352.66667,0.34
40352.70278,0.35
40352.74444,0.4
40352.78611,0.38
40352.79167,0.38
40352.82778,0.5
40352.86944,0.55
40352.91111,0.61
40352.91667,0.61
40352.95278,0.67
40352.99444,0.59
40352.99931,0.59
40353.03611,0.59
40353.04167,0.59
40353.07778,0.61
40353.11944,0.63
40353.16111,0.71
40353.16667,0.71
40353.20278,0.77
40353.24444,0.74
40353.28611,0.63
40353.29167,0.63
40353.32778,0.55
40353.36944,0.47
40353.41111,0.39
40353.41667,0.39
40353.44028,0.39
40353.45278,0.39
40353.49444,0.36
40353.53611,0.34
40353.54167,0.34
40353.57778,0.36
40353.61944,0.37
40353.66111,0.41
40353.66667,0.41
40353.67153,0.41
40353.67778,0.44
40353.70278,0.47
40353.74444,0.47
40353.78611,0.42
40353.79167,0.42
40353.82778,0.48
40353.86944,0.48
40353.91111,0.51
40353.91667,0.51
40353.95278,0.48
40353.99444,0.49
40353.99931,0.49
40354.03611,0.53
40354.04167,0.53
40354.07778,0.56
40354.11944,0.6
40354.16111,0.6
40354.16667,0.6
40354.20278,0.62
40354.24444,0.6
40354.28611,0.58
40354.29167,0.58
40354.32778,0.53
40354.36944,0.48
40354.41111,0.46
40354.41667,0.46
40354.45278,0.44
40354.49444,0.36
40354.53611,0.33
40354.54167,0.33
40354.57778,0.33
40354.61944,0.3
40354.63264,0.32
40354.66111,0.32
40354.66667,0.32
40354.70278,0.31
40354.74444,0.31
40354.78611,0.36
40354.79167,0.36
40354.82778,0.4
40354.86944,0.41
40354.91111,0.44
40354.91667,0.44
40354.95278,0.52
40354.99444,0.58
40354.99931,0.58
40355.03611,0.56
40355.04167,0.56
40355.07778,0.64
40355.11944,0.6
40355.16111,0.67
40355.16667,0.67
40355.20278,0.64
40355.24444,0.58
40355.28611,0.62
40355.29167,0.62
40355.32778,0.62
40355.36944,0.61
40355.41111,0.57
40355.41667,0.57
40355.45278,0.52
40355.49444,0.51
40355.53611,0.44
40355.54167,0.44
40355.57778,0.41
40355.61944,0.33
40355.66111,0.33
40355.66667,0.33
40355.70278,0.32
40355.74444,0.32
40355.78611,0.36
40355.79167,0.36
40355.82778,0.39
40355.86944,0.42
40355.91111,0.57
40355.91667,0.57
40355.95278,0.6
40355.99444,0.58
40355.99931,0.58
40356.03611,0.58
40356.04167,0.58
40356.07778,0.69
40356.11944,0.74
40356.16111,0.71
40356.16667,0.71
40356.20278,0.69
40356.24444,0.74
40356.28611,0.67
40356.29167,0.67
40356.32778,0.72
40356.36944,0.55
40356.41111,0.38
40356.41667,0.38
40356.45278,0.39
40356.49444,0.36
40356.53611,0.35
40356.54167,0.35
40356.57778,0.36
40356.61944,0.44
40356.66111,0.41
40356.66667,0.41
40356.70278,0.41
40356.74444,0.43
40356.78611,0.5
40356.79167,0.5
40356.82778,0.47
40356.86944,0.53
40356.91111,0.61
40356.91667,0.61
40356.95278,0.63
40356.99444,0.65
40356.99931,0.65
40357.03611,0.65
40357.04167,0.65
40357.07778,0.63
40357.11944,0.61
40357.16111,0.63
40357.16667,0.63
40357.20278,0.65
40357.24444,0.63
40357.28611,0.57
40357.29167,0.57
40357.32778,0.52
40357.36944,0.47
40357.41111,0.47
40357.41667,0.47
40357.45278,0.41
40357.49444,0.41
40357.53611,0.43
40357.54167,0.43
40357.55486,0.39
40357.56319,0.44
40357.57778,0.61
40357.58194,0.62
40357.58472,0.74
40357.58819,0.89
40357.59097,0.89
40357.59583,0.83
40357.60417,0.83
40357.60694,0.83
40357.61042,0.79
40357.61389,0.74
40357.61944,0.77
40357.66111,0.65
40357.66667,0.65
40357.70278,0.63
40357.74444,0.59
40357.78611,0.63
40357.79167,0.63
40357.82778,0.7
40357.86944,0.72
40357.91111,0.72
40357.91667,0.72
40357.95278,0.67
40357.99444,0.65
40357.99931,0.65
40358.03611,0.51
40358.04167,0.51
40358.07778,0.55
40358.11944,0.55
40358.16111,0.58
40358.16667,0.58
40358.20278,0.58
40358.24444,0.56
40358.28611,0.56
40358.29167,0.56
40358.32778,0.54
40358.36944,0.54
40358.41111,0.44
40358.41667,0.44
40358.45278,0.36
40358.49444,0.35
40358.53611,0.32
40358.54167,0.32
40358.57778,0.31
40358.61944,0.32
40358.66111,0.34
40358.66667,0.34
40358.70278,0.33
40358.74444,0.33
40358.78611,0.4
40358.79167,0.4
40358.82778,0.44
40358.86944,0.45
40358.91111,0.47
40358.91667,0.47
40358.95278,0.49
40358.99444,0.47
40358.99931,0.47
40359.03611,0.48
40359.04167,0.48
40359.07778,0.45
40359.11944,0.44
40359.16111,0.42
40359.16667,0.42
40359.20278,0.44
40359.24444,0.4
40359.28611,0.38
40359.29167,0.38
40359.32778,0.38
40359.36944,0.33
40359.41111,0.29
40359.41667,0.29
40359.45278,0.27
40359.49444,0.29
40359.53611,0.31
40359.54167,0.31
40359.57778,0.26
40359.61944,0.3
40359.66111,0.29
40359.66667,0.29
40359.70278,0.3
40359.74444,0.27
40359.78611,0.35
40359.79167,0.35
40359.82778,0.38
40359.86944,0.44
40359.91111,0.46
40359.91667,0.46
40359.95278,0.51
40359.99444,0.55
40359.99931,0.55
40360.03611,0.55
40360.04167,0.55
40360.07778,0.41
40360.11944,0.42
40360.16111,0.42
40360.16667,0.42
40360.20278,0.43
40360.24444,0.45
40360.28611,0.42
40360.29167,0.42
40360.32778,0.41
40360.36944,0.37
40360.41111,0.34
40360.41667,0.34
40360.45278,0.31
40360.49444,0.29
40360.53611,0.27
40360.54167,0.27
40360.57778,0.26
40360.61944,0.25
40360.66111,0.25
40360.66667,0.25
40360.70278,0.24
40360.74444,0.25
40360.78611,0.26
40360.79167,0.26
40360.82778,0.32
40360.86944,0.33
40360.91111,0.33
40360.91667,0.33
40360.95278,0.39
40360.99444,0.4
40360.99931,0.4
40361.03611,0.47
40361.04167,0.47
40361.07778,0.49
40361.11944,0.52
40361.16111,0.52
40361.16667,0.52
40361.20278,0.51
40361.24444,0.54
40361.28611,0.49
40361.29167,0.49
40361.32778,0.35
40361.36944,0.37
40361.41111,0.34
40361.41667,0.34
40361.45278,0.32
40361.49444,0.3
40361.53611,0.27
40361.54167,0.27
40361.57778,0.26
40361.61944,0.25
40361.66111,0.24
40361.66667,0.24
40361.70278,0.23
40361.74444,0.24
40361.78611,0.35
40361.79167,0.35
40361.82778,0.4
40361.86944,0.43
40361.91111,0.46
40361.91667,0.46
40361.95278,0.49
40361.99444,0.51
40361.99931,0.51
40362.03611,0.55
40362.04167,0.55
40362.07778,0.59
40362.11944,0.66
40362.16111,0.63
40362.16667,0.63
40362.20278,0.63
40362.24444,0.63
40362.28611,0.53
40362.29167,0.53
40362.32778,0.46
40362.36944,0.42
40362.41111,0.34
40362.41667,0.34
40362.45278,0.32
40362.49444,0.31
40362.53611,0.27
40362.54167,0.27
40362.57778,0.27
40362.61944,0.25
40362.66111,0.27
40362.66667,0.27
40362.70278,0.27
40362.74444,0.31
40362.78611,0.36
40362.79167,0.36
40362.82778,0.39
40362.86944,0.48
40362.91111,0.5
40362.91667,0.5
40362.95278,0.57
40362.99444,0.61
40362.99931,0.61
40363.03611,0.68
40363.04167,0.68
40363.07778,0.71
40363.11944,0.68
40363.16111,0.7
40363.16667,0.7
40363.20278,0.7
40363.24444,0.73
40363.28611,0.66
40363.29167,0.66
40363.32778,0.54
40363.36944,0.5
40363.41111,0.46
40363.41667,0.46
40363.45278,0.37
40363.49444,0.31
40363.53611,0.3
40363.54167,0.3
40363.57778,0.29
40363.61944,0.32
40363.66111,0.27
40363.66667,0.27
40363.70278,0.3
40363.74444,0.31
40363.78611,0.36
40363.79167,0.36
40363.82778,0.36
40363.86944,0.56
40363.91111,0.49
40363.91667,0.49
40363.95278,0.64
40363.99444,0.69
40363.99931,0.69
40364.03611,0.69
40364.04167,0.69
40364.07778,0.66
40364.11944,0.74
40364.16111,0.69
40364.16667,0.69
40364.20278,0.62
40364.24444,0.67
40364.28611,0.62
40364.29167,0.62
40364.32778,0.51
40364.36944,0.41
40364.41111,0.38
40364.41667,0.38
40364.45278,0.34
40364.49444,0.31
40364.53611,0.32
40364.54167,0.32
40364.57778,0.32
40364.61944,0.33
40364.66111,0.31
40364.66667,0.31
40364.70278,0.29
40364.74444,0.34
40364.78611,0.38
40364.79167,0.38
40364.82778,0.45
40364.86944,0.51
40364.91111,0.63
40364.91667,0.63
40364.95278,0.61
40364.99444,0.61
40364.99931,0.61
40365.03611,0.65
40365.04167,0.65
40365.07778,0.69
40365.11944,0.74
40365.16111,0.69
40365.16667,0.69
40365.20278,0.74
40365.24444,0.74
40365.28611,0.67
40365.29167,0.67
40365.32778,0.59
40365.36944,0.44
40365.41111,0.34
40365.41667,0.34
40365.45278,0.28
40365.49444,0.28
40365.53611,0.29
40365.54167,0.29
40365.57778,0.29
40365.61944,0.23
40365.66111,0.21
40365.66667,0.21
40365.70278,0.2
40365.74444,0.25
40365.78611,0.24
40365.79167,0.24
40365.82778,0.4
40365.86944,0.52
40365.91111,0.51
40365.91667,0.51
40365.95278,0.61
40365.99444,0.57
40365.99931,0.57
40366.03611,0.57
40366.04167,0.57
40366.07778,0.59
40366.11944,0.59
40366.16111,0.65
40366.16667,0.65
40366.20278,0.6
40366.24444,0.55
40366.28611,0.51
40366.29167,0.51
40366.32778,0.48
40366.36944,0.46
40366.41111,0.41
40366.41667,0.41
40366.45278,0.33
40366.49444,0.32
40366.53611,0.29
40366.54167,0.29
40366.57778,0.3
40366.61944,0.29
40366.66111,0.32
40366.66667,0.32
40366.70278,0.35
40366.74444,0.36
40366.78611,0.4
40366.79167,0.4
40366.82778,0.47
40366.86944,0.49
40366.91111,0.45
40366.91667,0.45
40366.95278,0.54
40366.99444,0.55
40366.99931,0.55
40367.03611,0.55
40367.04167,0.55
40367.07778,0.59
40367.11944,0.67
40367.16111,0.69
40367.16667,0.69
40367.20278,0.72
40367.24444,0.74
40367.28611,0.7
40367.29167,0.7
40367.32778,0.65
40367.36944,0.59
40367.41111,0.55
40367.41667,0.55
40367.45278,0.5
40367.49444,0.44
40367.53611,0.44
40367.54167,0.44
40367.57778,0.44
40367.61944,0.46
40367.66111,0.47
40367.66667,0.47
40367.70278,0.47
40367.74444,0.54
40367.78611,0.57
40367.79167,0.57
40367.82778,0.57
40367.86944,0.59
40367.91111,0.59
40367.91667,0.59
40367.95278,0.62
40367.99444,0.67
40367.99931,0.66
40368.01528,0.7
40368.03611,0.69
40368.04167,0.69
40368.0625,0.74
40368.07778,0.74
40368.11944,0.77
40368.14444,0.79
40368.15417,0.79
40368.16111,0.77
40368.16667,0.77
40368.20278,0.79
40368.24444,0.79
40368.28611,0.74
40368.29167,0.74
40368.30139,0.74
40368.32569,0.7
40368.32778,0.65
40368.34444,0.66
40368.36944,0.63
40368.39375,0.51
40368.41111,0.55
40368.41667,0.55
40368.45278,0.53
40368.49444,0.45
40368.53611,0.42
40368.54167,0.42
40368.57778,0.38
40368.61944,0.45
40368.66111,0.46
40368.66667,0.46
40368.70278,0.48
40368.74444,0.51
40368.78611,0.51
40368.79167,0.51
40368.82778,0.51
40368.86944,0.61
40368.91111,0.65
40368.91667,0.65
40368.93264,0.7
40368.95139,0.74
40368.95278,0.76
40368.99444,0.74
40368.99931,0.74
40369.03611,0.74
40369.04167,0.74
40369.07778,0.77
40369.11944,0.77
40369.14861,0.83
40369.16111,0.85
40369.16667,0.85
40369.17361,0.83
40369.175,0.89
40369.17986,0.89
40369.18472,0.89
40369.19167,0.83
40369.19722,0.89
40369.20278,0.84
40369.20972,0.83
40369.2125,0.83
40369.22431,0.89
40369.23333,0.89
40369.24444,0.84
40369.28611,0.84
40369.29167,0.84
40369.30833,0.89
40369.31528,0.89
40369.32778,0.88
40369.33056,0.89
40369.33611,0.89
40369.33819,0.89
40369.34514,0.89
40369.34653,0.89
40369.34792,0.89
40369.35694,0.94
40369.35972,0.94
40369.36319,0.89
40369.36806,0.83
40369.36944,0.84
40369.37361,0.89
40369.37778,0.89
40369.38611,0.89
40369.38889,0.83
40369.40625,0.89
40369.40903,0.89
40369.40972,0.89
40369.41111,0.88
40369.41528,0.89
40369.41667,0.89
40369.41806,0.89
40369.42014,0.94
40369.42222,0.89
40369.425,0.83
40369.42639,0.83
40369.43403,0.89
40369.43681,0.83
40369.44375,0.83
40369.45139,0.89
40369.45278,0.88
40369.45417,0.83
40369.46458,0.83
40369.49236,0.83
40369.49444,0.84
40369.51389,0.83
40369.52153,0.83
40369.53194,0.78
40369.53611,0.79
40369.53889,0.78
40369.57778,0.74
40369.59792,0.65
40369.61944,0.62
40369.62778,0.62
40369.64931,0.58
40369.66111,0.61
40369.66667,0.61
40369.70278,0.58
40369.74444,0.65
40369.78611,0.71
40369.79167,0.71
40369.82778,0.74
40369.86944,0.74
40369.89306,0.74
40369.91111,0.74
40369.91667,0.74
40369.95278,0.74
40369.99444,0.74
40369.99931,0.74
40370.03611,0.74
40370.04167,0.74
40370.07778,0.71
40370.11944,0.76
40370.16111,0.74
40370.16667,0.74
40370.20278,0.71
40370.24444,0.71
40370.28611,0.64
40370.29167,0.64
40370.32778,0.56
40370.36944,0.49
40370.41111,0.39
40370.41667,0.39
40370.45278,0.35
40370.49444,0.3
40370.53611,0.27
40370.54167,0.27
40370.57778,0.25
40370.61944,0.25
40370.66111,0.23
40370.66667,0.23
40370.70278,0.26
40370.74444,0.27
40370.78611,0.32
40370.79167,0.32
40370.82778,0.36
40370.86944,0.42
40370.91111,0.49
40370.91667,0.49
40370.95278,0.52
40370.99444,0.62
40370.99931,0.62
40371.03611,0.66
40371.04167,0.66
40371.07778,0.71
40371.11944,0.71
40371.16111,0.69
40371.16667,0.69
40371.20278,0.76
40371.24444,0.79
40371.28611,0.74
40371.29167,0.74
40371.32778,0.71
40371.36944,0.65
40371.41111,0.65
40371.41667,0.65
40371.45278,0.61
40371.49444,0.59
40371.53611,0.59
40371.54167,0.59
40371.56111,0.59
40371.57778,0.65
40371.58194,0.61
40371.59306,0.61
40371.61944,0.62
40371.64583,0.83
40371.64931,0.83
40371.65139,0.78
40371.65694,0.74
40371.66111,0.74
40371.66667,0.74
40371.66944,0.83
40371.68056,0.79
40371.70278,0.79
40371.74444,0.72
40371.78611,0.69
40371.79167,0.69
40371.82778,0.71
40371.86944,0.74
40371.88264,0.78
40371.88472,0.83
40371.88819,0.89
40371.89028,0.89
40371.89444,0.89
40371.9,0.89
40371.90278,0.89
40371.91111,0.88
40371.91667,0.88
40371.95278,0.88
40371.99444,0.9
40371.99931,0.9
40372.02014,0.89
40372.03472,0.89
40372.03611,0.88
40372.04167,0.88
40372.05208,0.89
40372.07778,0.88
40372.1125,0.89
40372.11944,0.88
40372.13819,0.83
40372.14722,0.83
40372.16111,0.84
40372.16667,0.84
40372.18056,0.83
40372.20278,0.84
40372.24444,0.84
40372.26042,0.89
40372.28611,0.82
40372.29167,0.82
40372.29375,0.83
40372.32431,0.79
40372.32778,0.79
40372.34792,0.79
40372.36806,0.74
40372.36944,0.76
40372.39028,0.74
40372.41111,0.72
40372.41667,0.72
40372.45278,0.74
40372.49444,0.65
40372.51667,0.66
40372.53611,0.67
40372.54167,0.67
40372.57292,0.62
40372.57778,0.67
40372.58542,0.62
40372.59167,0.66
40372.59722,0.62
40372.61944,0.65
40372.66111,0.61
40372.66667,0.61
40372.70278,0.59
40372.74444,0.61
40372.78333,0.7
40372.78611,0.74
40372.78819,0.83
40372.79028,0.89
40372.79167,0.74
40372.79375,0.89
40372.79653,0.89
40372.8,0.89
40372.81528,0.89
40372.81875,0.89
40372.82292,0.89
40372.82778,0.85
40372.86944,0.84
40372.91111,0.82
40372.91667,0.82
40372.94861,0.83
40372.95278,0.82
40372.96736,0.89
40372.96944,0.89
40372.97153,0.89
40372.98472,0.89
40372.99028,0.89
40372.99236,0.89
40372.99444,0.9
40372.99931,0.9
40373.00417,0.89
40373.00764,0.89
40373.01736,0.89
40373.02708,0.94
40373.03611,0.91
40373.03889,0.94
40373.04167,0.91
40373.07778,0.88
40373.08403,0.89
40373.11944,0.88
40373.14306,0.89
40373.14792,0.89
40373.15972,0.89
40373.16111,0.9
40373.16667,0.9
40373.20139,0.83
40373.20278,0.84
40373.24444,0.82
40373.25972,0.78
40373.28611,0.79
40373.29167,0.79
40373.29792,0.78
40373.30417,0.83
40373.31667,0.83
40373.32639,0.83
40373.32778,0.84
40373.33264,0.83
40373.34306,0.83
40373.35139,0.89
40373.36944,0.82
40373.375,0.83
40373.4,0.83
40373.41111,0.82
40373.41667,0.82
40373.42778,0.83
40373.45278,0.74
40373.46597,0.7
40373.49444,0.67
40373.53611,0.57
40373.54167,0.57
40373.57778,0.51
40373.61944,0.5
40373.66111,0.5
40373.66667,0.5
40373.70278,0.48
40373.74444,0.65
40373.78611,0.61
40373.79167,0.61
40373.82778,0.59
40373.86944,0.63
40373.91111,0.63
40373.91667,0.63
40373.95278,0.67
40373.99444,0.67
40373.99931,0.67
40374.03611,0.71
40374.04167,0.71
40374.07778,0.69
40374.11944,0.74
40374.16111,0.74
40374.16667,0.74
40374.20278,0.79
40374.24444,0.74
40374.28611,0.69
40374.29167,0.69
40374.32778,0.65
40374.36944,0.55
40374.41111,0.52
40374.41667,0.52
40374.45278,0.47
40374.49444,0.44
40374.53611,0.45
40374.54167,0.45
40374.57778,0.5
40374.61944,0.47
40374.66111,0.47
40374.66667,0.47
40374.70278,0.5
40374.74444,0.5
40374.78611,0.61
40374.79167,0.61
40374.82778,0.63
40374.86944,0.63
40374.91111,0.63
40374.91667,0.63
40374.95278,0.65
40374.99444,0.67
40374.99931,0.67
40375.03611,0.65
40375.04167,0.65
40375.07778,0.71
40375.11944,0.79
40375.16111,0.76
40375.16667,0.76
40375.20278,0.79
40375.24444,0.82
40375.28611,0.74
40375.29167,0.74
40375.32778,0.72
40375.36944,0.68
40375.41111,0.65
40375.41667,0.65
40375.45278,0.54
40375.49444,0.49
40375.53611,0.35
40375.54167,0.35
40375.57778,0.35
40375.61944,0.35
40375.66111,0.35
40375.66667,0.35
40375.70278,0.34
40375.74444,0.36
40375.78611,0.35
40375.79167,0.36
40375.80764,0.46
40375.82778,0.53
40375.86944,0.48
40375.88889,0.59
40375.90139,0.59
40375.91111,0.59
40375.91667,0.59
40375.94583,0.66
40375.95,0.66
40375.95278,0.63
40375.95764,0.66
40375.96042,0.59
40375.9625,0.62
40375.96944,0.79
40375.97847,0.79
40375.98542,0.79
40375.99444,0.77
40375.99931,0.77
40376.01111,0.79
40376.03611,0.77
40376.04167,0.77
40376.07778,0.76
40376.11944,0.74
40376.16111,0.77
40376.16667,0.77
40376.20278,0.77
40376.24444,0.74
40376.28611,0.67
40376.29167,0.67
40376.32778,0.61
40376.36944,0.55
40376.41111,0.48
40376.41667,0.48
40376.45278,0.47
40376.49444,0.41
40376.53611,0.4
40376.54167,0.4
40376.57778,0.41
40376.61944,0.44
40376.66111,0.41
40376.66667,0.41
40376.70278,0.45
40376.74444,0.41
40376.78611,0.42
40376.79167,0.42
40376.82778,0.5
40376.86944,0.53
40376.91111,0.57
40376.91667,0.57
40376.95278,0.58
40376.99444,0.62
40376.99931,0.62
40377.03611,0.64
40377.04167,0.64
40377.07778,0.66
40377.11944,0.74
40377.16111,0.72
40377.16667,0.72
40377.20278,0.76
40377.24444,0.71
40377.28611,0.64
40377.29167,0.64
40377.32778,0.61
40377.36944,0.53
40377.41111,0.47
40377.41667,0.47
40377.45278,0.45
40377.49444,0.45
40377.53611,0.41
40377.54167,0.41
40377.57778,0.44
40377.61944,0.44
40377.66111,0.38
40377.66667,0.38
40377.70278,0.41
40377.74444,0.44
40377.78611,0.45
40377.79167,0.45
40377.82778,0.57
40377.86944,0.67
40377.91111,0.59
40377.91667,0.62
40377.95278,0.65
40377.975,0.65
40377.99444,0.67
40377.99931,0.67
40378.03611,0.67
40378.04167,0.67
40378.07778,0.72
40378.11944,0.74
40378.16111,0.76
40378.16667,0.76
40378.20278,0.74
40378.24444,0.74
40378.28611,0.72
40378.29167,0.72
40378.32778,0.67
40378.36944,0.63
40378.41111,0.65
40378.41667,0.65
40378.45278,0.68
40378.49444,0.61
40378.53611,0.53
40378.54167,0.53
40378.57778,0.52
40378.61944,0.56
40378.66111,0.54
40378.66667,0.54
40378.70278,0.53
40378.74444,0.72
40378.78611,0.72
40378.79167,0.72
40378.82778,0.65
40378.86944,0.72
40378.91111,0.63
40378.91667,0.63
40378.95278,0.57
40378.99444,0.56
40378.99931,0.56
40379.03611,0.58
40379.04167,0.58
40379.07778,0.6
40379.11944,0.65
40379.16111,0.71
40379.16667,0.71
40379.20278,0.76
40379.24444,0.71
40379.28611,0.69
40379.29167,0.69
40379.32778,0.6
40379.36944,0.63
40379.41111,0.51
40379.41667,0.51
40379.42361,0.58
40379.45278,0.53
40379.49444,0.52
40379.53611,0.55
40379.54167,0.55
40379.57778,0.48
40379.61944,0.44
40379.66111,0.44
40379.66667,0.44
40379.70278,0.47
40379.74444,0.45
40379.78611,0.48
40379.79167,0.48
40379.82778,0.74
40379.86944,0.79
40379.91111,0.79
40379.91667,0.79
40379.95278,0.82
40379.99444,0.82
40379.99931,0.82
40380.03611,0.82
40380.04167,0.82
40380.07778,0.82
40380.11944,0.82
40380.16111,0.79
40380.16667,0.79
40380.20278,0.82
40380.24444,0.79
40380.28611,0.74
40380.29167,0.74
40380.32778,0.72
40380.36944,0.72
40380.41111,0.7
40380.41667,0.7
40380.45278,0.65
40380.46806,0.62
40380.48056,0.62
40380.49444,0.55
40380.53611,0.53
40380.54167,0.53
40380.57778,0.52
40380.61944,0.47
40380.66111,0.47
40380.66667,0.47
40380.70278,0.49
40380.74444,0.5
40380.78611,0.52
40380.79167,0.52
40380.82778,0.54
40380.86944,0.51
40380.91111,0.55
40380.91667,0.55
40380.95278,0.51
40380.99444,0.51
40380.99931,0.51
40381.03611,0.58
40381.04167,0.58
40381.07778,0.53
40381.11944,0.56
40381.16111,0.6
40381.16667,0.6
40381.20278,0.58
40381.24444,0.6
40381.28611,0.58
40381.29167,0.58
40381.32778,0.57
40381.36944,0.55
40381.41111,0.52
40381.41667,0.52
40381.45278,0.43
40381.49444,0.37
40381.53611,0.37
40381.54167,0.37
40381.57778,0.28
40381.61944,0.29
40381.66111,0.31
40381.66667,0.31
40381.70278,0.32
40381.74444,0.36
40381.78611,0.38
40381.79167,0.38
40381.82778,0.51
40381.86944,0.51
40381.91111,0.48
40381.91667,0.48
40381.95278,0.53
40381.99444,0.53
40381.99931,0.53
40382.03611,0.57
40382.04167,0.57
40382.07778,0.61
40382.11944,0.71
40382.16111,0.69
40382.16667,0.69
40382.20278,0.74
40382.24444,0.74
40382.28611,0.74
40382.29167,0.74
40382.32778,0.72
40382.36944,0.67
40382.41111,0.59
40382.41667,0.59
40382.45278,0.51
40382.49444,0.4
40382.53611,0.39
40382.54167,0.39
40382.57778,0.4
40382.61944,0.4
40382.66111,0.43
40382.66667,0.43
40382.70278,0.4
40382.74444,0.43
40382.78611,0.6
40382.79167,0.6
40382.82778,0.52
40382.86944,0.56
40382.91111,0.58
40382.91667,0.58
40382.95278,0.52
40382.99444,0.55
40382.99931,0.55
40383.03611,0.57
40383.04167,0.57
40383.07778,0.61
40383.11944,0.65
40383.16111,0.72
40383.16667,0.72
40383.20278,0.69
40383.24444,0.67
40383.28611,0.65
40383.29167,0.65
40383.32778,0.48
40383.36944,0.47
40383.41111,0.46
40383.41667,0.46
40383.45278,0.43
40383.49444,0.39
40383.53611,0.4
40383.54167,0.4
40383.57778,0.38
40383.61944,0.39
40383.66111,0.39
40383.66667,0.39
40383.70278,0.39
40383.74444,0.42
40383.78611,0.43
40383.79167,0.43
40383.82778,0.49
40383.86944,0.63
40383.91111,0.5
40383.91667,0.5
40383.95278,0.49
40383.99444,0.44
40383.99931,0.44
40384.03611,0.44
40384.04167,0.44
40384.07778,0.46
40384.11944,0.46
40384.16111,0.48
40384.16667,0.48
40384.20278,0.53
40384.24444,0.55
40384.28611,0.53
40384.29167,0.53
40384.32778,0.54
40384.36944,0.49
40384.41111,0.47
40384.41667,0.47
40384.45278,0.44
40384.49444,0.44
40384.53611,0.42
40384.54167,0.42
40384.57778,0.39
40384.61111,0.44
40384.6125,0.55
40384.61597,0.74
40384.61806,0.83
40384.61944,0.88
40384.62153,0.89
40384.62361,0.89
40384.62569,0.89
40384.62986,0.89
40384.63403,0.89
40384.63681,0.89
40384.64097,0.89
40384.64306,0.89
40384.64722,0.83
40384.66111,0.79
40384.66667,0.79
40384.70278,0.7
40384.74444,0.74
40384.78611,0.69
40384.79167,0.69
40384.82778,0.71
40384.86944,0.69
40384.91111,0.71
40384.91667,0.71
40384.95278,0.77
40384.99444,0.71
40384.99931,0.71
40385.03611,0.74
40385.04167,0.74
40385.07778,0.76
40385.11806,0.7
40385.11944,0.71
40385.16111,0.66
40385.16667,0.66
40385.20278,0.6
40385.24444,0.56
40385.25347,0.54
40385.28611,0.54
40385.29167,0.54
40385.3125,0.51
40385.32778,0.5
40385.36944,0.41
40385.41111,0.42
40385.41667,0.42
40385.45278,0.4
40385.49444,0.4
40385.53611,0.36
40385.54167,0.36
40385.57778,0.34
40385.61944,0.37
40385.66111,0.35
40385.66667,0.35
40385.70278,0.35
40385.74444,0.34
40385.78611,0.35
40385.79167,0.35
40385.82778,0.46
40385.86944,0.54
40385.91111,0.6
40385.91667,0.6
40385.95278,0.58
40385.99444,0.58
40385.99931,0.58
40386.03611,0.62
40386.04167,0.62
40386.07778,0.62
40386.11944,0.73
40386.16111,0.69
40386.16667,0.69
40386.20278,0.71
40386.24444,0.69
40386.28611,0.66
40386.29167,0.66
40386.32778,0.6
40386.36944,0.55
40386.41111,0.53
40386.41667,0.53
40386.45278,0.46
40386.49444,0.46
40386.53611,0.43
40386.54167,0.43
40386.57778,0.43
40386.61944,0.43
40386.66111,0.48
40386.66667,0.48
40386.70278,0.48
40386.74444,0.45
40386.78611,0.44
40386.82778,0.54
40386.86944,0.6
40386.91111,0.62
40386.91667,0.62
40386.95278,0.66
40386.99444,0.72
40386.99931,0.72
40387.03611,0.72
40387.04167,0.72
40387.05764,0.74
40387.07778,0.71
40387.11667,0.65
40387.11944,0.69
40387.16111,0.74
40387.16667,0.74
40387.19236,0.74
40387.20278,0.74
40387.23958,0.74
40387.24444,0.74
40387.24792,0.79
40387.28611,0.74
40387.29167,0.74
40387.32778,0.72
40387.35972,0.7
40387.36944,0.69
40387.41111,0.65
40387.41667,0.65
40387.45278,0.65
40387.49444,0.61
40387.53611,0.52
40387.54167,0.52
40387.57778,0.41
40387.61944,0.49
40387.66111,0.47
40387.66667,0.47
40387.70278,0.49
40387.74444,0.54
40387.78611,0.59
40387.79167,0.59
40387.82778,0.59
40387.86944,0.65
40387.91111,0.65
40387.91667,0.65
40387.95278,0.65
40387.99444,0.67
40387.99931,0.67
40388.03611,0.72
40388.04167,0.72
40388.07778,0.77
40388.11944,0.74
40388.16111,0.76
40388.16667,0.76
40388.20278,0.79
40388.24444,0.76
40388.28611,0.74
40388.29167,0.74
40388.31319,0.7
40388.32778,0.7
40388.36944,0.59
40388.41111,0.52
40388.41667,0.52
40388.45278,0.49
40388.49444,0.46
40388.52778,0.49
40388.53611,0.55
40388.54167,0.55
40388.54236,0.55
40388.55208,0.55
40388.55556,0.7
40388.56875,0.79
40388.57778,0.85
40388.58611,0.79
40388.59583,0.79
40388.60347,0.79
40388.61944,0.74
40388.63958,0.74
40388.66111,0.79
40388.66667,0.79
40388.70278,0.74
40388.74444,0.74
40388.76458,0.74
40388.78611,0.6
40388.79167,0.6
40388.80139,0.66
40388.80417,0.66
40388.81806,0.7
40388.82778,0.67
40388.84931,0.7
40388.86944,0.74
40388.90347,0.7
40388.91111,0.72
40388.91667,0.72
40388.95278,0.58
40388.99444,0.54
40388.99931,0.54
40389.03611,0.56
40389.04167,0.56
40389.07778,0.6
40389.11944,0.57
40389.16111,0.61
40389.16667,0.61
40389.20278,0.59
40389.24444,0.59
40389.28611,0.55
40389.29167,0.55
40389.32778,0.5
40389.36944,0.48
40389.41111,0.44
40389.41667,0.44
40389.45278,0.41
40389.49444,0.37
40389.53611,0.36
40389.54167,0.36
40389.57778,0.34
40389.61944,0.33
40389.66111,0.35
40389.66667,0.35
40389.70278,0.36
40389.74444,0.38
40389.78611,0.39
40389.79167,0.39
40389.82778,0.5
40389.86944,0.48
40389.91111,0.54
40389.91667,0.54
40389.95278,0.54
40389.99444,0.57
40389.99931,0.57
40390.03611,0.59
40390.04167,0.59
40390.07778,0.62
40390.11944,0.66
40390.16111,0.62
40390.16667,0.62
40390.20278,0.68
40390.24444,0.61
40390.28611,0.62
40390.29167,0.62
40390.32778,0.55
40390.36944,0.5
40390.41111,0.47
40390.41667,0.47
40390.45278,0.46
40390.49444,0.41
40390.53611,0.38
40390.54167,0.38
40390.57778,0.37
40390.61944,0.38
40390.66111,0.4
40390.66667,0.4
40390.70278,0.44
40390.74444,0.46
40390.78611,0.49
40390.79167,0.49
40390.81597,0.48
40390.82778,0.47
40390.86944,0.51
40390.91111,0.54
40390.91667,0.54
40390.95278,0.54
40390.99444,0.58
40390.99931,0.58
40391.03611,0.79
40391.04167,0.79
40391.05278,0.83
40391.07778,0.82
40391.08889,0.83
40391.11944,0.84
40391.16111,0.81
40391.16667,0.81
40391.20278,0.78
40391.24444,0.78
40391.28611,0.76
40391.29167,0.76
40391.32778,0.71
40391.36944,0.69
40391.41111,0.62
40391.41667,0.62
40391.45278,0.58
40391.49444,0.54
40391.53611,0.62
40391.54167,0.62
40391.57778,0.71
40391.61944,0.66
40391.66111,0.69
40391.66667,0.69
40391.70278,0.6
40391.74444,0.62
40391.78611,0.64
40391.79167,0.64
40391.82778,0.69
40391.86944,0.71
40391.91111,0.71
40391.91667,0.71
40391.95278,0.71
40391.99444,0.71
40391.99931,0.71
40392.03611,0.74
40392.04167,0.74
40392.07778,0.76
40392.11944,0.71
40392.16111,0.76
40392.16667,0.76
40392.19861,0.78
40392.20278,0.82
40392.22222,0.83
40392.23611,0.83
40392.24444,0.82
40392.26528,0.78
40392.27431,0.78
40392.28611,0.73
40392.29167,0.73
40392.32778,0.69
40392.36944,0.67
40392.41111,0.62
40392.41667,0.62
40392.45278,0.64
40392.49444,0.62
40392.53611,0.65
40392.54167,0.65
40392.57778,0.62
40392.61944,0.62
40392.66111,0.58
40392.66667,0.58
40392.70278,0.64
40392.74444,0.6
40392.78611,0.6
40392.79167,0.6
40392.82778,0.67
40392.86944,0.71
40392.91111,0.74
40392.91667,0.74
40392.95278,0.74
40392.99444,0.74
40392.99931,0.74
40393.02569,0.74
40393.03611,0.74
40393.04167,0.74
40393.07778,0.76
40393.08264,0.74
40393.11944,0.74
40393.12569,0.74
40393.16111,0.79
40393.16667,0.79
40393.19653,0.74
40393.20278,0.76
40393.24444,0.76
40393.27986,0.78
40393.28611,0.77
40393.29167,0.77
40393.30556,0.78
40393.32778,0.77
40393.36944,0.74
40393.41111,0.74
40393.41667,0.74
40393.44861,0.7
40393.45278,0.67
40393.49444,0.65
40393.53611,0.61
40393.54167,0.61
40393.57778,0.63
40393.61944,0.63
40393.66111,0.63
40393.66667,0.63
40393.70278,0.65
40393.74444,0.65
40393.78611,0.65
40393.79167,0.65
40393.82778,0.65
40393.86944,0.69
40393.91111,0.72
40393.91667,0.72
40393.95278,0.72
40393.99444,0.74
40393.99931,0.74
40394.03611,0.77
40394.04167,0.77
40394.07778,0.79
40394.11944,0.77
40394.12639,0.79
40394.13125,0.79
40394.13958,0.83
40394.15972,0.79
40394.16111,0.82
40394.16667,0.82
40394.20278,0.85
40394.24444,0.82
40394.27014,0.79
40394.28611,0.79
40394.29167,0.79
40394.32431,0.79
40394.32778,0.79
40394.36944,0.72
40394.39306,0.7
40394.41111,0.65
40394.41667,0.65
40394.45278,0.7
40394.49444,0.59
40394.53611,0.66
40394.54167,0.66
40394.57778,0.51
40394.61944,0.5
40394.66111,0.59
40394.66667,0.59
40394.70278,0.57
40394.74444,0.56
40394.78611,0.58
40394.79167,0.58
40394.82778,0.52
40394.86944,0.61
40394.91111,0.62
40394.91667,0.62
40394.95278,0.6
40394.99444,0.62
40394.99931,0.62
40395.03611,0.64
40395.04167,0.64
40395.07778,0.66
40395.11944,0.69
40395.16111,0.74
40395.16667,0.74
40395.20278,0.74
40395.24444,0.72
40395.26319,0.74
40395.28611,0.74
40395.29167,0.74
40395.32778,0.69
40395.36944,0.65
40395.41111,0.63
40395.41667,0.63
40395.45278,0.61
40395.49444,0.43
40395.53611,0.44
40395.54167,0.44
40395.57778,0.44
40395.58194,0.44
40395.60764,0.47
40395.61042,0.47
40395.6125,0.59
40395.61389,0.7
40395.61806,0.74
40395.61944,0.74
40395.62431,0.78
40395.63056,0.78
40395.64583,0.79
40395.65486,0.83
40395.66111,0.79
40395.66667,0.79
40395.67986,0.83
40395.69375,0.83
40395.70278,0.82
40395.73056,0.74
40395.74306,0.83
40395.74444,0.82
40395.74931,0.83
40395.76389,0.83
40395.78611,0.82
40395.79167,0.82
40395.82778,0.85
40395.8625,0.89
40395.86736,0.83
40395.86944,0.85
40395.89722,0.89
40395.91111,0.88
40395.91667,0.88
40395.95278,0.85
40395.99444,0.84
40395.99931,0.84
40396.03611,0.84
40396.04167,0.84
40396.07778,0.85
40396.11944,0.87
40396.16111,0.87
40396.16667,0.87
40396.20278,0.84
40396.24444,0.82
40396.28611,0.79
40396.29167,0.79
40396.32778,0.69
40396.36944,0.6
40396.41111,0.55
40396.41667,0.55
40396.45278,0.51
40396.49444,0.4
40396.53611,0.42
40396.54167,0.42
40396.57778,0.39
40396.61944,0.34
40396.66111,0.34
40396.66667,0.34
40396.70278,0.35
40396.74444,0.4
40396.78611,0.43
40396.79167,0.43
40396.82778,0.42
40396.86944,0.42
40396.91111,0.47
40396.91667,0.47
40396.95278,0.44
40396.99444,0.52
40396.99931,0.52
40397.03611,0.47
40397.04167,0.47
40397.07778,0.5
40397.11944,0.52
40397.16111,0.57
40397.16667,0.57
40397.20278,0.59
40397.24444,0.66
40397.28611,0.59
40397.29167,0.59
40397.32778,0.54
40397.36944,0.49
40397.41111,0.42
40397.41667,0.42
40397.45278,0.41
40397.49444,0.37
40397.53611,0.38
40397.54167,0.38
40397.57778,0.36
40397.61944,0.35
40397.66111,0.35
40397.66667,0.35
40397.70278,0.37
40397.74444,0.35
40397.78611,0.42
40397.79167,0.42
40397.82778,0.45
40397.86944,0.58
40397.91111,0.52
40397.91667,0.52
40397.95278,0.58
40397.99444,0.6
40397.99931,0.6
40398.03611,0.64
40398.04167,0.64
40398.07778,0.66
40398.11944,0.66
40398.16111,0.68
40398.16667,0.68
40398.20278,0.73
40398.24444,0.76
40398.28611,0.76
40398.29167,0.76
40398.32778,0.71
40398.36944,0.67
40398.41111,0.56
40398.41667,0.56
40398.45278,0.48
40398.49444,0.43
40398.53611,0.39
40398.54167,0.39
40398.57778,0.35
40398.61944,0.3
40398.66111,0.39
40398.66667,0.39
40398.70278,0.43
40398.74444,0.43
40398.78611,0.49
40398.79167,0.49
40398.82778,0.49
40398.86944,0.54
40398.91111,0.62
40398.91667,0.62
40398.95278,0.67
40398.99444,0.76
40398.99931,0.76
40399.03611,0.79
40399.04167,0.79
40399.07778,0.82
40399.11944,0.82
40399.16111,0.84
40399.16667,0.84
40399.20278,0.84
40399.24444,0.84
40399.28611,0.76
40399.29167,0.76
40399.32778,0.69
40399.36944,0.69
40399.41111,0.59
40399.41667,0.59
40399.45278,0.54
40399.49444,0.48
40399.53611,0.47
40399.54167,0.47
40399.57778,0.47
40399.61944,0.46
40399.66111,0.47
40399.66667,0.47
40399.70278,0.49
40399.74444,0.53
40399.78611,0.57
40399.79167,0.57
40399.82778,0.57
40399.86944,0.61
40399.91111,0.63
40399.91667,0.63
40399.95278,0.63
40399.99444,0.65
40399.99931,0.65
40400.03611,0.67
40400.04167,0.67
40400.07778,0.72
40400.11944,0.71
40400.16111,0.74
40400.16667,0.74
40400.20278,0.74
40400.24444,0.77
40400.28611,0.72
40400.29167,0.72
40400.32778,0.65
40400.36944,0.61
40400.41111,0.47
40400.41667,0.47
40400.45278,0.41
40400.49444,0.36
40400.53611,0.35
40400.54167,0.35
40400.57778,0.34
40400.61944,0.33
40400.66111,0.32
40400.66667,0.32
40400.70278,0.32
40400.74444,0.35
40400.78611,0.55
40400.79167,0.55
40400.82778,0.59
40400.86944,0.55
40400.91111,0.52
40400.91667,0.52
40400.95278,0.51
40400.99444,0.59
40400.99931,0.59
40401.03611,0.57
40401.04167,0.57
40401.07778,0.53
40401.11944,0.63
40401.16111,0.59
40401.16667,0.59
40401.20278,0.59
40401.24444,0.6
40401.28611,0.59
40401.29167,0.59
40401.32778,0.57
40401.36944,0.55
40401.41111,0.5
40401.41667,0.5
40401.45278,0.46
40401.49444,0.4
40401.53611,0.36
40401.54167,0.36
40401.57778,0.34
40401.61944,0.32
40401.66111,0.34
40401.66667,0.34
40401.70278,0.34
40401.74444,0.49
40401.78611,0.48
40401.79167,0.48
40401.82778,0.53
40401.86944,0.51
40401.91111,0.55
40401.91667,0.55
40401.95278,0.55
40401.99444,0.59
40401.99931,0.59
40402.03611,0.59
40402.04167,0.59
40402.07778,0.67
40402.11944,0.72
40402.16111,0.74
40402.16667,0.74
40402.20278,0.72
40402.21806,0.74
40402.24444,0.77
40402.25556,0.79
40402.26042,0.79
40402.26806,0.79
40402.27431,0.74
40402.27639,0.79
40402.27917,0.83
40402.28194,0.89
40402.28472,0.89
40402.28611,0.89
40402.28819,0.89
40402.29792,0.89
40402.30556,0.89
40402.31319,0.83
40402.32778,0.88
40402.35,0.83
40402.36944,0.79
40402.37986,0.79
40402.38681,0.79
40402.41111,0.72
40402.41667,0.72
40402.45278,0.65
40402.49444,0.57
40402.53611,0.57
40402.54167,0.57
40402.57778,0.57
40402.59097,0.59
40402.61944,0.63
40402.63125,0.66
40402.64097,0.74
40402.66111,0.7
40402.66667,0.7
40402.70278,0.7
40402.71597,0.74
40402.72569,0.74
40402.73472,0.79
40402.73889,0.79
40402.74444,0.82
40402.75139,0.84
40402.75903,0.84
40402.76458,0.84
40402.77708,0.84
40402.78611,0.79
40402.79167,0.79
40402.79653,0.83
40402.80764,0.89
40402.82778,0.85
40402.86944,0.85
40402.91111,0.85
40402.91667,0.85
40402.95278,0.84
40402.99444,0.85
40402.99931,0.85
40403.01458,0.83
40403.02431,0.83
40403.03611,0.85
40403.04167,0.85
40403.07778,0.85
40403.11944,0.82
40403.13125,0.83
40403.15347,0.89
40403.15972,0.89
40403.16111,0.88
40403.16667,0.88
40403.17292,0.89
40403.20278,0.88
40403.22917,0.89
40403.24444,0.88
40403.25347,0.89
40403.28611,0.84
40403.29167,0.84
40403.30347,0.83
40403.32778,0.79
40403.34444,0.83
40403.35417,0.78
40403.36944,0.79
40403.41111,0.74
40403.41667,0.74
40403.45278,0.69
40403.47153,0.65
40403.49444,0.65
40403.53611,0.62
40403.54167,0.62
40403.57778,0.62
40403.61944,0.62
40403.66111,0.6
40403.66667,0.6
40403.70278,0.62
40403.74444,0.62
40403.78611,0.6
40403.79167,0.6
40403.82778,0.58
40403.86944,0.62
40403.8875,0.65
40403.91111,0.62
40403.91667,0.62
40403.95278,0.64
40403.99444,0.66
40403.99931,0.66
40404.03611,0.64
40404.04167,0.64
40404.07778,0.64
40404.11944,0.63
40404.16111,0.63
40404.16667,0.63
40404.20278,0.66
40404.24444,0.7
40404.28611,0.68
40404.29167,0.68
40404.32778,0.6
40404.36944,0.6
40404.41111,0.56
40404.41667,0.56
40404.45278,0.52
40404.49444,0.49
40404.53611,0.49
40404.54167,0.49
40404.57778,0.47
40404.61944,0.48
40404.66111,0.49
40404.66667,0.49
40404.70278,0.53
40404.74444,0.54
40404.78611,0.56
40404.79167,0.56
40404.82778,0.58
40404.86944,0.6
40404.91111,0.6
40404.91667,0.6
40404.95278,0.62
40404.99444,0.64
40404.99931,0.64
40405.03611,0.67
40405.04167,0.67
40405.07778,0.71
40405.11944,0.71
40405.16111,0.74
40405.16667,0.74
40405.20278,0.76
40405.21042,0.78
40405.24444,0.76
40405.28611,0.76
40405.29167,0.76
40405.32778,0.77
40405.36944,0.74
40405.39306,0.83
40405.40139,0.83
40405.41111,0.85
40405.41667,0.85
40405.41736,0.89
40405.44931,0.89
40405.45139,0.89
40405.45278,0.88
40405.45972,0.89
40405.46667,0.89
40405.47917,0.89
40405.49444,0.84
40405.53611,0.85
40405.54167,0.85
40405.57778,0.82
40405.61944,0.82
40405.64444,0.79
40405.66111,0.77
40405.66667,0.77
40405.70278,0.77
40405.71875,0.79
40405.72917,0.79
40405.74097,0.79
40405.74444,0.74
40405.78611,0.77
40405.79167,0.77
40405.80694,0.79
40405.82778,0.82
40405.83194,0.79
40405.86944,0.82
40405.91111,0.82
40405.91667,0.82
40405.95278,0.82
40405.99444,0.84
40405.99931,0.84
40406.03611,0.84
40406.04167,0.84
40406.07778,0.88
40406.11944,0.85
40406.16111,0.82
40406.16667,0.82
40406.20278,0.82
40406.24444,0.82
40406.28611,0.79
40406.29167,0.79
40406.32778,0.76
40406.36944,0.72
40406.41111,0.7
40406.41667,0.7
40406.45278,0.7
40406.49444,0.65
40406.53611,0.59
40406.54167,0.59
40406.57778,0.61
40406.61944,0.62
40406.66111,0.62
40406.66667,0.62
40406.70278,0.63
40406.74444,0.68
40406.78611,0.66
40406.79167,0.66
40406.82778,0.61
40406.86944,0.57
40406.91111,0.6
40406.91667,0.6
40406.95278,0.65
40406.99444,0.67
40406.99931,0.67
40407.03611,0.71
40407.04167,0.71
40407.07778,0.74
40407.11944,0.79
40407.16111,0.79
40407.16667,0.79
40407.20278,0.77
40407.24444,0.85
40407.28611,0.67
40407.29167,0.67
40407.32778,0.58
40407.36944,0.48
40407.41111,0.45
40407.41667,0.45
40407.45278,0.4
40407.49444,0.39
40407.53611,0.38
40407.54167,0.38
40407.57778,0.37
40407.61944,0.4
40407.66111,0.44
40407.66667,0.44
40407.70278,0.44
40407.74444,0.55
40407.78611,0.53
40407.79167,0.53
40407.82778,0.51
40407.86944,0.55
40407.91111,0.57
40407.91667,0.57
40407.95278,0.58
40407.99444,0.62
40407.99931,0.62
40408.03611,0.65
40408.04167,0.65
40408.05764,0.62
40408.07778,0.69
40408.11944,0.82
40408.16111,0.88
40408.16667,0.88
40408.20278,0.84
40408.21597,0.83
40408.22361,0.88
40408.23889,0.88
40408.24306,0.88
40408.24444,0.87
40408.24722,0.88
40408.25347,0.88
40408.26875,0.88
40408.27222,0.88
40408.27639,0.83
40408.28611,0.9
40408.29167,0.9
40408.3,0.88
40408.32778,0.87
40408.33889,0.83
40408.36458,0.83
40408.36944,0.87
40408.39028,0.83
40408.39722,0.88
40408.41111,0.87
40408.41528,0.88
40408.41667,0.87
40408.42986,0.88
40408.45278,0.87
40408.49444,0.84
40408.53611,0.84
40408.54167,0.84
40408.57778,0.82
40408.61944,0.82
40408.62569,0.78
40408.63611,0.83
40408.64653,0.89
40408.66111,0.85
40408.66667,0.85
40408.67639,0.83
40408.69097,0.83
40408.70278,0.82
40408.74444,0.82
40408.78611,0.84
40408.79167,0.84
40408.82014,0.83
40408.82778,0.82
40408.85833,0.83
40408.86944,0.82
40408.91111,0.82
40408.91667,0.82
40408.92292,0.83
40408.95278,0.82
40408.99444,0.84
40408.99931,0.84
40409.03611,0.81
40409.04167,0.81
40409.07778,0.81
40409.11944,0.84
40409.1375,0.83
40409.16111,0.79
40409.16667,0.79
40409.19375,0.78
40409.20278,0.79
40409.24444,0.82
40409.28611,0.79
40409.29167,0.79
40409.32778,0.69
40409.36944,0.67
40409.41111,0.62
40409.41667,0.62
40409.45278,0.57
40409.49444,0.55
40409.53611,0.51
40409.54167,0.51
40409.57778,0.48
40409.61944,0.49
40409.66111,0.45
40409.66667,0.45
40409.70278,0.5
40409.74444,0.46
40409.78611,0.55
40409.79167,0.55
40409.82778,0.6
40409.85208,0.74
40409.86944,0.72
40409.91111,0.79
40409.91667,0.79
40409.95278,0.79
40409.99444,0.76
40409.99931,0.76
40410.03611,0.79
40410.04167,0.79
40410.07778,0.76
40410.11944,0.81
40410.16111,0.79
40410.16667,0.79
40410.20278,0.79
40410.24444,0.79
40410.28611,0.71
40410.29167,0.71
40410.32778,0.62
40410.36944,0.53
40410.41111,0.46
40410.41667,0.46
40410.45278,0.43
40410.49444,0.43
40410.53611,0.39
40410.54167,0.39
40410.57778,0.44
40410.61944,0.4
40410.66111,0.5
40410.66667,0.5
40410.70278,0.48
40410.74444,0.57
40410.78611,0.69
40410.79167,0.63
40410.82778,0.61
40410.86944,0.6
40410.91111,0.67
40410.91667,0.67
40410.95278,0.69
40410.99444,0.69
40410.99931,0.69
40411.03611,0.72
40411.04167,0.72
40411.07778,0.79
40411.11944,0.79
40411.16111,0.82
40411.16667,0.82
40411.20278,0.74
40411.24444,0.76
40411.28611,0.77
40411.29167,0.77
40411.32778,0.64
40411.36944,0.63
40411.41111,0.61
40411.41667,0.61
40411.45278,0.53
40411.49444,0.53
40411.53611,0.5
40411.54167,0.5
40411.57778,0.48
40411.61944,0.48
40411.66111,0.5
40411.66667,0.5
40411.70278,0.5
40411.74444,0.51
40411.78611,0.51
40411.79167,0.51
40411.82778,0.56
40411.86944,0.58
40411.91111,0.65
40411.91667,0.65
40411.95278,0.64
40411.99444,0.62
40411.99931,0.62
40412.03611,0.67
40412.04167,0.67
40412.07778,0.74
40412.11944,0.76
40412.16111,0.79
40412.16667,0.79
40412.20278,0.79
40412.24444,0.79
40412.28611,0.82
40412.29167,0.82
40412.30347,0.83
40412.31319,0.83
40412.32778,0.88
40412.36944,0.85
40412.41111,0.79
40412.41667,0.79
40412.42083,0.79
40412.45278,0.72
40412.49444,0.7
40412.53611,0.67
40412.54167,0.67
40412.55417,0.66
40412.57778,0.69
40412.58472,0.74
40412.59028,0.66
40412.61944,0.65
40412.66111,0.65
40412.66667,0.65
40412.70278,0.5
40412.74444,0.49
40412.78611,0.55
40412.79167,0.55
40412.82778,0.56
40412.86944,0.57
40412.91111,0.62
40412.91667,0.62
40412.95278,0.6
40412.99444,0.69
40412.99931,0.69
40413.03611,0.69
40413.04167,0.69
40413.07778,0.74
40413.11944,0.76
40413.16111,0.71
40413.16667,0.71
40413.20278,0.71
40413.24444,0.74
40413.28611,0.71
40413.29167,0.71
40413.32778,0.69
40413.36944,0.58
40413.41111,0.49
40413.41667,0.49
40413.45278,0.49
40413.49444,0.46
40413.53611,0.44
40413.54167,0.44
40413.57778,0.43
40413.61944,0.46
40413.66111,0.46
40413.66667,0.46
40413.70278,0.46
40413.74444,0.47
40413.78611,0.52
40413.79167,0.52
40413.82778,0.66
40413.86944,0.69
40413.91111,0.76
40413.91458,0.74
40413.91667,0.76
40413.92292,0.74
40413.95278,0.82
40413.95972,0.83
40413.99167,0.83
40413.99444,0.79
40413.99931,0.79
40414.03125,0.78
40414.03611,0.81
40414.04167,0.81
40414.07778,0.82
40414.11944,0.76
40414.16111,0.73
40414.16667,0.73
40414.20278,0.78
40414.24444,0.76
40414.28611,0.73
40414.29167,0.73
40414.32778,0.73
40414.36944,0.73
40414.38194,0.69
40414.41111,0.66
40414.41667,0.66
40414.43194,0.65
40414.45278,0.64
40414.49097,0.61
40414.49444,0.62
40414.53611,0.62
40414.54167,0.62
40414.57778,0.64
40414.61944,0.62
40414.66111,0.6
40414.66667,0.6
40414.70278,0.66
40414.74444,0.64
40414.78611,0.64
40414.79167,0.64
40414.82569,0.69
40414.82778,0.68
40414.84722,0.73
40414.86944,0.73
40414.87986,0.73
40414.88611,0.73
40414.89375,0.73
40414.90625,0.73
40414.90764,0.73
40414.90972,0.73
40414.91111,0.71
40414.91667,0.71
40414.92083,0.73
40414.95278,0.73
40414.97917,0.73
40414.99444,0.73
40414.99931,0.73
40415.03611,0.79
40415.04167,0.79
40415.07778,0.81
40415.11944,0.81
40415.16111,0.84
40415.16667,0.84
40415.20278,0.79
40415.24444,0.76
40415.28611,0.73
40415.29167,0.73
40415.32778,0.68
40415.36944,0.6
40415.41111,0.58
40415.41667,0.58
40415.45278,0.52
40415.49444,0.52
40415.53611,0.5
40415.54167,0.5
40415.57778,0.52
40415.61944,0.5
40415.66111,0.46
40415.66667,0.46
40415.70278,0.46
40415.74444,0.49
40415.78611,0.52
40415.79167,0.52
40415.82778,0.6
40415.86944,0.62
40415.91111,0.69
40415.91667,0.69
40415.95278,0.67
40415.99444,0.71
40415.99931,0.71
40416.03611,0.79
40416.04167,0.79
40416.07778,0.76
40416.11944,0.79
40416.16111,0.82
40416.16667,0.82
40416.20278,0.81
40416.24444,0.84
40416.28611,0.76
40416.29167,0.76
40416.32778,0.62
40416.36944,0.56
40416.41111,0.51
40416.41667,0.51
40416.45278,0.47
40416.49444,0.41
40416.53611,0.36
40416.54167,0.36
40416.57778,0.37
40416.61944,0.35
40416.66111,0.33
40416.66667,0.33
40416.70278,0.33
40416.74444,0.36
40416.78611,0.42
40416.79167,0.42
40416.82778,0.45
40416.86944,0.47
40416.91111,0.57
40416.91667,0.57
40416.95278,0.52
40416.99444,0.55
40416.99931,0.55
40417.03611,0.52
40417.04167,0.52
40417.07778,0.61
40417.11944,0.65
40417.16111,0.59
40417.16667,0.59
40417.20278,0.61
40417.24444,0.65
40417.28611,0.59
40417.29167,0.61
40417.32778,0.59
40417.36944,0.54
40417.41111,0.48
40417.41667,0.52
40417.45278,0.42
40417.49444,0.42
40417.52986,0.39
40417.53611,0.41
40417.54167,0.39
40417.54653,0.42
40417.55069,0.39
40417.56458,0.4
40417.56875,0.4
40417.57778,0.38
40417.61944,0.39
40417.66111,0.41
40417.66667,0.41
40417.67778,0.42
40417.70278,0.42
40417.74444,0.41
40417.78611,0.47
40417.79167,0.47
40417.82778,0.6
40417.86944,0.6
40417.88056,0.57
40417.91111,0.62
40417.91667,0.62
40417.95278,0.64
40417.99444,0.64
40417.99931,0.64
40418.03611,0.68
40418.04167,0.68
40418.07778,0.68
40418.11944,0.76
40418.16111,0.78
40418.16667,0.78
40418.20278,0.73
40418.21389,0.73
40418.24444,0.73
40418.28611,0.68
40418.29167,0.68
40418.32778,0.67
40418.33056,0.69
40418.36944,0.67
40418.41111,0.6
40418.41667,0.6
40418.45278,0.58
40418.49444,0.51
40418.53611,0.43
40418.54167,0.43
40418.57778,0.4
40418.61944,0.43
40418.66111,0.49
40418.66667,0.49
40418.70278,0.51
40418.74444,0.55
40418.78611,0.62
40418.79167,0.62
40418.82778,0.62
40418.86944,0.62
40418.91111,0.64
40418.91667,0.64
40418.95278,0.64
40418.99444,0.69
40418.99931,0.69
40419.03611,0.71
40419.04167,0.71
40419.07778,0.73
40419.11944,0.82
40419.16111,0.76
40419.16667,0.76
40419.20278,0.79
40419.24444,0.79
40419.28611,0.82
40419.29167,0.82
40419.32778,0.76
40419.36944,0.62
40419.41111,0.59
40419.41667,0.59
40419.45278,0.53
40419.49444,0.43
40419.53611,0.41
40419.57778,0.34
40419.61944,0.39
40419.66111,0.44
40419.66667,0.44
40419.70278,0.45
40419.74444,0.45
40419.78611,0.45
40419.79167,0.45
40419.82778,0.49
40419.86944,0.62
40419.91111,0.74
40419.91667,0.74
40419.95278,0.76
40419.99444,0.79
40419.99931,0.79
40420.03611,0.77
40420.04167,0.77
40420.07778,0.74
40420.11944,0.79
40420.16111,0.74
40420.16667,0.74
40420.20278,0.79
40420.24444,0.79
40420.28611,0.74
40420.29167,0.74
40420.32778,0.65
40420.36944,0.55
40420.41111,0.48
40420.41667,0.48
40420.45278,0.38
40420.49444,0.32
40420.53611,0.31
40420.54167,0.31
40420.57778,0.31
40420.61944,0.32
40420.66111,0.31
40420.66667,0.31
40420.70278,0.29
40420.74444,0.32
40420.78611,0.39
40420.79167,0.39
40420.82778,0.43
40420.86944,0.47
40420.91111,0.51
40420.91667,0.51
40420.95278,0.6
40420.99444,0.62
40420.99931,0.62
40421.03611,0.62
40421.04167,0.62
40421.07778,0.67
40421.11944,0.71
40421.16111,0.71
40421.16667,0.71
40421.20278,0.61
40421.24444,0.68
40421.28611,0.58
40421.29167,0.58
40421.32778,0.56
40421.36944,0.4
40421.41111,0.41
40421.41667,0.41
40421.45278,0.3
40421.49444,0.31
40421.53611,0.3
40421.54167,0.3
40421.57778,0.3
40421.61944,0.28
40421.66111,0.3
40421.66667,0.3
40421.70278,0.33
40421.74444,0.42
40421.78611,0.5
40421.79167,0.5
40421.82778,0.51
40421.86944,0.56
40421.91111,0.62
40421.91667,0.62
40421.95278,0.61
40421.99444,0.67
40421.99931,0.67
40422.03611,0.67
40422.04167,0.67
40422.07778,0.66
40422.11944,0.64
40422.16111,0.64
40422.16667,0.64
40422.20278,0.64
40422.24444,0.64
40422.28611,0.6
40422.29167,0.6
40422.32778,0.58
40422.36944,0.6
40422.41111,0.55
40422.41667,0.55
40422.45278,0.5
40422.49444,0.4
40422.53611,0.35
40422.54167,0.35
40422.57778,0.31
40422.61944,0.27
40422.66111,0.32
40422.66667,0.32
40422.70278,0.33
40422.74444,0.31
40422.78611,0.59
40422.79167,0.59
40422.82778,0.51
40422.86944,0.51
40422.91111,0.57
40422.91667,0.57
40422.95278,0.58
40422.99444,0.57
40422.99931,0.57
40423.03611,0.58
40423.04167,0.58
40423.07778,0.6
40423.11944,0.64
40423.16111,0.62
40423.16667,0.62
40423.20278,0.71
40423.24444,0.74
40423.28611,0.66
40423.29167,0.66
40423.32778,0.65
40423.36944,0.58
40423.41111,0.53
40423.41667,0.53
40423.45278,0.46
40423.49444,0.48
40423.53611,0.42
40423.54167,0.42
40423.57778,0.38
40423.61944,0.37
40423.66111,0.35
40423.66667,0.35
40423.70278,0.38
40423.74444,0.47
40423.78611,0.51
40423.79167,0.51
40423.82778,0.57
40423.86944,0.56
40423.91111,0.54
40423.91667,0.54
40423.95278,0.6
40423.99444,0.6
40423.99931,0.6
40424.03611,0.57
40424.04167,0.57
40424.07778,0.62
40424.11944,0.67
40424.16111,0.67
40424.16667,0.67
40424.20278,0.67
40424.24444,0.67
40424.28611,0.64
40424.29167,0.64
40424.32778,0.6
40424.36944,0.56
40424.41111,0.58
40424.41667,0.58
40424.45278,0.57
40424.49444,0.53
40424.53611,0.48
40424.54167,0.48
40424.57778,0.46
40424.61944,0.42
40424.66111,0.45
40424.66667,0.45
40424.70278,0.41
40424.74444,0.55
40424.78611,0.59
40424.79167,0.59
40424.82778,0.65
40424.86944,0.59
40424.91111,0.48
40424.91667,0.48
40424.95278,0.49
40424.99444,0.45
40424.99931,0.45
40425.03611,0.36
40425.04167,0.36
40425.07778,0.37
40425.11944,0.42
40425.16111,0.45
40425.16667,0.45
40425.20278,0.34
40425.24444,0.33
40425.28611,0.34
40425.29167,0.34
40425.32778,0.32
40425.36944,0.29
40425.41111,0.28
40425.41667,0.28
40425.45278,0.26
40425.49444,0.24
40425.53611,0.24
40425.54167,0.24
40425.57778,0.26
40425.61944,0.25
40425.66111,0.24
40425.66667,0.24
40425.70278,0.22
40425.74444,0.24
40425.78611,0.3
40425.79167,0.3
40425.82778,0.3
40425.86944,0.33
40425.91111,0.33
40425.91667,0.33
40425.95278,0.36
40425.99444,0.38
40425.99931,0.38
40426.03611,0.41
40426.04167,0.41
40426.07778,0.42
40426.11944,0.51
40426.16111,0.5
40426.16667,0.5
40426.20278,0.58
40426.24444,0.54
40426.28611,0.45
40426.29167,0.45
40426.32778,0.39
40426.36944,0.31
40426.41111,0.3
40426.41667,0.3
40426.45278,0.28
40426.49444,0.27
40426.53611,0.24
40426.54167,0.24
40426.57778,0.24
40426.61944,0.25
40426.66111,0.23
40426.66667,0.23
40426.70278,0.28
40426.74444,0.32
40426.78611,0.37
40426.79167,0.37
40426.82778,0.4
40426.86944,0.46
40426.91111,0.53
40426.91667,0.53
40426.95278,0.66
40426.99444,0.61
40426.99931,0.61
40427.03611,0.73
40427.04167,0.73
40427.07778,0.66
40427.11944,0.63
40427.16111,0.6
40427.16667,0.6
40427.20278,0.6
40427.24444,0.65
40427.28611,0.63
40427.29167,0.63
40427.32778,0.59
40427.36944,0.56
40427.41111,0.58
40427.41667,0.58
40427.45278,0.49
40427.49444,0.41
40427.53611,0.37
40427.54167,0.37
40427.57778,0.33
40427.61944,0.29
40427.66111,0.3
40427.66667,0.3
40427.70278,0.29
40427.74444,0.33
40427.78611,0.42
40427.79167,0.42
40427.82778,0.58
40427.86944,0.6
40427.91111,0.64
40427.91667,0.64
40427.95278,0.69
40427.99444,0.71
40427.99931,0.71
40428.03611,0.76
40428.04167,0.76
40428.07778,0.76
40428.11944,0.76
40428.16111,0.73
40428.16667,0.73
40428.20278,0.73
40428.24444,0.76
40428.28611,0.71
40428.29167,0.71
40428.32778,0.67
40428.36944,0.54
40428.41111,0.54
40428.41667,0.54
40428.45278,0.51
40428.49444,0.45
40428.53611,0.45
40428.54167,0.45
40428.57778,0.27
40428.61944,0.27
40428.66111,0.25
40428.66667,0.25
40428.70278,0.32
40428.74444,0.36
40428.78611,0.43
40428.79167,0.43
40428.82778,0.46
40428.86944,0.46
40428.91111,0.49
40428.91667,0.49
40428.95278,0.53
40428.99444,0.6
40428.99931,0.6
40429.03611,0.56
40429.04167,0.56
40429.07778,0.6
40429.11944,0.67
40429.16111,0.66
40429.16667,0.66
40429.20278,0.69
40429.24444,0.69
40429.28611,0.66
40429.29167,0.66
40429.32778,0.58
40429.36944,0.49
40429.41111,0.46
40429.41667,0.46
40429.43056,0.38
40429.45278,0.39
40429.49444,0.29
40429.53611,0.17
40429.54167,0.17
40429.57778,0.14
40429.61944,0.13
40429.66111,0.12
40429.66667,0.12
40429.70278,0.12
40429.74444,0.13
40429.78611,0.15
40429.79167,0.15
40429.82778,0.17
40429.86944,0.27
40429.91111,0.32
40429.91667,0.32
40429.95278,0.38
40429.99444,0.42
40429.99931,0.42
40430.03611,0.45
40430.04167,0.45
40430.07778,0.47
40430.11944,0.45
40430.16111,0.47
40430.16667,0.47
40430.20278,0.49
40430.24444,0.51
40430.28611,0.49
40430.29167,0.49
40430.32778,0.42
40430.36944,0.39
40430.41111,0.35
40430.41667,0.35
40430.45278,0.34
40430.49444,0.33
40430.53611,0.3
40430.54167,0.3
40430.57778,0.29
40430.61944,0.28
40430.66111,0.28
40430.66667,0.28
40430.70278,0.29
40430.74444,0.35
40430.78611,0.38
40430.79167,0.38
40430.82778,0.37
40430.86944,0.41
40430.91111,0.42
40430.91667,0.42
40430.95278,0.42
40430.99444,0.45
40430.99931,0.45
40431.03611,0.47
40431.04167,0.47
40431.07778,0.54
40431.11944,0.52
40431.16111,0.5
40431.16667,0.5
40431.20278,0.58
40431.24444,0.58
40431.28611,0.56
40431.29167,0.56
40431.32778,0.54
40431.36944,0.51
40431.41111,0.46
40431.41667,0.46
40431.45278,0.43
40431.49444,0.43
40431.53611,0.41
40431.54167,0.41
40431.57778,0.4
40431.61944,0.39
40431.66111,0.39
40431.66667,0.39
40431.70278,0.39
40431.74444,0.39
40431.78611,0.41
40431.79167,0.41
40431.82778,0.42
40431.86944,0.45
40431.91111,0.51
40431.91667,0.51
40431.95278,0.59
40431.99444,0.63
40431.99931,0.63
40432.03611,0.6
40432.04167,0.6
40432.07778,0.67
40432.11944,0.65
40432.16111,0.67
40432.16667,0.67
40432.20278,0.67
40432.24444,0.74
40432.28611,0.6
40432.29167,0.6
40432.32778,0.54
40432.36944,0.49
40432.41111,0.44
40432.41667,0.44
40432.45278,0.37
40432.49444,0.37
40432.53611,0.33
40432.54167,0.33
40432.57778,0.33
40432.61944,0.31
40432.66111,0.31
40432.66667,0.31
40432.70278,0.43
40432.74444,0.48
40432.78611,0.52
40432.79167,0.52
40432.82778,0.53
40432.85972,0.5
40432.86944,0.55
40432.91111,0.55
40432.91667,0.55
40432.95278,0.55
40432.99444,0.59
40432.99931,0.59
40433.03611,0.64
40433.04167,0.64
40433.07778,0.66
40433.11944,0.81
40433.125,0.83
40433.15486,0.88
40433.16111,0.93
40433.16597,0.88
40433.16667,0.93
40433.17778,0.88
40433.20139,0.94
40433.20278,0.93
40433.20625,0.94
40433.21528,0.94
40433.21944,0.94
40433.22292,0.94
40433.22847,0.94
40433.23333,0.94
40433.24444,0.93
40433.25,0.94
40433.25764,0.94
40433.28611,0.9
40433.29167,0.9
40433.29236,0.94
40433.30278,0.94
40433.30972,0.94
40433.31806,0.94
40433.32778,0.9
40433.34583,0.94
40433.35764,0.94
40433.36944,0.93
40433.37639,0.94
40433.38681,0.94
40433.39375,0.88
40433.39931,0.88
40433.40556,0.88
40433.41111,0.93
40433.41667,0.93
40433.42847,0.94
40433.45278,0.91
40433.46389,0.94
40433.47847,0.94
40433.49444,0.91
40433.525,0.83
40433.53611,0.84
40433.54167,0.84
40433.57778,0.84
40433.58056,0.83
40433.61944,0.76
40433.62847,0.74
40433.65486,0.78
40433.66111,0.81
40433.66458,0.78
40433.66597,0.78
40433.66667,0.81
40433.68264,0.83
40433.68472,0.83
40433.70278,0.82
40433.72639,0.83
40433.73125,0.83
40433.73681,0.83
40433.73958,0.88
40433.74097,0.88
40433.74444,0.87
40433.74653,0.83
40433.75694,0.88
40433.76597,0.88
40433.775,0.83
40433.78611,0.87
40433.79167,0.87
40433.79306,0.88
40433.82778,0.9
40433.83194,0.88
40433.86944,0.87
40433.91111,0.9
40433.91667,0.9
40433.93542,0.88
40433.94167,0.88
40433.94722,0.88
40433.95069,0.88
40433.95278,0.9
40433.95833,0.88
40433.97222,0.94
40433.98056,0.94
40433.99444,0.84
40433.99931,0.84
40434.00139,0.88
40434.03611,0.87
40434.04167,0.87
40434.07778,0.84
40434.11806,0.83
40434.11944,0.81
40434.14028,0.83
40434.16111,0.84
40434.16667,0.84
40434.20278,0.84
40434.24444,0.84
40434.25903,0.88
40434.28194,0.94
40434.28611,0.9
40434.29167,0.9
40434.29861,0.88
40434.32778,0.84
40434.34722,0.83
40434.36944,0.78
40434.38889,0.73
40434.41111,0.73
40434.41667,0.73
40434.45278,0.64
40434.49444,0.58
40434.53611,0.52
40434.54167,0.52
40434.57778,0.51
40434.61944,0.44
40434.66111,0.36
40434.66667,0.36
40434.70278,0.4
40434.74444,0.41
40434.78611,0.45
40434.79167,0.45
40434.82778,0.39
40434.86944,0.46
40434.91111,0.53
40434.91667,0.53
40434.95278,0.66
40434.99444,0.68
40434.99931,0.68
40435.03611,0.81
40435.04167,0.81
40435.07778,0.71
40435.11944,0.78
40435.16111,0.78
40435.16667,0.78
40435.20278,0.81
40435.24444,0.78
40435.28611,0.7
40435.29167,0.7
40435.32778,0.54
40435.36944,0.47
40435.41111,0.42
40435.41667,0.42
40435.45278,0.34
40435.49444,0.33
40435.53611,0.32
40435.54167,0.32
40435.57778,0.32
40435.61944,0.35
40435.66111,0.35
40435.66667,0.35
40435.70278,0.36
40435.74444,0.33
40435.78611,0.41
40435.79167,0.41
40435.82778,0.59
40435.86944,0.57
40435.91111,0.55
40435.91667,0.55
40435.95278,0.59
40435.99444,0.63
40435.99931,0.63
40436.03611,0.65
40436.04167,0.65
40436.07778,0.61
40436.11944,0.7
40436.16111,0.75
40436.16667,0.75
40436.20278,0.7
40436.24444,0.7
40436.28611,0.73
40436.29167,0.73
40436.32778,0.59
40436.36944,0.44
40436.41111,0.39
40436.41667,0.39
40436.45278,0.35
40436.49444,0.33
40436.53611,0.34
40436.54167,0.34
40436.57778,0.31
40436.61944,0.32
40436.63819,0.31
40436.66111,0.3
40436.66667,0.3
40436.70278,0.37
40436.74444,0.44
40436.78611,0.39
40436.79167,0.39
40436.82778,0.56
40436.86944,0.57
40436.91111,0.59
40436.91667,0.59
40436.95278,0.62
40436.99444,0.68
40436.99931,0.68
40437.03611,0.73
40437.04167,0.73
40437.07778,0.7
40437.11944,0.76
40437.16111,0.81
40437.16667,0.81
40437.20278,0.78
40437.24444,0.84
40437.28611,0.76
40437.29167,0.76
40437.32778,0.73
40437.36944,0.64
40437.41111,0.58
40437.41667,0.58
40437.45278,0.56
40437.49444,0.51
40437.53611,0.51
40437.54167,0.51
40437.57778,0.36
40437.59306,0.33
40437.61944,0.36
40437.63403,0.4
40437.66111,0.51
40437.66667,0.51
40437.70278,0.74
40437.73056,0.74
40437.74444,0.82
40437.78611,0.79
40437.79167,0.79
40437.82778,0.87
40437.86944,0.87
40437.91111,0.9
40437.91667,0.9
40437.95278,0.87
40437.96667,0.88
40437.99444,0.87
40437.99931,0.87
40438.00347,0.88
40438.00694,0.83
40438.01528,0.83
40438.03611,0.84
40438.04167,0.84
40438.07778,0.87
40438.11944,0.69
40438.16111,0.71
40438.16667,0.71
40438.20278,0.68
40438.24444,0.68
40438.28611,0.68
40438.29167,0.68
40438.32778,0.6
40438.36944,0.58
40438.41111,0.52
40438.41667,0.52
40438.45278,0.47
40438.49444,0.49
40438.53611,0.43
40438.54167,0.43
40438.57778,0.44
40438.61944,0.39
40438.66111,0.38
40438.66667,0.38
40438.70278,0.4
40438.74444,0.42
40438.78611,0.45
40438.79167,0.45
40438.82778,0.55
40438.86944,0.59
40438.91111,0.61
40438.91667,0.61
40438.95278,0.63
40438.99444,0.65
40438.99931,0.65
40439.03611,0.65
40439.04167,0.65
40439.07778,0.67
40439.11944,0.7
40439.16111,0.7
40439.16667,0.7
40439.20278,0.7
40439.24444,0.72
40439.28611,0.72
40439.29167,0.72
40439.32778,0.6
40439.36944,0.54
40439.41111,0.51
40439.41667,0.51
40439.45278,0.49
40439.49444,0.47
40439.53611,0.43
40439.54167,0.43
40439.57778,0.4
40439.61944,0.4
40439.66111,0.38
40439.66667,0.38
40439.70278,0.4
40439.74444,0.39
40439.78611,0.53
40439.79167,0.53
40439.82778,0.65
40439.86944,0.63
40439.91111,0.61
40439.91667,0.61
40439.95278,0.66
40439.99444,0.66
40439.99931,0.66
40440.03611,0.73
40440.04167,0.73
40440.07778,0.75
40440.11944,0.81
40440.16111,0.8
40440.16667,0.8
40440.20278,0.78
40440.24444,0.8
40440.28611,0.81
40440.29167,0.81
40440.32778,0.79
40440.36944,0.68
40440.41111,0.57
40440.41667,0.57
40440.45278,0.42
40440.49444,0.44
40440.53611,0.44
40440.54167,0.44
40440.57778,0.4
40440.61944,0.4
40440.66111,0.37
40440.66667,0.37
40440.70278,0.44
40440.74444,0.44
40440.78611,0.62
40440.79167,0.62
40440.82778,0.6
40440.86944,0.62
40440.91111,0.67
40440.91667,0.67
40440.95278,0.66
40440.99444,0.68
40440.99931,0.68
40441.03611,0.71
40441.04167,0.71
40441.07778,0.76
40441.11944,0.76
40441.16111,0.73
40441.16667,0.73
40441.20278,0.76
40441.24444,0.76
40441.28611,0.7
40441.29167,0.7
40441.32778,0.61
40441.36944,0.46
40441.41111,0.34
40441.41667,0.34
40441.45278,0.31
40441.49444,0.26
40441.53611,0.24
40441.54167,0.24
40441.57778,0.2
40441.61944,0.2
40441.66111,0.23
40441.66667,0.23
40441.70278,0.22
40441.74444,0.29
40441.78611,0.34
40441.79167,0.34
40441.82778,0.35
40441.86944,0.41
40441.91111,0.47
40441.91667,0.47
40441.95278,0.49
40441.99444,0.54
40441.99931,0.54
40442.03611,0.54
40442.04167,0.54
40442.07778,0.58
40442.11944,0.62
40442.16111,0.7
40442.16667,0.7
40442.20278,0.62
40442.24444,0.72
40442.28611,0.67
40442.29167,0.67
40442.32778,0.58
40442.36944,0.49
40442.41111,0.42
40442.41667,0.42
40442.45278,0.38
40442.49444,0.37
40442.53611,0.35
40442.54167,0.35
40442.57778,0.32
40442.61944,0.35
40442.66111,0.37
40442.66667,0.37
40442.70278,0.42
40442.74444,0.48
40442.78611,0.52
40442.79167,0.52
40442.82778,0.55
40442.86944,0.59
40442.91111,0.66
40442.91667,0.66
40442.95278,0.64
40442.99444,0.66
40442.99931,0.66
40443.03611,0.68
40443.04167,0.68
40443.07778,0.66
40443.11944,0.68
40443.16111,0.7
40443.16667,0.7
40443.20278,0.7
40443.24444,0.7
40443.28611,0.71
40443.29167,0.71
40443.32778,0.69
40443.36944,0.62
40443.41111,0.64
40443.41667,0.64
40443.45278,0.62
40443.49444,0.59
40443.53611,0.52
40443.54167,0.52
40443.5625,0.46
40443.57778,0.45
40443.61944,0.41
40443.66111,0.37
40443.66667,0.37
40443.70278,0.44
40443.74444,0.53
40443.78611,0.59
40443.79167,0.59
40443.82778,0.63
40443.86944,0.59
40443.91111,0.65
40443.91667,0.65
40443.95278,0.62
40443.99444,0.79
40443.99931,0.79
40444.03611,0.76
40444.04167,0.76
40444.07778,0.76
40444.11944,0.79
40444.16111,0.79
40444.16667,0.79
40444.20278,0.84
40444.24444,0.79
40444.28611,0.76
40444.29167,0.76
40444.32778,0.69
40444.36944,0.6
40444.41111,0.55
40444.41667,0.55
40444.45278,0.51
40444.49444,0.48
40444.53611,0.43
40444.54167,0.43
40444.57778,0.4
40444.61944,0.41
40444.63194,0.41
40444.64306,0.38
40444.65208,0.43
40444.66111,0.41
40444.66667,0.41
40444.70278,0.45
40444.73194,0.55
40444.74444,0.59
40444.78611,0.63
40444.79167,0.63
40444.82778,0.65
40444.86944,0.65
40444.91111,0.71
40444.91667,0.71
40444.95278,0.76
40444.99444,0.79
40444.99931,0.79
40445.03611,0.82
40445.04167,0.82
40445.07778,0.88
40445.11944,0.88
40445.16111,0.9
40445.16667,0.9
40445.20278,0.9
40445.24444,0.9
40445.28611,0.88
40445.29167,0.88
40445.32778,0.82
40445.36944,0.67
40445.41111,0.63
40445.41667,0.63
40445.45278,0.51
40445.49444,0.44
40445.53611,0.41
40445.54167,0.41
40445.57778,0.27
40445.61944,0.29
40445.66111,0.29
40445.66667,0.29
40445.70278,0.33
40445.74444,0.34
40445.78611,0.38
40445.79167,0.38
40445.82778,0.45
40445.86944,0.43
40445.91111,0.56
40445.91667,0.56
40445.95278,0.52
40445.99444,0.56
40445.99931,0.56
40446.03611,0.58
40446.04167,0.58
40446.07778,0.58
40446.11944,0.6
40446.16111,0.6
40446.16667,0.6
40446.20278,0.62
40446.24444,0.64
40446.28611,0.58
40446.29167,0.58
40446.32778,0.56
40446.36944,0.5
40446.41111,0.46
40446.41667,0.46
40446.45278,0.48
40446.49444,0.45
40446.53611,0.4
40446.54167,0.4
40446.57778,0.39
40446.61944,0.31
40446.66111,0.38
40446.66667,0.38
40446.70278,0.48
40446.74444,0.4
40446.78611,0.41
40446.79167,0.41
40446.82778,0.38
40446.86944,0.29
40446.91111,0.31
40446.91667,0.31
40446.95278,0.36
40446.99444,0.39
40446.99931,0.39
40447.03611,0.39
40447.04167,0.39
40447.07778,0.44
40447.11944,0.48
40447.16111,0.49
40447.16667,0.49
40447.20278,0.51
40447.24444,0.55
40447.28611,0.61
40447.29167,0.61
40447.32778,0.68
40447.36944,0.73
40447.41111,0.78
40447.41667,0.78
40447.45278,0.78
40447.49444,0.7
40447.53611,0.66
40447.54167,0.66
40447.57778,0.57
40447.61944,0.55
40447.66111,0.59
40447.66667,0.59
40447.70278,0.57
40447.74444,0.61
40447.78611,0.64
40447.79167,0.64
40447.82778,0.63
40447.86944,0.7
40447.88194,0.73
40447.91111,0.73
40447.91667,0.73
40447.91806,0.73
40447.95278,0.71
40447.98472,0.83
40447.99444,0.87
40447.99931,0.87
40448.03472,0.88
40448.03611,0.87
40448.04167,0.87
40448.05764,0.88
40448.07778,0.9
40448.09097,0.88
40448.11944,0.93
40448.12569,0.94
40448.16111,0.93
40448.16667,0.93
40448.20278,0.9
40448.23264,0.94
40448.24167,0.94
40448.24444,0.93
40448.25347,0.94
40448.28611,0.93
40448.29167,0.93
40448.32778,0.94
40448.36944,0.91
40448.37917,0.94
40448.40139,0.89
40448.41111,0.88
40448.41667,0.88
40448.44306,0.89
40448.45278,0.85
40448.49444,0.85
40448.53611,0.85
40448.54167,0.85
40448.57778,0.85
40448.61667,0.83
40448.61944,0.82
40448.65139,0.79
40448.66111,0.77
40448.66667,0.77
40448.67431,0.79
40448.70278,0.79
40448.71667,0.83
40448.74444,0.82
40448.78472,0.83
40448.78611,0.82
40448.79167,0.82
40448.80694,0.89
40448.82778,0.88
40448.86944,0.9
40448.87083,0.89
40448.87431,0.89
40448.88819,0.89
40448.91111,0.87
40448.91667,0.87
40448.93472,0.89
40448.95278,0.91
40448.95764,0.94
40448.99444,0.87
40448.99931,0.87
40449.01111,0.88
40449.03611,0.87
40449.04167,0.87
40449.04722,0.94
40449.07778,0.91
40449.10972,0.88
40449.11944,0.87
40449.16111,0.87
40449.16667,0.87
40449.20278,0.84
40449.24306,0.89
40449.24444,0.87
40449.28611,0.82
40449.29167,0.82
40449.31458,0.83
40449.32778,0.85
40449.36944,0.76
40449.41111,0.64
40449.41667,0.64
40449.45278,0.6
40449.49444,0.49
40449.53611,0.47
40449.54167,0.47
40449.57778,0.43
40449.61944,0.46
40449.66111,0.45
40449.66667,0.45
40449.70278,0.49
40449.74444,0.52
40449.78611,0.58
40449.79167,0.58
40449.82778,0.58
40449.86944,0.55
40449.91111,0.61
40449.91667,0.61
40449.95278,0.61
40449.99444,0.66
40449.99931,0.66
40450.03611,0.59
40450.04167,0.59
40450.07778,0.58
40450.11944,0.63
40450.16111,0.63
40450.16667,0.63
40450.20278,0.7
40450.24444,0.67
40450.28611,0.67
40450.29167,0.67
40450.32778,0.59
40450.36944,0.57
40450.41111,0.53
40450.41667,0.53
40450.45278,0.61
40450.47292,0.64
40450.49444,0.61
40450.52639,0.68
40450.53611,0.73
40450.54167,0.73
40450.56806,0.73
40450.57778,0.75
40450.61944,0.78
40450.65625,0.83
40450.66111,0.81
40450.66597,0.83
40450.66667,0.81
40450.70278,0.84
40450.74444,0.81
40450.74931,0.83
40450.78611,0.81
40450.79167,0.83
40450.80972,0.83
40450.81736,0.83
40450.82778,0.84
40450.84167,0.83
40450.86944,0.84
40450.89861,0.88
40450.90347,0.88
40450.91111,0.87
40450.91667,0.87
40450.91736,0.88
40450.92222,0.88
40450.92917,0.94
40450.93542,0.94
40450.94514,0.94
40450.95139,0.94
40450.95278,0.93
40450.9625,0.94
40450.99444,0.93
40450.99931,0.93
40451.03611,0.93
40451.04167,0.93
40451.07778,0.93
40451.08542,0.94
40451.09653,1
40451.10139,1
40451.11944,0.93
40451.13542,0.94
40451.14514,0.88
40451.16111,0.93
40451.16458,0.88
40451.16667,0.93
40451.175,0.94
40451.18125,0.94
40451.18889,0.94
40451.20278,0.93
40451.23472,0.94
40451.24444,0.94
40451.26944,0.94
40451.28403,0.94
40451.28611,0.94
40451.29167,0.94
40451.30139,1
40451.32083,0.94
40451.325,0.94
40451.32778,0.94
40451.36389,0.89
40451.36944,0.9
40451.37222,0.89
40451.37847,0.89
40451.3875,0.94
40451.39097,0.94
40451.39653,0.94
40451.40139,0.94
40451.40417,0.94
40451.40556,0.94
40451.40764,0.94
40451.41111,0.94
40451.41389,0.89
40451.41806,0.94
40451.45139,0.84
40451.45278,0.84
40451.49444,0.85
40451.53611,0.82
40451.54167,0.82
40451.57639,0.74
40451.57778,0.76
40451.61944,0.82
40451.66111,0.79
40451.66667,0.79
40451.70278,0.82
40451.72778,0.94
40451.74444,0.91
40451.75208,0.94
40451.76944,0.94
40451.78472,0.88
40451.78611,0.9
40451.79167,0.9
40451.79444,0.88
40451.82361,0.88
40451.82778,0.9
40451.8375,0.94
40451.86667,0.94
40451.86806,0.94
40451.86944,0.93
40451.88333,0.94
40451.91111,0.93
40451.91667,0.93
40451.92153,0.94
40451.92986,0.94
40451.94861,0.94
40451.95278,0.93
40451.9625,0.88
40451.97569,0.88
40451.98472,0.88
40451.99444,0.87
40451.99931,0.87
40452.01042,0.88
40452.03611,0.87
40452.04167,0.87
40452.07778,0.87
40452.11944,0.84
40452.12847,0.77
40452.16111,0.84
40452.16667,0.84
40452.175,0.88
40452.18472,0.88
40452.20278,0.84
40452.24444,0.84
40452.28611,0.84
40452.29167,0.84
40452.32778,0.75
40452.36944,0.7
40452.41111,0.63
40452.41667,0.63
40452.45278,0.53
40452.49444,0.48
40452.53611,0.45
40452.54167,0.45
40452.54931,0.44
40452.57778,0.43
40452.61944,0.38
40452.66111,0.4
40452.66667,0.4
40452.70278,0.41
40452.74444,0.47
40452.78611,0.5
40452.79167,0.5
40452.82778,0.5
40452.86944,0.54
40452.91111,0.56
40452.91667,0.56
40452.95278,0.54
40452.99444,0.58
40452.99931,0.58
40453.03611,0.62
40453.04167,0.62
40453.07778,0.64
40453.11944,0.65
40453.16111,0.67
40453.16667,0.67
40453.20278,0.69
40453.24444,0.77
40453.28611,0.72
40453.29167,0.72
40453.32778,0.62
40453.36944,0.54
40453.41111,0.45
40453.41667,0.45
40453.45278,0.42
40453.49444,0.38
40453.53611,0.36
40453.54167,0.36
40453.57778,0.37
40453.61944,0.35
40453.66111,0.36
40453.66667,0.36
40453.70278,0.39
40453.74444,0.52
40453.78611,0.6
40453.79167,0.6
40453.82778,0.56
40453.86944,0.58
40453.91111,0.65
40453.91667,0.65
40453.95278,0.75
40453.99444,0.78
40453.99931,0.78
40454.03611,0.83
40454.04167,0.83
40454.07778,0.83
40454.11944,0.83
40454.16111,0.83
40454.16667,0.83
40454.20278,0.87
40454.24444,0.83
40454.28611,0.84
40454.29167,0.84
40454.32778,0.78
40454.36944,0.67
40454.41111,0.63
40454.41667,0.63
40454.45278,0.61
40454.49097,0.64
40454.49444,0.65
40454.53611,0.63
40454.54167,0.63
40454.56597,0.64
40454.57778,0.61
40454.61944,0.63
40454.66111,0.58
40454.66667,0.58
40454.70278,0.65
40454.74444,0.83
40454.78611,0.84
40454.79167,0.84
40454.82778,0.87
40454.86944,0.83
40454.90069,0.88
40454.91111,0.87
40454.91667,0.87
40454.93264,0.88
40454.95278,0.87
40454.99444,0.9
40454.99931,0.9
40455.03611,0.87
40455.04167,0.87
40455.07639,0.88
40455.07778,0.89
40455.0875,0.88
40455.11597,0.88
40455.11944,0.87
40455.12778,0.88
40455.16111,0.89
40455.16667,0.89
40455.20278,0.89
40455.20972,0.88
40455.24444,0.89
40455.28264,0.88
40455.28611,0.89
40455.29167,0.89
40455.30347,0.88
40455.32639,0.88
40455.32778,0.89
40455.35208,0.88
40455.36389,0.88
40455.36944,0.89
40455.39375,0.88
40455.40972,0.88
40455.41111,0.89
40455.41667,0.89
40455.4375,0.88
40455.45278,0.87
40455.49444,0.81
40455.53611,0.77
40455.54167,0.77
40455.57778,0.75
40455.61944,0.75
40455.64931,0.72
40455.65139,0.72
40455.65764,0.72
40455.66111,0.72
40455.66319,0.72
40455.67153,0.72
40455.68333,0.72
40455.70278,0.74
40455.7375,0.77
40455.74444,0.77
40455.78611,0.75
40455.79167,0.75
40455.81875,0.72
40455.82778,0.74
40455.86944,0.77
40455.91111,0.77
40455.91667,0.77
40455.95278,0.77
40455.99444,0.77
40455.99931,0.77
40456.03611,0.74
40456.04167,0.74
40456.07778,0.71
40456.11944,0.74
40456.16111,0.71
40456.16667,0.71
40456.20278,0.71
40456.24444,0.71
40456.28611,0.72
40456.29167,0.72
40456.32778,0.67
40456.36944,0.62
40456.41111,0.6
40456.41667,0.6
40456.45278,0.58
40456.49444,0.53
40456.53611,0.52
40456.54167,0.52
40456.57778,0.52
40456.61944,0.52
40456.66111,0.52
40456.66667,0.52
40456.70278,0.56
40456.74444,0.58
40456.78611,0.6
40456.79167,0.6
40456.82778,0.62
40456.86944,0.62
40456.91111,0.65
40456.91667,0.65
40456.95278,0.65
40456.99444,0.65
40456.99931,0.65
40457.03611,0.67
40457.04167,0.67
40457.07778,0.72
40457.11944,0.72
40457.16111,0.72
40457.16667,0.72
40457.20278,0.69
40457.24444,0.67
40457.27014,0.67
40457.28611,0.66
40457.29167,0.66
40457.32361,0.67
40457.32778,0.67
40457.35417,0.63
40457.36944,0.6
40457.41111,0.6
40457.41667,0.6
40457.45278,0.6
40457.49444,0.58
40457.52083,0.55
40457.53611,0.53
40457.54167,0.53
40457.57778,0.52
40457.61944,0.52
40457.66111,0.53
40457.66667,0.53
40457.70278,0.53
40457.74444,0.56
40457.78611,0.58
40457.79167,0.58
40457.82778,0.6
40457.86944,0.75
40457.91111,0.83
40457.91667,0.83
40457.94097,0.88
40457.95278,0.89
40457.99444,0.86
40457.99931,0.86
40458.03611,0.86
40458.04167,0.86
40458.07778,0.89
40458.11944,0.83
40458.16111,0.83
40458.16667,0.83
40458.20278,0.83
40458.24444,0.83
40458.28611,0.77
40458.29167,0.77
40458.32778,0.72
40458.36944,0.58
40458.41111,0.44
40458.41667,0.44
40458.45278,0.43
40458.49444,0.38
40458.53611,0.36
40458.54167,0.36
40458.57778,0.35
40458.61944,0.35
40458.66111,0.36
40458.66667,0.36
40458.70278,0.38
40458.74444,0.41
40458.78611,0.45
40458.79167,0.45
40458.82778,0.49
40458.86944,0.49
40458.91111,0.52
40458.91667,0.52
40458.95278,0.65
40458.99444,0.62
40458.99931,0.62
40459.03611,0.67
40459.04167,0.67
40459.07778,0.56
40459.11944,0.56
40459.16111,0.58
40459.16667,0.58
40459.20278,0.8
40459.24444,0.64
40459.28611,0.67
40459.29167,0.67
40459.32778,0.56
40459.36944,0.44
40459.41111,0.38
40459.41667,0.38
40459.45278,0.37
40459.49444,0.33
40459.53611,0.3
40459.54167,0.3
40459.57778,0.29
40459.61944,0.28
40459.66111,0.28
40459.66667,0.28
40459.70278,0.31
40459.74444,0.35
40459.78611,0.49
40459.79167,0.49
40459.82778,0.56
40459.86944,0.6
40459.91111,0.5
40459.91667,0.5
40459.95278,0.65
40459.99444,0.78
40459.99931,0.78
40460.03611,0.87
40460.04167,0.87
40460.07778,0.87
40460.11944,0.81
40460.16111,0.77
40460.16667,0.77
40460.20278,0.83
40460.24444,0.83
40460.28611,0.77
40460.29167,0.77
40460.32778,0.67
40460.36944,0.66
40460.41111,0.61
40460.41667,0.61
40460.43542,0.5
40460.45278,0.42
40460.49444,0.28
40460.53611,0.25
40460.54167,0.25
40460.57778,0.26
40460.61944,0.27
40460.66111,0.28
40460.66667,0.28
40460.70278,0.35
40460.74444,0.37
40460.78611,0.49
40460.79167,0.49
40460.82778,0.73
40460.86944,0.66
40460.91111,0.55
40460.91667,0.55
40460.95278,0.61
40460.99444,0.73
40460.99931,0.73
40461.03611,0.8
40461.04167,0.8
40461.07778,0.75
40461.11944,0.69
40461.16111,0.64
40461.16667,0.64
40461.20278,0.67
40461.24444,0.75
40461.28611,0.67
40461.29167,0.67
40461.32778,0.6
40461.36944,0.5
40461.41111,0.48
40461.41667,0.48
40461.45278,0.49
40461.49444,0.51
40461.53611,0.52
40461.54167,0.52
40461.57778,0.5
40461.61944,0.54
40461.66111,0.52
40461.66667,0.52
40461.70278,0.48
40461.74444,0.61
40461.78611,0.57
40461.79167,0.57
40461.82778,0.73
40461.86944,0.73
40461.91111,0.7
40461.91667,0.7
40461.95278,0.73
40461.99444,0.79
40461.99931,0.79
40462.03611,0.81
40462.04167,0.81
40462.07778,0.87
40462.11944,0.84
40462.16111,0.81
40462.16667,0.81
40462.20278,0.84
40462.24444,0.81
40462.28611,0.84
40462.29167,0.84
40462.32778,0.84
40462.36944,0.57
40462.41111,0.52
40462.41667,0.52
40462.45278,0.5
40462.49444,0.49
40462.53611,0.3
40462.54167,0.3
40462.57778,0.29
40462.61944,0.29
40462.66111,0.31
40462.66667,0.31
40462.70278,0.32
40462.74444,0.54
40462.78611,0.69
40462.79167,0.69
40462.82778,0.71
40462.86944,0.68
40462.91111,0.78
40462.91667,0.78
40462.95278,0.76
40462.99444,0.84
40462.99931,0.84
40463.03611,0.87
40463.04167,0.87
40463.07778,0.87
40463.11944,0.87
40463.16111,0.78
40463.16667,0.78
40463.20278,0.73
40463.24444,0.78
40463.28611,0.78
40463.29167,0.78
40463.32778,0.76
40463.36944,0.73
40463.41111,0.63
40463.41667,0.63
40463.45278,0.62
40463.49444,0.56
40463.53611,0.5
40463.54167,0.5
40463.54931,0.39
40463.57778,0.38
40463.61944,0.38
40463.66111,0.41
40463.66667,0.41
40463.70278,0.45
40463.74444,0.54
40463.78611,0.53
40463.79167,0.53
40463.82778,0.55
40463.86944,0.49
40463.91111,0.52
40463.91667,0.52
40463.95278,0.54
40463.99444,0.54
40463.99931,0.54
40464.03611,0.6
40464.04167,0.6
40464.07778,0.63
40464.11944,0.64
40464.16111,0.64
40464.16667,0.64
40464.20278,0.65
40464.24444,0.67
40464.28611,0.64
40464.29167,0.64
40464.32778,0.57
40464.36944,0.51
40464.41111,0.44
40464.41667,0.44
40464.45278,0.37
40464.49444,0.34
40464.53611,0.36
40464.54167,0.36
40464.57778,0.38
40464.61944,0.36
40464.66111,0.37
40464.66667,0.37
40464.70278,0.38
40464.74444,0.56
40464.78611,0.56
40464.79167,0.56
40464.82778,0.58
40464.86944,0.65
40464.91111,0.69
40464.91667,0.69
40464.95278,0.67
40464.99444,0.7
40464.99931,0.7
40465.03611,0.67
40465.04167,0.67
40465.07778,0.8
40465.11944,0.81
40465.13611,0.82
40465.16111,0.78
40465.16667,0.78
40465.16944,0.82
40465.20278,0.83
40465.21806,0.82
40465.22986,0.82
40465.23681,0.88
40465.24444,0.87
40465.27083,0.88
40465.28264,0.94
40465.28611,0.93
40465.29167,0.93
40465.31458,0.94
40465.31944,0.88
40465.32778,0.87
40465.33819,0.94
40465.34583,0.94
40465.36181,0.94
40465.36944,0.87
40465.38542,0.88
40465.41111,0.9
40465.41667,0.9
40465.42431,0.88
40465.42778,0.88
40465.44375,0.88
40465.44722,0.88
40465.45278,0.9
40465.45764,0.94
40465.46389,0.88
40465.47431,0.94
40465.48125,0.94
40465.48958,0.94
40465.49444,0.93
40465.50625,0.94
40465.53611,0.9
40465.54167,0.9
40465.56806,0.94
40465.57778,0.9
40465.59167,0.94
40465.61806,0.83
40465.61944,0.84
40465.64028,0.82
40465.66111,0.78
40465.66667,0.78
40465.70278,0.75
40465.74444,0.78
40465.78611,0.75
40465.79167,0.75
40465.82778,0.72
40465.86944,0.69
40465.91111,0.64
40465.91667,0.64
40465.95278,0.66
40465.99444,0.64
40465.99931,0.64
40466.03611,0.69
40466.04167,0.69
40466.07778,0.69
40466.11944,0.66
40466.16111,0.66
40466.16667,0.66
40466.20278,0.71
40466.24444,0.69
40466.28611,0.61
40466.29167,0.61
40466.32778,0.53
40466.36944,0.44
40466.41111,0.41
40466.41667,0.41
40466.45278,0.41
40466.49444,0.41
40466.53611,0.41
40466.54167,0.41
40466.57778,0.4
40466.61944,0.4
40466.66111,0.43
40466.66667,0.43
40466.70278,0.39
40466.74444,0.44
40466.78611,0.47
40466.79167,0.47
40466.82778,0.49
40466.86944,0.51
40466.91111,0.51
40466.91667,0.51
40466.95278,0.49
40466.99444,0.47
40466.99931,0.47
40467.03611,0.51
40467.04167,0.51
40467.07778,0.51
40467.11944,0.55
40467.16111,0.59
40467.16667,0.59
40467.20278,0.57
40467.24444,0.55
40467.28611,0.55
40467.29167,0.55
40467.32778,0.51
40467.36944,0.48
40467.41111,0.41
40467.41667,0.41
40467.45278,0.4
40467.49444,0.36
40467.53611,0.33
40467.54167,0.33
40467.57778,0.32
40467.61944,0.32
40467.66111,0.33
40467.66667,0.33
40467.70278,0.34
40467.74444,0.38
40467.78611,0.41
40467.79167,0.41
40467.82778,0.44
40467.86944,0.46
40467.91111,0.69
40467.91667,0.69
40467.95278,0.66
40467.99444,0.74
40467.99931,0.74
40468.03611,0.71
40468.04167,0.71
40468.07778,0.71
40468.11944,0.74
40468.16111,0.77
40468.16667,0.77
40468.20278,0.8
40468.24444,0.74
40468.28611,0.68
40468.29167,0.68
40468.32778,0.64
40468.36944,0.6
40468.41111,0.37
40468.41667,0.37
40468.45278,0.35
40468.49444,0.34
40468.53611,0.32
40468.54167,0.32
40468.57778,0.33
40468.61944,0.33
40468.66111,0.34
40468.66667,0.34
40468.70278,0.44
40468.74444,0.46
40468.78611,0.49
40468.79167,0.49
40468.82778,0.53
40468.86944,0.56
40468.91111,0.73
40468.91667,0.73
40468.95278,0.78
40468.99444,0.75
40468.99931,0.75
40469.03611,0.77
40469.04167,0.77
40469.07778,0.77
40469.11944,0.72
40469.16111,0.72
40469.16667,0.72
40469.20278,0.65
40469.24444,0.57
40469.28611,0.6
40469.29167,0.6
40469.32778,0.62
40469.36944,0.5
40469.41111,0.47
40469.41667,0.47
40469.45278,0.4
40469.49444,0.37
40469.53611,0.34
40469.54167,0.34
40469.56806,0.35
40469.57778,0.4
40469.61944,0.39
40469.66111,0.43
40469.66667,0.43
40469.70278,0.45
40469.74444,0.52
40469.78611,0.56
40469.79167,0.56
40469.82778,0.6
40469.86944,0.65
40469.91111,0.6
40469.91667,0.6
40469.95278,0.69
40469.99444,0.72
40469.99931,0.72
40470.03611,0.75
40470.04167,0.75
40470.07778,0.69
40470.11944,0.72
40470.16111,0.77
40470.16667,0.77
40470.20278,0.8
40470.24444,0.8
40470.28611,0.83
40470.29167,0.83
40470.32778,0.8
40470.34097,0.77
40470.36944,0.8
40470.38611,0.77
40470.40347,0.77
40470.41111,0.77
40470.41667,0.77
40470.45139,0.72
40470.45278,0.72
40470.48264,0.63
40470.49444,0.63
40470.50278,0.63
40470.53611,0.6
40470.54167,0.6
40470.55417,0.59
40470.57778,0.62
40470.58819,0.59
40470.61944,0.63
40470.62222,0.64
40470.66111,0.62
40470.66667,0.62
40470.70278,0.67
40470.74444,0.75
40470.78611,0.81
40470.79167,0.81
40470.82778,0.87
40470.86944,0.87
40470.91111,0.84
40470.91667,0.84
40470.95278,0.84
40470.99444,0.83
40470.99931,0.83
40471.03611,0.9
40471.04167,0.9
40471.07778,0.87
40471.11944,0.93
40471.16111,0.9
40471.16667,0.9
40471.20278,0.87
40471.24444,0.87
40471.28611,0.87
40471.29167,0.87
40471.32778,0.87
40471.36944,0.84
40471.39514,0.82
40471.40208,0.82
40471.40972,0.82
40471.41111,0.81
40471.41667,0.81
40471.45278,0.81
40471.47083,0.82
40471.49444,0.75
40471.51875,0.72
40471.53611,0.75
40471.54167,0.75
40471.56042,0.72
40471.56667,0.72
40471.57778,0.74
40471.60903,0.77
40471.61944,0.78
40471.65139,0.82
40471.66111,0.78
40471.66667,0.78
40471.70278,0.78
40471.74444,0.81
40471.75764,0.88
40471.78611,0.87
40471.79167,0.87
40471.8,0.88
40471.82639,0.88
40471.82778,0.87
40471.86944,0.87
40471.90972,0.88
40471.91111,0.89
40471.91667,0.89
40471.95278,0.9
40471.99444,0.92
40471.99931,0.92
40472.03611,0.92
40472.04167,0.92
40472.04861,0.94
40472.05486,0.94
40472.07292,0.94
40472.07778,0.93
40472.11944,0.97
40472.12431,1
40472.16111,0.93
40472.16667,0.93
40472.18958,0.94
40472.20278,0.89
40472.20972,0.88
40472.24444,0.89
40472.28194,0.88
40472.28611,0.93
40472.28958,0.94
40472.29167,0.93
40472.32292,0.77
40472.32778,0.8
40472.36944,0.64
40472.41111,0.56
40472.41667,0.56
40472.42153,0.52
40472.44583,0.52
40472.45278,0.49
40472.49444,0.44
40472.53611,0.36
40472.54167,0.36
40472.57778,0.31
40472.60278,0.35
40472.61944,0.31
40472.66111,0.27
40472.66667,0.27
40472.70278,0.26
40472.74444,0.28
40472.78611,0.35
40472.79167,0.35
40472.82778,0.33
40472.86944,0.47
40472.91111,0.59
40472.91667,0.59
40472.95278,0.51
40472.99444,0.45
40472.99931,0.45
40473.03611,0.48
40473.04167,0.48
40473.07778,0.47
40473.11944,0.47
40473.16111,0.47
40473.16667,0.47
40473.20278,0.47
40473.24444,0.48
40473.28611,0.52
40473.29167,0.52
40473.32778,0.5
40473.36944,0.48
40473.41111,0.47
40473.41667,0.47
40473.45278,0.42
40473.49444,0.34
40473.53611,0.35
40473.54167,0.35
40473.57778,0.35
40473.61944,0.33
40473.66111,0.32
40473.66667,0.32
40473.70278,0.32
40473.74444,0.36
40473.78611,0.42
40473.79167,0.42
40473.82778,0.45
40473.86944,0.52
40473.89097,0.66
40473.91111,0.69
40473.91667,0.69
40473.95278,0.71
40473.99444,0.73
40473.99931,0.73
40474.03611,0.69
40474.04167,0.69
40474.07778,0.77
40474.11944,0.79
40474.16111,0.8
40474.16667,0.8
40474.20278,0.76
40474.24444,0.8
40474.28611,0.79
40474.29167,0.79
40474.32778,0.77
40474.36944,0.77
40474.41111,0.69
40474.41667,0.69
40474.45278,0.58
40474.49444,0.37
40474.53611,0.32
40474.54167,0.32
40474.57778,0.38
40474.61944,0.34
40474.66111,0.31
40474.66667,0.31
40474.70278,0.4
40474.74444,0.5
40474.78611,0.7
40474.79167,0.7
40474.82778,0.67
40474.86944,0.65
40474.91111,0.69
40474.91667,0.69
40474.95278,0.62
40474.99444,0.72
40474.99931,0.72
40475.03611,0.69
40475.04167,0.69
40475.07778,0.72
40475.11944,0.67
40475.16111,0.67
40475.16667,0.67
40475.20278,0.75
40475.24444,0.77
40475.28611,0.81
40475.29167,0.81
40475.32778,0.72
40475.36944,0.63
40475.41111,0.63
40475.41667,0.63
40475.45278,0.59
40475.49444,0.53
40475.53611,0.51
40475.54167,0.51
40475.57778,0.51
40475.61944,0.48
40475.66111,0.55
40475.66667,0.55
40475.70278,0.61
40475.74444,0.63
40475.78611,0.78
40475.79167,0.78
40475.82778,0.68
40475.86944,0.65
40475.91111,0.75
40475.91667,0.75
40475.95278,0.75
40475.99444,0.78
40475.99931,0.78
40476.03611,0.78
40476.04167,0.78
40476.07778,0.75
40476.11944,0.78
40476.16111,0.8
40476.16667,0.8
40476.20278,0.81
40476.24444,0.84
40476.28611,0.87
40476.29167,0.87
40476.32778,0.81
40476.35139,0.88
40476.36944,0.84
40476.39931,0.83
40476.41111,0.76
40476.43056,0.73
40476.45278,0.73
40476.47222,0.73
40476.48958,0.73
40476.49444,0.73
40476.53611,0.76
40476.54167,0.76
40476.56667,0.69
40476.57778,0.71
40476.61944,0.64
40476.66111,0.69
40476.66667,0.69
40476.70278,0.73
40476.74444,0.71
40476.78611,0.76
40476.79167,0.76
40476.82778,0.78
40476.86944,0.76
40476.91111,0.73
40476.91667,0.73
40476.95278,0.78
40476.99444,0.81
40476.99931,0.81
40477.01944,0.88
40477.03611,0.84
40477.04167,0.84
40477.07361,0.83
40477.07778,0.84
40477.09375,0.88
40477.11944,0.84
40477.15,0.88
40477.16111,0.87
40477.16667,0.87
40477.20139,0.94
40477.20278,0.9
40477.24444,0.87
40477.24931,0.88
40477.28611,0.9
40477.29167,0.9
40477.30139,0.88
40477.32431,0.88
40477.32778,0.87
40477.34931,0.83
40477.36806,0.88
40477.36944,0.81
40477.41111,0.81
40477.41667,0.81
40477.45278,0.84
40477.49444,0.84
40477.53472,0.83
40477.53611,0.82
40477.54167,0.82
40477.56528,0.78
40477.57014,0.78
40477.57778,0.82
40477.60903,0.78
40477.61389,0.78
40477.61806,0.78
40477.61944,0.79
40477.66111,0.76
40477.66667,0.76
40477.70278,0.76
40477.74444,0.82
40477.78611,0.82
40477.79167,0.82
40477.82778,0.83
40477.86944,0.81
40477.91111,0.81
40477.91667,0.81
40477.95278,0.84
40477.99444,0.82
40477.99931,0.82
40478.02153,0.83
40478.03611,0.87
40478.04167,0.87
40478.04792,0.89
40478.07778,0.93
40478.1125,0.94
40478.11944,0.91
40478.16111,0.94
40478.16667,0.94
40478.18333,0.94
40478.19792,0.94
40478.20278,0.93
40478.24444,0.93
40478.26042,0.94
40478.27222,0.94
40478.28056,0.89
40478.28611,0.87
40478.29167,0.87
40478.29514,0.94
40478.31597,0.94
40478.32153,0.94
40478.32778,0.93
40478.33264,0.94
40478.36389,0.94
40478.36944,0.94
40478.37569,0.94
40478.39167,0.94
40478.41111,0.9
40478.41667,0.9
40478.42083,0.89
40478.45278,0.88
40478.46389,0.89
40478.47083,0.89
40478.47847,0.94
40478.48194,0.94
40478.48819,0.83
40478.49444,0.9
40478.49931,0.88
40478.50417,0.88
40478.50972,0.88
40478.52778,0.94
40478.53333,0.94
40478.53611,0.93
40478.54167,0.93
40478.55,0.88
40478.56111,0.88
40478.57778,0.9
40478.6,0.83
40478.61944,0.9
40478.62847,0.83
40478.65139,0.83
40478.66111,0.84
40478.66667,0.84
40478.70278,0.84
40478.74444,0.76
40478.76806,0.83
40478.78611,0.82
40478.79167,0.82
40478.82778,0.84
40478.84444,0.88
40478.85347,0.88
40478.86806,0.88
40478.86944,0.93
40478.8875,0.88
40478.91111,0.93
40478.91667,0.93
40478.95278,0.97
40478.96736,0.88
40478.9875,0.94
40478.99444,0.9
40478.99931,0.9
40479.03611,0.93
40479.04167,0.93
40479.07778,0.93
40479.11944,0.93
40479.15972,1
40479.16111,0.97
40479.16667,0.97
40479.19236,1
40479.20278,0.93
40479.24444,0.93
40479.28611,0.93
40479.29167,0.93
40479.32778,0.93
40479.36944,0.84
40479.41111,0.73
40479.41667,0.73
40479.45278,0.52
40479.49444,0.4
40479.53611,0.4
40479.54167,0.4
40479.57778,0.4
40479.61944,0.25
40479.66111,0.22
40479.66667,0.22
40479.70278,0.21
40479.74444,0.23
40479.78611,0.26
40479.79167,0.26
40479.82778,0.3
40479.86944,0.35
40479.91111,0.42
40479.91667,0.42
40479.95278,0.45
40479.99444,0.47
40479.99931,0.47
40480.03611,0.49
40480.04167,0.49
40480.07778,0.5
40480.11944,0.5
40480.16111,0.5
40480.16667,0.5
40480.20278,0.54
40480.24444,0.54
40480.28611,0.57
40480.29167,0.57
40480.32778,0.53
40480.36944,0.49
40480.41111,0.46
40480.41667,0.46
40480.45278,0.41
40480.49444,0.39
40480.53611,0.4
40480.54167,0.4
40480.57778,0.41
40480.61944,0.39
40480.66111,0.38
40480.66667,0.38
40480.70278,0.38
40480.74444,0.41
40480.78611,0.43
40480.79167,0.43
40480.82778,0.46
40480.86944,0.48
40480.91111,0.48
40480.91667,0.48
40480.95278,0.5
40480.99444,0.52
40480.99931,0.52
40481.03611,0.63
40481.04167,0.63
40481.07778,0.65
40481.11944,0.71
40481.16111,0.77
40481.16667,0.77
40481.20278,0.73
40481.24444,0.68
40481.28611,0.79
40481.29167,0.79
40481.32778,0.68
40481.36944,0.55
40481.41111,0.49
40481.41667,0.49
40481.45278,0.42
40481.49444,0.41
40481.53611,0.38
40481.54167,0.38
40481.57778,0.35
40481.61944,0.39
40481.66111,0.38
40481.66667,0.38
40481.70278,0.42
40481.74444,0.45
40481.78611,0.51
40481.79167,0.51
40481.82778,0.55
40481.86944,0.57
40481.91111,0.57
40481.91667,0.57
40481.95278,0.59
40481.99444,0.61
40481.99931,0.61
40482.03611,0.68
40482.04167,0.68
40482.07778,0.71
40482.11944,0.68
40482.16111,0.71
40482.16667,0.71
40482.20278,0.77
40482.24444,0.77
40482.28611,0.74
40482.29167,0.74
40482.32778,0.71
40482.36944,0.64
40482.41111,0.38
40482.41667,0.38
40482.45278,0.33
40482.49444,0.33
40482.53611,0.32
40482.54167,0.32
40482.56319,0.35
40482.57778,0.37
40482.61944,0.41
40482.66111,0.41
40482.66667,0.41
40482.70278,0.39
40482.74444,0.41
40482.78611,0.4
40482.79167,0.4
40482.82778,0.45
40482.86944,0.46
40482.91111,0.48
40482.91667,0.48
40482.95278,0.5
40482.99444,0.54
40482.99931,0.54
40483.03611,0.46
40483.04167,0.46
40483.07778,0.59
40483.11944,0.56
40483.16111,0.56
40483.16667,0.56
40483.20278,0.6
40483.24444,0.7
40483.28611,0.68
40483.29167,0.68
40483.32778,0.61
40483.36944,0.52
40483.41111,0.48
40483.41667,0.48
40483.45278,0.43
40483.49444,0.43
40483.53611,0.4
40483.54167,0.4
40483.57778,0.4
40483.61944,0.38
40483.66111,0.38
40483.66667,0.38
40483.70278,0.39
40483.74444,0.41
40483.78611,0.44
40483.79167,0.44
40483.82778,0.48
40483.86944,0.56
40483.91111,0.61
40483.91667,0.61
40483.95278,0.58
40483.99444,0.6
40483.99931,0.6
40484.03611,0.62
40484.04167,0.62
40484.07778,0.65
40484.11944,0.65
40484.16111,0.67
40484.16667,0.67
40484.20278,0.65
40484.24444,0.67
40484.28611,0.67
40484.29167,0.67
40484.32778,0.67
40484.36944,0.62
40484.41111,0.58
40484.41667,0.58
40484.45278,0.51
40484.49444,0.52
40484.53611,0.44
40484.54167,0.44
40484.57778,0.41
40484.61944,0.4
40484.66111,0.43
40484.66667,0.43
40484.70278,0.48
40484.74444,0.5
40484.78611,0.56
40484.79167,0.56
40484.82778,0.56
40484.86944,0.63
40484.91111,0.66
40484.91667,0.66
40484.95278,0.68
40484.99444,0.68
40484.99931,0.68
40485.03611,0.63
40485.04167,0.63
40485.07778,0.71
40485.11944,0.76
40485.16111,0.76
40485.16667,0.76
40485.20278,0.82
40485.24444,0.86
40485.28611,0.82
40485.29167,0.82
40485.32778,0.82
40485.35694,0.76
40485.36944,0.77
40485.41111,0.66
40485.41667,0.66
40485.45278,0.64
40485.49444,0.64
40485.53611,0.6
40485.54167,0.6
40485.57778,0.6
40485.61944,0.58
40485.66111,0.62
40485.66667,0.62
40485.70278,0.64
40485.74444,0.69
40485.78611,0.69
40485.79167,0.69
40485.81806,0.72
40485.82778,0.72
40485.83611,0.72
40485.85764,0.82
40485.85972,0.82
40485.86944,0.8
40485.91111,0.86
40485.91667,0.86
40485.95278,0.89
40485.99444,0.89
40485.99931,0.89
40486.01389,0.88
40486.03611,0.92
40486.04167,0.92
40486.07639,0.88
40486.07778,0.92
40486.09236,0.88
40486.10694,0.88
40486.11944,0.92
40486.13819,0.88
40486.14514,0.88
40486.14931,0.88
40486.16111,0.92
40486.16667,0.92
40486.20278,0.92
40486.24444,0.92
40486.27569,0.88
40486.28611,0.92
40486.29167,0.92
40486.30417,0.88
40486.32639,0.88
40486.32778,0.89
40486.33472,0.88
40486.35903,0.88
40486.36944,0.92
40486.41111,0.92
40486.41667,0.92
40486.42708,0.88
40486.4375,0.88
40486.44861,0.88
40486.45278,0.92
40486.46597,0.88
40486.47847,0.94
40486.49444,0.89
40486.53611,0.93
40486.54167,0.93
40486.57778,0.89
40486.61944,0.89
40486.63958,0.88
40486.66111,0.86
40486.66667,0.86
40486.6875,0.88
40486.69444,0.88
40486.69792,0.88
40486.70278,0.93
40486.70972,0.88
40486.72847,0.88
40486.74444,0.89
40486.77292,0.88
40486.78472,0.88
40486.78611,0.86
40486.79167,0.86
40486.80903,0.88
40486.81389,0.88
40486.82778,0.93
40486.83611,0.94
40486.84583,0.94
40486.86042,0.88
40486.86944,0.93
40486.87847,0.94
40486.90069,0.87
40486.91111,0.86
40486.91667,0.86
40486.93819,0.87
40486.94722,0.87
40486.95278,0.86
40486.98125,0.82
40486.99444,0.83
40486.99931,0.83
40487.03611,0.83
40487.04167,0.83
40487.06389,0.82
40487.07778,0.77
40487.11944,0.77
40487.16111,0.77
40487.16667,0.77
40487.20278,0.74
40487.24444,0.74
40487.28611,0.74
40487.29167,0.74
40487.32778,0.71
40487.36944,0.64
40487.41111,0.59
40487.41667,0.59
40487.45278,0.55
40487.49444,0.51
40487.53611,0.49
40487.54167,0.49
40487.57778,0.47
40487.61944,0.44
40487.66111,0.46
40487.66667,0.46
40487.70278,0.47
40487.74444,0.52
40487.78611,0.52
40487.79167,0.52
40487.82778,0.54
40487.86944,0.63
40487.91111,0.66
40487.91667,0.66
40487.95278,0.63
40487.99444,0.66
40487.99931,0.66
40488.03611,0.68
40488.04167,0.68
40488.07778,0.65
40488.11944,0.73
40488.16111,0.79
40488.16667,0.79
40488.20278,0.79
40488.22708,0.76
40488.24444,0.77
40488.28611,0.79
40488.29167,0.79
40488.32778,0.71
40488.36944,0.66
40488.41111,0.59
40488.41667,0.59
40488.45278,0.53
40488.49444,0.5
40488.53611,0.49
40488.54167,0.49
40488.57778,0.47
40488.61944,0.49
40488.66111,0.48
40488.66667,0.48
40488.70278,0.5
40488.74444,0.52
40488.78611,0.54
40488.79167,0.54
40488.82778,0.56
40488.86944,0.54
40488.91111,0.58
40488.91667,0.58
40488.95278,0.63
40488.99444,0.65
40488.99931,0.65
40489.03611,0.7
40489.04167,0.7
40489.07778,0.73
40489.11944,0.76
40489.16111,0.76
40489.16667,0.76
40489.20278,0.79
40489.24444,0.82
40489.28611,0.82
40489.29167,0.82
40489.32778,0.79
40489.36944,0.65
40489.41111,0.52
40489.41667,0.52
40489.45278,0.44
40489.49444,0.41
40489.53611,0.4
40489.54167,0.4
40489.57778,0.4
40489.61944,0.44
40489.66111,0.43
40489.66667,0.43
40489.70278,0.44
40489.74444,0.44
40489.78611,0.51
40489.79167,0.51
40489.82778,0.54
40489.86944,0.5
40489.91111,0.55
40489.91667,0.55
40489.95278,0.58
40489.99444,0.49
40489.99931,0.49
40490.03611,0.47
40490.04167,0.47
40490.07778,0.49
40490.11944,0.53
40490.16111,0.49
40490.16667,0.49
40490.20278,0.49
40490.24444,0.47
40490.28611,0.49
40490.29167,0.49
40490.32778,0.46
40490.36944,0.41
40490.41111,0.38
40490.41667,0.38
40490.45278,0.35
40490.49444,0.32
40490.53611,0.31
40490.54167,0.31
40490.57778,0.29
40490.61944,0.3
40490.66111,0.33
40490.66667,0.33
40490.70278,0.3
40490.74444,0.32
40490.78611,0.36
40490.79167,0.36
40490.82778,0.36
40490.86944,0.39
40490.91111,0.43
40490.91667,0.43
40490.95278,0.45
40490.99444,0.45
40490.99931,0.45
40491.03611,0.45
40491.04167,0.45
40491.07778,0.46
40491.11944,0.46
40491.16111,0.54
40491.16667,0.54
40491.20278,0.5
40491.24444,0.55
40491.28611,0.54
40491.29167,0.54
40491.32778,0.52
40491.36944,0.48
40491.41111,0.48
40491.41667,0.48
40491.45278,0.47
40491.49444,0.44
40491.53611,0.44
40491.54167,0.44
40491.57778,0.43
40491.61944,0.43
40491.66111,0.45
40491.66667,0.45
40491.70278,0.48
40491.74444,0.58
40491.78611,0.62
40491.79167,0.62
40491.82778,0.62
40491.86944,0.62
40491.91111,0.66
40491.91667,0.66
40491.95278,0.66
40491.99444,0.71
40491.99931,0.71
40492.03611,0.74
40492.04167,0.74
40492.07778,0.74
40492.11944,0.77
40492.16111,0.77
40492.16667,0.77
40492.20278,0.8
40492.24444,0.77
40492.28611,0.77
40492.29167,0.77
40492.32778,0.71
40492.36944,0.69
40492.41111,0.62
40492.41667,0.62
40492.45278,0.58
40492.49444,0.56
40492.53611,0.52
40492.54167,0.52
40492.57778,0.5
40492.61944,0.48
40492.66111,0.48
40492.66667,0.48
40492.70278,0.52
40492.74444,0.56
40492.78611,0.56
40492.79167,0.56
40492.82778,0.6
40492.86944,0.55
40492.91111,0.72
40492.91667,0.72
40492.95278,0.62
40492.99444,0.66
40492.99931,0.66
40493.03611,0.74
40493.04167,0.74
40493.07778,0.68
40493.11944,0.69
40493.16111,0.71
40493.16667,0.71
40493.20278,0.73
40493.24444,0.74
40493.28611,0.71
40493.29167,0.71
40493.32778,0.63
40493.36944,0.5
40493.41111,0.43
40493.41667,0.43
40493.45278,0.37
40493.49444,0.34
40493.53611,0.33
40493.57778,0.27
40493.61944,0.29
40493.66111,0.35
40493.66667,0.35
40493.70278,0.44
40493.74444,0.35
40493.78611,0.42
40493.79167,0.42
40493.82778,0.5
40493.86944,0.71
40493.91111,0.68
40493.91667,0.68
40493.95278,0.73
40493.99444,0.71
40493.99931,0.71
40494.03611,0.68
40494.04167,0.68
40494.07778,0.7
40494.11944,0.73
40494.16111,0.73
40494.16667,0.73
40494.20278,0.76
40494.24444,0.7
40494.28611,0.62
40494.29167,0.62
40494.32778,0.68
40494.36944,0.61
40494.41111,0.34
40494.41667,0.34
40494.45278,0.29
40494.49444,0.22
40494.53611,0.21
40494.54167,0.21
40494.57778,0.17
40494.61944,0.19
40494.66111,0.25
40494.66667,0.25
40494.70278,0.38
40494.74444,0.22
40494.78611,0.5
40494.79167,0.5
40494.82778,0.56
40494.86944,0.56
40494.91111,0.63
40494.91667,0.63
40494.95278,0.58
40494.99444,0.63
40494.99931,0.63
40495.03611,0.68
40495.04167,0.68
40495.07778,0.71
40495.11944,0.65
40495.16111,0.68
40495.16667,0.68
40495.20278,0.7
40495.24444,0.76
40495.28611,0.76
40495.29167,0.76
40495.32778,0.67
40495.36944,0.52
40495.41111,0.52
40495.41667,0.52
40495.45278,0.33
40495.49444,0.28
40495.53611,0.29
40495.54167,0.29
40495.57778,0.26
40495.61944,0.25
40495.66111,0.27
40495.66667,0.27
40495.70278,0.35
40495.74444,0.42
40495.78611,0.42
40495.79167,0.42
40495.82778,0.64
40495.86944,0.59
40495.91111,0.77
40495.91667,0.77
40495.95278,0.74
40495.99444,0.74
40495.99931,0.74
40496.03611,0.76
40496.04167,0.76
40496.07778,0.79
40496.11944,0.76
40496.16111,0.82
40496.16667,0.82
40496.20278,0.82
40496.24444,0.86
40496.28611,0.86
40496.29167,0.86
40496.32778,0.85
40496.36944,0.77
40496.41111,0.71
40496.41667,0.71
40496.45278,0.59
40496.49444,0.48
40496.53611,0.44
40496.54167,0.44
40496.57778,0.35
40496.61944,0.32
40496.66111,0.43
40496.66667,0.43
40496.70278,0.51
40496.74444,0.47
40496.78611,0.57
40496.79167,0.57
40496.82778,0.66
40496.86944,0.71
40496.91111,0.8
40496.91667,0.8
40496.95278,0.8
40496.99444,0.86
40496.99931,0.86
40497.03611,0.89
40497.04167,0.89
40497.07778,0.89
40497.10903,0.94
40497.11944,0.9
40497.16111,0.93
40497.16667,0.93
40497.20278,0.93
40497.24444,0.93
40497.28611,0.93
40497.29167,0.93
40497.30625,0.94
40497.32778,0.93
40497.3625,0.94
40497.36944,0.9
40497.40208,0.94
40497.41111,0.9
40497.41667,0.9
40497.45278,0.86
40497.49444,0.75
40497.50139,0.72
40497.51181,0.72
40497.53611,0.69
40497.54167,0.69
40497.57778,0.67
40497.61944,0.67
40497.66111,0.64
40497.66667,0.64
40497.70278,0.74
40497.74444,0.77
40497.78611,0.83
40497.79167,0.83
40497.82778,0.8
40497.86944,0.8
40497.91111,0.89
40497.91667,0.89
40497.95278,0.89
40497.99444,0.92
40497.99931,0.92
40498.03611,0.92
40498.04167,0.92
40498.05556,0.88
40498.07778,0.92
40498.11806,0.88
40498.11944,0.92
40498.13194,0.94
40498.16111,0.92
40498.16667,0.92
40498.20278,0.92
40498.22639,0.88
40498.24444,0.92
40498.26389,0.94
40498.28333,0.88
40498.28611,0.89
40498.29167,0.88
40498.29444,0.88
40498.32778,0.92
40498.35486,0.88
40498.36944,0.89
40498.38542,0.94
40498.39444,0.94
40498.41111,0.93
40498.41667,0.93
40498.42986,0.88
40498.45278,0.9
40498.49444,0.9
40498.53056,0.88
40498.53611,0.87
40498.54167,0.87
40498.55556,0.88
40498.57778,0.87
40498.61944,0.87
40498.66111,0.87
40498.66667,0.87
40498.70278,0.84
40498.74444,0.81
40498.78611,0.86
40498.79167,0.86
40498.81736,0.88
40498.82778,0.9
40498.86042,0.83
40498.86944,0.9
40498.91111,0.87
40498.91667,0.87
40498.91875,0.88
40498.92708,0.88
40498.93542,0.83
40498.93958,0.88
40498.95278,0.84
40498.99306,0.83
40498.99444,0.84
40498.99931,0.84
40499.03125,0.83
40499.03403,0.83
40499.03611,0.87
40499.04167,0.87
40499.05069,0.77
40499.07778,0.84
40499.11944,0.83
40499.16111,0.83
40499.16667,0.83
40499.20278,0.87
40499.24444,0.84
40499.28611,0.83
40499.29167,0.83
40499.3125,0.59
40499.32778,0.6
40499.36944,0.47
40499.41111,0.46
40499.41667,0.46
40499.45278,0.44
40499.49444,0.42
40499.53611,0.39
40499.54167,0.39
40499.57778,0.38
40499.61944,0.39
40499.66111,0.39
40499.66667,0.39
40499.70278,0.41
40499.74444,0.44
40499.78611,0.45
40499.79167,0.45
40499.82778,0.47
40499.86944,0.49
40499.91111,0.56
40499.91667,0.56
40499.95278,0.55
40499.99444,0.55
40499.99931,0.55
40500.03611,0.52
40500.04167,0.52
40500.07778,0.54
40500.11944,0.65
40500.16111,0.61
40500.16667,0.61
40500.20278,0.74
40500.24444,0.73
40500.27083,0.76
40500.28611,0.71
40500.29167,0.71
40500.32778,0.66
40500.36944,0.64
40500.41111,0.66
40500.41667,0.66
40500.45278,0.42
40500.49444,0.44
40500.53611,0.39
40500.54167,0.39
40500.55903,0.44
40500.57778,0.42
40500.61944,0.44
40500.66111,0.43
40500.66667,0.43
40500.70278,0.49
40500.74444,0.52
40500.78611,0.52
40500.79167,0.52
40500.82778,0.54
40500.86944,0.55
40500.91111,0.56
40500.91667,0.56
40500.95278,0.56
40500.99444,0.59
40500.99931,0.59
40501.03611,0.63
40501.04167,0.63
40501.07778,0.63
40501.11944,0.71
40501.16111,0.77
40501.16667,0.77
40501.20278,0.86
40501.24444,0.73
40501.28611,0.58
40501.29167,0.58
40501.32778,0.56
40501.36944,0.44
40501.41111,0.43
40501.41667,0.43
40501.45278,0.43
40501.49444,0.4
40501.53611,0.38
40501.54167,0.38
40501.57778,0.38
40501.61944,0.4
40501.66111,0.41
40501.66667,0.41
40501.70278,0.43
40501.74444,0.58
40501.78611,0.61
40501.79167,0.61
40501.82778,0.61
40501.86944,0.63
40501.91111,0.73
40501.91667,0.73
40501.95278,0.68
40501.99444,0.68
40501.99931,0.68
40502.03611,0.65
40502.04167,0.65
40502.07778,0.68
40502.11944,0.71
40502.16111,0.73
40502.16667,0.73
40502.20278,0.77
40502.24444,0.79
40502.28611,0.83
40502.29167,0.83
40502.32778,0.76
40502.36944,0.68
40502.41111,0.71
40502.41667,0.71
40502.45278,0.61
40502.49444,0.57
40502.53611,0.48
40502.54167,0.48
40502.57778,0.39
40502.61944,0.4
40502.66111,0.39
40502.66667,0.39
40502.70278,0.43
40502.74444,0.51
40502.78611,0.59
40502.79167,0.59
40502.82778,0.59
40502.86944,0.66
40502.91111,0.64
40502.91667,0.64
40502.95278,0.64
40502.99444,0.66
40502.99931,0.66
40503.03611,0.74
40503.04167,0.74
40503.07778,0.71
40503.11944,0.74
40503.16111,0.73
40503.16667,0.73
40503.20278,0.77
40503.24444,0.73
40503.28611,0.8
40503.29167,0.8
40503.32778,0.79
40503.36944,0.74
40503.41111,0.66
40503.41667,0.66
40503.45278,0.59
40503.49444,0.57
40503.53611,0.51
40503.54167,0.51
40503.57778,0.48
40503.61944,0.51
40503.66111,0.53
40503.66667,0.53
40503.70278,0.61
40503.74444,0.69
40503.78611,0.72
40503.79167,0.72
40503.81181,0.72
40503.82778,0.66
40503.86944,0.71
40503.91111,0.74
40503.91667,0.74
40503.95278,0.8
40503.98472,0.82
40503.99444,0.83
40503.99931,0.83
40504.02986,0.94
40504.03611,0.9
40504.04167,0.9
40504.05208,0.88
40504.07778,0.86
40504.11597,0.88
40504.11944,0.92
40504.13194,0.88
40504.16111,0.96
40504.16667,0.96
40504.20278,0.96
40504.24444,0.93
40504.28611,0.97
40504.28819,1
40504.30069,0.94
40504.32778,0.97
40504.33889,0.94
40504.36528,1
40504.36944,0.93
40504.39653,0.94
40504.41111,0.93
40504.41667,0.93
40504.43125,0.88
40504.45278,0.89
40504.46111,0.88
40504.49444,0.74
40504.53611,0.67
40504.54167,0.67
40504.57778,0.69
40504.61944,0.65
40504.66111,0.67
40504.66667,0.67
40504.70278,0.67
40504.74444,0.72
40504.78611,0.8
40504.79167,0.8
40504.82778,0.74
40504.86944,0.83
40504.91111,0.8
40504.91667,0.8
40504.95278,0.75
40504.99444,0.74
40504.99931,0.74
40505.03611,0.77
40505.04167,0.77
40505.07778,0.77
40505.11944,0.77
40505.16111,0.77
40505.16667,0.77
40505.20278,0.8
40505.24444,0.83
40505.28611,0.8
40505.29167,0.8
40505.32778,0.8
40505.36944,0.75
40505.41111,0.7
40505.41667,0.7
40505.45278,0.7
40505.49444,0.63
40505.53611,0.57
40505.54167,0.57
40505.57778,0.55
40505.61944,0.53
40505.64792,0.64
40505.66111,0.68
40505.66667,0.68
40505.70278,0.63
40505.74444,0.63
40505.78611,0.6
40505.79167,0.6
40505.82778,0.47
40505.86944,0.44
40505.91111,0.17
40505.91667,0.17
40505.95278,0.19
40505.99444,0.22
40505.99931,0.22
40506.03611,0.26
40506.04167,0.26
40506.07778,0.28
40506.11944,0.36
40506.16111,0.44
40506.16667,0.44
40506.20278,0.52
40506.24444,0.56
40506.28611,0.58
40506.29167,0.58
40506.32778,0.55
40506.36944,0.47
40506.41111,0.46
40506.41667,0.46
40506.45278,0.44
40506.49444,0.42
40506.53611,0.39
40506.54167,0.39
40506.57778,0.39
40506.61944,0.41
40506.66111,0.41
40506.66667,0.41
40506.70278,0.48
40506.74444,0.44
40506.78611,0.46
40506.79167,0.46
40506.82778,0.48
40506.85556,0.49
40506.86944,0.49
40506.89167,0.53
40506.91111,0.47
40506.91667,0.47
40506.95278,0.52
40506.99444,0.46
40506.99931,0.46
40507.03611,0.54
40507.04167,0.54
40507.07778,0.46
40507.09444,0.46
40507.11944,0.49
40507.12292,0.49
40507.16111,0.52
40507.16667,0.52
40507.20278,0.6
40507.24444,0.65
40507.28611,0.74
40507.29167,0.74
40507.30278,0.71
40507.31528,0.71
40507.32778,0.73
40507.36944,0.73
40507.41111,0.76
40507.41667,0.76
40507.45278,0.71
40507.49444,0.68
40507.53611,0.63
40507.54167,0.63
40507.57778,0.66
40507.61944,0.66
40507.66111,0.61
40507.66667,0.61
40507.70278,0.66
40507.72847,0.62
40507.74444,0.64
40507.78611,0.72
40507.79167,0.72
40507.82778,0.64
40507.86944,0.66
40507.91111,0.72
40507.91667,0.72
40507.95278,0.75
40507.99444,0.77
40507.99931,0.77
40508.03611,0.81
40508.04167,0.81
40508.05069,0.88
40508.07778,0.83
40508.11944,0.87
40508.16111,0.87
40508.16667,0.87
40508.20278,0.81
40508.20972,0.83
40508.24444,0.84
40508.28611,0.87
40508.29167,0.87
40508.32778,0.93
40508.36944,0.9
40508.41111,0.84
40508.41667,0.84
40508.45278,0.69
40508.49444,0.59
40508.53611,0.55
40508.54167,0.55
40508.57778,0.46
40508.61944,0.39
40508.66111,0.37
40508.66667,0.37
40508.70278,0.34
40508.74444,0.34
40508.78611,0.35
40508.79167,0.35
40508.82778,0.37
40508.86944,0.41
40508.91111,0.43
40508.91667,0.43
40508.95278,0.43
40508.99444,0.45
40508.99931,0.45
40509.03611,0.47
40509.04167,0.47
40509.07778,0.43
40509.11944,0.44
40509.16111,0.44
40509.16667,0.44
40509.20278,0.46
40509.24444,0.46
40509.28611,0.54
40509.29167,0.54
40509.32778,0.52
40509.36944,0.43
40509.41111,0.4
40509.41667,0.4
40509.45278,0.4
40509.49444,0.4
40509.53611,0.36
40509.54167,0.36
40509.57778,0.36
40509.61944,0.38
40509.66111,0.38
40509.66667,0.38
40509.70278,0.43
40509.74444,0.47
40509.78611,0.49
40509.79167,0.49
40509.82778,0.45
40509.86944,0.48
40509.91111,0.48
40509.91667,0.48
40509.95278,0.48
40509.99444,0.46
40509.99931,0.46
40510.03611,0.45
40510.04167,0.45
40510.07778,0.46
40510.11944,0.5
40510.16111,0.5
40510.16667,0.5
40510.20278,0.52
40510.24444,0.59
40510.28611,0.57
40510.29167,0.57
40510.32778,0.54
40510.36944,0.51
40510.41111,0.47
40510.41667,0.47
40510.45278,0.44
40510.49444,0.44
40510.53611,0.41
40510.54167,0.41
40510.57778,0.38
40510.61944,0.36
40510.66111,0.36
40510.66667,0.36
40510.70278,0.46
40510.74444,0.42
40510.78611,0.58
40510.79167,0.58
40510.82778,0.57
40510.86944,0.57
40510.91111,0.67
40510.91667,0.67
40510.95278,0.65
40510.99444,0.7
40510.99931,0.7
40511.03611,0.73
40511.04167,0.73
40511.07778,0.78
40511.11944,0.73
40511.16111,0.82
40511.16667,0.82
40511.20278,0.85
40511.24444,0.82
40511.28611,0.82
40511.29167,0.82
40511.32778,0.82
40511.36944,0.76
40511.41111,0.71
40511.41667,0.71
40511.45278,0.61
40511.49444,0.56
40511.53611,0.52
40511.54167,0.52
40511.57778,0.52
40511.61944,0.52
40511.66111,0.52
40511.66667,0.52
40511.70278,0.61
40511.74444,0.61
40511.78611,0.63
40511.79167,0.63
40511.82778,0.64
40511.86944,0.66
40511.90694,0.71
40511.90972,0.71
40511.91111,0.69
40511.91667,0.69
40511.95278,0.71
40511.95972,0.76
40511.96597,0.76
40511.99444,0.74
40511.99931,0.74
40512.03611,0.77
40512.04167,0.77
40512.07778,0.74
40512.09653,0.82
40512.11944,0.8
40512.16111,0.8
40512.16667,0.8
40512.18958,0.82
40512.20278,0.83
40512.24444,0.8
40512.28611,0.86
40512.29167,0.86
40512.32639,0.88
40512.32778,0.89
40512.33056,0.88
40512.36944,0.89
40512.41111,0.92
40512.41667,0.92
40512.42778,0.94
40512.45278,0.9
40512.49444,0.81
40512.53611,0.78
40512.54167,0.78
40512.57778,0.68
40512.61944,0.65
40512.66111,0.68
40512.66667,0.68
40512.70278,0.7
40512.74444,0.7
40512.78611,0.8
40512.79167,0.8
40512.80972,0.83
40512.81806,0.83
40512.82778,0.78
40512.86944,0.8
40512.89236,0.83
40512.91111,0.86
40512.91667,0.86
40512.95278,0.9
40512.99444,0.88
40512.99931,0.88
40513.03611,0.81
40513.04167,0.81
40513.07778,0.81
40513.11944,0.78
40513.16111,0.78
40513.16667,0.78
40513.20278,0.84
40513.24444,0.87
40513.28472,0.88
40513.28611,0.9
40513.29167,0.9
40513.32778,0.87
40513.34167,0.88
40513.34722,0.88
40513.35486,0.94
40513.36806,0.94
40513.36944,0.93
40513.39028,0.94
40513.39375,0.88
40513.39583,0.82
40513.39931,0.94
40513.40417,0.94
40513.40764,0.87
40513.41111,0.89
40513.41528,0.87
40513.41667,0.89
40513.42569,0.87
40513.43681,0.87
40513.44861,0.87
40513.45278,0.86
40513.46042,0.81
40513.48264,0.81
40513.49444,0.83
40513.50556,0.76
40513.53611,0.66
40513.54167,0.66
40513.57778,0.61
40513.61944,0.54
40513.66111,0.45
40513.66667,0.45
40513.70278,0.47
40513.74444,0.47
40513.78611,0.45
40513.79167,0.45
40513.82778,0.49
40513.86944,0.51
40513.91111,0.5
40513.91667,0.5
40513.95278,0.52
40513.99444,0.55
40513.99931,0.55
40514.03611,0.52
40514.04167,0.52
40514.07778,0.59
40514.11944,0.64
40514.16111,0.7
40514.16667,0.7
40514.20278,0.64
40514.24444,0.64
40514.28611,0.64
40514.29167,0.64
40514.32778,0.57
40514.36944,0.55
40514.41111,0.53
40514.41667,0.53
40514.42222,0.56
40514.45278,0.55
40514.49444,0.49
40514.53611,0.43
40514.54167,0.43
40514.57778,0.45
40514.61944,0.45
40514.66111,0.45
40514.66667,0.45
40514.70278,0.48
40514.74444,0.5
40514.78611,0.5
40514.79167,0.5
40514.82778,0.52
40514.86944,0.52
40514.91111,0.52
40514.91667,0.52
40514.95278,0.52
40514.99444,0.52
40514.99931,0.52
40515.03611,0.57
40515.04167,0.57
40515.07778,0.57
40515.11944,0.59
40515.16111,0.59
40515.16667,0.59
40515.20278,0.57
40515.24444,0.61
40515.28611,0.59
40515.29167,0.59
40515.32778,0.59
40515.34653,0.56
40515.36944,0.57
40515.41111,0.53
40515.41667,0.53
40515.45278,0.51
40515.49444,0.53
40515.53611,0.47
40515.54167,0.47
40515.57778,0.51
40515.61944,0.51
40515.66111,0.51
40515.66667,0.51
40515.70278,0.51
40515.74444,0.53
40515.78611,0.57
40515.79167,0.57
40515.82778,0.64
40515.86944,0.62
40515.91111,0.59
40515.91667,0.59
40515.95278,0.61
40515.99444,0.59
40515.99931,0.59
40516.03611,0.61
40516.04167,0.61
40516.07778,0.58
40516.11944,0.58
40516.16111,0.64
40516.16667,0.64
40516.20278,0.61
40516.24444,0.64
40516.28611,0.61
40516.29167,0.61
40516.32778,0.59
40516.36944,0.56
40516.41111,0.52
40516.41667,0.52
40516.45278,0.51
40516.49444,0.43
40516.53611,0.41
40516.54167,0.41
40516.57778,0.4
40516.61944,0.38
40516.66111,0.4
40516.66667,0.4
40516.70278,0.44
40516.74444,0.41
40516.78611,0.43
40516.79167,0.43
40516.82778,0.46
40516.86944,0.46
40516.91111,0.48
40516.91667,0.48
40516.95278,0.52
40516.99444,0.52
40516.99931,0.52
40517.03611,0.52
40517.04167,0.52
40517.07778,0.55
40517.11944,0.52
40517.16111,0.57
40517.16667,0.57
40517.20278,0.55
40517.24444,0.46
40517.28611,0.44
40517.29167,0.44
40517.32778,0.46
40517.36944,0.46
40517.41111,0.48
40517.41667,0.48
40517.45278,0.44
40517.49444,0.41
40517.53611,0.41
40517.54167,0.41
40517.57778,0.39
40517.61944,0.41
40517.66111,0.41
40517.66667,0.41
40517.70278,0.42
40517.74444,0.42
40517.78611,0.4
40517.79167,0.4
40517.82778,0.4
40517.86944,0.42
40517.91111,0.47
40517.91667,0.47
40517.95278,0.52
40517.99444,0.5
40517.99931,0.5
40518.03611,0.47
40518.04167,0.47
40518.07778,0.47
40518.11944,0.52
40518.16111,0.5
40518.16667,0.5
40518.20278,0.5
40518.24444,0.49
40518.28611,0.47
40518.29167,0.47
40518.31042,0.44
40518.32778,0.44
40518.36944,0.44
40518.41111,0.42
40518.41667,0.42
40518.45278,0.39
40518.49444,0.37
40518.53611,0.34
40518.54167,0.34
40518.57778,0.36
40518.61944,0.35
40518.66111,0.35
40518.66667,0.35
40518.70278,0.4
40518.74444,0.38
40518.78611,0.4
40518.79167,0.4
40518.82778,0.4
40518.86944,0.42
40518.91111,0.42
40518.91667,0.42
40518.95278,0.42
40518.99444,0.42
40518.99931,0.42
40519.03611,0.42
40519.04167,0.42
40519.07778,0.43
40519.11944,0.43
40519.16111,0.43
40519.16667,0.43
40519.20278,0.43
40519.24444,0.43
40519.28611,0.43
40519.29167,0.43
40519.32778,0.43
40519.36944,0.41
40519.41111,0.4
40519.41667,0.4
40519.45278,0.38
40519.49444,0.38
40519.53611,0.37
40519.54167,0.37
40519.57778,0.37
40519.61944,0.37
40519.66111,0.38
40519.66667,0.38
40519.70278,0.4
40519.74444,0.42
40519.78611,0.43
40519.79167,0.43
40519.82778,0.43
40519.86944,0.45
40519.91111,0.49
40519.91667,0.49
40519.95278,0.49
40519.99444,0.47
40519.99931,0.47
40520.03611,0.45
40520.04167,0.45
40520.07778,0.49
40520.11944,0.46
40520.16111,0.45
40520.16667,0.45
40520.20278,0.46
40520.24444,0.46
40520.28611,0.46
40520.29167,0.46
40520.32778,0.44
40520.36944,0.43
40520.41111,0.4
40520.41667,0.4
40520.45278,0.37
40520.49444,0.35
40520.53611,0.34
40520.54167,0.34
40520.57778,0.35
40520.61944,0.35
40520.66111,0.35
40520.66667,0.35
40520.70278,0.38
40520.74444,0.4
40520.78611,0.43
40520.79167,0.43
40520.82778,0.43
40520.86944,0.45
40520.91111,0.47
40520.91667,0.47
40520.95278,0.51
40520.99444,0.51
40520.99931,0.51
40521.03611,0.53
40521.04167,0.53
40521.07778,0.53
40521.11944,0.53
40521.16111,0.55
40521.16667,0.55
40521.20278,0.55
40521.24444,0.57
40521.28611,0.53
40521.29167,0.53
40521.32778,0.51
40521.36944,0.47
40521.41111,0.43
40521.41667,0.43
40521.45278,0.44
40521.49444,0.4
40521.53611,0.39
40521.54167,0.39
40521.57778,0.37
40521.61944,0.37
40521.66111,0.37
40521.66667,0.37
40521.70278,0.43
40521.74444,0.45
40521.78611,0.47
40521.79167,0.47
40521.82778,0.5
40521.86944,0.54
40521.91111,0.54
40521.91667,0.54
40521.94306,0.59
40521.95278,0.56
40521.99444,0.54
40521.99931,0.54
40522.03611,0.58
40522.04167,0.58
40522.07778,0.63
40522.11944,0.58
40522.16111,0.56
40522.20278,0.61
40522.24444,0.69
40522.28611,0.69
40522.29167,0.69
40522.32778,0.72
40522.36944,0.69
40522.41111,0.69
40522.41667,0.69
40522.44028,0.65
40522.45278,0.59
40522.45764,0.6
40522.46667,0.6
40522.47569,0.6
40522.48472,0.6
40522.49444,0.59
40522.51944,0.56
40522.53611,0.54
40522.54167,0.54
40522.57778,0.48
40522.61944,0.46
40522.66111,0.52
40522.66667,0.52
40522.70278,0.52
40522.74444,0.6
40522.78611,0.6
40522.79167,0.6
40522.82778,0.57
40522.86944,0.62
40522.89792,0.65
40522.91111,0.64
40522.91667,0.64
40522.95278,0.78
40522.99444,0.75
40522.99931,0.75
40523.03611,0.82
40523.04167,0.82
40523.07778,0.85
40523.11944,0.79
40523.16111,0.82
40523.16667,0.82
40523.20278,0.85
40523.24444,0.85
40523.28611,0.82
40523.29167,0.82
40523.32778,0.82
40523.36944,0.82
40523.41111,0.78
40523.41667,0.78
40523.45278,0.7
40523.49444,0.63
40523.53611,0.48
40523.54167,0.48
40523.57778,0.44
40523.61944,0.51
40523.66111,0.51
40523.66667,0.51
40523.70278,0.51
40523.73056,0.49
40523.74236,0.49
40523.74444,0.51
40523.78611,0.7
40523.79167,0.7
40523.82778,0.79
40523.8375,0.81
40523.84653,0.87
40523.86944,0.89
40523.91111,0.93
40523.91667,0.93
40523.92361,0.93
40523.93333,0.93
40523.94236,0.93
40523.95278,0.93
40523.95833,0.93
40523.97361,0.93
40523.99444,0.93
40523.99931,0.93
40524.00556,0.93
40524.01319,0.93
40524.03125,1
40524.03611,0.97
40524.04167,0.97
40524.04444,0.93
40524.06875,0.93
40524.07778,0.93
40524.09931,0.93
40524.11944,0.93
40524.14167,0.93
40524.15139,0.93
40524.15972,0.93
40524.16111,0.93
40524.16667,0.93
40524.16944,1
40524.17986,0.93
40524.18542,0.93
40524.19375,0.87
40524.20278,0.92
40524.23472,0.87
40524.24444,0.96
40524.24792,0.93
40524.25486,1
40524.27292,0.93
40524.27986,1
40524.28611,0.96
40524.29097,0.87
40524.29167,0.96
40524.30208,0.93
40524.32639,0.93
40524.32778,0.93
40524.36944,0.96
40524.37708,0.93
40524.39028,0.93
40524.40694,0.93
40524.41111,0.96
40524.41667,0.96
40524.42222,0.93
40524.45139,0.93
40524.45278,0.93
40524.49444,0.93
40524.53611,0.89
40524.54167,0.89
40524.57778,0.93
40524.61944,0.97
40524.62292,1
40524.65139,0.93
40524.65625,0.93
40524.65972,0.93
40524.66111,0.93
40524.66667,0.93
40524.66875,0.93
40524.67014,0.93
40524.67222,0.93
40524.6875,0.87
40524.69167,0.93
40524.69444,0.93
40524.70278,1
40524.70486,1
40524.70625,0.93
40524.725,0.93
40524.73264,0.93
40524.73403,0.93
40524.74444,0.93
40524.77222,0.93
40524.77431,0.93
40524.77847,0.93
40524.78611,0.93
40524.78889,0.93
40524.79097,0.93
40524.79167,0.93
40524.79722,0.93
40524.81458,0.93
40524.82431,0.93
40524.82778,0.9
40524.86944,0.93
40524.91111,0.86
40524.91667,0.86
40524.95278,0.79
40524.99931,0.79
40525.03611,0.67
40525.07778,0.65
40525.11944,0.59
40525.16111,0.59
40525.16667,0.59
40525.20278,0.57
40525.24444,0.72
40525.24653,0.8
40525.26736,0.8
40525.27778,0.75
40525.28611,0.64
40525.29167,0.64
40525.30764,0.6
40525.32778,0.59
40525.36944,0.54
40525.41111,0.52
40525.41667,0.52
40525.45278,0.46
40525.49444,0.42
40525.53611,0.39
40525.54167,0.39
40525.57778,0.42
40525.61944,0.4
40525.66111,0.39
40525.66667,0.39
40525.70278,0.41
40525.74444,0.46
40525.78611,0.51
40525.79167,0.51
40525.82778,0.42
40525.86944,0.42
40525.91111,0.48
40525.91667,0.48
40525.95278,0.55
40525.98264,0.63
40525.99444,0.75
40525.99583,0.8
40525.99931,0.8
40526.00972,0.8
40526.01181,0.8
40526.02222,0.74
40526.03611,0.6
40526.04167,0.6
40526.07778,0.63
40526.11944,0.5
40526.16111,0.5
40526.16667,0.5
40526.20278,0.46
40526.24444,0.44
40526.28611,0.42
40526.29167,0.42
40526.32778,0.44
40526.36944,0.4
40526.41111,0.4
40526.41667,0.4
40526.45278,0.4
40526.49444,0.38
40526.53611,0.37
40526.54167,0.37
40526.57778,0.37
40526.61944,0.35
40526.66111,0.35
40526.66667,0.35
40526.70278,0.35
40526.74444,0.36
40526.78611,0.4
40526.79167,0.4
40526.82778,0.4
40526.86944,0.42
40526.91111,0.42
40526.91667,0.42
40526.95278,0.42
40526.99444,0.42
40526.99931,0.42
40527.03611,0.45
40527.04167,0.45
40527.07778,0.46
40527.11944,0.48
40527.16111,0.5
40527.16667,0.5
40527.20278,0.5
40527.24444,0.48
40527.28611,0.48
40527.29167,0.48
40527.32778,0.48
40527.36944,0.44
40527.41111,0.4
40527.41667,0.4
40527.45278,0.37
40527.49444,0.33
40527.53611,0.32
40527.54167,0.32
40527.57778,0.3
40527.61944,0.29
40527.66111,0.29
40527.66667,0.29
40527.70278,0.3
40527.74444,0.31
40527.78611,0.36
40527.79167,0.36
40527.82778,0.37
40527.86944,0.42
40527.91111,0.44
40527.91667,0.44
40527.95278,0.46
40527.99444,0.48
40527.99931,0.48
40528.03611,0.53
40528.04167,0.53
40528.07778,0.55
40528.11944,0.55
40528.16111,0.55
40528.16667,0.55
40528.20278,0.57
40528.24444,0.55
40528.28611,0.55
40528.29167,0.55
40528.30208,0.5
40528.32778,0.52
40528.35833,0.54
40528.36944,0.55
40528.41111,0.53
40528.41319,0.54
40528.41458,0.54
40528.41667,0.59
40528.42222,0.69
40528.42778,0.69
40528.43472,0.8
40528.44514,0.86
40528.45278,0.85
40528.49444,0.85
40528.51875,0.86
40528.53611,0.84
40528.54167,0.84
40528.54514,0.8
40528.57778,0.85
40528.59097,0.86
40528.59444,0.86
40528.60208,0.86
40528.60625,0.86
40528.61319,0.8
40528.61944,0.81
40528.62708,0.8
40528.63403,0.8
40528.65278,0.8
40528.66111,0.81
40528.66667,0.81
40528.70278,0.75
40528.71667,0.8
40528.74444,0.81
40528.78611,0.78
40528.79167,0.78
40528.79444,0.8
40528.82778,0.81
40528.86944,0.81
40528.88333,0.8
40528.91111,0.85
40528.91667,0.85
40528.94444,0.8
40528.95278,0.78
40528.99444,0.81
40528.99931,0.81
40529.03611,0.77
40529.04167,0.77
40529.07778,0.81
40529.11944,0.72
40529.16111,0.72
40529.16667,0.72
40529.20278,0.69
40529.24444,0.66
40529.28611,0.63
40529.29167,0.63
40529.32778,0.56
40529.36944,0.56
40529.41111,0.54
40529.41667,0.54
40529.45278,0.47
40529.4875,0.44
40529.49444,0.44
40529.53611,0.43
40529.54167,0.43
40529.57778,0.44
40529.61944,0.43
40529.66111,0.44
40529.66667,0.44
40529.70278,0.48
40529.74444,0.56
40529.78611,0.61
40529.79167,0.61
40529.82778,0.61
40529.86944,0.64
40529.91111,0.78
40529.91667,0.78
40529.95278,0.75
40529.99444,0.78
40529.99931,0.78
40530.03611,0.85
40530.04167,0.85
40530.07778,0.81
40530.11944,0.81
40530.16111,0.84
40530.16667,0.84
40530.20278,0.88
40530.24444,0.85
40530.28611,0.81
40530.29167,0.81
40530.32778,0.85
40530.36944,0.89
40530.41111,0.89
40530.41667,0.89
40530.45278,0.82
40530.49444,0.75
40530.53611,0.67
40530.54167,0.67
40530.55278,0.65
40530.57778,0.64
40530.61944,0.67
40530.64514,0.65
40530.66111,0.67
40530.66667,0.67
40530.70278,0.64
40530.74444,0.64
40530.78611,0.64
40530.79167,0.64
40530.82778,0.75
40530.86944,0.79
40530.91111,0.7
40530.91667,0.7
40530.95278,0.75
40530.99444,0.82
40530.99931,0.82
40531.03611,0.85
40531.04167,0.85
40531.07778,0.79
40531.11944,0.79
40531.16111,0.75
40531.16667,0.75
40531.20278,0.76
40531.24444,0.79
40531.28611,0.69
40531.29167,0.69
40531.32778,0.67
40531.36944,0.61
40531.41111,0.59
40531.41667,0.59
40531.45278,0.59
40531.49444,0.54
40531.53611,0.5
40531.54167,0.5
40531.57778,0.5
40531.61944,0.48
40531.66111,0.52
40531.66667,0.52
40531.70278,0.54
40531.74444,0.56
40531.78611,0.59
40531.79167,0.59
40531.82778,0.56
40531.86944,0.54
40531.91111,0.56
40531.91667,0.56
40531.95278,0.56
40531.99444,0.61
40531.99931,0.61
40532.03611,0.61
40532.04167,0.61
40532.07778,0.61
40532.11944,0.61
40532.16111,0.63
40532.16667,0.63
40532.20278,0.66
40532.24444,0.6
40532.28611,0.61
40532.29167,0.61
40532.32778,0.63
40532.36944,0.61
40532.41111,0.56
40532.41667,0.56
40532.45278,0.54
40532.49444,0.54
40532.53611,0.5
40532.54167,0.5
40532.57778,0.48
40532.61944,0.48
40532.66111,0.46
40532.66667,0.46
40532.70278,0.48
40532.74444,0.5
40532.78611,0.52
40532.79167,0.52
40532.82778,0.52
40532.86944,0.54
40532.91111,0.54
40532.91667,0.54
40532.95278,0.59
40532.99444,0.56
40532.99931,0.56
40533.03611,0.58
40533.04167,0.58
40533.07778,0.58
40533.11944,0.61
40533.16111,0.61
40533.16667,0.61
40533.20278,0.56
40533.24444,0.58
40533.28611,0.58
40533.29167,0.58
40533.32778,0.64
40533.36944,0.56
40533.41111,0.5
40533.41667,0.5
40533.45278,0.46
40533.49444,0.43
40533.53611,0.39
40533.54167,0.39
40533.57778,0.41
40533.61944,0.41
40533.66111,0.44
40533.66667,0.44
40533.70278,0.46
40533.74444,0.46
40533.78611,0.48
40533.79167,0.48
40533.82778,0.48
40533.86944,0.5
40533.91111,0.48
40533.91667,0.48
40533.95278,0.5
40533.99444,0.48
40533.99931,0.48
40534.03611,0.5
40534.04167,0.5
40534.07778,0.5
40534.11944,0.52
40534.16111,0.54
40534.16667,0.54
40534.20278,0.54
40534.24444,0.54
40534.28611,0.54
40534.29167,0.54
40534.32778,0.52
40534.36944,0.5
40534.41111,0.5
40534.41667,0.5
40534.45278,0.5
40534.49444,0.48
40534.53611,0.43
40534.54167,0.43
40534.57778,0.37
40534.61944,0.34
40534.66111,0.34
40534.66667,0.34
40534.70278,0.38
40534.74444,0.39
40534.78611,0.43
40534.79167,0.43
40534.82778,0.44
40534.86944,0.52
40534.91111,0.57
40534.91667,0.57
40534.95278,0.52
40534.99444,0.54
40534.99931,0.54
40535.03611,0.5
40535.04167,0.5
40535.07778,0.52
40535.11944,0.51
40535.16111,0.51
40535.16667,0.54
40535.20278,0.55
40535.24444,0.56
40535.28611,0.56
40535.29167,0.56
40535.32778,0.56
40535.36944,0.52
40535.41111,0.48
40535.41667,0.5
40535.45278,0.46
40535.49444,0.43
40535.53611,0.38
40535.54167,0.38
40535.57778,0.37
40535.61944,0.37
40535.66111,0.41
40535.66667,0.41
40535.70278,0.45
40535.74444,0.48
40535.78611,0.52
40535.79167,0.52
40535.82778,0.57
40535.86944,0.52
40535.91111,0.54
40535.91667,0.54
40535.95278,0.52
40535.99444,0.54
40535.99931,0.54
40536.03611,0.56
40536.04167,0.56
40536.07778,0.59
40536.11944,0.56
40536.16111,0.56
40536.16667,0.56
40536.20278,0.64
40536.24444,0.6
40536.28611,0.56
40536.29167,0.56
40536.32778,0.56
40536.36944,0.54
40536.41111,0.5
40536.41667,0.5
40536.45278,0.46
40536.49444,0.45
40536.53611,0.41
40536.54167,0.41
40536.57778,0.4
40536.61944,0.38
40536.66111,0.41
40536.66667,0.41
40536.70278,0.44
40536.74444,0.46
40536.78611,0.5
40536.79167,0.5
40536.82778,0.54
40536.86944,0.56
40536.91111,0.59
40536.91667,0.59
40536.95278,0.56
40536.99444,0.58
40536.99931,0.58
40537.03611,0.61
40537.04167,0.61
40537.07778,0.58
40537.11944,0.58
40537.16111,0.58
40537.16667,0.58
40537.20278,0.58
40537.24444,0.61
40537.28611,0.58
40537.29167,0.58
40537.32778,0.58
40537.36944,0.58
40537.38958,0.6
40537.39792,0.6
40537.41111,0.66
40537.41667,0.66
40537.42153,0.7
40537.45278,0.7
40537.49306,0.7
40537.49444,0.67
40537.53611,0.61
40537.54167,0.61
40537.55903,0.6
40537.57778,0.57
40537.61944,0.57
40537.66111,0.59
40537.66667,0.59
40537.70278,0.61
40537.74444,0.61
40537.78611,0.61
40537.79167,0.61
40537.82778,0.64
40537.86944,0.61
40537.91111,0.64
40537.91667,0.64
40537.95278,0.61
40537.975,0.65
40537.99444,0.66
40537.99931,0.66
40538.03611,0.66
40538.04167,0.66
40538.05278,0.65
40538.06319,0.65
40538.07778,0.64
40538.11944,0.66
40538.16111,0.64
40538.16667,0.64
40538.16944,0.64
40538.20278,0.66
40538.24444,0.64
40538.28611,0.64
40538.29167,0.64
40538.32778,0.64
40538.33889,0.69
40538.36944,0.69
40538.41111,0.69
40538.41667,0.69
40538.45278,0.64
40538.49444,0.69
40538.53611,0.69
40538.54167,0.69
40538.55556,0.64
40538.57778,0.66
40538.59444,0.64
40538.60278,0.74
40538.60625,0.74
40538.61458,0.74
40538.61944,0.75
40538.62708,0.74
40538.62847,0.74
40538.63264,0.74
40538.64653,0.74
40538.66111,0.75
40538.66667,0.75
40538.67222,0.74
40538.69028,0.74
40538.70278,0.69
40538.72361,0.74
40538.72917,0.74
40538.74306,0.8
40538.74444,0.81
40538.77778,0.86
40538.78194,0.8
40538.78611,0.81
40538.79028,0.8
40538.79167,0.81
40538.79375,0.8
40538.82778,0.75
40538.86944,0.69
40538.91111,0.63
40538.91667,0.63
40538.95278,0.54
40538.99444,0.49
40538.99931,0.49
40539.03611,0.49
40539.04167,0.49
40539.07778,0.51
40539.11944,0.47
40539.16111,0.45
40539.16667,0.45
40539.20278,0.43
40539.24444,0.43
40539.28611,0.43
40539.29167,0.43
40539.31181,0.47
40539.32778,0.45
40539.36944,0.39
40539.41111,0.38
40539.41667,0.38
40539.45278,0.33
40539.49444,0.3
40539.525,0.25
40539.53611,0.26
40539.54167,0.26
40539.57778,0.26
40539.61944,0.26
40539.66111,0.28
40539.66667,0.28
40539.70278,0.35
40539.74444,0.38
40539.78611,0.44
40539.79167,0.44
40539.82778,0.45
40539.86944,0.43
40539.91111,0.43
40539.91667,0.43
40539.95278,0.45
40539.99444,0.45
40539.99931,0.45
40540.03611,0.5
40540.04167,0.5
40540.07778,0.52
40540.11944,0.51
40540.16111,0.51
40540.16667,0.51
40540.20278,0.49
40540.24444,0.45
40540.28611,0.49
40540.29167,0.49
40540.32778,0.47
40540.36944,0.41
40540.41111,0.4
40540.41667,0.4
40540.45278,0.34
40540.49444,0.29
40540.53611,0.27
40540.54167,0.27
40540.57778,0.25
40540.61944,0.21
40540.66111,0.2
40540.66667,0.2
40540.70278,0.22
40540.74444,0.23
40540.78611,0.25
40540.79167,0.25
40540.82778,0.28
40540.86944,0.29
40540.91111,0.29
40540.91667,0.29
40540.95278,0.34
40540.99444,0.34
40540.99931,0.34
40541.03611,0.34
40541.04167,0.34
40541.07778,0.37
40541.11944,0.42
40541.16111,0.48
40541.16667,0.48
40541.20278,0.52
40541.24444,0.54
40541.28611,0.54
40541.29167,0.54
40541.32778,0.54
40541.36944,0.51
40541.41111,0.47
40541.41667,0.47
40541.45278,0.41
40541.49444,0.38
40541.53611,0.37
40541.54167,0.37
40541.57778,0.39
40541.61944,0.36
40541.66111,0.37
40541.66667,0.37
40541.70278,0.43
40541.74444,0.43
40541.78611,0.43
40541.79167,0.43
40541.82778,0.57
40541.86944,0.76
40541.91111,0.64
40541.91667,0.64
40541.95278,0.67
40541.99444,0.79
40541.99931,0.79
40542.03611,0.72
40542.04167,0.72
40542.07778,0.82
40542.11944,0.82
40542.16111,0.82
40542.16667,0.82
40542.20278,0.78
40542.24444,0.79
40542.28611,0.85
40542.29167,0.85
40542.32778,0.88
40542.36944,0.82
40542.41111,0.82
40542.41667,0.82
40542.45278,0.65
40542.49444,0.53
40542.53611,0.41
40542.54167,0.41
40542.57778,0.42
40542.61944,0.4
40542.66111,0.45
40542.66667,0.45
40542.70278,0.49
40542.74444,0.55
40542.78611,0.53
40542.79167,0.53
40542.82778,0.59
40542.86944,0.64
40542.91111,0.65
40542.91667,0.65
40542.95278,0.64
40542.99444,0.64
40542.99931,0.64
40543.03611,0.64
40543.04167,0.64
40543.07778,0.64
40543.11944,0.72
40543.16111,0.75
40543.16667,0.75
40543.20278,0.64
40543.24444,0.7
40543.28611,0.78
40543.29167,0.78
40543.32778,0.73
40543.36944,0.67
40543.41111,0.62
40543.41667,0.62
40543.45278,0.6
40543.49444,0.53
40543.53611,0.5
40543.54167,0.5
40543.57778,0.48
40543.61944,0.5
40543.66111,0.48
40543.66667,0.48
40543.70278,0.52
40543.74444,0.56
40543.78611,0.62
40543.79167,0.62
40543.82778,0.65
40543.86944,0.67
40543.91111,0.73
40543.91667,0.73
40543.95278,0.79
40543.99444,0.79
40543.99931,0.79
