t, Reactor (1)_A:concentration,t, Reactor (1)_A:external_mass_flow_timeseries,t, Reactor (1)_A:external_source,t, Reactor (1)_A:inflow_loading,t, Reactor (1)_A:mass,t, Reactor (1)_A:time_variable_inflow_concentration,t, Reactor (1)_B:concentration,t, Reactor (1)_B:external_mass_flow_timeseries,t, Reactor (1)_B:external_source,t, Reactor (1)_B:inflow_loading,t, Reactor (1)_B:mass,t, Reactor (1)_B:time_variable_inflow_concentration,t, Reactor (1)_Storage,t, Reactor (1)_constant_inflow,t, Reactor (1)_inflow,t, Reactor (1)_time_variable_inflow,t, k_A_temperature,t, k_A_value,t, k_B_temperature,t, k_B_value,t, K_s_temperature,t, K_s_value,t, Obs_A_conc,t, Obs_A_conc_expression,t, Obs_A_conc_observed_data,t, Obs_B_conc,t, Obs_B_conc_expression,t, Obs_B_conc_observed_data
0.00000,1.99743,0.00000,0,0.00000,0,0.00000,0,0.00000,19.9742,0.00000,0,0.00000,1.99001,0.00000,0,0.00000,0,0.00000,0,0.00000,19.9001,0.00000,0,0.00000,9.99998,0.00000,0,0.00000,0,0.00000,0,0.00000,12,0.00000,0.66351,0.00000,0,0.00000,0.50968,0.00000,0,0.00000,0.577488,0.00000,0.997426,0.00000,1.99743,0.00000,1.99022,0.00000,0.990008,0.00000,1.99001,0.00000,1.90531
0.01000,1.988,0.01000,0,0.01000,0,0.01000,0,0.01000,19.88,0.01000,0,0.01000,1.95407,0.01000,0,0.01000,0,0.01000,0,0.01000,19.5407,0.01000,0,0.01000,9.99998,0.01000,0,0.01000,0,0.01000,0,0.01000,12,0.01000,0.66351,0.01000,0,0.01000,0.50968,0.01000,0,0.01000,0.577488,0.01000,1.988,0.01000,1.988,0.01000,1.99022,0.01000,1.95407,0.01000,1.95407,0.01000,1.90531
0.02000,1.98115,0.02000,0,0.02000,0,0.02000,0,0.02000,19.8115,0.02000,0,0.02000,1.929,0.02000,0,0.02000,0,0.02000,0,0.02000,19.29,0.02000,0,0.02000,9.99998,0.02000,0,0.02000,0,0.02000,0,0.02000,12,0.02000,0.66351,0.02000,0,0.02000,0.50968,0.02000,0,0.02000,0.577488,0.02000,1.98115,0.02000,1.98115,0.02000,1.99022,0.02000,1.929,0.02000,1.929,0.02000,1.90531
0.03000,1.97545,0.03000,0,0.03000,0,0.03000,0,0.03000,19.7544,0.03000,0,0.03000,1.90853,0.03000,0,0.03000,0,0.03000,0,0.03000,19.0852,0.03000,0,0.03000,9.99998,0.03000,0,0.03000,0,0.03000,0,0.03000,12,0.03000,0.66351,0.03000,0,0.03000,0.50968,0.03000,0,0.03000,0.577488,0.03000,1.97545,0.03000,1.97545,0.03000,1.99022,0.03000,1.90853,0.03000,1.90853,0.03000,1.90531
0.04000,1.97031,0.04000,0,0.04000,0,0.04000,0,0.04000,19.7031,0.04000,0,0.04000,1.89035,0.04000,0,0.04000,0,0.04000,0,0.04000,18.9035,0.04000,0,0.04000,9.99998,0.04000,0,0.04000,0,0.04000,0,0.04000,12,0.04000,0.66351,0.04000,0,0.04000,0.50968,0.04000,0,0.04000,0.577488,0.04000,1.97031,0.04000,1.97031,0.04000,1.99022,0.04000,1.89035,0.04000,1.89035,0.04000,1.90531
0.05000,1.96519,0.05000,0,0.05000,0,0.05000,0,0.05000,19.6519,0.05000,0,0.05000,1.87271,0.05000,0,0.05000,0,0.05000,0,0.05000,18.7271,0.05000,0,0.05000,9.99998,0.05000,0,0.05000,0,0.05000,0,0.05000,12,0.05000,0.66351,0.05000,0,0.05000,0.50968,0.05000,0,0.05000,0.577488,0.05000,1.96519,0.05000,1.96519,0.05000,1.98629,0.05000,1.87271,0.05000,1.87271,0.05000,1.89653
0.06000,1.96006,0.06000,0,0.06000,0,0.06000,0,0.06000,19.6006,0.06000,0,0.06000,1.85519,0.06000,0,0.06000,0,0.06000,0,0.06000,18.5519,0.06000,0,0.06000,9.99998,0.06000,0,0.06000,0,0.06000,0,0.06000,12,0.06000,0.66351,0.06000,0,0.06000,0.50968,0.06000,0,0.06000,0.577488,0.06000,1.96006,0.06000,1.96006,0.06000,1.98138,0.06000,1.85519,0.06000,1.85519,0.06000,1.88556
0.07000,1.95494,0.07000,0,0.07000,0,0.07000,0,0.07000,19.5494,0.07000,0,0.07000,1.83818,0.07000,0,0.07000,0,0.07000,0,0.07000,18.3818,0.07000,0,0.07000,9.99998,0.07000,0,0.07000,0,0.07000,0,0.07000,12,0.07000,0.66351,0.07000,0,0.07000,0.50968,0.07000,0,0.07000,0.577488,0.07000,1.95494,0.07000,1.95494,0.07000,1.97254,0.07000,1.83818,0.07000,1.83818,0.07000,1.86581
0.08000,1.94954,0.08000,0,0.08000,0,0.08000,0,0.08000,19.4982,0.08000,0,0.08000,1.82109,0.08000,0,0.08000,0,0.08000,0,0.08000,18.2136,0.08000,0,0.08000,10.0015,0.08000,0,0.08000,0.0833333,0.08000,0.0833333,0.08000,12,0.08000,0.66351,0.08000,0,0.08000,0.50968,0.08000,0,0.08000,0.577488,0.08000,1.94954,0.08000,1.94954,0.08000,1.9637,0.08000,1.82109,0.08000,1.82109,0.08000,1.84606
0.09000,1.94356,0.09000,0,0.09000,0,0.09000,0,0.09000,19.447,0.09000,0,0.09000,1.80384,0.09000,0,0.09000,0,0.09000,0,0.09000,18.049,0.09000,0,0.09000,10.0059,0.09000,0,0.09000,0.333333,0.09000,0.333333,0.09000,12,0.09000,0.66351,0.09000,0,0.09000,0.50968,0.09000,0,0.09000,0.577488,0.09000,1.94356,0.09000,1.94356,0.09000,1.95486,0.09000,1.80384,0.09000,1.80384,0.09000,1.82631
0.10000,1.93699,0.10000,0,0.10000,0,0.10000,0,0.10000,19.3959,0.10000,0,0.10000,1.78636,0.10000,0,0.10000,0,0.10000,0,0.10000,17.8875,0.10000,0,0.10000,10.0134,0.10000,0,0.10000,0.618056,0.10000,0.618056,0.10000,12,0.10000,0.66351,0.10000,0,0.10000,0.50968,0.10000,0,0.10000,0.577488,0.10000,1.93699,0.10000,1.93699,0.10000,1.94602,0.10000,1.78636,0.10000,1.78636,0.10000,1.80656
0.11000,1.92994,0.11000,0,0.11000,0,0.11000,0,0.11000,19.3447,0.11000,0,0.11000,1.76869,0.11000,0,0.11000,0,0.11000,0,0.11000,17.7283,0.11000,0,0.11000,10.0234,0.11000,0,0.11000,0.930556,0.11000,0.930556,0.11000,12,0.11000,0.66351,0.11000,0,0.11000,0.50968,0.11000,0,0.11000,0.577488,0.11000,1.92994,0.11000,1.92994,0.11000,1.93718,0.11000,1.76869,0.11000,1.76869,0.11000,1.78681
0.12000,1.92292,0.12000,0,0.12000,0,0.12000,0,0.12000,19.2935,0.12000,0,0.12000,1.75147,0.12000,0,0.12000,0,0.12000,0,0.12000,17.5732,0.12000,0,0.12000,10.0334,0.12000,0,0.12000,1,0.12000,1,0.12000,12,0.12000,0.66351,0.12000,0,0.12000,0.50968,0.12000,0,0.12000,0.577488,0.12000,1.92292,0.12000,1.92292,0.12000,1.92813,0.12000,1.75147,0.12000,1.75147,0.12000,1.7718
0.13000,1.9159,0.13000,0,0.13000,0,0.13000,0,0.13000,19.2423,0.13000,0,0.13000,1.73438,0.13000,0,0.13000,0,0.13000,0,0.13000,17.4192,0.13000,0,0.13000,10.0434,0.13000,0,0.13000,1,0.13000,1,0.13000,12,0.13000,0.66351,0.13000,0,0.13000,0.50968,0.13000,0,0.13000,0.577488,0.13000,1.9159,0.13000,1.9159,0.13000,1.91901,0.13000,1.73438,0.13000,1.73438,0.13000,1.75815
0.14000,1.90891,0.14000,0,0.14000,0,0.14000,0,0.14000,19.191,0.14000,0,0.14000,1.71784,0.14000,0,0.14000,0,0.14000,0,0.14000,17.2701,0.14000,0,0.14000,10.0534,0.14000,0,0.14000,1,0.14000,1,0.14000,12,0.14000,0.66351,0.14000,0,0.14000,0.50968,0.14000,0,0.14000,0.577488,0.14000,1.90891,0.14000,1.90891,0.14000,1.90989,0.14000,1.71784,0.14000,1.71784,0.14000,1.74465
0.15000,1.90192,0.15000,0,0.15000,0,0.15000,0,0.15000,19.1398,0.15000,0,0.15000,1.70142,0.15000,0,0.15000,0,0.15000,0,0.15000,17.1221,0.15000,0,0.15000,10.0634,0.15000,0,0.15000,1,0.15000,1,0.15000,12,0.15000,0.66351,0.15000,0,0.15000,0.50968,0.15000,0,0.15000,0.577488,0.15000,1.90192,0.15000,1.90192,0.15000,1.90077,0.15000,1.70142,0.15000,1.70142,0.15000,1.73115
0.16000,1.89495,0.16000,0,0.16000,0,0.16000,0,0.16000,19.0886,0.16000,0,0.16000,1.6854,0.16000,0,0.16000,0,0.16000,0,0.16000,16.9777,0.16000,0,0.16000,10.0734,0.16000,0,0.16000,1,0.16000,1,0.16000,12,0.16000,0.66351,0.16000,0,0.16000,0.50968,0.16000,0,0.16000,0.577488,0.16000,1.89495,0.16000,1.89495,0.16000,1.89165,0.16000,1.6854,0.16000,1.6854,0.16000,1.71765
0.17000,1.88799,0.17000,0,0.17000,0,0.17000,0,0.17000,19.0374,0.17000,0,0.17000,1.66961,0.17000,0,0.17000,0,0.17000,0,0.17000,16.8353,0.17000,0,0.17000,10.0834,0.17000,0,0.17000,1,0.17000,1,0.17000,12,0.17000,0.66351,0.17000,0,0.17000,0.50968,0.17000,0,0.17000,0.577488,0.17000,1.88799,0.17000,1.88799,0.17000,1.88269,0.17000,1.66961,0.17000,1.66961,0.17000,1.70318
0.18000,1.88104,0.18000,0,0.18000,0,0.18000,0,0.18000,18.9861,0.18000,0,0.18000,1.65409,0.18000,0,0.18000,0,0.18000,0,0.18000,16.6954,0.18000,0,0.18000,10.0934,0.18000,0,0.18000,1,0.18000,1,0.18000,12,0.18000,0.66351,0.18000,0,0.18000,0.50968,0.18000,0,0.18000,0.577488,0.18000,1.88104,0.18000,1.88104,0.18000,1.87393,0.18000,1.65409,0.18000,1.65409,0.18000,1.68749
0.19000,1.87424,0.19000,0,0.19000,0,0.19000,0,0.19000,18.9349,0.19000,0,0.19000,1.63901,0.19000,0,0.19000,0,0.19000,0,0.19000,16.5583,0.19000,0,0.19000,10.1027,0.19000,0,0.19000,0.958333,0.19000,0.958333,0.19000,12,0.19000,0.66351,0.19000,0,0.19000,0.50968,0.19000,0,0.19000,0.577488,0.19000,1.87424,0.19000,1.87424,0.19000,1.86548,0.19000,1.63901,0.19000,1.63901,0.19000,1.67002
0.20000,1.86752,0.20000,0,0.20000,0,0.20000,0,0.20000,18.8836,0.20000,0,0.20000,1.62414,0.20000,0,0.20000,0,0.20000,0,0.20000,16.4226,0.20000,0,0.20000,10.1116,0.20000,0,0.20000,0.895833,0.20000,0.895833,0.20000,12,0.20000,0.66351,0.20000,0,0.20000,0.50968,0.20000,0,0.20000,0.577488,0.20000,1.86752,0.20000,1.86752,0.20000,1.85717,0.20000,1.62414,0.20000,1.62414,0.20000,1.65167
0.21000,1.86228,0.21000,0,0.21000,0,0.21000,0,0.21000,18.8324,0.21000,0,0.21000,1.6109,0.21000,0,0.21000,0,0.21000,0,0.21000,16.2904,0.21000,0,0.21000,10.1126,0.21000,0,0.21000,0.444444,0.21000,0.444444,0.21000,12,0.21000,0.66351,0.21000,0,0.21000,0.50968,0.21000,0,0.21000,0.577488,0.21000,1.86228,0.21000,1.86228,0.21000,1.84886,0.21000,1.6109,0.21000,1.6109,0.21000,1.63331
0.22000,1.85722,0.22000,0,0.22000,0,0.22000,0,0.22000,18.7813,0.22000,0,0.22000,1.5979,0.22000,0,0.22000,0,0.22000,0,0.22000,16.1589,0.22000,0,0.22000,10.1126,0.22000,0,0.22000,0,0.22000,0,0.22000,12,0.22000,0.66351,0.22000,0,0.22000,0.50968,0.22000,0,0.22000,0.577488,0.22000,1.85722,0.22000,1.85722,0.22000,1.84055,0.22000,1.5979,0.22000,1.5979,0.22000,1.61495
0.23000,1.85216,0.23000,0,0.23000,0,0.23000,0,0.23000,18.7301,0.23000,0,0.23000,1.58523,0.23000,0,0.23000,0,0.23000,0,0.23000,16.0308,0.23000,0,0.23000,10.1126,0.23000,0,0.23000,0,0.23000,0,0.23000,12,0.23000,0.66351,0.23000,0,0.23000,0.50968,0.23000,0,0.23000,0.577488,0.23000,1.85216,0.23000,1.85216,0.23000,1.83225,0.23000,1.58523,0.23000,1.58523,0.23000,1.5966
0.24000,1.84711,0.24000,0,0.24000,0,0.24000,0,0.24000,18.679,0.24000,0,0.24000,1.57268,0.24000,0,0.24000,0,0.24000,0,0.24000,15.9038,0.24000,0,0.24000,10.1126,0.24000,0,0.24000,0,0.24000,0,0.24000,12,0.24000,0.66351,0.24000,0,0.24000,0.50968,0.24000,0,0.24000,0.577488,0.24000,1.84711,0.24000,1.84711,0.24000,1.82694,0.24000,1.57268,0.24000,1.57268,0.24000,1.58029
0.25000,1.84206,0.25000,0,0.25000,0,0.25000,0,0.25000,18.628,0.25000,0,0.25000,1.56035,0.25000,0,0.25000,0,0.25000,0,0.25000,15.7792,0.25000,0,0.25000,10.1126,0.25000,0,0.25000,0,0.25000,0,0.25000,12,0.25000,0.66351,0.25000,0,0.25000,0.50968,0.25000,0,0.25000,0.577488,0.25000,1.84206,0.25000,1.84206,0.25000,1.82765,0.25000,1.56035,0.25000,1.56035,0.25000,1.56809
0.26000,1.83701,0.26000,0,0.26000,0,0.26000,0,0.26000,18.5769,0.26000,0,0.26000,1.54822,0.26000,0,0.26000,0,0.26000,0,0.26000,15.6565,0.26000,0,0.26000,10.1126,0.26000,0,0.26000,0,0.26000,0,0.26000,12,0.26000,0.66351,0.26000,0,0.26000,0.50968,0.26000,0,0.26000,0.577488,0.26000,1.83701,0.26000,1.83701,0.26000,1.82875,0.26000,1.54822,0.26000,1.54822,0.26000,1.55616
0.27000,1.83197,0.27000,0,0.27000,0,0.27000,0,0.27000,18.5259,0.27000,0,0.27000,1.53623,0.27000,0,0.27000,0,0.27000,0,0.27000,15.5353,0.27000,0,0.27000,10.1126,0.27000,0,0.27000,0,0.27000,0,0.27000,12,0.27000,0.66351,0.27000,0,0.27000,0.50968,0.27000,0,0.27000,0.577488,0.27000,1.83197,0.27000,1.83197,0.27000,1.83017,0.27000,1.53623,0.27000,1.53623,0.27000,1.54444
0.28000,1.82693,0.28000,0,0.28000,0,0.28000,0,0.28000,18.4749,0.28000,0,0.28000,1.5245,0.28000,0,0.28000,0,0.28000,0,0.28000,15.4166,0.28000,0,0.28000,10.1126,0.28000,0,0.28000,0,0.28000,0,0.28000,12,0.28000,0.66351,0.28000,0,0.28000,0.50968,0.28000,0,0.28000,0.577488,0.28000,1.82693,0.28000,1.82693,0.28000,1.8316,0.28000,1.5245,0.28000,1.5245,0.28000,1.53273
0.29000,1.82189,0.29000,0,0.29000,0,0.29000,0,0.29000,18.424,0.29000,0,0.29000,1.51283,0.29000,0,0.29000,0,0.29000,0,0.29000,15.2986,0.29000,0,0.29000,10.1126,0.29000,0,0.29000,0,0.29000,0,0.29000,12,0.29000,0.66351,0.29000,0,0.29000,0.50968,0.29000,0,0.29000,0.577488,0.29000,1.82189,0.29000,1.82189,0.29000,1.83302,0.29000,1.51283,0.29000,1.51283,0.29000,1.52101
0.30000,1.81686,0.30000,0,0.30000,0,0.30000,0,0.30000,18.3731,0.30000,0,0.30000,1.50148,0.30000,0,0.30000,0,0.30000,0,0.30000,15.1838,0.30000,0,0.30000,10.1126,0.30000,0,0.30000,0,0.30000,0,0.30000,12,0.30000,0.66351,0.30000,0,0.30000,0.50968,0.30000,0,0.30000,0.577488,0.30000,1.81686,0.30000,1.81686,0.30000,1.82903,0.30000,1.50148,0.30000,1.50148,0.30000,1.50594
0.31000,1.81183,0.31000,0,0.31000,0,0.31000,0,0.31000,18.3222,0.31000,0,0.31000,1.49019,0.31000,0,0.31000,0,0.31000,0,0.31000,15.0696,0.31000,0,0.31000,10.1126,0.31000,0,0.31000,0,0.31000,0,0.31000,12,0.31000,0.66351,0.31000,0,0.31000,0.50968,0.31000,0,0.31000,0.577488,0.31000,1.81183,0.31000,1.81183,0.31000,1.82326,0.31000,1.49019,0.31000,1.49019,0.31000,1.48975
0.32000,1.8068,0.32000,0,0.32000,0,0.32000,0,0.32000,18.2714,0.32000,0,0.32000,1.47913,0.32000,0,0.32000,0,0.32000,0,0.32000,14.9578,0.32000,0,0.32000,10.1126,0.32000,0,0.32000,0,0.32000,0,0.32000,12,0.32000,0.66351,0.32000,0,0.32000,0.50968,0.32000,0,0.32000,0.577488,0.32000,1.8068,0.32000,1.8068,0.32000,1.81124,0.32000,1.47913,0.32000,1.47913,0.32000,1.46966
0.33000,1.80178,0.33000,0,0.33000,0,0.33000,0,0.33000,18.2206,0.33000,0,0.33000,1.4682,0.33000,0,0.33000,0,0.33000,0,0.33000,14.8473,0.33000,0,0.33000,10.1126,0.33000,0,0.33000,0,0.33000,0,0.33000,12,0.33000,0.66351,0.33000,0,0.33000,0.50968,0.33000,0,0.33000,0.577488,0.33000,1.80178,0.33000,1.80178,0.33000,1.79921,0.33000,1.4682,0.33000,1.4682,0.33000,1.44957
0.34000,1.79676,0.34000,0,0.34000,0,0.34000,0,0.34000,18.1698,0.34000,0,0.34000,1.45742,0.34000,0,0.34000,0,0.34000,0,0.34000,14.7383,0.34000,0,0.34000,10.1126,0.34000,0,0.34000,0,0.34000,0,0.34000,12,0.34000,0.66351,0.34000,0,0.34000,0.50968,0.34000,0,0.34000,0.577488,0.34000,1.79676,0.34000,1.79676,0.34000,1.78718,0.34000,1.45742,0.34000,1.45742,0.34000,1.42949
0.35000,1.79174,0.35000,0,0.35000,0,0.35000,0,0.35000,18.1191,0.35000,0,0.35000,1.44683,0.35000,0,0.35000,0,0.35000,0,0.35000,14.6312,0.35000,0,0.35000,10.1126,0.35000,0,0.35000,0,0.35000,0,0.35000,12,0.35000,0.66351,0.35000,0,0.35000,0.50968,0.35000,0,0.35000,0.577488,0.35000,1.79174,0.35000,1.79174,0.35000,1.77515,0.35000,1.44683,0.35000,1.44683,0.35000,1.4094
0.36000,1.78673,0.36000,0,0.36000,0,0.36000,0,0.36000,18.0684,0.36000,0,0.36000,1.43634,0.36000,0,0.36000,0,0.36000,0,0.36000,14.5251,0.36000,0,0.36000,10.1126,0.36000,0,0.36000,0,0.36000,0,0.36000,12,0.36000,0.66351,0.36000,0,0.36000,0.50968,0.36000,0,0.36000,0.577488,0.36000,1.78673,0.36000,1.78673,0.36000,1.76313,0.36000,1.43634,0.36000,1.43634,0.36000,1.38932
0.37000,1.78172,0.37000,0,0.37000,0,0.37000,0,0.37000,18.0178,0.37000,0,0.37000,1.42607,0.37000,0,0.37000,0,0.37000,0,0.37000,14.4213,0.37000,0,0.37000,10.1126,0.37000,0,0.37000,0,0.37000,0,0.37000,12,0.37000,0.66351,0.37000,0,0.37000,0.50968,0.37000,0,0.37000,0.577488,0.37000,1.78172,0.37000,1.78172,0.37000,1.76476,0.37000,1.42607,0.37000,1.42607,0.37000,1.37676
0.38000,1.77671,0.38000,0,0.38000,0,0.38000,0,0.38000,17.9671,0.38000,0,0.38000,1.41587,0.38000,0,0.38000,0,0.38000,0,0.38000,14.3181,0.38000,0,0.38000,10.1126,0.38000,0,0.38000,0,0.38000,0,0.38000,12,0.38000,0.66351,0.38000,0,0.38000,0.50968,0.38000,0,0.38000,0.577488,0.38000,1.77671,0.38000,1.77671,0.38000,1.76835,0.38000,1.41587,0.38000,1.41587,0.38000,1.36526
0.39000,1.77171,0.39000,0,0.39000,0,0.39000,0,0.39000,17.9165,0.39000,0,0.39000,1.40589,0.39000,0,0.39000,0,0.39000,0,0.39000,14.2172,0.39000,0,0.39000,10.1126,0.39000,0,0.39000,0,0.39000,0,0.39000,12,0.39000,0.66351,0.39000,0,0.39000,0.50968,0.39000,0,0.39000,0.577488,0.39000,1.77171,0.39000,1.77171,0.39000,1.77384,0.39000,1.40589,0.39000,1.40589,0.39000,1.35482
0.40000,1.76671,0.40000,0,0.40000,0,0.40000,0,0.40000,17.866,0.40000,0,0.40000,1.39599,0.40000,0,0.40000,0,0.40000,0,0.40000,14.1171,0.40000,0,0.40000,10.1126,0.40000,0,0.40000,0,0.40000,0,0.40000,12,0.40000,0.66351,0.40000,0,0.40000,0.50968,0.40000,0,0.40000,0.577488,0.40000,1.76671,0.40000,1.76671,0.40000,1.77933,0.40000,1.39599,0.40000,1.39599,0.40000,1.34438
0.41000,1.76171,0.41000,0,0.41000,0,0.41000,0,0.41000,17.8155,0.41000,0,0.41000,1.38626,0.41000,0,0.41000,0,0.41000,0,0.41000,14.0187,0.41000,0,0.41000,10.1126,0.41000,0,0.41000,0,0.41000,0,0.41000,12,0.41000,0.66351,0.41000,0,0.41000,0.50968,0.41000,0,0.41000,0.577488,0.41000,1.76171,0.41000,1.76171,0.41000,1.78483,0.41000,1.38626,0.41000,1.38626,0.41000,1.33394
0.42000,1.75672,0.42000,0,0.42000,0,0.42000,0,0.42000,17.765,0.42000,0,0.42000,1.37666,0.42000,0,0.42000,0,0.42000,0,0.42000,13.9215,0.42000,0,0.42000,10.1126,0.42000,0,0.42000,0,0.42000,0,0.42000,12,0.42000,0.66351,0.42000,0,0.42000,0.50968,0.42000,0,0.42000,0.577488,0.42000,1.75672,0.42000,1.75672,0.42000,1.78695,0.42000,1.37666,0.42000,1.37666,0.42000,1.32608
0.43000,1.75173,0.43000,0,0.43000,0,0.43000,0,0.43000,17.7145,0.43000,0,0.43000,1.36716,0.43000,0,0.43000,0,0.43000,0,0.43000,13.8255,0.43000,0,0.43000,10.1126,0.43000,0,0.43000,0,0.43000,0,0.43000,12,0.43000,0.66351,0.43000,0,0.43000,0.50968,0.43000,0,0.43000,0.577488,0.43000,1.75173,0.43000,1.75173,0.43000,1.78637,0.43000,1.36716,0.43000,1.36716,0.43000,1.32028
0.44000,1.74675,0.44000,0,0.44000,0,0.44000,0,0.44000,17.6641,0.44000,0,0.44000,1.35784,0.44000,0,0.44000,0,0.44000,0,0.44000,13.7313,0.44000,0,0.44000,10.1126,0.44000,0,0.44000,0,0.44000,0,0.44000,12,0.44000,0.66351,0.44000,0,0.44000,0.50968,0.44000,0,0.44000,0.577488,0.44000,1.74675,0.44000,1.74675,0.44000,1.77714,0.44000,1.35784,0.44000,1.35784,0.44000,1.32111
0.45000,1.74176,0.45000,0,0.45000,0,0.45000,0,0.45000,17.6137,0.45000,0,0.45000,1.34857,0.45000,0,0.45000,0,0.45000,0,0.45000,13.6375,0.45000,0,0.45000,10.1126,0.45000,0,0.45000,0,0.45000,0,0.45000,12,0.45000,0.66351,0.45000,0,0.45000,0.50968,0.45000,0,0.45000,0.577488,0.45000,1.74176,0.45000,1.74176,0.45000,1.76543,0.45000,1.34857,0.45000,1.34857,0.45000,1.32382
0.46000,1.73679,0.46000,0,0.46000,0,0.46000,0,0.46000,17.5634,0.46000,0,0.46000,1.33952,0.46000,0,0.46000,0,0.46000,0,0.46000,13.546,0.46000,0,0.46000,10.1126,0.46000,0,0.46000,0,0.46000,0,0.46000,12,0.46000,0.66351,0.46000,0,0.46000,0.50968,0.46000,0,0.46000,0.577488,0.46000,1.73679,0.46000,1.73679,0.46000,1.75373,0.46000,1.33952,0.46000,1.33952,0.46000,1.32653
0.47000,1.73181,0.47000,0,0.47000,0,0.47000,0,0.47000,17.5131,0.47000,0,0.47000,1.33052,0.47000,0,0.47000,0,0.47000,0,0.47000,13.455,0.47000,0,0.47000,10.1126,0.47000,0,0.47000,0,0.47000,0,0.47000,12,0.47000,0.66351,0.47000,0,0.47000,0.50968,0.47000,0,0.47000,0.577488,0.47000,1.73181,0.47000,1.73181,0.47000,1.74202,0.47000,1.33052,0.47000,1.33052,0.47000,1.32924
0.48000,1.72684,0.48000,0,0.48000,0,0.48000,0,0.48000,17.4628,0.48000,0,0.48000,1.32168,0.48000,0,0.48000,0,0.48000,0,0.48000,13.3656,0.48000,0,0.48000,10.1126,0.48000,0,0.48000,0,0.48000,0,0.48000,12,0.48000,0.66351,0.48000,0,0.48000,0.50968,0.48000,0,0.48000,0.577488,0.48000,1.72684,0.48000,1.72684,0.48000,1.73032,0.48000,1.32168,0.48000,1.32168,0.48000,1.33196
0.49000,1.71878,0.49000,0,0.49000,0,0.49000,0,0.49000,17.3813,0.49000,0,0.49000,1.31293,0.49000,0,0.49000,0,0.49000,0,0.49000,13.2772,0.49000,0,0.49000,10.1126,0.49000,0,0.49000,0,0.49000,0,0.49000,16.5,0.49000,0.896837,0.49000,0,0.49000,0.50968,0.49000,0,0.49000,0.577488,0.49000,1.71878,0.49000,1.71878,0.49000,1.71857,0.49000,1.31293,0.49000,1.31293,0.49000,1.32572
0.50000,1.70686,0.50000,0,0.50000,0,0.50000,0,0.50000,17.2607,0.50000,0,0.50000,1.3043,0.50000,0,0.50000,0,0.50000,0,0.50000,13.1899,0.50000,0,0.50000,10.1126,0.50000,0,0.50000,0,0.50000,0,0.50000,26.625,0.50000,1.42182,0.50000,0,0.50000,0.50968,0.50000,0,0.50000,0.577488,0.50000,1.70686,0.50000,1.70686,0.50000,1.70677,0.50000,1.3043,0.50000,1.3043,0.50000,1.3083
0.51000,1.69496,0.51000,0,0.51000,0,0.51000,0,0.51000,17.1404,0.51000,0,0.51000,1.2958,0.51000,0,0.51000,0,0.51000,0,0.51000,13.1039,0.51000,0,0.51000,10.1126,0.51000,0,0.51000,0,0.51000,0,0.51000,30,0.51000,1.59682,0.51000,0,0.51000,0.50968,0.51000,0,0.51000,0.577488,0.51000,1.69496,0.51000,1.69496,0.51000,1.69496,0.51000,1.2958,0.51000,1.2958,0.51000,1.28809
0.52000,1.68307,0.52000,0,0.52000,0,0.52000,0,0.52000,17.0202,0.52000,0,0.52000,1.28737,0.52000,0,0.52000,0,0.52000,0,0.52000,13.0186,0.52000,0,0.52000,10.1126,0.52000,0,0.52000,0,0.52000,0,0.52000,30,0.52000,1.59682,0.52000,0,0.52000,0.50968,0.52000,0,0.52000,0.577488,0.52000,1.68307,0.52000,1.68307,0.52000,1.68314,0.52000,1.28737,0.52000,1.28737,0.52000,1.26649
0.53000,1.67122,0.53000,0,0.53000,0,0.53000,0,0.53000,16.9003,0.53000,0,0.53000,1.2791,0.53000,0,0.53000,0,0.53000,0,0.53000,12.935,0.53000,0,0.53000,10.1126,0.53000,0,0.53000,0,0.53000,0,0.53000,30,0.53000,1.59682,0.53000,0,0.53000,0.50968,0.53000,0,0.53000,0.577488,0.53000,1.67122,0.53000,1.67122,0.53000,1.67133,0.53000,1.2791,0.53000,1.2791,0.53000,1.2449
0.54000,1.65938,0.54000,0,0.54000,0,0.54000,0,0.54000,16.7806,0.54000,0,0.54000,1.27088,0.54000,0,0.54000,0,0.54000,0,0.54000,12.8519,0.54000,0,0.54000,10.1126,0.54000,0,0.54000,0,0.54000,0,0.54000,30,0.54000,1.59682,0.54000,0,0.54000,0.50968,0.54000,0,0.54000,0.577488,0.54000,1.65938,0.54000,1.65938,0.54000,1.65952,0.54000,1.27088,0.54000,1.27088,0.54000,1.22428
0.55000,1.64757,0.55000,0,0.55000,0,0.55000,0,0.55000,16.6611,0.55000,0,0.55000,1.26282,0.55000,0,0.55000,0,0.55000,0,0.55000,12.7704,0.55000,0,0.55000,10.1126,0.55000,0,0.55000,0,0.55000,0,0.55000,30,0.55000,1.59682,0.55000,0,0.55000,0.50968,0.55000,0,0.55000,0.577488,0.55000,1.64757,0.55000,1.64757,0.55000,1.64783,0.55000,1.26282,0.55000,1.26282,0.55000,1.21147
0.56000,1.63577,0.56000,0,0.56000,0,0.56000,0,0.56000,16.5419,0.56000,0,0.56000,1.25482,0.56000,0,0.56000,0,0.56000,0,0.56000,12.6895,0.56000,0,0.56000,10.1126,0.56000,0,0.56000,0,0.56000,0,0.56000,30,0.56000,1.59682,0.56000,0,0.56000,0.50968,0.56000,0,0.56000,0.577488,0.56000,1.63577,0.56000,1.63577,0.56000,1.63623,0.56000,1.25482,0.56000,1.25482,0.56000,1.20539
0.57000,1.624,0.57000,0,0.57000,0,0.57000,0,0.57000,16.4228,0.57000,0,0.57000,1.24694,0.57000,0,0.57000,0,0.57000,0,0.57000,12.6098,0.57000,0,0.57000,10.1126,0.57000,0,0.57000,0,0.57000,0,0.57000,30,0.57000,1.59682,0.57000,0,0.57000,0.50968,0.57000,0,0.57000,0.577488,0.57000,1.624,0.57000,1.624,0.57000,1.62481,0.57000,1.24694,0.57000,1.24694,0.57000,1.21274
0.58000,1.61225,0.58000,0,0.58000,0,0.58000,0,0.58000,16.304,0.58000,0,0.58000,1.23916,0.58000,0,0.58000,0,0.58000,0,0.58000,12.5311,0.58000,0,0.58000,10.1126,0.58000,0,0.58000,0,0.58000,0,0.58000,30,0.58000,1.59682,0.58000,0,0.58000,0.50968,0.58000,0,0.58000,0.577488,0.58000,1.61225,0.58000,1.61225,0.58000,1.61339,0.58000,1.23916,0.58000,1.23916,0.58000,1.22009
0.59000,1.60052,0.59000,0,0.59000,0,0.59000,0,0.59000,16.1854,0.59000,0,0.59000,1.23145,0.59000,0,0.59000,0,0.59000,0,0.59000,12.4531,0.59000,0,0.59000,10.1126,0.59000,0,0.59000,0,0.59000,0,0.59000,30,0.59000,1.59682,0.59000,0,0.59000,0.50968,0.59000,0,0.59000,0.577488,0.59000,1.60052,0.59000,1.60052,0.59000,1.60198,0.59000,1.23145,0.59000,1.23145,0.59000,1.22744
0.60000,1.58883,0.60000,0,0.60000,0,0.60000,0,0.60000,16.0671,0.60000,0,0.60000,1.22387,0.60000,0,0.60000,0,0.60000,0,0.60000,12.3765,0.60000,0,0.60000,10.1126,0.60000,0,0.60000,0,0.60000,0,0.60000,30,0.60000,1.59682,0.60000,0,0.60000,0.50968,0.60000,0,0.60000,0.577488,0.60000,1.58883,0.60000,1.58883,0.60000,1.59056,0.60000,1.22387,0.60000,1.22387,0.60000,1.2348
0.61000,1.57714,0.61000,0,0.61000,0,0.61000,0,0.61000,15.9489,0.61000,0,0.61000,1.21633,0.61000,0,0.61000,0,0.61000,0,0.61000,12.3002,0.61000,0,0.61000,10.1126,0.61000,0,0.61000,0,0.61000,0,0.61000,30,0.61000,1.59682,0.61000,0,0.61000,0.50968,0.61000,0,0.61000,0.577488,0.61000,1.57714,0.61000,1.57714,0.61000,1.57915,0.61000,1.21633,0.61000,1.21633,0.61000,1.24215
0.62000,1.56549,0.62000,0,0.62000,0,0.62000,0,0.62000,15.8312,0.62000,0,0.62000,1.20895,0.62000,0,0.62000,0,0.62000,0,0.62000,12.2256,0.62000,0,0.62000,10.1126,0.62000,0,0.62000,0,0.62000,0,0.62000,30,0.62000,1.59682,0.62000,0,0.62000,0.50968,0.62000,0,0.62000,0.577488,0.62000,1.56549,0.62000,1.56549,0.62000,1.5658,0.62000,1.20895,0.62000,1.20895,0.62000,1.23342
0.63000,1.55385,0.63000,0,0.63000,0,0.63000,0,0.63000,15.7135,0.63000,0,0.63000,1.20161,0.63000,0,0.63000,0,0.63000,0,0.63000,12.1514,0.63000,0,0.63000,10.1126,0.63000,0,0.63000,0,0.63000,0,0.63000,30,0.63000,1.59682,0.63000,0,0.63000,0.50968,0.63000,0,0.63000,0.577488,0.63000,1.55385,0.63000,1.55385,0.63000,1.55234,0.63000,1.20161,0.63000,1.20161,0.63000,1.22369
0.64000,1.54225,0.64000,0,0.64000,0,0.64000,0,0.64000,15.5961,0.64000,0,0.64000,1.19439,0.64000,0,0.64000,0,0.64000,0,0.64000,12.0783,0.64000,0,0.64000,10.1126,0.64000,0,0.64000,0,0.64000,0,0.64000,30,0.64000,1.59682,0.64000,0,0.64000,0.50968,0.64000,0,0.64000,0.577488,0.64000,1.54225,0.64000,1.54225,0.64000,1.53845,0.64000,1.19439,0.64000,1.19439,0.64000,1.21041
0.65000,1.53066,0.65000,0,0.65000,0,0.65000,0,0.65000,15.479,0.65000,0,0.65000,1.18723,0.65000,0,0.65000,0,0.65000,0,0.65000,12.006,0.65000,0,0.65000,10.1126,0.65000,0,0.65000,0,0.65000,0,0.65000,30,0.65000,1.59682,0.65000,0,0.65000,0.50968,0.65000,0,0.65000,0.577488,0.65000,1.53066,0.65000,1.53066,0.65000,1.52456,0.65000,1.18723,0.65000,1.18723,0.65000,1.19714
0.66000,1.5191,0.66000,0,0.66000,0,0.66000,0,0.66000,15.3621,0.66000,0,0.66000,1.18016,0.66000,0,0.66000,0,0.66000,0,0.66000,11.9345,0.66000,0,0.66000,10.1126,0.66000,0,0.66000,0,0.66000,0,0.66000,30,0.66000,1.59682,0.66000,0,0.66000,0.50968,0.66000,0,0.66000,0.577488,0.66000,1.5191,0.66000,1.5191,0.66000,1.51067,0.66000,1.18016,0.66000,1.18016,0.66000,1.18386
0.67000,1.50757,0.67000,0,0.67000,0,0.67000,0,0.67000,15.2454,0.67000,0,0.67000,1.17319,0.67000,0,0.67000,0,0.67000,0,0.67000,11.864,0.67000,0,0.67000,10.1126,0.67000,0,0.67000,0,0.67000,0,0.67000,30,0.67000,1.59682,0.67000,0,0.67000,0.50968,0.67000,0,0.67000,0.577488,0.67000,1.50757,0.67000,1.50757,0.67000,1.49855,0.67000,1.17319,0.67000,1.17319,0.67000,1.17179
0.68000,1.49605,0.68000,0,0.68000,0,0.68000,0,0.68000,15.1289,0.68000,0,0.68000,1.16626,0.68000,0,0.68000,0,0.68000,0,0.68000,11.7939,0.68000,0,0.68000,10.1126,0.68000,0,0.68000,0,0.68000,0,0.68000,30,0.68000,1.59682,0.68000,0,0.68000,0.50968,0.68000,0,0.68000,0.577488,0.68000,1.49605,0.68000,1.49605,0.68000,1.48733,0.68000,1.16626,0.68000,1.16626,0.68000,1.16032
0.69000,1.48457,0.69000,0,0.69000,0,0.69000,0,0.69000,15.0129,0.69000,0,0.69000,1.15947,0.69000,0,0.69000,0,0.69000,0,0.69000,11.7252,0.69000,0,0.69000,10.1126,0.69000,0,0.69000,0,0.69000,0,0.69000,30,0.69000,1.59682,0.69000,0,0.69000,0.50968,0.69000,0,0.69000,0.577488,0.69000,1.48457,0.69000,1.48457,0.69000,1.48302,0.69000,1.15947,0.69000,1.15947,0.69000,1.15354
0.70000,1.4731,0.70000,0,0.70000,0,0.70000,0,0.70000,14.8969,0.70000,0,0.70000,1.1527,0.70000,0,0.70000,0,0.70000,0,0.70000,11.6568,0.70000,0,0.70000,10.1126,0.70000,0,0.70000,0,0.70000,0,0.70000,30,0.70000,1.59682,0.70000,0,0.70000,0.50968,0.70000,0,0.70000,0.577488,0.70000,1.4731,0.70000,1.4731,0.70000,1.47958,0.70000,1.1527,0.70000,1.1527,0.70000,1.14736
0.71000,1.46167,0.71000,0,0.71000,0,0.71000,0,0.71000,14.7813,0.71000,0,0.71000,1.14606,0.71000,0,0.71000,0,0.71000,0,0.71000,11.5896,0.71000,0,0.71000,10.1126,0.71000,0,0.71000,0,0.71000,0,0.71000,30,0.71000,1.59682,0.71000,0,0.71000,0.50968,0.71000,0,0.71000,0.577488,0.71000,1.46167,0.71000,1.46167,0.71000,1.47613,0.71000,1.14606,0.71000,1.14606,0.71000,1.14117
0.72000,1.45026,0.72000,0,0.72000,0,0.72000,0,0.72000,14.6659,0.72000,0,0.72000,1.13946,0.72000,0,0.72000,0,0.72000,0,0.72000,11.5229,0.72000,0,0.72000,10.1126,0.72000,0,0.72000,0,0.72000,0,0.72000,30,0.72000,1.59682,0.72000,0,0.72000,0.50968,0.72000,0,0.72000,0.577488,0.72000,1.45026,0.72000,1.45026,0.72000,1.47269,0.72000,1.13946,0.72000,1.13946,0.72000,1.13499
0.73000,1.43888,0.73000,0,0.73000,0,0.73000,0,0.73000,14.5508,0.73000,0,0.73000,1.13295,0.73000,0,0.73000,0,0.73000,0,0.73000,11.4571,0.73000,0,0.73000,10.1126,0.73000,0,0.73000,0,0.73000,0,0.73000,30,0.73000,1.59682,0.73000,0,0.73000,0.50968,0.73000,0,0.73000,0.577488,0.73000,1.43888,0.73000,1.43888,0.73000,1.46925,0.73000,1.13295,0.73000,1.13295,0.73000,1.1288
0.74000,1.42752,0.74000,0,0.74000,0,0.74000,0,0.74000,14.4359,0.74000,0,0.74000,1.12652,0.74000,0,0.74000,0,0.74000,0,0.74000,11.392,0.74000,0,0.74000,10.1126,0.74000,0,0.74000,0,0.74000,0,0.74000,30,0.74000,1.59682,0.74000,0,0.74000,0.50968,0.74000,0,0.74000,0.577488,0.74000,1.42752,0.74000,1.42752,0.74000,1.46157,0.74000,1.12652,0.74000,1.12652,0.74000,1.12095
0.75000,1.41618,0.75000,0,0.75000,0,0.75000,0,0.75000,14.3213,0.75000,0,0.75000,1.12014,0.75000,0,0.75000,0,0.75000,0,0.75000,11.3275,0.75000,0,0.75000,10.1126,0.75000,0,0.75000,0,0.75000,0,0.75000,30,0.75000,1.59682,0.75000,0,0.75000,0.50968,0.75000,0,0.75000,0.577488,0.75000,1.41618,0.75000,1.41618,0.75000,1.45051,0.75000,1.12014,0.75000,1.12014,0.75000,1.11175
0.76000,1.40488,0.76000,0,0.76000,0,0.76000,0,0.76000,14.207,0.76000,0,0.76000,1.11386,0.76000,0,0.76000,0,0.76000,0,0.76000,11.264,0.76000,0,0.76000,10.1126,0.76000,0,0.76000,0,0.76000,0,0.76000,30,0.76000,1.59682,0.76000,0,0.76000,0.50968,0.76000,0,0.76000,0.577488,0.76000,1.40488,0.76000,1.40488,0.76000,1.43725,0.76000,1.11386,0.76000,1.11386,0.76000,1.1017
0.77000,1.39359,0.77000,0,0.77000,0,0.77000,0,0.77000,14.0928,0.77000,0,0.77000,1.1076,0.77000,0,0.77000,0,0.77000,0,0.77000,11.2007,0.77000,0,0.77000,10.1126,0.77000,0,0.77000,0,0.77000,0,0.77000,30,0.77000,1.59682,0.77000,0,0.77000,0.50968,0.77000,0,0.77000,0.577488,0.77000,1.39359,0.77000,1.39359,0.77000,1.42336,0.77000,1.1076,0.77000,1.1076,0.77000,1.09139
0.78000,1.38235,0.78000,0,0.78000,0,0.78000,0,0.78000,13.9791,0.78000,0,0.78000,1.10147,0.78000,0,0.78000,0,0.78000,0,0.78000,11.1387,0.78000,0,0.78000,10.1126,0.78000,0,0.78000,0,0.78000,0,0.78000,30,0.78000,1.59682,0.78000,0,0.78000,0.50968,0.78000,0,0.78000,0.577488,0.78000,1.38235,0.78000,1.38235,0.78000,1.40948,0.78000,1.10147,0.78000,1.10147,0.78000,1.08109
0.79000,1.37112,0.79000,0,0.79000,0,0.79000,0,0.79000,13.8656,0.79000,0,0.79000,1.09537,0.79000,0,0.79000,0,0.79000,0,0.79000,11.077,0.79000,0,0.79000,10.1126,0.79000,0,0.79000,0,0.79000,0,0.79000,30,0.79000,1.59682,0.79000,0,0.79000,0.50968,0.79000,0,0.79000,0.577488,0.79000,1.37112,0.79000,1.37112,0.79000,1.39603,0.79000,1.09537,0.79000,1.09537,0.79000,1.07114
0.80000,1.35993,0.80000,0,0.80000,0,0.80000,0,0.80000,13.7524,0.80000,0,0.80000,1.08936,0.80000,0,0.80000,0,0.80000,0,0.80000,11.0162,0.80000,0,0.80000,10.1126,0.80000,0,0.80000,0,0.80000,0,0.80000,30,0.80000,1.59682,0.80000,0,0.80000,0.50968,0.80000,0,0.80000,0.577488,0.80000,1.35993,0.80000,1.35993,0.80000,1.38412,0.80000,1.08936,0.80000,1.08936,0.80000,1.06245
0.81000,1.34876,0.81000,0,0.81000,0,0.81000,0,0.81000,13.6394,0.81000,0,0.81000,1.0834,0.81000,0,0.81000,0,0.81000,0,0.81000,10.956,0.81000,0,0.81000,10.1126,0.81000,0,0.81000,0,0.81000,0,0.81000,30,0.81000,1.59682,0.81000,0,0.81000,0.50968,0.81000,0,0.81000,0.577488,0.81000,1.34876,0.81000,1.34876,0.81000,1.37558,0.81000,1.0834,0.81000,1.0834,0.81000,1.05651
0.82000,1.33761,0.82000,0,0.82000,0,0.82000,0,0.82000,13.5267,0.82000,0,0.82000,1.0775,0.82000,0,0.82000,0,0.82000,0,0.82000,10.8963,0.82000,0,0.82000,10.1126,0.82000,0,0.82000,0,0.82000,0,0.82000,30,0.82000,1.59682,0.82000,0,0.82000,0.50968,0.82000,0,0.82000,0.577488,0.82000,1.33761,0.82000,1.33761,0.82000,1.37127,0.82000,1.0775,0.82000,1.0775,0.82000,1.05403
0.83000,1.3265,0.83000,0,0.83000,0,0.83000,0,0.83000,13.4144,0.83000,0,0.83000,1.07168,0.83000,0,0.83000,0,0.83000,0,0.83000,10.8375,0.83000,0,0.83000,10.1126,0.83000,0,0.83000,0,0.83000,0,0.83000,30,0.83000,1.59682,0.83000,0,0.83000,0.50968,0.83000,0,0.83000,0.577488,0.83000,1.3265,0.83000,1.3265,0.83000,1.36695,0.83000,1.07168,0.83000,1.07168,0.83000,1.05154
0.84000,1.31541,0.84000,0,0.84000,0,0.84000,0,0.84000,13.3022,0.84000,0,0.84000,1.0659,0.84000,0,0.84000,0,0.84000,0,0.84000,10.779,0.84000,0,0.84000,10.1126,0.84000,0,0.84000,0,0.84000,0,0.84000,30,0.84000,1.59682,0.84000,0,0.84000,0.50968,0.84000,0,0.84000,0.577488,0.84000,1.31541,0.84000,1.31541,0.84000,1.36264,0.84000,1.0659,0.84000,1.0659,0.84000,1.04906
0.85000,1.30436,0.85000,0,0.85000,0,0.85000,0,0.85000,13.1905,0.85000,0,0.85000,1.06021,0.85000,0,0.85000,0,0.85000,0,0.85000,10.7215,0.85000,0,0.85000,10.1126,0.85000,0,0.85000,0,0.85000,0,0.85000,30,0.85000,1.59682,0.85000,0,0.85000,0.50968,0.85000,0,0.85000,0.577488,0.85000,1.30436,0.85000,1.30436,0.85000,1.35832,0.85000,1.06021,0.85000,1.06021,0.85000,1.04658
0.86000,1.29292,0.86000,0,0.86000,0,0.86000,0,0.86000,13.0748,0.86000,0,0.86000,1.05435,0.86000,0,0.86000,0,0.86000,0,0.86000,10.6622,0.86000,0,0.86000,10.1126,0.86000,0,0.86000,0,0.86000,0,0.86000,30,0.86000,1.59682,0.86000,0,0.86000,0.50968,0.86000,0,0.86000,0.577488,0.86000,1.29292,0.86000,1.29292,0.86000,1.35225,0.86000,1.05435,0.86000,1.05435,0.86000,1.0437
0.87000,1.27829,0.87000,0,0.87000,0,0.87000,0,0.87000,12.9268,0.87000,0,0.87000,1.04697,0.87000,0,0.87000,0,0.87000,0,0.87000,10.5875,0.87000,0,0.87000,10.1126,0.87000,0,0.87000,0,0.87000,0,0.87000,30,0.87000,1.59682,0.87000,0,0.87000,0.50968,0.87000,0,0.87000,0.577488,0.87000,1.27829,0.87000,1.27829,0.87000,1.33214,0.87000,1.04697,0.87000,1.04697,0.87000,1.03771
0.88000,1.2637,0.88000,0,0.88000,0,0.88000,0,0.88000,12.7793,0.88000,0,0.88000,1.03967,0.88000,0,0.88000,0,0.88000,0,0.88000,10.5137,0.88000,0,0.88000,10.1126,0.88000,0,0.88000,0,0.88000,0,0.88000,30,0.88000,1.59682,0.88000,0,0.88000,0.50968,0.88000,0,0.88000,0.577488,0.88000,1.2637,0.88000,1.2637,0.88000,1.30955,0.88000,1.03967,0.88000,1.03967,0.88000,1.03117
0.89000,1.2492,0.89000,0,0.89000,0,0.89000,0,0.89000,12.6326,0.89000,0,0.89000,1.03253,0.89000,0,0.89000,0,0.89000,0,0.89000,10.4415,0.89000,0,0.89000,10.1126,0.89000,0,0.89000,0,0.89000,0,0.89000,30,0.89000,1.59682,0.89000,0,0.89000,0.50968,0.89000,0,0.89000,0.577488,0.89000,1.2492,0.89000,1.2492,0.89000,1.28204,0.89000,1.03253,0.89000,1.03253,0.89000,1.02354
0.90000,1.23469,0.90000,0,0.90000,0,0.90000,0,0.90000,12.4859,0.90000,0,0.90000,1.02538,0.90000,0,0.90000,0,0.90000,0,0.90000,10.3693,0.90000,0,0.90000,10.1126,0.90000,0,0.90000,0,0.90000,0,0.90000,30,0.90000,1.59682,0.90000,0,0.90000,0.50968,0.90000,0,0.90000,0.577488,0.90000,1.23469,0.90000,1.23469,0.90000,1.25452,0.90000,1.02538,0.90000,1.02538,0.90000,1.01591
0.91000,1.22377,0.91000,0,0.91000,0,0.91000,0,0.91000,12.3755,0.91000,0,0.91000,1.02013,0.91000,0,0.91000,0,0.91000,0,0.91000,10.3161,0.91000,0,0.91000,10.1126,0.91000,0,0.91000,0,0.91000,0,0.91000,30,0.91000,1.59682,0.91000,0,0.91000,0.50968,0.91000,0,0.91000,0.577488,0.91000,1.22377,0.91000,1.22377,0.91000,1.23123,0.91000,1.02013,0.91000,1.02013,0.91000,1.00912
0.92000,1.21299,0.92000,0,0.92000,0,0.92000,0,0.92000,12.2665,0.92000,0,0.92000,1.01494,0.92000,0,0.92000,0,0.92000,0,0.92000,10.2637,0.92000,0,0.92000,10.1126,0.92000,0,0.92000,0,0.92000,0,0.92000,30,0.92000,1.59682,0.92000,0,0.92000,0.50968,0.92000,0,0.92000,0.577488,0.92000,1.21299,0.92000,1.21299,0.92000,1.2081,0.92000,1.01494,0.92000,1.01494,0.92000,1.00236
0.93000,1.20221,0.93000,0,0.93000,0,0.93000,0,0.93000,12.1575,0.93000,0,0.93000,1.00975,0.93000,0,0.93000,0,0.93000,0,0.93000,10.2112,0.93000,0,0.93000,10.1126,0.93000,0,0.93000,0,0.93000,0,0.93000,30,0.93000,1.59682,0.93000,0,0.93000,0.50968,0.93000,0,0.93000,0.577488,0.93000,1.20221,0.93000,1.20221,0.93000,1.18497,0.93000,1.00975,0.93000,1.00975,0.93000,0.995605
0.94000,1.19151,0.94000,0,0.94000,0,0.94000,0,0.94000,12.0493,0.94000,0,0.94000,1.0047,0.94000,0,0.94000,0,0.94000,0,0.94000,10.1601,0.94000,0,0.94000,10.1126,0.94000,0,0.94000,0,0.94000,0,0.94000,30,0.94000,1.59682,0.94000,0,0.94000,0.50968,0.94000,0,0.94000,0.577488,0.94000,1.19151,0.94000,1.19151,0.94000,1.18167,0.94000,1.0047,0.94000,1.0047,0.94000,0.992794
0.95000,1.18083,0.95000,0,0.95000,0,0.95000,0,0.95000,11.9413,0.95000,0,0.95000,0.999674,0.95000,0,0.95000,0,0.95000,0,0.95000,10.1093,0.95000,0,0.95000,10.1126,0.95000,0,0.95000,0,0.95000,0,0.95000,30,0.95000,1.59682,0.95000,0,0.95000,0.50968,0.95000,0,0.95000,0.577488,0.95000,1.18083,0.95000,1.18083,0.95000,1.18325,0.95000,0.999674,0.95000,0.999674,0.95000,0.990956
0.96000,1.17015,0.96000,0,0.96000,0,0.96000,0,0.96000,11.8333,0.96000,0,0.96000,0.994649,0.96000,0,0.96000,0,0.96000,0,0.96000,10.0585,0.96000,0,0.96000,10.1126,0.96000,0,0.96000,0,0.96000,0,0.96000,30,0.96000,1.59682,0.96000,0,0.96000,0.50968,0.96000,0,0.96000,0.577488,0.96000,1.17015,0.96000,1.17015,0.96000,1.18483,0.96000,0.994649,0.96000,0.994649,0.96000,0.989118
0.97000,1.15954,0.97000,0,0.97000,0,0.97000,0,0.97000,11.7259,0.97000,0,0.97000,0.989724,0.97000,0,0.97000,0,0.97000,0,0.97000,10.0087,0.97000,0,0.97000,10.1126,0.97000,0,0.97000,0,0.97000,0,0.97000,30,0.97000,1.59682,0.97000,0,0.97000,0.50968,0.97000,0,0.97000,0.577488,0.97000,1.15954,0.97000,1.15954,0.97000,1.18392,0.97000,0.989724,0.97000,0.989724,0.97000,0.986932
0.98000,1.14896,0.98000,0,0.98000,0,0.98000,0,0.98000,11.619,0.98000,0,0.98000,0.984855,0.98000,0,0.98000,0,0.98000,0,0.98000,9.95943,0.98000,0,0.98000,10.1126,0.98000,0,0.98000,0,0.98000,0,0.98000,30,0.98000,1.59682,0.98000,0,0.98000,0.50968,0.98000,0,0.98000,0.577488,0.98000,1.14896,0.98000,1.14896,0.98000,1.18163,0.98000,0.984855,0.98000,0.984855,0.98000,0.984554
0.99000,1.13839,0.99000,0,0.99000,0,0.99000,0,0.99000,11.512,0.99000,0,0.99000,0.979985,0.99000,0,0.99000,0,0.99000,0,0.99000,9.91018,0.99000,0,0.99000,10.1126,0.99000,0,0.99000,0,0.99000,0,0.99000,30,0.99000,1.59682,0.99000,0,0.99000,0.50968,0.99000,0,0.99000,0.577488,0.99000,1.13839,0.99000,1.13839,0.99000,1.17934,0.99000,0.979985,0.99000,0.979985,0.99000,0.982175
1.00000,1.12786,1.00000,0,1.00000,0,1.00000,0,1.00000,11.4056,1.00000,0,1.00000,0.975187,1.00000,0,1.00000,0,1.00000,0,1.00000,9.86166,1.00000,0,1.00000,10.1126,1.00000,0,1.00000,0,1.00000,0,1.00000,30,1.00000,1.59682,1.00000,0,1.00000,0.50968,1.00000,0,1.00000,0.577488,1.00000,1.12786,1.00000,1.12786,1.00000,1.16782,1.00000,0.975187,1.00000,0.975187,1.00000,0.978508
1.01000,1.11739,1.01000,0,1.01000,0,1.01000,0,1.01000,11.2997,1.01000,0,1.01000,0.970465,1.01000,0,1.01000,0,1.01000,0,1.01000,9.8139,1.01000,0,1.01000,10.1126,1.01000,0,1.01000,0,1.01000,0,1.01000,30,1.01000,1.59682,1.01000,0,1.01000,0.50968,1.01000,0,1.01000,0.577488,1.01000,1.11739,1.01000,1.11739,1.01000,1.14637,1.01000,0.970465,1.01000,0.970465,1.01000,0.973454
1.02000,1.10692,1.02000,0,1.02000,0,1.02000,0,1.02000,11.1938,1.02000,0,1.02000,0.965742,1.02000,0,1.02000,0,1.02000,0,1.02000,9.76615,1.02000,0,1.02000,10.1126,1.02000,0,1.02000,0,1.02000,0,1.02000,30,1.02000,1.59682,1.02000,0,1.02000,0.50968,1.02000,0,1.02000,0.577488,1.02000,1.10692,1.02000,1.10692,1.02000,1.12491,1.02000,0.965742,1.02000,0.965742,1.02000,0.968399
1.03000,1.09648,1.03000,0,1.03000,0,1.03000,0,1.03000,11.0883,1.03000,0,1.03000,0.961066,1.03000,0,1.03000,0,1.03000,0,1.03000,9.71886,1.03000,0,1.03000,10.1126,1.03000,0,1.03000,0,1.03000,0,1.03000,30,1.03000,1.59682,1.03000,0,1.03000,0.50968,1.03000,0,1.03000,0.577488,1.03000,1.09648,1.03000,1.09648,1.03000,1.10436,1.03000,0.961066,1.03000,0.961066,1.03000,0.963244
1.04000,1.08612,1.04000,0,1.04000,0,1.04000,0,1.04000,10.9835,1.04000,0,1.04000,0.956485,1.04000,0,1.04000,0,1.04000,0,1.04000,9.67253,1.04000,0,1.04000,10.1126,1.04000,0,1.04000,0,1.04000,0,1.04000,30,1.04000,1.59682,1.04000,0,1.04000,0.50968,1.04000,0,1.04000,0.577488,1.04000,1.08612,1.04000,1.08612,1.04000,1.08573,1.04000,0.956485,1.04000,0.956485,1.04000,0.957875
1.05000,1.07576,1.05000,0,1.05000,0,1.05000,0,1.05000,10.8787,1.05000,0,1.05000,0.951904,1.05000,0,1.05000,0,1.05000,0,1.05000,9.6262,1.05000,0,1.05000,10.1126,1.05000,0,1.05000,0,1.05000,0,1.05000,30,1.05000,1.59682,1.05000,0,1.05000,0.50968,1.05000,0,1.05000,0.577488,1.05000,1.07576,1.05000,1.07576,1.05000,1.06711,1.05000,0.951904,1.05000,0.951904,1.05000,0.952505
1.06000,1.06542,1.06000,0,1.06000,0,1.06000,0,1.06000,10.7741,1.06000,0,1.06000,0.947344,1.06000,0,1.06000,0,1.06000,0,1.06000,9.5801,1.06000,0,1.06000,10.1126,1.06000,0,1.06000,0,1.06000,0,1.06000,30,1.06000,1.59682,1.06000,0,1.06000,0.50968,1.06000,0,1.06000,0.577488,1.06000,1.06542,1.06000,1.06542,1.06000,1.05048,1.06000,0.947344,1.06000,0.947344,1.06000,0.946914
1.07000,1.05517,1.07000,0,1.07000,0,1.07000,0,1.07000,10.6705,1.07000,0,1.07000,0.942898,1.07000,0,1.07000,0,1.07000,0,1.07000,9.53513,1.07000,0,1.07000,10.1126,1.07000,0,1.07000,0,1.07000,0,1.07000,30,1.07000,1.59682,1.07000,0,1.07000,0.50968,1.07000,0,1.07000,0.577488,1.07000,1.05517,1.07000,1.05517,1.07000,1.04428,1.07000,0.942898,1.07000,0.942898,1.07000,0.940162
1.08000,1.04492,1.08000,0,1.08000,0,1.08000,0,1.08000,10.5669,1.08000,0,1.08000,0.938452,1.08000,0,1.08000,0,1.08000,0,1.08000,9.49017,1.08000,0,1.08000,10.1126,1.08000,0,1.08000,0,1.08000,0,1.08000,30,1.08000,1.59682,1.08000,0,1.08000,0.50968,1.08000,0,1.08000,0.577488,1.08000,1.04492,1.08000,1.04492,1.08000,1.03807,1.08000,0.938452,1.08000,0.938452,1.08000,0.93341
1.09000,1.03467,1.09000,0,1.09000,0,1.09000,0,1.09000,10.4632,1.09000,0,1.09000,0.934005,1.09000,0,1.09000,0,1.09000,0,1.09000,9.44521,1.09000,0,1.09000,10.1126,1.09000,0,1.09000,0,1.09000,0,1.09000,30,1.09000,1.59682,1.09000,0,1.09000,0.50968,1.09000,0,1.09000,0.577488,1.09000,1.03467,1.09000,1.03467,1.09000,1.03187,1.09000,0.934005,1.09000,0.934005,1.09000,0.926658
1.10000,1.02454,1.10000,0,1.10000,0,1.10000,0,1.10000,10.3608,1.10000,0,1.10000,0.929688,1.10000,0,1.10000,0,1.10000,0,1.10000,9.40155,1.10000,0,1.10000,10.1126,1.10000,0,1.10000,0,1.10000,0,1.10000,30,1.10000,1.59682,1.10000,0,1.10000,0.50968,1.10000,0,1.10000,0.577488,1.10000,1.02454,1.10000,1.02454,1.10000,1.02265,1.10000,0.929688,1.10000,0.929688,1.10000,0.920895
1.11000,1.01441,1.11000,0,1.11000,0,1.11000,0,1.11000,10.2583,1.11000,0,1.11000,0.925371,1.11000,0,1.11000,0,1.11000,0,1.11000,9.35789,1.11000,0,1.11000,10.1126,1.11000,0,1.11000,0,1.11000,0,1.11000,30,1.11000,1.59682,1.11000,0,1.11000,0.50968,1.11000,0,1.11000,0.577488,1.11000,1.01441,1.11000,1.01441,1.11000,1.01343,1.11000,0.925371,1.11000,0.925371,1.11000,0.915133
1.12000,1.00428,1.12000,0,1.12000,0,1.12000,0,1.12000,10.1558,1.12000,0,1.12000,0.921053,1.12000,0,1.12000,0,1.12000,0,1.12000,9.31423,1.12000,0,1.12000,10.1126,1.12000,0,1.12000,0,1.12000,0,1.12000,30,1.12000,1.59682,1.12000,0,1.12000,0.50968,1.12000,0,1.12000,0.577488,1.12000,1.00428,1.12000,1.00428,1.12000,1.00421,1.12000,0.921053,1.12000,0.921053,1.12000,0.909371
1.13000,0.994246,1.13000,0,1.13000,0,1.13000,0,1.13000,10.0544,1.13000,0,1.13000,0.91684,1.13000,0,1.13000,0,1.13000,0,1.13000,9.27162,1.13000,0,1.13000,10.1126,1.13000,0,1.13000,0,1.13000,0,1.13000,30,1.13000,1.59682,1.13000,0,1.13000,0.50968,1.13000,0,1.13000,0.577488,1.13000,0.994246,1.13000,0.994246,1.13000,0.985036,1.13000,0.91684,1.13000,0.91684,1.13000,0.906871
1.14000,0.984233,1.14000,0,1.14000,0,1.14000,0,1.14000,9.95313,1.14000,0,1.14000,0.912646,1.14000,0,1.14000,0,1.14000,0,1.14000,9.22921,1.14000,0,1.14000,10.1126,1.14000,0,1.14000,0,1.14000,0,1.14000,30,1.14000,1.59682,1.14000,0,1.14000,0.50968,1.14000,0,1.14000,0.577488,1.14000,0.984233,1.14000,0.984233,1.14000,0.96396,1.14000,0.912646,1.14000,0.912646,1.14000,0.904995
1.15000,0.97422,1.15000,0,1.15000,0,1.15000,0,1.15000,9.85188,1.15000,0,1.15000,0.908452,1.15000,0,1.15000,0,1.15000,0,1.15000,9.1868,1.15000,0,1.15000,10.1126,1.15000,0,1.15000,0,1.15000,0,1.15000,30,1.15000,1.59682,1.15000,0,1.15000,0.50968,1.15000,0,1.15000,0.577488,1.15000,0.97422,1.15000,0.97422,1.15000,0.942883,1.15000,0.908452,1.15000,0.908452,1.15000,0.903119
1.16000,0.96429,1.16000,0,1.16000,0,1.16000,0,1.16000,9.75146,1.16000,0,1.16000,0.904338,1.16000,0,1.16000,0,1.16000,0,1.16000,9.1452,1.16000,0,1.16000,10.1126,1.16000,0,1.16000,0,1.16000,0,1.16000,30,1.16000,1.59682,1.16000,0,1.16000,0.50968,1.16000,0,1.16000,0.577488,1.16000,0.96429,1.16000,0.96429,1.16000,0.925382,1.16000,0.904338,1.16000,0.904338,1.16000,0.901767
1.17000,0.954399,1.17000,0,1.17000,0,1.17000,0,1.17000,9.65144,1.17000,0,1.17000,0.900263,1.17000,0,1.17000,0,1.17000,0,1.17000,9.10398,1.17000,0,1.17000,10.1126,1.17000,0,1.17000,0,1.17000,0,1.17000,30,1.17000,1.59682,1.17000,0,1.17000,0.50968,1.17000,0,1.17000,0.577488,1.17000,0.954399,1.17000,0.954399,1.17000,0.909572,1.17000,0.900263,1.17000,0.900263,1.17000,0.900665
1.18000,0.944509,1.18000,0,1.18000,0,1.18000,0,1.18000,9.55143,1.18000,0,1.18000,0.896187,1.18000,0,1.18000,0,1.18000,0,1.18000,9.06277,1.18000,0,1.18000,10.1126,1.18000,0,1.18000,0,1.18000,0,1.18000,30,1.18000,1.59682,1.18000,0,1.18000,0.50968,1.18000,0,1.18000,0.577488,1.18000,0.944509,1.18000,0.944509,1.18000,0.893761,1.18000,0.896187,1.18000,0.896187,1.18000,0.899562
1.19000,0.934684,1.19000,0,1.19000,0,1.19000,0,1.19000,9.45207,1.19000,0,1.19000,0.89217,1.19000,0,1.19000,0,1.19000,0,1.19000,9.02215,1.19000,0,1.19000,10.1126,1.19000,0,1.19000,0,1.19000,0,1.19000,30,1.19000,1.59682,1.19000,0,1.19000,0.50968,1.19000,0,1.19000,0.577488,1.19000,0.934684,1.19000,0.934684,1.19000,0.887609,1.19000,0.89217,1.19000,0.89217,1.19000,0.899877
1.20000,0.92492,1.20000,0,1.20000,0,1.20000,0,1.20000,9.35333,1.20000,0,1.20000,0.888208,1.20000,0,1.20000,0,1.20000,0,1.20000,8.98208,1.20000,0,1.20000,10.1126,1.20000,0,1.20000,0,1.20000,0,1.20000,30,1.20000,1.59682,1.20000,0,1.20000,0.50968,1.20000,0,1.20000,0.577488,1.20000,0.92492,1.20000,0.92492,1.20000,0.890427,1.20000,0.888208,1.20000,0.888208,1.20000,0.90151
1.21000,0.915156,1.21000,0,1.21000,0,1.21000,0,1.21000,9.25459,1.21000,0,1.21000,0.884246,1.21000,0,1.21000,0,1.21000,0,1.21000,8.94201,1.21000,0,1.21000,10.1126,1.21000,0,1.21000,0,1.21000,0,1.21000,30,1.21000,1.59682,1.21000,0,1.21000,0.50968,1.21000,0,1.21000,0.577488,1.21000,0.915156,1.21000,0.915156,1.21000,0.893244,1.21000,0.884246,1.21000,0.884246,1.21000,0.903143
1.22000,0.905438,1.22000,0,1.22000,0,1.22000,0,1.22000,9.15632,1.22000,0,1.22000,0.880323,1.22000,0,1.22000,0,1.22000,0,1.22000,8.90234,1.22000,0,1.22000,10.1126,1.22000,0,1.22000,0,1.22000,0,1.22000,30,1.22000,1.59682,1.22000,0,1.22000,0.50968,1.22000,0,1.22000,0.577488,1.22000,0.905438,1.22000,0.905438,1.22000,0.893928,1.22000,0.880323,1.22000,0.880323,1.22000,0.903926
1.23000,0.895804,1.23000,0,1.23000,0,1.23000,0,1.23000,9.05889,1.23000,0,1.23000,0.876469,1.23000,0,1.23000,0,1.23000,0,1.23000,8.86337,1.23000,0,1.23000,10.1126,1.23000,0,1.23000,0,1.23000,0,1.23000,30,1.23000,1.59682,1.23000,0,1.23000,0.50968,1.23000,0,1.23000,0.577488,1.23000,0.895804,1.23000,0.895804,1.23000,0.890786,1.23000,0.876469,1.23000,0.876469,1.23000,0.903185
1.24000,0.886169,1.24000,0,1.24000,0,1.24000,0,1.24000,8.96146,1.24000,0,1.24000,0.872616,1.24000,0,1.24000,0,1.24000,0,1.24000,8.8244,1.24000,0,1.24000,10.1126,1.24000,0,1.24000,0,1.24000,0,1.24000,30,1.24000,1.59682,1.24000,0,1.24000,0.50968,1.24000,0,1.24000,0.577488,1.24000,0.886169,1.24000,0.886169,1.24000,0.887645,1.24000,0.872616,1.24000,0.872616,1.24000,0.902444
1.25000,0.876561,1.25000,0,1.25000,0,1.25000,0,1.25000,8.8643,1.25000,0,1.25000,0.868783,1.25000,0,1.25000,0,1.25000,0,1.25000,8.78564,1.25000,0,1.25000,10.1126,1.25000,0,1.25000,0,1.25000,0,1.25000,30,1.25000,1.59682,1.25000,0,1.25000,0.50968,1.25000,0,1.25000,0.577488,1.25000,0.876561,1.25000,0.876561,1.25000,0.88073,1.25000,0.868783,1.25000,0.868783,1.25000,0.900199
1.26000,0.86706,1.26000,0,1.26000,0,1.26000,0,1.26000,8.76822,1.26000,0,1.26000,0.865033,1.26000,0,1.26000,0,1.26000,0,1.26000,8.74772,1.26000,0,1.26000,10.1126,1.26000,0,1.26000,0,1.26000,0,1.26000,30,1.26000,1.59682,1.26000,0,1.26000,0.50968,1.26000,0,1.26000,0.577488,1.26000,0.86706,1.26000,0.86706,1.26000,0.858485,1.26000,0.865033,1.26000,0.865033,1.26000,0.891848
1.27000,0.857559,1.27000,0,1.27000,0,1.27000,0,1.27000,8.67213,1.27000,0,1.27000,0.861284,1.27000,0,1.27000,0,1.27000,0,1.27000,8.70981,1.27000,0,1.27000,10.1126,1.27000,0,1.27000,0,1.27000,0,1.27000,30,1.27000,1.59682,1.27000,0,1.27000,0.50968,1.27000,0,1.27000,0.577488,1.27000,0.857559,1.27000,0.857559,1.27000,0.83624,1.27000,0.861284,1.27000,0.861284,1.27000,0.883497
1.28000,0.848063,1.28000,0,1.28000,0,1.28000,0,1.28000,8.57611,1.28000,0,1.28000,0.857539,1.28000,0,1.28000,0,1.28000,0,1.28000,8.67193,1.28000,0,1.28000,10.1126,1.28000,0,1.28000,0,1.28000,0,1.28000,30,1.28000,1.59682,1.28000,0,1.28000,0.50968,1.28000,0,1.28000,0.577488,1.28000,0.848063,1.28000,0.848063,1.28000,0.814211,1.28000,0.857539,1.28000,0.857539,1.28000,0.875231
1.29000,0.838699,1.29000,0,1.29000,0,1.29000,0,1.29000,8.48141,1.29000,0,1.29000,0.85389,1.29000,0,1.29000,0,1.29000,0,1.29000,8.63503,1.29000,0,1.29000,10.1126,1.29000,0,1.29000,0,1.29000,0,1.29000,30,1.29000,1.59682,1.29000,0,1.29000,0.50968,1.29000,0,1.29000,0.577488,1.29000,0.838699,1.29000,0.838699,1.29000,0.79778,1.29000,0.85389,1.29000,0.85389,1.29000,0.869171
1.30000,0.829335,1.30000,0,1.30000,0,1.30000,0,1.30000,8.38672,1.30000,0,1.30000,0.850241,1.30000,0,1.30000,0,1.30000,0,1.30000,8.59813,1.30000,0,1.30000,10.1126,1.30000,0,1.30000,0,1.30000,0,1.30000,30,1.30000,1.59682,1.30000,0,1.30000,0.50968,1.30000,0,1.30000,0.577488,1.30000,0.829335,1.30000,0.829335,1.30000,0.78135,1.30000,0.850241,1.30000,0.850241,1.30000,0.863111
1.31000,0.819971,1.31000,0,1.31000,0,1.31000,0,1.31000,8.29202,1.31000,0,1.31000,0.846591,1.31000,0,1.31000,0,1.31000,0,1.31000,8.56123,1.31000,0,1.31000,10.1126,1.31000,0,1.31000,0,1.31000,0,1.31000,30,1.31000,1.59682,1.31000,0,1.31000,0.50968,1.31000,0,1.31000,0.577488,1.31000,0.819971,1.31000,0.819971,1.31000,0.76492,1.31000,0.846591,1.31000,0.846591,1.31000,0.857051
1.32000,0.81073,1.32000,0,1.32000,0,1.32000,0,1.32000,8.19858,1.32000,0,1.32000,0.843027,1.32000,0,1.32000,0,1.32000,0,1.32000,8.52518,1.32000,0,1.32000,10.1126,1.32000,0,1.32000,0,1.32000,0,1.32000,30,1.32000,1.59682,1.32000,0,1.32000,0.50968,1.32000,0,1.32000,0.577488,1.32000,0.81073,1.32000,0.81073,1.32000,0.763342,1.32000,0.843027,1.32000,0.843027,1.32000,0.856844
1.33000,0.801507,1.33000,0,1.33000,0,1.33000,0,1.33000,8.10531,1.33000,0,1.33000,0.839474,1.33000,0,1.33000,0,1.33000,0,1.33000,8.48925,1.33000,0,1.33000,10.1126,1.33000,0,1.33000,0,1.33000,0,1.33000,30,1.33000,1.59682,1.33000,0,1.33000,0.50968,1.33000,0,1.33000,0.577488,1.33000,0.801507,1.33000,0.801507,1.33000,0.763856,1.33000,0.839474,1.33000,0.839474,1.33000,0.85746
1.34000,0.792284,1.34000,0,1.34000,0,1.34000,0,1.34000,8.01204,1.34000,0,1.34000,0.835921,1.34000,0,1.34000,0,1.34000,0,1.34000,8.45332,1.34000,0,1.34000,10.1126,1.34000,0,1.34000,0,1.34000,0,1.34000,30,1.34000,1.59682,1.34000,0,1.34000,0.50968,1.34000,0,1.34000,0.577488,1.34000,0.792284,1.34000,0.792284,1.34000,0.76437,1.34000,0.835921,1.34000,0.835921,1.34000,0.858077
1.35000,0.783164,1.35000,0,1.35000,0,1.35000,0,1.35000,7.91981,1.35000,0,1.35000,0.832434,1.35000,0,1.35000,0,1.35000,0,1.35000,8.41806,1.35000,0,1.35000,10.1126,1.35000,0,1.35000,0,1.35000,0,1.35000,30,1.35000,1.59682,1.35000,0,1.35000,0.50968,1.35000,0,1.35000,0.577488,1.35000,0.783164,1.35000,0.783164,1.35000,0.763391,1.35000,0.832434,1.35000,0.832434,1.35000,0.857215
1.36000,0.774086,1.36000,0,1.36000,0,1.36000,0,1.36000,7.82801,1.36000,0,1.36000,0.828974,1.36000,0,1.36000,0,1.36000,0,1.36000,8.38307,1.36000,0,1.36000,10.1126,1.36000,0,1.36000,0,1.36000,0,1.36000,30,1.36000,1.59682,1.36000,0,1.36000,0.50968,1.36000,0,1.36000,0.577488,1.36000,0.774086,1.36000,0.774086,1.36000,0.76182,1.36000,0.828974,1.36000,0.828974,1.36000,0.855768
1.37000,0.765007,1.37000,0,1.37000,0,1.37000,0,1.37000,7.7362,1.37000,0,1.37000,0.825514,1.37000,0,1.37000,0,1.37000,0,1.37000,8.34807,1.37000,0,1.37000,10.1126,1.37000,0,1.37000,0,1.37000,0,1.37000,30,1.37000,1.59682,1.37000,0,1.37000,0.50968,1.37000,0,1.37000,0.577488,1.37000,0.765007,1.37000,0.765007,1.37000,0.760249,1.37000,0.825514,1.37000,0.825514,1.37000,0.854321
1.38000,0.756011,1.38000,0,1.38000,0,1.38000,0,1.38000,7.64522,1.38000,0,1.38000,0.822103,1.38000,0,1.38000,0,1.38000,0,1.38000,8.31358,1.38000,0,1.38000,10.1126,1.38000,0,1.38000,0,1.38000,0,1.38000,30,1.38000,1.59682,1.38000,0,1.38000,0.50968,1.38000,0,1.38000,0.577488,1.38000,0.756011,1.38000,0.756011,1.38000,0.755591,1.38000,0.822103,1.38000,0.822103,1.38000,0.849818
1.39000,0.747081,1.39000,0,1.39000,0,1.39000,0,1.39000,7.55492,1.39000,0,1.39000,0.818731,1.39000,0,1.39000,0,1.39000,0,1.39000,8.27949,1.39000,0,1.39000,10.1126,1.39000,0,1.39000,0,1.39000,0,1.39000,30,1.39000,1.59682,1.39000,0,1.39000,0.50968,1.39000,0,1.39000,0.577488,1.39000,0.747081,1.39000,0.747081,1.39000,0.748464,1.39000,0.818731,1.39000,0.818731,1.39000,0.842872
1.40000,0.738151,1.40000,0,1.40000,0,1.40000,0,1.40000,7.46461,1.40000,0,1.40000,0.81536,1.40000,0,1.40000,0,1.40000,0,1.40000,8.24539,1.40000,0,1.40000,10.1126,1.40000,0,1.40000,0,1.40000,0,1.40000,30,1.40000,1.59682,1.40000,0,1.40000,0.50968,1.40000,0,1.40000,0.577488,1.40000,0.738151,1.40000,0.738151,1.40000,0.741337,1.40000,0.81536,1.40000,0.81536,1.40000,0.835926
1.41000,0.729281,1.41000,0,1.41000,0,1.41000,0,1.41000,7.37491,1.41000,0,1.41000,0.812022,1.41000,0,1.41000,0,1.41000,0,1.41000,8.21164,1.41000,0,1.41000,10.1126,1.41000,0,1.41000,0,1.41000,0,1.41000,30,1.41000,1.59682,1.41000,0,1.41000,0.50968,1.41000,0,1.41000,0.577488,1.41000,0.729281,1.41000,0.729281,1.41000,0.734058,1.41000,0.812022,1.41000,0.812022,1.41000,0.828373
1.42000,0.720503,1.42000,0,1.42000,0,1.42000,0,1.42000,7.28614,1.42000,0,1.42000,0.808736,1.42000,0,1.42000,0,1.42000,0,1.42000,8.17841,1.42000,0,1.42000,10.1126,1.42000,0,1.42000,0,1.42000,0,1.42000,30,1.42000,1.59682,1.42000,0,1.42000,0.50968,1.42000,0,1.42000,0.577488,1.42000,0.720503,1.42000,0.720503,1.42000,0.726547,1.42000,0.808736,1.42000,0.808736,1.42000,0.819893
1.43000,0.711725,1.43000,0,1.43000,0,1.43000,0,1.43000,7.19738,1.43000,0,1.43000,0.80545,1.43000,0,1.43000,0,1.43000,0,1.43000,8.14518,1.43000,0,1.43000,10.1126,1.43000,0,1.43000,0,1.43000,0,1.43000,30,1.43000,1.59682,1.43000,0,1.43000,0.50968,1.43000,0,1.43000,0.577488,1.43000,0.711725,1.43000,0.711725,1.43000,0.719036,1.43000,0.80545,1.43000,0.80545,1.43000,0.811413
1.44000,0.702984,1.44000,0,1.44000,0,1.44000,0,1.44000,7.10898,1.44000,0,1.44000,0.802183,1.44000,0,1.44000,0,1.44000,0,1.44000,8.11215,1.44000,0,1.44000,10.1126,1.44000,0,1.44000,0,1.44000,0,1.44000,30,1.44000,1.59682,1.44000,0,1.44000,0.50968,1.44000,0,1.44000,0.577488,1.44000,0.702984,1.44000,0.702984,1.44000,0.711305,1.44000,0.802183,1.44000,0.802183,1.44000,0.802054
1.45000,0.694362,1.45000,0,1.45000,0,1.45000,0,1.45000,7.02179,1.45000,0,1.45000,0.79898,1.45000,0,1.45000,0,1.45000,0,1.45000,8.07975,1.45000,0,1.45000,10.1126,1.45000,0,1.45000,0,1.45000,0,1.45000,30,1.45000,1.59682,1.45000,0,1.45000,0.50968,1.45000,0,1.45000,0.577488,1.45000,0.694362,1.45000,0.694362,1.45000,0.702856,1.45000,0.79898,1.45000,0.79898,1.45000,0.789824
1.46000,0.68574,1.46000,0,1.46000,0,1.46000,0,1.46000,6.9346,1.46000,0,1.46000,0.795776,1.46000,0,1.46000,0,1.46000,0,1.46000,8.04735,1.46000,0,1.46000,10.1126,1.46000,0,1.46000,0,1.46000,0,1.46000,30,1.46000,1.59682,1.46000,0,1.46000,0.50968,1.46000,0,1.46000,0.577488,1.46000,0.68574,1.46000,0.68574,1.46000,0.694406,1.46000,0.795776,1.46000,0.795776,1.46000,0.777594
1.47000,0.677175,1.47000,0,1.47000,0,1.47000,0,1.47000,6.84799,1.47000,0,1.47000,0.792579,1.47000,0,1.47000,0,1.47000,0,1.47000,8.01502,1.47000,0,1.47000,10.1126,1.47000,0,1.47000,0,1.47000,0,1.47000,29.9635,1.47000,1.59408,1.47000,0,1.47000,0.50968,1.47000,0,1.47000,0.577488,1.47000,0.677175,1.47000,0.677175,1.47000,0.686114,1.47000,0.792579,1.47000,0.792579,1.47000,0.765951
1.48000,0.669321,1.48000,0,1.48000,0,1.48000,0,1.48000,6.76856,1.48000,0,1.48000,0.789454,1.48000,0,1.48000,0,1.48000,0,1.48000,7.98342,1.48000,0,1.48000,10.1126,1.48000,0,1.48000,0,1.48000,0,1.48000,29.4714,1.48000,1.55715,1.48000,0,1.48000,0.50968,1.48000,0,1.48000,0.577488,1.48000,0.669321,1.48000,0.669321,1.48000,0.679791,1.48000,0.789454,1.48000,0.789454,1.48000,0.761638
1.49000,0.661466,1.49000,0,1.49000,0,1.49000,0,1.49000,6.68913,1.49000,0,1.49000,0.78633,1.49000,0,1.49000,0,1.49000,0,1.49000,7.95183,1.49000,0,1.49000,10.1126,1.49000,0,1.49000,0,1.49000,0,1.49000,28.9792,1.49000,1.52023,1.49000,0,1.49000,0.50968,1.49000,0,1.49000,0.577488,1.49000,0.661466,1.49000,0.661466,1.49000,0.673469,1.49000,0.78633,1.49000,0.78633,1.49000,0.757325
1.50000,0.653612,1.50000,0,1.50000,0,1.50000,0,1.50000,6.6097,1.50000,0,1.50000,0.783206,1.50000,0,1.50000,0,1.50000,0,1.50000,7.92023,1.50000,0,1.50000,10.1126,1.50000,0,1.50000,0,1.50000,0,1.50000,28.487,1.50000,1.4833,1.50000,0,1.50000,0.50968,1.50000,0,1.50000,0.577488,1.50000,0.653612,1.50000,0.653612,1.50000,0.667146,1.50000,0.783206,1.50000,0.783206,1.50000,0.753012
1.51000,0.649742,1.51000,0,1.51000,0,1.51000,0,1.51000,6.57057,1.51000,0,1.51000,0.780151,1.51000,0,1.51000,0,1.51000,0,1.51000,7.88934,1.51000,0,1.51000,10.1126,1.51000,0,1.51000,0,1.51000,0,1.51000,23.691,1.51000,1.24406,1.51000,0,1.51000,0.50968,1.51000,0,1.51000,0.577488,1.51000,0.649742,1.51000,0.649742,1.51000,0.665194,1.51000,0.780151,1.51000,0.780151,1.51000,0.764972
1.52000,0.646249,1.52000,0,1.52000,0,1.52000,0,1.52000,6.53525,1.52000,0,1.52000,0.777103,1.52000,0,1.52000,0,1.52000,0,1.52000,7.85852,1.52000,0,1.52000,10.1126,1.52000,0,1.52000,0,1.52000,0,1.52000,18.4878,1.52000,0.985684,1.52000,0,1.52000,0.50968,1.52000,0,1.52000,0.577488,1.52000,0.646249,1.52000,0.646249,1.52000,0.663656,1.52000,0.777103,1.52000,0.777103,1.52000,0.778473
1.53000,0.642757,1.53000,0,1.53000,0,1.53000,0,1.53000,6.49993,1.53000,0,1.53000,0.774056,1.53000,0,1.53000,0,1.53000,0,1.53000,7.8277,1.53000,0,1.53000,10.1126,1.53000,0,1.53000,0,1.53000,0,1.53000,13.2847,1.53000,0.727307,1.53000,0,1.53000,0.50968,1.53000,0,1.53000,0.577488,1.53000,0.642757,1.53000,0.642757,1.53000,0.662118,1.53000,0.774056,1.53000,0.774056,1.53000,0.791973
1.54000,0.639285,1.54000,0,1.54000,0,1.54000,0,1.54000,6.46483,1.54000,0,1.54000,0.771063,1.54000,0,1.54000,0,1.54000,0,1.54000,7.79744,1.54000,0,1.54000,10.1126,1.54000,0,1.54000,0,1.54000,0,1.54000,12,1.54000,0.66351,1.54000,0,1.54000,0.50968,1.54000,0,1.54000,0.577488,1.54000,0.639285,1.54000,0.639285,1.54000,0.660202,1.54000,0.771063,1.54000,0.771063,1.54000,0.799939
1.55000,0.635821,1.55000,0,1.55000,0,1.55000,0,1.55000,6.42979,1.55000,0,1.55000,0.768089,1.55000,0,1.55000,0,1.55000,0,1.55000,7.76736,1.55000,0,1.55000,10.1126,1.55000,0,1.55000,0,1.55000,0,1.55000,12,1.55000,0.66351,1.55000,0,1.55000,0.50968,1.55000,0,1.55000,0.577488,1.55000,0.635821,1.55000,0.635821,1.55000,0.658162,1.55000,0.768089,1.55000,0.768089,1.55000,0.80609
1.56000,0.632357,1.56000,0,1.56000,0,1.56000,0,1.56000,6.39476,1.56000,0,1.56000,0.765115,1.56000,0,1.56000,0,1.56000,0,1.56000,7.73729,1.56000,0,1.56000,10.1126,1.56000,0,1.56000,0,1.56000,0,1.56000,12,1.56000,0.66351,1.56000,0,1.56000,0.50968,1.56000,0,1.56000,0.577488,1.56000,0.632357,1.56000,0.632357,1.56000,0.656122,1.56000,0.765115,1.56000,0.765115,1.56000,0.812241
1.57000,0.628909,1.57000,0,1.57000,0,1.57000,0,1.57000,6.3599,1.57000,0,1.57000,0.762183,1.57000,0,1.57000,0,1.57000,0,1.57000,7.70763,1.57000,0,1.57000,10.1126,1.57000,0,1.57000,0,1.57000,0,1.57000,12,1.57000,0.66351,1.57000,0,1.57000,0.50968,1.57000,0,1.57000,0.577488,1.57000,0.628909,1.57000,0.628909,1.57000,0.653465,1.57000,0.762183,1.57000,0.762183,1.57000,0.80935
1.58000,0.625474,1.58000,0,1.58000,0,1.58000,0,1.58000,6.32516,1.58000,0,1.58000,0.759279,1.58000,0,1.58000,0,1.58000,0,1.58000,7.67828,1.58000,0,1.58000,10.1126,1.58000,0,1.58000,0,1.58000,0,1.58000,12,1.58000,0.66351,1.58000,0,1.58000,0.50968,1.58000,0,1.58000,0.577488,1.58000,0.625474,1.58000,0.625474,1.58000,0.650382,1.58000,0.759279,1.58000,0.759279,1.58000,0.800242
1.59000,0.622038,1.59000,0,1.59000,0,1.59000,0,1.59000,6.29041,1.59000,0,1.59000,0.756376,1.59000,0,1.59000,0,1.59000,0,1.59000,7.64892,1.59000,0,1.59000,10.1126,1.59000,0,1.59000,0,1.59000,0,1.59000,12,1.59000,0.66351,1.59000,0,1.59000,0.50968,1.59000,0,1.59000,0.577488,1.59000,0.622038,1.59000,0.622038,1.59000,0.6473,1.59000,0.756376,1.59000,0.756376,1.59000,0.791135
1.60000,0.618615,1.60000,0,1.60000,0,1.60000,0,1.60000,6.2558,1.60000,0,1.60000,0.753503,1.60000,0,1.60000,0,1.60000,0,1.60000,7.61986,1.60000,0,1.60000,10.1126,1.60000,0,1.60000,0,1.60000,0,1.60000,12,1.60000,0.66351,1.60000,0,1.60000,0.50968,1.60000,0,1.60000,0.577488,1.60000,0.618615,1.60000,0.618615,1.60000,0.643976,1.60000,0.753503,1.60000,0.753503,1.60000,0.783867
1.61000,0.615209,1.61000,0,1.61000,0,1.61000,0,1.61000,6.22135,1.61000,0,1.61000,0.750668,1.61000,0,1.61000,0,1.61000,0,1.61000,7.59119,1.61000,0,1.61000,10.1126,1.61000,0,1.61000,0,1.61000,0,1.61000,12,1.61000,0.66351,1.61000,0,1.61000,0.50968,1.61000,0,1.61000,0.577488,1.61000,0.615209,1.61000,0.615209,1.61000,0.640333,1.61000,0.750668,1.61000,0.750668,1.61000,0.779016
1.62000,0.611802,1.62000,0,1.62000,0,1.62000,0,1.62000,6.1869,1.62000,0,1.62000,0.747833,1.62000,0,1.62000,0,1.62000,0,1.62000,7.56252,1.62000,0,1.62000,10.1126,1.62000,0,1.62000,0,1.62000,0,1.62000,12,1.62000,0.66351,1.62000,0,1.62000,0.50968,1.62000,0,1.62000,0.577488,1.62000,0.611802,1.62000,0.611802,1.62000,0.63669,1.62000,0.747833,1.62000,0.747833,1.62000,0.774164
1.63000,0.608404,1.63000,0,1.63000,0,1.63000,0,1.63000,6.15253,1.63000,0,1.63000,0.745016,1.63000,0,1.63000,0,1.63000,0,1.63000,7.53404,1.63000,0,1.63000,10.1126,1.63000,0,1.63000,0,1.63000,0,1.63000,12,1.63000,0.66351,1.63000,0,1.63000,0.50968,1.63000,0,1.63000,0.577488,1.63000,0.608404,1.63000,0.608404,1.63000,0.632754,1.63000,0.745016,1.63000,0.745016,1.63000,0.771533
1.64000,0.605026,1.64000,0,1.64000,0,1.64000,0,1.64000,6.11838,1.64000,0,1.64000,0.742248,1.64000,0,1.64000,0,1.64000,0,1.64000,7.50604,1.64000,0,1.64000,10.1126,1.64000,0,1.64000,0,1.64000,0,1.64000,12,1.64000,0.66351,1.64000,0,1.64000,0.50968,1.64000,0,1.64000,0.577488,1.64000,0.605026,1.64000,0.605026,1.64000,0.628035,1.64000,0.742248,1.64000,0.742248,1.64000,0.774854
1.65000,0.601649,1.65000,0,1.65000,0,1.65000,0,1.65000,6.08423,1.65000,0,1.65000,0.739479,1.65000,0,1.65000,0,1.65000,0,1.65000,7.47805,1.65000,0,1.65000,10.1126,1.65000,0,1.65000,0,1.65000,0,1.65000,12,1.65000,0.66351,1.65000,0,1.65000,0.50968,1.65000,0,1.65000,0.577488,1.65000,0.601649,1.65000,0.601649,1.65000,0.623315,1.65000,0.739479,1.65000,0.739479,1.65000,0.778175
1.66000,0.598275,1.66000,0,1.66000,0,1.66000,0,1.66000,6.05011,1.66000,0,1.66000,0.736718,1.66000,0,1.66000,0,1.66000,0,1.66000,7.45012,1.66000,0,1.66000,10.1126,1.66000,0,1.66000,0,1.66000,0,1.66000,12,1.66000,0.66351,1.66000,0,1.66000,0.50968,1.66000,0,1.66000,0.577488,1.66000,0.598275,1.66000,0.598275,1.66000,0.618305,1.66000,0.736718,1.66000,0.736718,1.66000,0.781116
1.67000,0.594928,1.67000,0,1.67000,0,1.67000,0,1.67000,6.01625,1.67000,0,1.67000,0.734013,1.67000,0,1.67000,0,1.67000,0,1.67000,7.42277,1.67000,0,1.67000,10.1126,1.67000,0,1.67000,0,1.67000,0,1.67000,12,1.67000,0.66351,1.67000,0,1.67000,0.50968,1.67000,0,1.67000,0.577488,1.67000,0.594928,1.67000,0.594928,1.67000,0.610971,1.67000,0.734013,1.67000,0.734013,1.67000,0.781015
1.68000,0.59158,1.68000,0,1.68000,0,1.68000,0,1.68000,5.9824,1.68000,0,1.68000,0.731308,1.68000,0,1.68000,0,1.68000,0,1.68000,7.39542,1.68000,0,1.68000,10.1126,1.68000,0,1.68000,0,1.68000,0,1.68000,12,1.68000,0.66351,1.68000,0,1.68000,0.50968,1.68000,0,1.68000,0.577488,1.68000,0.59158,1.68000,0.59158,1.68000,0.603636,1.68000,0.731308,1.68000,0.731308,1.68000,0.780915
1.69000,0.588232,1.69000,0,1.69000,0,1.69000,0,1.69000,5.94855,1.69000,0,1.69000,0.728604,1.69000,0,1.69000,0,1.69000,0,1.69000,7.36807,1.69000,0,1.69000,10.1126,1.69000,0,1.69000,0,1.69000,0,1.69000,12,1.69000,0.66351,1.69000,0,1.69000,0.50968,1.69000,0,1.69000,0.577488,1.69000,0.588232,1.69000,0.588232,1.69000,0.596302,1.69000,0.728604,1.69000,0.728604,1.69000,0.780814
1.70000,0.584913,1.70000,0,1.70000,0,1.70000,0,1.70000,5.91498,1.70000,0,1.70000,0.725958,1.70000,0,1.70000,0,1.70000,0,1.70000,7.34131,1.70000,0,1.70000,10.1126,1.70000,0,1.70000,0,1.70000,0,1.70000,12,1.70000,0.66351,1.70000,0,1.70000,0.50968,1.70000,0,1.70000,0.577488,1.70000,0.584913,1.70000,0.584913,1.70000,0.584552,1.70000,0.725958,1.70000,0.725958,1.70000,0.774936
1.71000,0.581595,1.71000,0,1.71000,0,1.71000,0,1.71000,5.88143,1.71000,0,1.71000,0.723315,1.71000,0,1.71000,0,1.71000,0,1.71000,7.31458,1.71000,0,1.71000,10.1126,1.71000,0,1.71000,0,1.71000,0,1.71000,12,1.71000,0.66351,1.71000,0,1.71000,0.50968,1.71000,0,1.71000,0.577488,1.71000,0.581595,1.71000,0.581595,1.71000,0.572573,1.71000,0.723315,1.71000,0.723315,1.71000,0.768758
1.72000,0.578277,1.72000,0,1.72000,0,1.72000,0,1.72000,5.84788,1.72000,0,1.72000,0.720672,1.72000,0,1.72000,0,1.72000,0,1.72000,7.28785,1.72000,0,1.72000,10.1126,1.72000,0,1.72000,0,1.72000,0,1.72000,12,1.72000,0.66351,1.72000,0,1.72000,0.50968,1.72000,0,1.72000,0.577488,1.72000,0.578277,1.72000,0.578277,1.72000,0.560594,1.72000,0.720672,1.72000,0.720672,1.72000,0.76258
1.73000,0.574983,1.73000,0,1.73000,0,1.73000,0,1.73000,5.81457,1.73000,0,1.73000,0.718076,1.73000,0,1.73000,0,1.73000,0,1.73000,7.2616,1.73000,0,1.73000,10.1126,1.73000,0,1.73000,0,1.73000,0,1.73000,12,1.73000,0.66351,1.73000,0,1.73000,0.50968,1.73000,0,1.73000,0.577488,1.73000,0.574983,1.73000,0.574983,1.73000,0.553022,1.73000,0.718076,1.73000,0.718076,1.73000,0.754425
1.74000,0.571696,1.74000,0,1.74000,0,1.74000,0,1.74000,5.78132,1.74000,0,1.74000,0.715492,1.74000,0,1.74000,0,1.74000,0,1.74000,7.23547,1.74000,0,1.74000,10.1126,1.74000,0,1.74000,0,1.74000,0,1.74000,12,1.74000,0.66351,1.74000,0,1.74000,0.50968,1.74000,0,1.74000,0.577488,1.74000,0.571696,1.74000,0.571696,1.74000,0.546621,1.74000,0.715492,1.74000,0.715492,1.74000,0.745746
1.75000,0.568408,1.75000,0,1.75000,0,1.75000,0,1.75000,5.74807,1.75000,0,1.75000,0.712909,1.75000,0,1.75000,0,1.75000,0,1.75000,7.20935,1.75000,0,1.75000,10.1126,1.75000,0,1.75000,0,1.75000,0,1.75000,12,1.75000,0.66351,1.75000,0,1.75000,0.50968,1.75000,0,1.75000,0.577488,1.75000,0.568408,1.75000,0.568408,1.75000,0.54022,1.75000,0.712909,1.75000,0.712909,1.75000,0.737067
1.76000,0.565139,1.76000,0,1.76000,0,1.76000,0,1.76000,5.71502,1.76000,0,1.76000,0.710362,1.76000,0,1.76000,0,1.76000,0,1.76000,7.18359,1.76000,0,1.76000,10.1126,1.76000,0,1.76000,0,1.76000,0,1.76000,12,1.76000,0.66351,1.76000,0,1.76000,0.50968,1.76000,0,1.76000,0.577488,1.76000,0.565139,1.76000,0.565139,1.76000,0.539608,1.76000,0.710362,1.76000,0.710362,1.76000,0.725792
1.77000,0.561882,1.77000,0,1.77000,0,1.77000,0,1.77000,5.68208,1.77000,0,1.77000,0.707836,1.77000,0,1.77000,0,1.77000,0,1.77000,7.15805,1.77000,0,1.77000,10.1126,1.77000,0,1.77000,0,1.77000,0,1.77000,12,1.77000,0.66351,1.77000,0,1.77000,0.50968,1.77000,0,1.77000,0.577488,1.77000,0.561882,1.77000,0.561882,1.77000,0.542402,1.77000,0.707836,1.77000,0.707836,1.77000,0.71299
1.78000,0.558625,1.78000,0,1.78000,0,1.78000,0,1.78000,5.64914,1.78000,0,1.78000,0.70531,1.78000,0,1.78000,0,1.78000,0,1.78000,7.1325,1.78000,0,1.78000,10.1126,1.78000,0,1.78000,0,1.78000,0,1.78000,12,1.78000,0.66351,1.78000,0,1.78000,0.50968,1.78000,0,1.78000,0.577488,1.78000,0.558625,1.78000,0.558625,1.78000,0.545195,1.78000,0.70531,1.78000,0.70531,1.78000,0.700188
1.79000,0.555382,1.79000,0,1.79000,0,1.79000,0,1.79000,5.61634,1.79000,0,1.79000,0.70281,1.79000,0,1.79000,0,1.79000,0,1.79000,7.10723,1.79000,0,1.79000,10.1126,1.79000,0,1.79000,0,1.79000,0,1.79000,12,1.79000,0.66351,1.79000,0,1.79000,0.50968,1.79000,0,1.79000,0.577488,1.79000,0.555382,1.79000,0.555382,1.79000,0.546132,1.79000,0.70281,1.79000,0.70281,1.79000,0.691219
1.80000,0.552155,1.80000,0,1.80000,0,1.80000,0,1.80000,5.58371,1.80000,0,1.80000,0.70034,1.80000,0,1.80000,0,1.80000,0,1.80000,7.08225,1.80000,0,1.80000,10.1126,1.80000,0,1.80000,0,1.80000,0,1.80000,12,1.80000,0.66351,1.80000,0,1.80000,0.50968,1.80000,0,1.80000,0.577488,1.80000,0.552155,1.80000,0.552155,1.80000,0.544969,1.80000,0.70034,1.80000,0.70034,1.80000,0.686588
1.81000,0.548928,1.81000,0,1.81000,0,1.81000,0,1.81000,5.55108,1.81000,0,1.81000,0.69787,1.81000,0,1.81000,0,1.81000,0,1.81000,7.05727,1.81000,0,1.81000,10.1126,1.81000,0,1.81000,0,1.81000,0,1.81000,12,1.81000,0.66351,1.81000,0,1.81000,0.50968,1.81000,0,1.81000,0.577488,1.81000,0.548928,1.81000,0.548928,1.81000,0.543805,1.81000,0.69787,1.81000,0.69787,1.81000,0.681956
1.82000,0.545711,1.82000,0,1.82000,0,1.82000,0,1.82000,5.51855,1.82000,0,1.82000,0.695416,1.82000,0,1.82000,0,1.82000,0,1.82000,7.03246,1.82000,0,1.82000,10.1126,1.82000,0,1.82000,0,1.82000,0,1.82000,12,1.82000,0.66351,1.82000,0,1.82000,0.50968,1.82000,0,1.82000,0.577488,1.82000,0.545711,1.82000,0.545711,1.82000,0.540771,1.82000,0.695416,1.82000,0.695416,1.82000,0.681188
1.83000,0.542515,1.83000,0,1.83000,0,1.83000,0,1.83000,5.48623,1.83000,0,1.83000,0.693,1.83000,0,1.83000,0,1.83000,0,1.83000,7.00802,1.83000,0,1.83000,10.1126,1.83000,0,1.83000,0,1.83000,0,1.83000,12,1.83000,0.66351,1.83000,0,1.83000,0.50968,1.83000,0,1.83000,0.577488,1.83000,0.542515,1.83000,0.542515,1.83000,0.533545,1.83000,0.693,1.83000,0.693,1.83000,0.689072
1.84000,0.53932,1.84000,0,1.84000,0,1.84000,0,1.84000,5.45391,1.84000,0,1.84000,0.690584,1.84000,0,1.84000,0,1.84000,0,1.84000,6.98359,1.84000,0,1.84000,10.1126,1.84000,0,1.84000,0,1.84000,0,1.84000,12,1.84000,0.66351,1.84000,0,1.84000,0.50968,1.84000,0,1.84000,0.577488,1.84000,0.53932,1.84000,0.53932,1.84000,0.52632,1.84000,0.690584,1.84000,0.690584,1.84000,0.696957
1.85000,0.536128,1.85000,0,1.85000,0,1.85000,0,1.85000,5.42164,1.85000,0,1.85000,0.688176,1.85000,0,1.85000,0,1.85000,0,1.85000,6.95923,1.85000,0,1.85000,10.1126,1.85000,0,1.85000,0,1.85000,0,1.85000,12,1.85000,0.66351,1.85000,0,1.85000,0.50968,1.85000,0,1.85000,0.577488,1.85000,0.536128,1.85000,0.536128,1.85000,0.519603,1.85000,0.688176,1.85000,0.688176,1.85000,0.704014
1.86000,0.532964,1.86000,0,1.86000,0,1.86000,0,1.86000,5.38964,1.86000,0,1.86000,0.685811,1.86000,0,1.86000,0,1.86000,0,1.86000,6.93533,1.86000,0,1.86000,10.1126,1.86000,0,1.86000,0,1.86000,0,1.86000,12,1.86000,0.66351,1.86000,0,1.86000,0.50968,1.86000,0,1.86000,0.577488,1.86000,0.532964,1.86000,0.532964,1.86000,0.515807,1.86000,0.685811,1.86000,0.685811,1.86000,0.706314
1.87000,0.529799,1.87000,0,1.87000,0,1.87000,0,1.87000,5.35764,1.87000,0,1.87000,0.683447,1.87000,0,1.87000,0,1.87000,0,1.87000,6.91142,1.87000,0,1.87000,10.1126,1.87000,0,1.87000,0,1.87000,0,1.87000,12,1.87000,0.66351,1.87000,0,1.87000,0.50968,1.87000,0,1.87000,0.577488,1.87000,0.529799,1.87000,0.529799,1.87000,0.512011,1.87000,0.683447,1.87000,0.683447,1.87000,0.708615
1.88000,0.526635,1.88000,0,1.88000,0,1.88000,0,1.88000,5.32564,1.88000,0,1.88000,0.681083,1.88000,0,1.88000,0,1.88000,0,1.88000,6.88751,1.88000,0,1.88000,10.1126,1.88000,0,1.88000,0,1.88000,0,1.88000,12,1.88000,0.66351,1.88000,0,1.88000,0.50968,1.88000,0,1.88000,0.577488,1.88000,0.526635,1.88000,0.526635,1.88000,0.508216,1.88000,0.681083,1.88000,0.681083,1.88000,0.710915
1.89000,0.523501,1.89000,0,1.89000,0,1.89000,0,1.89000,5.29395,1.89000,0,1.89000,0.678769,1.89000,0,1.89000,0,1.89000,0,1.89000,6.86411,1.89000,0,1.89000,10.1126,1.89000,0,1.89000,0,1.89000,0,1.89000,12,1.89000,0.66351,1.89000,0,1.89000,0.50968,1.89000,0,1.89000,0.577488,1.89000,0.523501,1.89000,0.523501,1.89000,0.509246,1.89000,0.678769,1.89000,0.678769,1.89000,0.705357
1.90000,0.520368,1.90000,0,1.90000,0,1.90000,0,1.90000,5.26226,1.90000,0,1.90000,0.676456,1.90000,0,1.90000,0,1.90000,0,1.90000,6.84071,1.90000,0,1.90000,10.1126,1.90000,0,1.90000,0,1.90000,0,1.90000,12,1.90000,0.66351,1.90000,0,1.90000,0.50968,1.90000,0,1.90000,0.577488,1.90000,0.520368,1.90000,0.520368,1.90000,0.510336,1.90000,0.676456,1.90000,0.676456,1.90000,0.699702
1.91000,0.517235,1.91000,0,1.91000,0,1.91000,0,1.91000,5.23058,1.91000,0,1.91000,0.674142,1.91000,0,1.91000,0,1.91000,0,1.91000,6.81732,1.91000,0,1.91000,10.1126,1.91000,0,1.91000,0,1.91000,0,1.91000,12,1.91000,0.66351,1.91000,0,1.91000,0.50968,1.91000,0,1.91000,0.577488,1.91000,0.517235,1.91000,0.517235,1.91000,0.511427,1.91000,0.674142,1.91000,0.674142,1.91000,0.694046
1.92000,0.514128,1.92000,0,1.92000,0,1.92000,0,1.92000,5.19916,1.92000,0,1.92000,0.671869,1.92000,0,1.92000,0,1.92000,0,1.92000,6.79433,1.92000,0,1.92000,10.1126,1.92000,0,1.92000,0,1.92000,0,1.92000,12,1.92000,0.66351,1.92000,0,1.92000,0.50968,1.92000,0,1.92000,0.577488,1.92000,0.514128,1.92000,0.514128,1.92000,0.513829,1.92000,0.671869,1.92000,0.671869,1.92000,0.685653
1.93000,0.511026,1.93000,0,1.93000,0,1.93000,0,1.93000,5.16779,1.93000,0,1.93000,0.669604,1.93000,0,1.93000,0,1.93000,0,1.93000,6.77143,1.93000,0,1.93000,10.1126,1.93000,0,1.93000,0,1.93000,0,1.93000,12,1.93000,0.66351,1.93000,0,1.93000,0.50968,1.93000,0,1.93000,0.577488,1.93000,0.511026,1.93000,0.511026,1.93000,0.516506,1.93000,0.669604,1.93000,0.669604,1.93000,0.676688
1.94000,0.507924,1.94000,0,1.94000,0,1.94000,0,1.94000,5.13643,1.94000,0,1.94000,0.667339,1.94000,0,1.94000,0,1.94000,0,1.94000,6.74853,1.94000,0,1.94000,10.1126,1.94000,0,1.94000,0,1.94000,0,1.94000,12,1.94000,0.66351,1.94000,0,1.94000,0.50968,1.94000,0,1.94000,0.577488,1.94000,0.507924,1.94000,0.507924,1.94000,0.519182,1.94000,0.667339,1.94000,0.667339,1.94000,0.667723
1.95000,0.504844,1.95000,0,1.95000,0,1.95000,0,1.95000,5.10528,1.95000,0,1.95000,0.665106,1.95000,0,1.95000,0,1.95000,0,1.95000,6.72594,1.95000,0,1.95000,10.1126,1.95000,0,1.95000,0,1.95000,0,1.95000,12,1.95000,0.66351,1.95000,0,1.95000,0.50968,1.95000,0,1.95000,0.577488,1.95000,0.504844,1.95000,0.504844,1.95000,0.523261,1.95000,0.665106,1.95000,0.665106,1.95000,0.655831
1.96000,0.501774,1.96000,0,1.96000,0,1.96000,0,1.96000,5.07424,1.96000,0,1.96000,0.662889,1.96000,0,1.96000,0,1.96000,0,1.96000,6.70352,1.96000,0,1.96000,10.1126,1.96000,0,1.96000,0,1.96000,0,1.96000,12,1.96000,0.66351,1.96000,0,1.96000,0.50968,1.96000,0,1.96000,0.577488,1.96000,0.501774,1.96000,0.501774,1.96000,0.528042,1.96000,0.662889,1.96000,0.662889,1.96000,0.642476
1.97000,0.498705,1.97000,0,1.97000,0,1.97000,0,1.97000,5.04319,1.97000,0,1.97000,0.660672,1.97000,0,1.97000,0,1.97000,0,1.97000,6.6811,1.97000,0,1.97000,10.1126,1.97000,0,1.97000,0,1.97000,0,1.97000,12,1.97000,0.66351,1.97000,0,1.97000,0.50968,1.97000,0,1.97000,0.577488,1.97000,0.498705,1.97000,0.498705,1.97000,0.532823,1.97000,0.660672,1.97000,0.660672,1.97000,0.62912
1.98000,0.495651,1.98000,0,1.98000,0,1.98000,0,1.98000,5.01232,1.98000,0,1.98000,0.658478,1.98000,0,1.98000,0,1.98000,0,1.98000,6.65891,1.98000,0,1.98000,10.1126,1.98000,0,1.98000,0,1.98000,0,1.98000,12,1.98000,0.66351,1.98000,0,1.98000,0.50968,1.98000,0,1.98000,0.577488,1.98000,0.495651,1.98000,0.495651,1.98000,0.534308,1.98000,0.658478,1.98000,0.658478,1.98000,0.620188
1.99000,0.492614,1.99000,0,1.99000,0,1.99000,0,1.99000,4.9816,1.99000,0,1.99000,0.656306,1.99000,0,1.99000,0,1.99000,0,1.99000,6.63695,1.99000,0,1.99000,10.1126,1.99000,0,1.99000,0,1.99000,0,1.99000,12,1.99000,0.66351,1.99000,0,1.99000,0.50968,1.99000,0,1.99000,0.577488,1.99000,0.492614,1.99000,0.492614,1.99000,0.532579,1.99000,0.656306,1.99000,0.656306,1.99000,0.615571
2.00000,0.489576,2.00000,0,2.00000,0,2.00000,0,2.00000,4.95088,2.00000,0,2.00000,0.654135,2.00000,0,2.00000,0,2.00000,0,2.00000,6.61499,2.00000,0,2.00000,10.1126,2.00000,0,2.00000,0,2.00000,0,2.00000,12,2.00000,0.66351,2.00000,0,2.00000,0.50968,2.00000,0,2.00000,0.577488,2.00000,0.489576,2.00000,0.489576,2.00000,0.53085,2.00000,0.654135,2.00000,0.654135,2.00000,0.610954
2.01000,0.48655,2.01000,0,2.01000,0,2.01000,0,2.01000,4.92028,2.01000,0,2.01000,0.651979,2.01000,0,2.01000,0,2.01000,0,2.01000,6.59319,2.01000,0,2.01000,10.1126,2.01000,0,2.01000,0,2.01000,0,2.01000,12,2.01000,0.66351,2.01000,0,2.01000,0.50968,2.01000,0,2.01000,0.577488,2.01000,0.48655,2.01000,0.48655,2.01000,0.526338,2.01000,0.651979,2.01000,0.651979,2.01000,0.610071
2.02000,0.483545,2.02000,0,2.02000,0,2.02000,0,2.02000,4.88989,2.02000,0,2.02000,0.649852,2.02000,0,2.02000,0,2.02000,0,2.02000,6.57168,2.02000,0,2.02000,10.1126,2.02000,0,2.02000,0,2.02000,0,2.02000,12,2.02000,0.66351,2.02000,0,2.02000,0.50968,2.02000,0,2.02000,0.577488,2.02000,0.483545,2.02000,0.483545,2.02000,0.516561,2.02000,0.649852,2.02000,0.649852,2.02000,0.616256
2.03000,0.48054,2.03000,0,2.03000,0,2.03000,0,2.03000,4.8595,2.03000,0,2.03000,0.647725,2.03000,0,2.03000,0,2.03000,0,2.03000,6.55017,2.03000,0,2.03000,10.1126,2.03000,0,2.03000,0,2.03000,0,2.03000,12,2.03000,0.66351,2.03000,0,2.03000,0.50968,2.03000,0,2.03000,0.577488,2.03000,0.48054,2.03000,0.48054,2.03000,0.506784,2.03000,0.647725,2.03000,0.647725,2.03000,0.622442
2.04000,0.477541,2.04000,0,2.04000,0,2.04000,0,2.04000,4.82917,2.04000,0,2.04000,0.645606,2.04000,0,2.04000,0,2.04000,0,2.04000,6.52874,2.04000,0,2.04000,10.1126,2.04000,0,2.04000,0,2.04000,0,2.04000,12,2.04000,0.66351,2.04000,0,2.04000,0.50968,2.04000,0,2.04000,0.577488,2.04000,0.477541,2.04000,0.477541,2.04000,0.49645,2.04000,0.645606,2.04000,0.645606,2.04000,0.627702
2.05000,0.474568,2.05000,0,2.05000,0,2.05000,0,2.05000,4.79911,2.05000,0,2.05000,0.643522,2.05000,0,2.05000,0,2.05000,0,2.05000,6.50767,2.05000,0,2.05000,10.1126,2.05000,0,2.05000,0,2.05000,0,2.05000,12,2.05000,0.66351,2.05000,0,2.05000,0.50968,2.05000,0,2.05000,0.577488,2.05000,0.474568,2.05000,0.474568,2.05000,0.483666,2.05000,0.643522,2.05000,0.643522,2.05000,0.628892
2.06000,0.471595,2.06000,0,2.06000,0,2.06000,0,2.06000,4.76905,2.06000,0,2.06000,0.641438,2.06000,0,2.06000,0,2.06000,0,2.06000,6.4866,2.06000,0,2.06000,10.1126,2.06000,0,2.06000,0,2.06000,0,2.06000,12,2.06000,0.66351,2.06000,0,2.06000,0.50968,2.06000,0,2.06000,0.577488,2.06000,0.471595,2.06000,0.471595,2.06000,0.470881,2.06000,0.641438,2.06000,0.641438,2.06000,0.630082
2.07000,0.468624,2.07000,0,2.07000,0,2.07000,0,2.07000,4.739,2.07000,0,2.07000,0.639356,2.07000,0,2.07000,0,2.07000,0,2.07000,6.46554,2.07000,0,2.07000,10.1126,2.07000,0,2.07000,0,2.07000,0,2.07000,12,2.07000,0.66351,2.07000,0,2.07000,0.50968,2.07000,0,2.07000,0.577488,2.07000,0.468624,2.07000,0.468624,2.07000,0.45801,2.07000,0.639356,2.07000,0.639356,2.07000,0.63113
2.08000,0.465684,2.08000,0,2.08000,0,2.08000,0,2.08000,4.70927,2.08000,0,2.08000,0.637314,2.08000,0,2.08000,0,2.08000,0,2.08000,6.44489,2.08000,0,2.08000,10.1126,2.08000,0,2.08000,0,2.08000,0,2.08000,12,2.08000,0.66351,2.08000,0,2.08000,0.50968,2.08000,0,2.08000,0.577488,2.08000,0.465684,2.08000,0.465684,2.08000,0.441764,2.08000,0.637314,2.08000,0.637314,2.08000,0.62657
2.09000,0.462744,2.09000,0,2.09000,0,2.09000,0,2.09000,4.67954,2.09000,0,2.09000,0.635272,2.09000,0,2.09000,0,2.09000,0,2.09000,6.42424,2.09000,0,2.09000,10.1126,2.09000,0,2.09000,0,2.09000,0,2.09000,12,2.09000,0.66351,2.09000,0,2.09000,0.50968,2.09000,0,2.09000,0.577488,2.09000,0.462744,2.09000,0.462744,2.09000,0.425517,2.09000,0.635272,2.09000,0.635272,2.09000,0.62201
2.10000,0.459804,2.10000,0,2.10000,0,2.10000,0,2.10000,4.64981,2.10000,0,2.10000,0.63323,2.10000,0,2.10000,0,2.10000,0,2.10000,6.40359,2.10000,0,2.10000,10.1126,2.10000,0,2.10000,0,2.10000,0,2.10000,12,2.10000,0.66351,2.10000,0,2.10000,0.50968,2.10000,0,2.10000,0.577488,2.10000,0.459804,2.10000,0.459804,2.10000,0.40927,2.10000,0.63323,2.10000,0.63323,2.10000,0.61745
2.11000,0.456893,2.11000,0,2.11000,0,2.11000,0,2.11000,4.62037,2.11000,0,2.11000,0.631223,2.11000,0,2.11000,0,2.11000,0,2.11000,6.3833,2.11000,0,2.11000,10.1126,2.11000,0,2.11000,0,2.11000,0,2.11000,12,2.11000,0.66351,2.11000,0,2.11000,0.50968,2.11000,0,2.11000,0.577488,2.11000,0.456893,2.11000,0.456893,2.11000,0.405127,2.11000,0.631223,2.11000,0.631223,2.11000,0.618601
2.12000,0.453987,2.12000,0,2.12000,0,2.12000,0,2.12000,4.59098,2.12000,0,2.12000,0.629222,2.12000,0,2.12000,0,2.12000,0,2.12000,6.36306,2.12000,0,2.12000,10.1126,2.12000,0,2.12000,0,2.12000,0,2.12000,12,2.12000,0.66351,2.12000,0,2.12000,0.50968,2.12000,0,2.12000,0.577488,2.12000,0.453987,2.12000,0.453987,2.12000,0.402886,2.12000,0.629222,2.12000,0.629222,2.12000,0.620649
2.13000,0.45108,2.13000,0,2.13000,0,2.13000,0,2.13000,4.56158,2.13000,0,2.13000,0.62722,2.13000,0,2.13000,0,2.13000,0,2.13000,6.34282,2.13000,0,2.13000,10.1126,2.13000,0,2.13000,0,2.13000,0,2.13000,12,2.13000,0.66351,2.13000,0,2.13000,0.50968,2.13000,0,2.13000,0.577488,2.13000,0.45108,2.13000,0.45108,2.13000,0.400645,2.13000,0.62722,2.13000,0.62722,2.13000,0.622697
2.14000,0.448197,2.14000,0,2.14000,0,2.14000,0,2.14000,4.53242,2.14000,0,2.14000,0.625247,2.14000,0,2.14000,0,2.14000,0,2.14000,6.32286,2.14000,0,2.14000,10.1126,2.14000,0,2.14000,0,2.14000,0,2.14000,12,2.14000,0.66351,2.14000,0,2.14000,0.50968,2.14000,0,2.14000,0.577488,2.14000,0.448197,2.14000,0.448197,2.14000,0.408984,2.14000,0.625247,2.14000,0.625247,2.14000,0.629736
2.15000,0.445323,2.15000,0,2.15000,0,2.15000,0,2.15000,4.50337,2.15000,0,2.15000,0.623285,2.15000,0,2.15000,0,2.15000,0,2.15000,6.30302,2.15000,0,2.15000,10.1126,2.15000,0,2.15000,0,2.15000,0,2.15000,12,2.15000,0.66351,2.15000,0,2.15000,0.50968,2.15000,0,2.15000,0.577488,2.15000,0.445323,2.15000,0.445323,2.15000,0.421778,2.15000,0.623285,2.15000,0.623285,2.15000,0.638877
2.16000,0.44245,2.16000,0,2.16000,0,2.16000,0,2.16000,4.47431,2.16000,0,2.16000,0.621323,2.16000,0,2.16000,0,2.16000,0,2.16000,6.28318,2.16000,0,2.16000,10.1126,2.16000,0,2.16000,0,2.16000,0,2.16000,12,2.16000,0.66351,2.16000,0,2.16000,0.50968,2.16000,0,2.16000,0.577488,2.16000,0.44245,2.16000,0.44245,2.16000,0.434572,2.16000,0.621323,2.16000,0.621323,2.16000,0.648018
2.17000,0.439594,2.17000,0,2.17000,0,2.17000,0,2.17000,4.44543,2.17000,0,2.17000,0.619382,2.17000,0,2.17000,0,2.17000,0,2.17000,6.26355,2.17000,0,2.17000,10.1126,2.17000,0,2.17000,0,2.17000,0,2.17000,12,2.17000,0.66351,2.17000,0,2.17000,0.50968,2.17000,0,2.17000,0.577488,2.17000,0.439594,2.17000,0.439594,2.17000,0.443528,2.17000,0.619382,2.17000,0.619382,2.17000,0.653582
2.18000,0.436754,2.18000,0,2.18000,0,2.18000,0,2.18000,4.41671,2.18000,0,2.18000,0.617458,2.18000,0,2.18000,0,2.18000,0,2.18000,6.2441,2.18000,0,2.18000,10.1126,2.18000,0,2.18000,0,2.18000,0,2.18000,12,2.18000,0.66351,2.18000,0,2.18000,0.50968,2.18000,0,2.18000,0.577488,2.18000,0.436754,2.18000,0.436754,2.18000,0.449258,2.18000,0.617458,2.18000,0.617458,2.18000,0.656139
2.19000,0.433914,2.19000,0,2.19000,0,2.19000,0,2.19000,4.38799,2.19000,0,2.19000,0.615535,2.19000,0,2.19000,0,2.19000,0,2.19000,6.22465,2.19000,0,2.19000,10.1126,2.19000,0,2.19000,0,2.19000,0,2.19000,12,2.19000,0.66351,2.19000,0,2.19000,0.50968,2.19000,0,2.19000,0.577488,2.19000,0.433914,2.19000,0.433914,2.19000,0.454987,2.19000,0.615535,2.19000,0.615535,2.19000,0.658697
2.20000,0.431087,2.20000,0,2.20000,0,2.20000,0,2.20000,4.3594,2.20000,0,2.20000,0.613625,2.20000,0,2.20000,0,2.20000,0,2.20000,6.20534,2.20000,0,2.20000,10.1126,2.20000,0,2.20000,0,2.20000,0,2.20000,12,2.20000,0.66351,2.20000,0,2.20000,0.50968,2.20000,0,2.20000,0.577488,2.20000,0.431087,2.20000,0.431087,2.20000,0.45801,2.20000,0.613625,2.20000,0.613625,2.20000,0.658731
2.21000,0.428281,2.21000,0,2.21000,0,2.21000,0,2.21000,4.33102,2.21000,0,2.21000,0.611739,2.21000,0,2.21000,0,2.21000,0,2.21000,6.18626,2.21000,0,2.21000,10.1126,2.21000,0,2.21000,0,2.21000,0,2.21000,12,2.21000,0.66351,2.21000,0,2.21000,0.50968,2.21000,0,2.21000,0.577488,2.21000,0.428281,2.21000,0.428281,2.21000,0.456667,2.21000,0.611739,2.21000,0.611739,2.21000,0.654697
2.22000,0.425474,2.22000,0,2.22000,0,2.22000,0,2.22000,4.30264,2.22000,0,2.22000,0.609852,2.22000,0,2.22000,0,2.22000,0,2.22000,6.16718,2.22000,0,2.22000,10.1126,2.22000,0,2.22000,0,2.22000,0,2.22000,12,2.22000,0.66351,2.22000,0,2.22000,0.50968,2.22000,0,2.22000,0.577488,2.22000,0.425474,2.22000,0.425474,2.22000,0.455323,2.22000,0.609852,2.22000,0.609852,2.22000,0.650663
2.23000,0.422675,2.23000,0,2.23000,0,2.23000,0,2.23000,4.27434,2.23000,0,2.23000,0.607974,2.23000,0,2.23000,0,2.23000,0,2.23000,6.14819,2.23000,0,2.23000,10.1126,2.23000,0,2.23000,0,2.23000,0,2.23000,12,2.23000,0.66351,2.23000,0,2.23000,0.50968,2.23000,0,2.23000,0.577488,2.23000,0.422675,2.23000,0.422675,2.23000,0.453204,2.23000,0.607974,2.23000,0.607974,2.23000,0.644953
2.24000,0.419903,2.24000,0,2.24000,0,2.24000,0,2.24000,4.2463,2.24000,0,2.24000,0.606123,2.24000,0,2.24000,0,2.24000,0,2.24000,6.12947,2.24000,0,2.24000,10.1126,2.24000,0,2.24000,0,2.24000,0,2.24000,12,2.24000,0.66351,2.24000,0,2.24000,0.50968,2.24000,0,2.24000,0.577488,2.24000,0.419903,2.24000,0.419903,2.24000,0.448367,2.24000,0.606123,2.24000,0.606123,2.24000,0.633377
2.25000,0.41713,2.25000,0,2.25000,0,2.25000,0,2.25000,4.21826,2.25000,0,2.25000,0.604273,2.25000,0,2.25000,0,2.25000,0,2.25000,6.11076,2.25000,0,2.25000,10.1126,2.25000,0,2.25000,0,2.25000,0,2.25000,12,2.25000,0.66351,2.25000,0,2.25000,0.50968,2.25000,0,2.25000,0.577488,2.25000,0.41713,2.25000,0.41713,2.25000,0.443531,2.25000,0.604273,2.25000,0.604273,2.25000,0.621801
2.26000,0.41436,2.26000,0,2.26000,0,2.26000,0,2.26000,4.19025,2.26000,0,2.26000,0.602425,2.26000,0,2.26000,0,2.26000,0,2.26000,6.09207,2.26000,0,2.26000,10.1126,2.26000,0,2.26000,0,2.26000,0,2.26000,12,2.26000,0.66351,2.26000,0,2.26000,0.50968,2.26000,0,2.26000,0.577488,2.26000,0.41436,2.26000,0.41436,2.26000,0.438493,2.26000,0.602425,2.26000,0.602425,2.26000,0.60979
2.27000,0.411621,2.27000,0,2.27000,0,2.27000,0,2.27000,4.16255,2.27000,0,2.27000,0.600609,2.27000,0,2.27000,0,2.27000,0,2.27000,6.07371,2.27000,0,2.27000,10.1126,2.27000,0,2.27000,0,2.27000,0,2.27000,12,2.27000,0.66351,2.27000,0,2.27000,0.50968,2.27000,0,2.27000,0.577488,2.27000,0.411621,2.27000,0.411621,2.27000,0.430394,2.27000,0.600609,2.27000,0.600609,2.27000,0.591171
2.28000,0.408883,2.28000,0,2.28000,0,2.28000,0,2.28000,4.13486,2.28000,0,2.28000,0.598794,2.28000,0,2.28000,0,2.28000,0,2.28000,6.05536,2.28000,0,2.28000,10.1126,2.28000,0,2.28000,0,2.28000,0,2.28000,12,2.28000,0.66351,2.28000,0,2.28000,0.50968,2.28000,0,2.28000,0.577488,2.28000,0.408883,2.28000,0.408883,2.28000,0.422296,2.28000,0.598794,2.28000,0.598794,2.28000,0.572552
2.29000,0.406144,2.29000,0,2.29000,0,2.29000,0,2.29000,4.10717,2.29000,0,2.29000,0.596979,2.29000,0,2.29000,0,2.29000,0,2.29000,6.037,2.29000,0,2.29000,10.1126,2.29000,0,2.29000,0,2.29000,0,2.29000,12,2.29000,0.66351,2.29000,0,2.29000,0.50968,2.29000,0,2.29000,0.577488,2.29000,0.406144,2.29000,0.406144,2.29000,0.414197,2.29000,0.596979,2.29000,0.596979,2.29000,0.553932
2.30000,0.403436,2.30000,0,2.30000,0,2.30000,0,2.30000,4.07978,2.30000,0,2.30000,0.595194,2.30000,0,2.30000,0,2.30000,0,2.30000,6.01895,2.30000,0,2.30000,10.1126,2.30000,0,2.30000,0,2.30000,0,2.30000,12,2.30000,0.66351,2.30000,0,2.30000,0.50968,2.30000,0,2.30000,0.577488,2.30000,0.403436,2.30000,0.403436,2.30000,0.413343,2.30000,0.595194,2.30000,0.595194,2.30000,0.548072
2.31000,0.400732,2.31000,0,2.31000,0,2.31000,0,2.31000,4.05243,2.31000,0,2.31000,0.593413,2.31000,0,2.31000,0,2.31000,0,2.31000,6.00094,2.31000,0,2.31000,10.1126,2.31000,0,2.31000,0,2.31000,0,2.31000,12,2.31000,0.66351,2.31000,0,2.31000,0.50968,2.31000,0,2.31000,0.577488,2.31000,0.400732,2.31000,0.400732,2.31000,0.413284,2.31000,0.593413,2.31000,0.593413,2.31000,0.543609
2.32000,0.398027,2.32000,0,2.32000,0,2.32000,0,2.32000,4.02509,2.32000,0,2.32000,0.591632,2.32000,0,2.32000,0,2.32000,0,2.32000,5.98292,2.32000,0,2.32000,10.1126,2.32000,0,2.32000,0,2.32000,0,2.32000,12,2.32000,0.66351,2.32000,0,2.32000,0.50968,2.32000,0,2.32000,0.577488,2.32000,0.398027,2.32000,0.398027,2.32000,0.413224,2.32000,0.591632,2.32000,0.591632,2.32000,0.539146
2.33000,0.395348,2.33000,0,2.33000,0,2.33000,0,2.33000,3.99799,2.33000,0,2.33000,0.589875,2.33000,0,2.33000,0,2.33000,0,2.33000,5.96516,2.33000,0,2.33000,10.1126,2.33000,0,2.33000,0,2.33000,0,2.33000,12,2.33000,0.66351,2.33000,0,2.33000,0.50968,2.33000,0,2.33000,0.577488,2.33000,0.395348,2.33000,0.395348,2.33000,0.418351,2.33000,0.589875,2.33000,0.589875,2.33000,0.543816
2.34000,0.392678,2.34000,0,2.34000,0,2.34000,0,2.34000,3.97099,2.34000,0,2.34000,0.588127,2.34000,0,2.34000,0,2.34000,0,2.34000,5.94748,2.34000,0,2.34000,10.1126,2.34000,0,2.34000,0,2.34000,0,2.34000,12,2.34000,0.66351,2.34000,0,2.34000,0.50968,2.34000,0,2.34000,0.577488,2.34000,0.392678,2.34000,0.392678,2.34000,0.425293,2.34000,0.588127,2.34000,0.588127,2.34000,0.551683
2.35000,0.390008,2.35000,0,2.35000,0,2.35000,0,2.35000,3.94399,2.35000,0,2.35000,0.586379,2.35000,0,2.35000,0,2.35000,0,2.35000,5.9298,2.35000,0,2.35000,10.1126,2.35000,0,2.35000,0,2.35000,0,2.35000,12,2.35000,0.66351,2.35000,0,2.35000,0.50968,2.35000,0,2.35000,0.577488,2.35000,0.390008,2.35000,0.390008,2.35000,0.432236,2.35000,0.586379,2.35000,0.586379,2.35000,0.55955
2.36000,0.387358,2.36000,0,2.36000,0,2.36000,0,2.36000,3.91719,2.36000,0,2.36000,0.584649,2.36000,0,2.36000,0,2.36000,0,2.36000,5.91232,2.36000,0,2.36000,10.1126,2.36000,0,2.36000,0,2.36000,0,2.36000,12,2.36000,0.66351,2.36000,0,2.36000,0.50968,2.36000,0,2.36000,0.577488,2.36000,0.387358,2.36000,0.387358,2.36000,0.430051,2.36000,0.584649,2.36000,0.584649,2.36000,0.566098
2.37000,0.384723,2.37000,0,2.37000,0,2.37000,0,2.37000,3.89054,2.37000,0,2.37000,0.582934,2.37000,0,2.37000,0,2.37000,0,2.37000,5.89496,2.37000,0,2.37000,10.1126,2.37000,0,2.37000,0,2.37000,0,2.37000,12,2.37000,0.66351,2.37000,0,2.37000,0.50968,2.37000,0,2.37000,0.577488,2.37000,0.384723,2.37000,0.384723,2.37000,0.421263,2.37000,0.582934,2.37000,0.582934,2.37000,0.571691
2.38000,0.382087,2.38000,0,2.38000,0,2.38000,0,2.38000,3.86389,2.38000,0,2.38000,0.581218,2.38000,0,2.38000,0,2.38000,0,2.38000,5.87761,2.38000,0,2.38000,10.1126,2.38000,0,2.38000,0,2.38000,0,2.38000,12,2.38000,0.66351,2.38000,0,2.38000,0.50968,2.38000,0,2.38000,0.577488,2.38000,0.382087,2.38000,0.382087,2.38000,0.412476,2.38000,0.581218,2.38000,0.581218,2.38000,0.577285
2.39000,0.379466,2.39000,0,2.39000,0,2.39000,0,2.39000,3.83738,2.39000,0,2.39000,0.579515,2.39000,0,2.39000,0,2.39000,0,2.39000,5.86039,2.39000,0,2.39000,10.1126,2.39000,0,2.39000,0,2.39000,0,2.39000,12,2.39000,0.66351,2.39000,0,2.39000,0.50968,2.39000,0,2.39000,0.577488,2.39000,0.379466,2.39000,0.379466,2.39000,0.398334,2.39000,0.579515,2.39000,0.579515,2.39000,0.582105
2.40000,0.376865,2.40000,0,2.40000,0,2.40000,0,2.40000,3.81108,2.40000,0,2.40000,0.57783,2.40000,0,2.40000,0,2.40000,0,2.40000,5.84336,2.40000,0,2.40000,10.1126,2.40000,0,2.40000,0,2.40000,0,2.40000,12,2.40000,0.66351,2.40000,0,2.40000,0.50968,2.40000,0,2.40000,0.577488,2.40000,0.376865,2.40000,0.376865,2.40000,0.376791,2.40000,0.57783,2.40000,0.57783,2.40000,0.585855
2.41000,0.374264,2.41000,0,2.41000,0,2.41000,0,2.41000,3.78477,2.41000,0,2.41000,0.576146,2.41000,0,2.41000,0,2.41000,0,2.41000,5.82632,2.41000,0,2.41000,10.1126,2.41000,0,2.41000,0,2.41000,0,2.41000,12,2.41000,0.66351,2.41000,0,2.41000,0.50968,2.41000,0,2.41000,0.577488,2.41000,0.374264,2.41000,0.374264,2.41000,0.355248,2.41000,0.576146,2.41000,0.576146,2.41000,0.589606
2.42000,0.371454,2.42000,0,2.42000,0,2.42000,0,2.42000,3.75636,2.42000,0,2.42000,0.57433,2.42000,0,2.42000,0,2.42000,0,2.42000,5.80796,2.42000,0,2.42000,10.1126,2.42000,0,2.42000,0,2.42000,0,2.42000,12,2.42000,0.66351,2.42000,0,2.42000,0.50968,2.42000,0,2.42000,0.577488,2.42000,0.371454,2.42000,0.371454,2.42000,0.336962,2.42000,0.57433,2.42000,0.57433,2.42000,0.591683
2.43000,0.368048,2.43000,0,2.43000,0,2.43000,0,2.43000,3.72191,2.43000,0,2.43000,0.572138,2.43000,0,2.43000,0,2.43000,0,2.43000,5.78579,2.43000,0,2.43000,10.1126,2.43000,0,2.43000,0,2.43000,0,2.43000,12,2.43000,0.66351,2.43000,0,2.43000,0.50968,2.43000,0,2.43000,0.577488,2.43000,0.368048,2.43000,0.368048,2.43000,0.327982,2.43000,0.572138,2.43000,0.572138,2.43000,0.58898
2.44000,0.364641,2.44000,0,2.44000,0,2.44000,0,2.44000,3.68747,2.44000,0,2.44000,0.569945,2.44000,0,2.44000,0,2.44000,0,2.44000,5.76362,2.44000,0,2.44000,10.1126,2.44000,0,2.44000,0,2.44000,0,2.44000,12,2.44000,0.66351,2.44000,0,2.44000,0.50968,2.44000,0,2.44000,0.577488,2.44000,0.364641,2.44000,0.364641,2.44000,0.319002,2.44000,0.569945,2.44000,0.569945,2.44000,0.586276
2.45000,0.361243,2.45000,0,2.45000,0,2.45000,0,2.45000,3.6531,2.45000,0,2.45000,0.56776,2.45000,0,2.45000,0,2.45000,0,2.45000,5.74152,2.45000,0,2.45000,10.1126,2.45000,0,2.45000,0,2.45000,0,2.45000,12,2.45000,0.66351,2.45000,0,2.45000,0.50968,2.45000,0,2.45000,0.577488,2.45000,0.361243,2.45000,0.361243,2.45000,0.310959,2.45000,0.56776,2.45000,0.56776,2.45000,0.583091
2.46000,0.357919,2.46000,0,2.46000,0,2.46000,0,2.46000,3.61949,2.46000,0,2.46000,0.565636,2.46000,0,2.46000,0,2.46000,0,2.46000,5.72004,2.46000,0,2.46000,10.1126,2.46000,0,2.46000,0,2.46000,0,2.46000,12,2.46000,0.66351,2.46000,0,2.46000,0.50968,2.46000,0,2.46000,0.577488,2.46000,0.357919,2.46000,0.357919,2.46000,0.311472,2.46000,0.565636,2.46000,0.565636,2.46000,0.575511
2.47000,0.354595,2.47000,0,2.47000,0,2.47000,0,2.47000,3.58587,2.47000,0,2.47000,0.563512,2.47000,0,2.47000,0,2.47000,0,2.47000,5.69857,2.47000,0,2.47000,10.1126,2.47000,0,2.47000,0,2.47000,0,2.47000,12,2.47000,0.66351,2.47000,0,2.47000,0.50968,2.47000,0,2.47000,0.577488,2.47000,0.354595,2.47000,0.354595,2.47000,0.311985,2.47000,0.563512,2.47000,0.563512,2.47000,0.567931
2.48000,0.351271,2.48000,0,2.48000,0,2.48000,0,2.48000,3.55226,2.48000,0,2.48000,0.561389,2.48000,0,2.48000,0,2.48000,0,2.48000,5.67709,2.48000,0,2.48000,10.1126,2.48000,0,2.48000,0,2.48000,0,2.48000,12,2.48000,0.66351,2.48000,0,2.48000,0.50968,2.48000,0,2.48000,0.577488,2.48000,0.351271,2.48000,0.351271,2.48000,0.312497,2.48000,0.561389,2.48000,0.561389,2.48000,0.560351
2.49000,0.347947,2.49000,0,2.49000,0,2.49000,0,2.49000,3.51865,2.49000,0,2.49000,0.559265,2.49000,0,2.49000,0,2.49000,0,2.49000,5.65561,2.49000,0,2.49000,10.1126,2.49000,0,2.49000,0,2.49000,0,2.49000,12,2.49000,0.66351,2.49000,0,2.49000,0.50968,2.49000,0,2.49000,0.577488,2.49000,0.347947,2.49000,0.347947,2.49000,0.31301,2.49000,0.559265,2.49000,0.559265,2.49000,0.55277
2.50000,0.345414,2.50000,0,2.50000,0,2.50000,0,2.50000,3.49302,2.50000,0,2.50000,0.557655,2.50000,0,2.50000,0,2.50000,0,2.50000,5.63933,2.50000,0,2.50000,10.1126,2.50000,0,2.50000,0,2.50000,0,2.50000,12,2.50000,0.66351,2.50000,0,2.50000,0.50968,2.50000,0,2.50000,0.577488,2.50000,0.345414,2.50000,0.345414,2.50000,0.318225,2.50000,0.557655,2.50000,0.557655,2.50000,0.545733
2.51000,0.342983,2.51000,0,2.51000,0,2.51000,0,2.51000,3.46844,2.51000,0,2.51000,0.556111,2.51000,0,2.51000,0,2.51000,0,2.51000,5.62372,2.51000,0,2.51000,10.1126,2.51000,0,2.51000,0,2.51000,0,2.51000,12,2.51000,0.66351,2.51000,0,2.51000,0.50968,2.51000,0,2.51000,0.577488,2.51000,0.342983,2.51000,0.342983,2.51000,0.324053,2.51000,0.556111,2.51000,0.556111,2.51000,0.538767
2.52000,0.340552,2.52000,0,2.52000,0,2.52000,0,2.52000,3.44386,2.52000,0,2.52000,0.554567,2.52000,0,2.52000,0,2.52000,0,2.52000,5.60811,2.52000,0,2.52000,10.1126,2.52000,0,2.52000,0,2.52000,0,2.52000,12,2.52000,0.66351,2.52000,0,2.52000,0.50968,2.52000,0,2.52000,0.577488,2.52000,0.340552,2.52000,0.340552,2.52000,0.32988,2.52000,0.554567,2.52000,0.554567,2.52000,0.5318
2.53000,0.338121,2.53000,0,2.53000,0,2.53000,0,2.53000,3.41928,2.53000,0,2.53000,0.553023,2.53000,0,2.53000,0,2.53000,0,2.53000,5.59249,2.53000,0,2.53000,10.1126,2.53000,0,2.53000,0,2.53000,0,2.53000,12,2.53000,0.66351,2.53000,0,2.53000,0.50968,2.53000,0,2.53000,0.577488,2.53000,0.338121,2.53000,0.338121,2.53000,0.335708,2.53000,0.553023,2.53000,0.553023,2.53000,0.524833
2.54000,0.33569,2.54000,0,2.54000,0,2.54000,0,2.54000,3.39469,2.54000,0,2.54000,0.55148,2.54000,0,2.54000,0,2.54000,0,2.54000,5.57688,2.54000,0,2.54000,10.1126,2.54000,0,2.54000,0,2.54000,0,2.54000,12,2.54000,0.66351,2.54000,0,2.54000,0.50968,2.54000,0,2.54000,0.577488,2.54000,0.33569,2.54000,0.33569,2.54000,0.341536,2.54000,0.55148,2.54000,0.55148,2.54000,0.517867
2.55000,0.333276,2.55000,0,2.55000,0,2.55000,0,2.55000,3.37028,2.55000,0,2.55000,0.549948,2.55000,0,2.55000,0,2.55000,0,2.55000,5.5614,2.55000,0,2.55000,10.1126,2.55000,0,2.55000,0,2.55000,0,2.55000,12,2.55000,0.66351,2.55000,0,2.55000,0.50968,2.55000,0,2.55000,0.577488,2.55000,0.333276,2.55000,0.333276,2.55000,0.340685,2.55000,0.549948,2.55000,0.549948,2.55000,0.515026
2.56000,0.330907,2.56000,0,2.56000,0,2.56000,0,2.56000,3.34633,2.56000,0,2.56000,0.548451,2.56000,0,2.56000,0,2.56000,0,2.56000,5.54626,2.56000,0,2.56000,10.1126,2.56000,0,2.56000,0,2.56000,0,2.56000,12,2.56000,0.66351,2.56000,0,2.56000,0.50968,2.56000,0,2.56000,0.577488,2.56000,0.330907,2.56000,0.330907,2.56000,0.321418,2.56000,0.548451,2.56000,0.548451,2.56000,0.523562
2.57000,0.328539,2.57000,0,2.57000,0,2.57000,0,2.57000,3.32237,2.57000,0,2.57000,0.546955,2.57000,0,2.57000,0,2.57000,0,2.57000,5.53112,2.57000,0,2.57000,10.1126,2.57000,0,2.57000,0,2.57000,0,2.57000,12,2.57000,0.66351,2.57000,0,2.57000,0.50968,2.57000,0,2.57000,0.577488,2.57000,0.328539,2.57000,0.328539,2.57000,0.30215,2.57000,0.546955,2.57000,0.546955,2.57000,0.532099
2.58000,0.32617,2.58000,0,2.58000,0,2.58000,0,2.58000,3.29842,2.58000,0,2.58000,0.545458,2.58000,0,2.58000,0,2.58000,0,2.58000,5.51599,2.58000,0,2.58000,10.1126,2.58000,0,2.58000,0,2.58000,0,2.58000,12,2.58000,0.66351,2.58000,0,2.58000,0.50968,2.58000,0,2.58000,0.577488,2.58000,0.32617,2.58000,0.32617,2.58000,0.282883,2.58000,0.545458,2.58000,0.545458,2.58000,0.540635
2.59000,0.323801,2.59000,0,2.59000,0,2.59000,0,2.59000,3.27447,2.59000,0,2.59000,0.543961,2.59000,0,2.59000,0,2.59000,0,2.59000,5.50085,2.59000,0,2.59000,10.1126,2.59000,0,2.59000,0,2.59000,0,2.59000,12,2.59000,0.66351,2.59000,0,2.59000,0.50968,2.59000,0,2.59000,0.577488,2.59000,0.323801,2.59000,0.323801,2.59000,0.263616,2.59000,0.543961,2.59000,0.543961,2.59000,0.549172
2.60000,0.321433,2.60000,0,2.60000,0,2.60000,0,2.60000,3.25052,2.60000,0,2.60000,0.542464,2.60000,0,2.60000,0,2.60000,0,2.60000,5.48571,2.60000,0,2.60000,10.1126,2.60000,0,2.60000,0,2.60000,0,2.60000,12,2.60000,0.66351,2.60000,0,2.60000,0.50968,2.60000,0,2.60000,0.577488,2.60000,0.321433,2.60000,0.321433,2.60000,0.244349,2.60000,0.542464,2.60000,0.542464,2.60000,0.557708
2.61000,0.319105,2.61000,0,2.61000,0,2.61000,0,2.61000,3.22697,2.61000,0,2.61000,0.540996,2.61000,0,2.61000,0,2.61000,0,2.61000,5.47087,2.61000,0,2.61000,10.1126,2.61000,0,2.61000,0,2.61000,0,2.61000,12,2.61000,0.66351,2.61000,0,2.61000,0.50968,2.61000,0,2.61000,0.577488,2.61000,0.319105,2.61000,0.319105,2.61000,0.231286,2.61000,0.540996,2.61000,0.540996,2.61000,0.553366
2.62000,0.316799,2.62000,0,2.62000,0,2.62000,0,2.62000,3.20365,2.62000,0,2.62000,0.539544,2.62000,0,2.62000,0,2.62000,0,2.62000,5.45618,2.62000,0,2.62000,10.1126,2.62000,0,2.62000,0,2.62000,0,2.62000,12,2.62000,0.66351,2.62000,0,2.62000,0.50968,2.62000,0,2.62000,0.577488,2.62000,0.316799,2.62000,0.316799,2.62000,0.221602,2.62000,0.539544,2.62000,0.539544,2.62000,0.542011
2.63000,0.314492,2.63000,0,2.63000,0,2.63000,0,2.63000,3.18033,2.63000,0,2.63000,0.538092,2.63000,0,2.63000,0,2.63000,0,2.63000,5.4415,2.63000,0,2.63000,10.1126,2.63000,0,2.63000,0,2.63000,0,2.63000,12,2.63000,0.66351,2.63000,0,2.63000,0.50968,2.63000,0,2.63000,0.577488,2.63000,0.314492,2.63000,0.314492,2.63000,0.211919,2.63000,0.538092,2.63000,0.538092,2.63000,0.530657
2.64000,0.312186,2.64000,0,2.64000,0,2.64000,0,2.64000,3.15701,2.64000,0,2.64000,0.536639,2.64000,0,2.64000,0,2.64000,0,2.64000,5.42681,2.64000,0,2.64000,10.1126,2.64000,0,2.64000,0,2.64000,0,2.64000,12,2.64000,0.66351,2.64000,0,2.64000,0.50968,2.64000,0,2.64000,0.577488,2.64000,0.312186,2.64000,0.312186,2.64000,0.202235,2.64000,0.536639,2.64000,0.536639,2.64000,0.519303
2.65000,0.30988,2.65000,0,2.65000,0,2.65000,0,2.65000,3.13369,2.65000,0,2.65000,0.535187,2.65000,0,2.65000,0,2.65000,0,2.65000,5.41213,2.65000,0,2.65000,10.1126,2.65000,0,2.65000,0,2.65000,0,2.65000,12,2.65000,0.66351,2.65000,0,2.65000,0.50968,2.65000,0,2.65000,0.577488,2.65000,0.30988,2.65000,0.30988,2.65000,0.192551,2.65000,0.535187,2.65000,0.535187,2.65000,0.507948
2.66000,0.307576,2.66000,0,2.66000,0,2.66000,0,2.66000,3.11039,2.66000,0,2.66000,0.533736,2.66000,0,2.66000,0,2.66000,0,2.66000,5.39745,2.66000,0,2.66000,10.1126,2.66000,0,2.66000,0,2.66000,0,2.66000,12,2.66000,0.66351,2.66000,0,2.66000,0.50968,2.66000,0,2.66000,0.577488,2.66000,0.307576,2.66000,0.307576,2.66000,0.183485,2.66000,0.533736,2.66000,0.533736,2.66000,0.497043
2.67000,0.305332,2.67000,0,2.67000,0,2.67000,0,2.67000,3.0877,2.67000,0,2.67000,0.532327,2.67000,0,2.67000,0,2.67000,0,2.67000,5.3832,2.67000,0,2.67000,10.1126,2.67000,0,2.67000,0,2.67000,0,2.67000,12,2.67000,0.66351,2.67000,0,2.67000,0.50968,2.67000,0,2.67000,0.577488,2.67000,0.305332,2.67000,0.305332,2.67000,0.19524,2.67000,0.532327,2.67000,0.532327,2.67000,0.50129
2.68000,0.303089,2.68000,0,2.68000,0,2.68000,0,2.68000,3.06501,2.68000,0,2.68000,0.530917,2.68000,0,2.68000,0,2.68000,0,2.68000,5.36895,2.68000,0,2.68000,10.1126,2.68000,0,2.68000,0,2.68000,0,2.68000,12,2.68000,0.66351,2.68000,0,2.68000,0.50968,2.68000,0,2.68000,0.577488,2.68000,0.303089,2.68000,0.303089,2.68000,0.206995,2.68000,0.530917,2.68000,0.530917,2.68000,0.505537
2.69000,0.300845,2.69000,0,2.69000,0,2.69000,0,2.69000,3.04232,2.69000,0,2.69000,0.529508,2.69000,0,2.69000,0,2.69000,0,2.69000,5.35469,2.69000,0,2.69000,10.1126,2.69000,0,2.69000,0,2.69000,0,2.69000,12,2.69000,0.66351,2.69000,0,2.69000,0.50968,2.69000,0,2.69000,0.577488,2.69000,0.300845,2.69000,0.300845,2.69000,0.21875,2.69000,0.529508,2.69000,0.529508,2.69000,0.509784
2.70000,0.298601,2.70000,0,2.70000,0,2.70000,0,2.70000,3.01963,2.70000,0,2.70000,0.528099,2.70000,0,2.70000,0,2.70000,0,2.70000,5.34044,2.70000,0,2.70000,10.1126,2.70000,0,2.70000,0,2.70000,0,2.70000,12,2.70000,0.66351,2.70000,0,2.70000,0.50968,2.70000,0,2.70000,0.577488,2.70000,0.298601,2.70000,0.298601,2.70000,0.230506,2.70000,0.528099,2.70000,0.528099,2.70000,0.51403
2.71000,0.296358,2.71000,0,2.71000,0,2.71000,0,2.71000,2.99694,2.71000,0,2.71000,0.526689,2.71000,0,2.71000,0,2.71000,0,2.71000,5.32619,2.71000,0,2.71000,10.1126,2.71000,0,2.71000,0,2.71000,0,2.71000,12,2.71000,0.66351,2.71000,0,2.71000,0.50968,2.71000,0,2.71000,0.577488,2.71000,0.296358,2.71000,0.296358,2.71000,0.242261,2.71000,0.526689,2.71000,0.526689,2.71000,0.518277
2.72000,0.29414,2.72000,0,2.72000,0,2.72000,0,2.72000,2.97451,2.72000,0,2.72000,0.525297,2.72000,0,2.72000,0,2.72000,0,2.72000,5.31211,2.72000,0,2.72000,10.1126,2.72000,0,2.72000,0,2.72000,0,2.72000,12,2.72000,0.66351,2.72000,0,2.72000,0.50968,2.72000,0,2.72000,0.577488,2.72000,0.29414,2.72000,0.29414,2.72000,0.251805,2.72000,0.525297,2.72000,0.525297,2.72000,0.524317
2.73000,0.291959,2.73000,0,2.73000,0,2.73000,0,2.73000,2.95246,2.73000,0,2.73000,0.523928,2.73000,0,2.73000,0,2.73000,0,2.73000,5.29827,2.73000,0,2.73000,10.1126,2.73000,0,2.73000,0,2.73000,0,2.73000,12,2.73000,0.66351,2.73000,0,2.73000,0.50968,2.73000,0,2.73000,0.577488,2.73000,0.291959,2.73000,0.291959,2.73000,0.258171,2.73000,0.523928,2.73000,0.523928,2.73000,0.532936
2.74000,0.289778,2.74000,0,2.74000,0,2.74000,0,2.74000,2.9304,2.74000,0,2.74000,0.52256,2.74000,0,2.74000,0,2.74000,0,2.74000,5.28443,2.74000,0,2.74000,10.1126,2.74000,0,2.74000,0,2.74000,0,2.74000,12,2.74000,0.66351,2.74000,0,2.74000,0.50968,2.74000,0,2.74000,0.577488,2.74000,0.289778,2.74000,0.289778,2.74000,0.264537,2.74000,0.52256,2.74000,0.52256,2.74000,0.541555
2.75000,0.287597,2.75000,0,2.75000,0,2.75000,0,2.75000,2.90835,2.75000,0,2.75000,0.521191,2.75000,0,2.75000,0,2.75000,0,2.75000,5.27059,2.75000,0,2.75000,10.1126,2.75000,0,2.75000,0,2.75000,0,2.75000,12,2.75000,0.66351,2.75000,0,2.75000,0.50968,2.75000,0,2.75000,0.577488,2.75000,0.287597,2.75000,0.287597,2.75000,0.270903,2.75000,0.521191,2.75000,0.521191,2.75000,0.550174
2.76000,0.285416,2.76000,0,2.76000,0,2.76000,0,2.76000,2.88629,2.76000,0,2.76000,0.519823,2.76000,0,2.76000,0,2.76000,0,2.76000,5.25675,2.76000,0,2.76000,10.1126,2.76000,0,2.76000,0,2.76000,0,2.76000,12,2.76000,0.66351,2.76000,0,2.76000,0.50968,2.76000,0,2.76000,0.577488,2.76000,0.285416,2.76000,0.285416,2.76000,0.27727,2.76000,0.519823,2.76000,0.519823,2.76000,0.558793
2.77000,0.283235,2.77000,0,2.77000,0,2.77000,0,2.77000,2.86424,2.77000,0,2.77000,0.518454,2.77000,0,2.77000,0,2.77000,0,2.77000,5.24291,2.77000,0,2.77000,10.1126,2.77000,0,2.77000,0,2.77000,0,2.77000,12,2.77000,0.66351,2.77000,0,2.77000,0.50968,2.77000,0,2.77000,0.577488,2.77000,0.283235,2.77000,0.283235,2.77000,0.283636,2.77000,0.518454,2.77000,0.518454,2.77000,0.567412
2.78000,0.281103,2.78000,0,2.78000,0,2.78000,0,2.78000,2.84268,2.78000,0,2.78000,0.517117,2.78000,0,2.78000,0,2.78000,0,2.78000,5.22939,2.78000,0,2.78000,10.1126,2.78000,0,2.78000,0,2.78000,0,2.78000,12,2.78000,0.66351,2.78000,0,2.78000,0.50968,2.78000,0,2.78000,0.577488,2.78000,0.281103,2.78000,0.281103,2.78000,0.284364,2.78000,0.517117,2.78000,0.517117,2.78000,0.565742
2.79000,0.278985,2.79000,0,2.79000,0,2.79000,0,2.79000,2.82126,2.79000,0,2.79000,0.515787,2.79000,0,2.79000,0,2.79000,0,2.79000,5.21594,2.79000,0,2.79000,10.1126,2.79000,0,2.79000,0,2.79000,0,2.79000,12,2.79000,0.66351,2.79000,0,2.79000,0.50968,2.79000,0,2.79000,0.577488,2.79000,0.278985,2.79000,0.278985,2.79000,0.283607,2.79000,0.515787,2.79000,0.515787,2.79000,0.561361
2.80000,0.276866,2.80000,0,2.80000,0,2.80000,0,2.80000,2.79983,2.80000,0,2.80000,0.514458,2.80000,0,2.80000,0,2.80000,0,2.80000,5.2025,2.80000,0,2.80000,10.1126,2.80000,0,2.80000,0,2.80000,0,2.80000,12,2.80000,0.66351,2.80000,0,2.80000,0.50968,2.80000,0,2.80000,0.577488,2.80000,0.276866,2.80000,0.276866,2.80000,0.28285,2.80000,0.514458,2.80000,0.514458,2.80000,0.55698
2.81000,0.274748,2.81000,0,2.81000,0,2.81000,0,2.81000,2.77841,2.81000,0,2.81000,0.513129,2.81000,0,2.81000,0,2.81000,0,2.81000,5.18906,2.81000,0,2.81000,10.1126,2.81000,0,2.81000,0,2.81000,0,2.81000,12,2.81000,0.66351,2.81000,0,2.81000,0.50968,2.81000,0,2.81000,0.577488,2.81000,0.274748,2.81000,0.274748,2.81000,0.282093,2.81000,0.513129,2.81000,0.513129,2.81000,0.552599
2.82000,0.272629,2.82000,0,2.82000,0,2.82000,0,2.82000,2.75698,2.82000,0,2.82000,0.5118,2.82000,0,2.82000,0,2.82000,0,2.82000,5.17561,2.82000,0,2.82000,10.1126,2.82000,0,2.82000,0,2.82000,0,2.82000,12,2.82000,0.66351,2.82000,0,2.82000,0.50968,2.82000,0,2.82000,0.577488,2.82000,0.272629,2.82000,0.272629,2.82000,0.281336,2.82000,0.5118,2.82000,0.5118,2.82000,0.548219
2.83000,0.270521,2.83000,0,2.83000,0,2.83000,0,2.83000,2.73567,2.83000,0,2.83000,0.510477,2.83000,0,2.83000,0,2.83000,0,2.83000,5.16224,2.83000,0,2.83000,10.1126,2.83000,0,2.83000,0,2.83000,0,2.83000,12,2.83000,0.66351,2.83000,0,2.83000,0.50968,2.83000,0,2.83000,0.577488,2.83000,0.270521,2.83000,0.270521,2.83000,0.282148,2.83000,0.510477,2.83000,0.510477,2.83000,0.543994
2.84000,0.268465,2.84000,0,2.84000,0,2.84000,0,2.84000,2.71488,2.84000,0,2.84000,0.509185,2.84000,0,2.84000,0,2.84000,0,2.84000,5.14917,2.84000,0,2.84000,10.1126,2.84000,0,2.84000,0,2.84000,0,2.84000,12,2.84000,0.66351,2.84000,0,2.84000,0.50968,2.84000,0,2.84000,0.577488,2.84000,0.268465,2.84000,0.268465,2.84000,0.290472,2.84000,0.509185,2.84000,0.509185,2.84000,0.540519
2.85000,0.266409,2.85000,0,2.85000,0,2.85000,0,2.85000,2.69408,2.85000,0,2.85000,0.507893,2.85000,0,2.85000,0,2.85000,0,2.85000,5.13611,2.85000,0,2.85000,10.1126,2.85000,0,2.85000,0,2.85000,0,2.85000,12,2.85000,0.66351,2.85000,0,2.85000,0.50968,2.85000,0,2.85000,0.577488,2.85000,0.266409,2.85000,0.266409,2.85000,0.298795,2.85000,0.507893,2.85000,0.507893,2.85000,0.537044
2.86000,0.264353,2.86000,0,2.86000,0,2.86000,0,2.86000,2.67329,2.86000,0,2.86000,0.506601,2.86000,0,2.86000,0,2.86000,0,2.86000,5.12305,2.86000,0,2.86000,10.1126,2.86000,0,2.86000,0,2.86000,0,2.86000,12,2.86000,0.66351,2.86000,0,2.86000,0.50968,2.86000,0,2.86000,0.577488,2.86000,0.264353,2.86000,0.264353,2.86000,0.307118,2.86000,0.506601,2.86000,0.506601,2.86000,0.533569
2.87000,0.262297,2.87000,0,2.87000,0,2.87000,0,2.87000,2.6525,2.87000,0,2.87000,0.505309,2.87000,0,2.87000,0,2.87000,0,2.87000,5.10998,2.87000,0,2.87000,10.1126,2.87000,0,2.87000,0,2.87000,0,2.87000,12,2.87000,0.66351,2.87000,0,2.87000,0.50968,2.87000,0,2.87000,0.577488,2.87000,0.262297,2.87000,0.262297,2.87000,0.315441,2.87000,0.505309,2.87000,0.505309,2.87000,0.530094
2.88000,0.26024,2.88000,0,2.88000,0,2.88000,0,2.88000,2.6317,2.88000,0,2.88000,0.504018,2.88000,0,2.88000,0,2.88000,0,2.88000,5.09692,2.88000,0,2.88000,10.1126,2.88000,0,2.88000,0,2.88000,0,2.88000,12,2.88000,0.66351,2.88000,0,2.88000,0.50968,2.88000,0,2.88000,0.577488,2.88000,0.26024,2.88000,0.26024,2.88000,0.323765,2.88000,0.504018,2.88000,0.504018,2.88000,0.526619
2.89000,0.258219,2.89000,0,2.89000,0,2.89000,0,2.89000,2.61126,2.89000,0,2.89000,0.502746,2.89000,0,2.89000,0,2.89000,0,2.89000,5.08406,2.89000,0,2.89000,10.1126,2.89000,0,2.89000,0,2.89000,0,2.89000,12,2.89000,0.66351,2.89000,0,2.89000,0.50968,2.89000,0,2.89000,0.577488,2.89000,0.258219,2.89000,0.258219,2.89000,0.324025,2.89000,0.502746,2.89000,0.502746,2.89000,0.526241
2.90000,0.256225,2.90000,0,2.90000,0,2.90000,0,2.90000,2.59109,2.90000,0,2.90000,0.50149,2.90000,0,2.90000,0,2.90000,0,2.90000,5.07136,2.90000,0,2.90000,10.1126,2.90000,0,2.90000,0,2.90000,0,2.90000,12,2.90000,0.66351,2.90000,0,2.90000,0.50968,2.90000,0,2.90000,0.577488,2.90000,0.256225,2.90000,0.256225,2.90000,0.317799,2.90000,0.50149,2.90000,0.50149,2.90000,0.528355
2.91000,0.254231,2.91000,0,2.91000,0,2.91000,0,2.91000,2.57093,2.91000,0,2.91000,0.500234,2.91000,0,2.91000,0,2.91000,0,2.91000,5.05866,2.91000,0,2.91000,10.1126,2.91000,0,2.91000,0,2.91000,0,2.91000,12,2.91000,0.66351,2.91000,0,2.91000,0.50968,2.91000,0,2.91000,0.577488,2.91000,0.254231,2.91000,0.254231,2.91000,0.311572,2.91000,0.500234,2.91000,0.500234,2.91000,0.530468
2.92000,0.252236,2.92000,0,2.92000,0,2.92000,0,2.92000,2.55076,2.92000,0,2.92000,0.498978,2.92000,0,2.92000,0,2.92000,0,2.92000,5.04596,2.92000,0,2.92000,10.1126,2.92000,0,2.92000,0,2.92000,0,2.92000,12,2.92000,0.66351,2.92000,0,2.92000,0.50968,2.92000,0,2.92000,0.577488,2.92000,0.252236,2.92000,0.252236,2.92000,0.305346,2.92000,0.498978,2.92000,0.498978,2.92000,0.532582
2.93000,0.250242,2.93000,0,2.93000,0,2.93000,0,2.93000,2.5306,2.93000,0,2.93000,0.497722,2.93000,0,2.93000,0,2.93000,0,2.93000,5.03326,2.93000,0,2.93000,10.1126,2.93000,0,2.93000,0,2.93000,0,2.93000,12,2.93000,0.66351,2.93000,0,2.93000,0.50968,2.93000,0,2.93000,0.577488,2.93000,0.250242,2.93000,0.250242,2.93000,0.29912,2.93000,0.497722,2.93000,0.497722,2.93000,0.534696
2.94000,0.248248,2.94000,0,2.94000,0,2.94000,0,2.94000,2.51043,2.94000,0,2.94000,0.496467,2.94000,0,2.94000,0,2.94000,0,2.94000,5.02056,2.94000,0,2.94000,10.1126,2.94000,0,2.94000,0,2.94000,0,2.94000,12,2.94000,0.66351,2.94000,0,2.94000,0.50968,2.94000,0,2.94000,0.577488,2.94000,0.248248,2.94000,0.248248,2.94000,0.292894,2.94000,0.496467,2.94000,0.496467,2.94000,0.53681
2.95000,0.246312,2.95000,0,2.95000,0,2.95000,0,2.95000,2.49085,2.95000,0,2.95000,0.495243,2.95000,0,2.95000,0,2.95000,0,2.95000,5.00819,2.95000,0,2.95000,10.1126,2.95000,0,2.95000,0,2.95000,0,2.95000,12,2.95000,0.66351,2.95000,0,2.95000,0.50968,2.95000,0,2.95000,0.577488,2.95000,0.246312,2.95000,0.246312,2.95000,0.289173,2.95000,0.495243,2.95000,0.495243,2.95000,0.517782
2.96000,0.24438,2.96000,0,2.96000,0,2.96000,0,2.96000,2.47131,2.96000,0,2.96000,0.494022,2.96000,0,2.96000,0,2.96000,0,2.96000,4.99583,2.96000,0,2.96000,10.1126,2.96000,0,2.96000,0,2.96000,0,2.96000,12,2.96000,0.66351,2.96000,0,2.96000,0.50968,2.96000,0,2.96000,0.577488,2.96000,0.24438,2.96000,0.24438,2.96000,0.285626,2.96000,0.494022,2.96000,0.494022,2.96000,0.497297
2.97000,0.242448,2.97000,0,2.97000,0,2.97000,0,2.97000,2.45177,2.97000,0,2.97000,0.4928,2.97000,0,2.97000,0,2.97000,0,2.97000,4.98348,2.97000,0,2.97000,10.1126,2.97000,0,2.97000,0,2.97000,0,2.97000,12,2.97000,0.66351,2.97000,0,2.97000,0.50968,2.97000,0,2.97000,0.577488,2.97000,0.242448,2.97000,0.242448,2.97000,0.282078,2.97000,0.4928,2.97000,0.4928,2.97000,0.476812
2.98000,0.240516,2.98000,0,2.98000,0,2.98000,0,2.98000,2.43223,2.98000,0,2.98000,0.491579,2.98000,0,2.98000,0,2.98000,0,2.98000,4.97113,2.98000,0,2.98000,10.1126,2.98000,0,2.98000,0,2.98000,0,2.98000,12,2.98000,0.66351,2.98000,0,2.98000,0.50968,2.98000,0,2.98000,0.577488,2.98000,0.240516,2.98000,0.240516,2.98000,0.278531,2.98000,0.491579,2.98000,0.491579,2.98000,0.456327
2.99000,0.238583,2.99000,0,2.99000,0,2.99000,0,2.99000,2.41269,2.99000,0,2.99000,0.490358,2.99000,0,2.99000,0,2.99000,0,2.99000,4.95878,2.99000,0,2.99000,10.1126,2.99000,0,2.99000,0,2.99000,0,2.99000,12,2.99000,0.66351,2.99000,0,2.99000,0.50968,2.99000,0,2.99000,0.577488,2.99000,0.238583,2.99000,0.238583,2.99000,0.274983,2.99000,0.490358,2.99000,0.490358,2.99000,0.435843
3.00000,0.236671,3.00000,0,3.00000,0,3.00000,0,3.00000,2.39335,3.00000,0,3.00000,0.489147,3.00000,0,3.00000,0,3.00000,0,3.00000,4.94654,3.00000,0,3.00000,10.1126,3.00000,0,3.00000,0,3.00000,0,3.00000,12,3.00000,0.66351,3.00000,0,3.00000,0.50968,3.00000,0,3.00000,0.577488,3.00000,0.236671,3.00000,0.236671,3.00000,0.27205,3.00000,0.489147,3.00000,0.489147,3.00000,0.423878
3.01000,0.2348,3.01000,0,3.01000,0,3.01000,0,3.01000,2.37443,3.01000,0,3.01000,0.487958,3.01000,0,3.01000,0,3.01000,0,3.01000,4.93452,3.01000,0,3.01000,10.1126,3.01000,0,3.01000,0,3.01000,0,3.01000,12,3.01000,0.66351,3.01000,0,3.01000,0.50968,3.01000,0,3.01000,0.577488,3.01000,0.2348,3.01000,0.2348,3.01000,0.27044,3.01000,0.487958,3.01000,0.487958,3.01000,0.430283
3.02000,0.232929,3.02000,0,3.02000,0,3.02000,0,3.02000,2.35552,3.02000,0,3.02000,0.48677,3.02000,0,3.02000,0,3.02000,0,3.02000,4.9225,3.02000,0,3.02000,10.1126,3.02000,0,3.02000,0,3.02000,0,3.02000,12,3.02000,0.66351,3.02000,0,3.02000,0.50968,3.02000,0,3.02000,0.577488,3.02000,0.232929,3.02000,0.232929,3.02000,0.268831,3.02000,0.48677,3.02000,0.48677,3.02000,0.436688
3.03000,0.231058,3.03000,0,3.03000,0,3.03000,0,3.03000,2.3366,3.03000,0,3.03000,0.485582,3.03000,0,3.03000,0,3.03000,0,3.03000,4.91049,3.03000,0,3.03000,10.1126,3.03000,0,3.03000,0,3.03000,0,3.03000,12,3.03000,0.66351,3.03000,0,3.03000,0.50968,3.03000,0,3.03000,0.577488,3.03000,0.231058,3.03000,0.231058,3.03000,0.267221,3.03000,0.485582,3.03000,0.485582,3.03000,0.443094
3.04000,0.229188,3.04000,0,3.04000,0,3.04000,0,3.04000,2.31768,3.04000,0,3.04000,0.484394,3.04000,0,3.04000,0,3.04000,0,3.04000,4.89847,3.04000,0,3.04000,10.1126,3.04000,0,3.04000,0,3.04000,0,3.04000,12,3.04000,0.66351,3.04000,0,3.04000,0.50968,3.04000,0,3.04000,0.577488,3.04000,0.229188,3.04000,0.229188,3.04000,0.265611,3.04000,0.484394,3.04000,0.484394,3.04000,0.449499
3.05000,0.227317,3.05000,0,3.05000,0,3.05000,0,3.05000,2.29876,3.05000,0,3.05000,0.483205,3.05000,0,3.05000,0,3.05000,0,3.05000,4.88645,3.05000,0,3.05000,10.1126,3.05000,0,3.05000,0,3.05000,0,3.05000,12,3.05000,0.66351,3.05000,0,3.05000,0.50968,3.05000,0,3.05000,0.577488,3.05000,0.227317,3.05000,0.227317,3.05000,0.264002,3.05000,0.483205,3.05000,0.483205,3.05000,0.455904
3.06000,0.225489,3.06000,0,3.06000,0,3.06000,0,3.06000,2.28027,3.06000,0,3.06000,0.482039,3.06000,0,3.06000,0,3.06000,0,3.06000,4.87466,3.06000,0,3.06000,10.1126,3.06000,0,3.06000,0,3.06000,0,3.06000,12,3.06000,0.66351,3.06000,0,3.06000,0.50968,3.06000,0,3.06000,0.577488,3.06000,0.225489,3.06000,0.225489,3.06000,0.255118,3.06000,0.482039,3.06000,0.482039,3.06000,0.460269
3.07000,0.223679,3.07000,0,3.07000,0,3.07000,0,3.07000,2.26197,3.07000,0,3.07000,0.480883,3.07000,0,3.07000,0,3.07000,0,3.07000,4.86297,3.07000,0,3.07000,10.1126,3.07000,0,3.07000,0,3.07000,0,3.07000,12,3.07000,0.66351,3.07000,0,3.07000,0.50968,3.07000,0,3.07000,0.577488,3.07000,0.223679,3.07000,0.223679,3.07000,0.243092,3.07000,0.480883,3.07000,0.480883,3.07000,0.463753
3.08000,0.221869,3.08000,0,3.08000,0,3.08000,0,3.08000,2.24367,3.08000,0,3.08000,0.479726,3.08000,0,3.08000,0,3.08000,0,3.08000,4.85127,3.08000,0,3.08000,10.1126,3.08000,0,3.08000,0,3.08000,0,3.08000,12,3.08000,0.66351,3.08000,0,3.08000,0.50968,3.08000,0,3.08000,0.577488,3.08000,0.221869,3.08000,0.221869,3.08000,0.231065,3.08000,0.479726,3.08000,0.479726,3.08000,0.467236
3.09000,0.22006,3.09000,0,3.09000,0,3.09000,0,3.09000,2.22537,3.09000,0,3.09000,0.47857,3.09000,0,3.09000,0,3.09000,0,3.09000,4.83958,3.09000,0,3.09000,10.1126,3.09000,0,3.09000,0,3.09000,0,3.09000,12,3.09000,0.66351,3.09000,0,3.09000,0.50968,3.09000,0,3.09000,0.577488,3.09000,0.22006,3.09000,0.22006,3.09000,0.219038,3.09000,0.47857,3.09000,0.47857,3.09000,0.47072
3.10000,0.21825,3.10000,0,3.10000,0,3.10000,0,3.10000,2.20707,3.10000,0,3.10000,0.477413,3.10000,0,3.10000,0,3.10000,0,3.10000,4.82788,3.10000,0,3.10000,10.1126,3.10000,0,3.10000,0,3.10000,0,3.10000,12,3.10000,0.66351,3.10000,0,3.10000,0.50968,3.10000,0,3.10000,0.577488,3.10000,0.21825,3.10000,0.21825,3.10000,0.207011,3.10000,0.477413,3.10000,0.477413,3.10000,0.474204
3.11000,0.216445,3.11000,0,3.11000,0,3.11000,0,3.11000,2.18882,3.11000,0,3.11000,0.476259,3.11000,0,3.11000,0,3.11000,0,3.11000,4.81621,3.11000,0,3.11000,10.1126,3.11000,0,3.11000,0,3.11000,0,3.11000,12,3.11000,0.66351,3.11000,0,3.11000,0.50968,3.11000,0,3.11000,0.577488,3.11000,0.216445,3.11000,0.216445,3.11000,0.195456,3.11000,0.476259,3.11000,0.476259,3.11000,0.477118
3.12000,0.214696,3.12000,0,3.12000,0,3.12000,0,3.12000,2.17113,3.12000,0,3.12000,0.475133,3.12000,0,3.12000,0,3.12000,0,3.12000,4.80482,3.12000,0,3.12000,10.1126,3.12000,0,3.12000,0,3.12000,0,3.12000,12,3.12000,0.66351,3.12000,0,3.12000,0.50968,3.12000,0,3.12000,0.577488,3.12000,0.214696,3.12000,0.214696,3.12000,0.189366,3.12000,0.475133,3.12000,0.475133,3.12000,0.473446
3.13000,0.212946,3.13000,0,3.13000,0,3.13000,0,3.13000,2.15344,3.13000,0,3.13000,0.474007,3.13000,0,3.13000,0,3.13000,0,3.13000,4.79344,3.13000,0,3.13000,10.1126,3.13000,0,3.13000,0,3.13000,0,3.13000,12,3.13000,0.66351,3.13000,0,3.13000,0.50968,3.13000,0,3.13000,0.577488,3.13000,0.212946,3.13000,0.212946,3.13000,0.183276,3.13000,0.474007,3.13000,0.474007,3.13000,0.469773
3.14000,0.211197,3.14000,0,3.14000,0,3.14000,0,3.14000,2.13575,3.14000,0,3.14000,0.472881,3.14000,0,3.14000,0,3.14000,0,3.14000,4.78205,3.14000,0,3.14000,10.1126,3.14000,0,3.14000,0,3.14000,0,3.14000,12,3.14000,0.66351,3.14000,0,3.14000,0.50968,3.14000,0,3.14000,0.577488,3.14000,0.211197,3.14000,0.211197,3.14000,0.177187,3.14000,0.472881,3.14000,0.472881,3.14000,0.4661
3.15000,0.209448,3.15000,0,3.15000,0,3.15000,0,3.15000,2.11806,3.15000,0,3.15000,0.471755,3.15000,0,3.15000,0,3.15000,0,3.15000,4.77066,3.15000,0,3.15000,10.1126,3.15000,0,3.15000,0,3.15000,0,3.15000,12,3.15000,0.66351,3.15000,0,3.15000,0.50968,3.15000,0,3.15000,0.577488,3.15000,0.209448,3.15000,0.209448,3.15000,0.171097,3.15000,0.471755,3.15000,0.471755,3.15000,0.462428
3.16000,0.207699,3.16000,0,3.16000,0,3.16000,0,3.16000,2.10037,3.16000,0,3.16000,0.470629,3.16000,0,3.16000,0,3.16000,0,3.16000,4.75928,3.16000,0,3.16000,10.1126,3.16000,0,3.16000,0,3.16000,0,3.16000,12,3.16000,0.66351,3.16000,0,3.16000,0.50968,3.16000,0,3.16000,0.577488,3.16000,0.207699,3.16000,0.207699,3.16000,0.165007,3.16000,0.470629,3.16000,0.470629,3.16000,0.458755
3.17000,0.205977,3.17000,0,3.17000,0,3.17000,0,3.17000,2.08296,3.17000,0,3.17000,0.469517,3.17000,0,3.17000,0,3.17000,0,3.17000,4.74803,3.17000,0,3.17000,10.1126,3.17000,0,3.17000,0,3.17000,0,3.17000,12,3.17000,0.66351,3.17000,0,3.17000,0.50968,3.17000,0,3.17000,0.577488,3.17000,0.205977,3.17000,0.205977,3.17000,0.165809,3.17000,0.469517,3.17000,0.469517,3.17000,0.456147
3.18000,0.204288,3.18000,0,3.18000,0,3.18000,0,3.18000,2.06588,3.18000,0,3.18000,0.46842,3.18000,0,3.18000,0,3.18000,0,3.18000,4.73694,3.18000,0,3.18000,10.1126,3.18000,0,3.18000,0,3.18000,0,3.18000,12,3.18000,0.66351,3.18000,0,3.18000,0.50968,3.18000,0,3.18000,0.577488,3.18000,0.204288,3.18000,0.204288,3.18000,0.174671,3.18000,0.46842,3.18000,0.46842,3.18000,0.454783
3.19000,0.202598,3.19000,0,3.19000,0,3.19000,0,3.19000,2.04879,3.19000,0,3.19000,0.467323,3.19000,0,3.19000,0,3.19000,0,3.19000,4.72585,3.19000,0,3.19000,10.1126,3.19000,0,3.19000,0,3.19000,0,3.19000,12,3.19000,0.66351,3.19000,0,3.19000,0.50968,3.19000,0,3.19000,0.577488,3.19000,0.202598,3.19000,0.202598,3.19000,0.183533,3.19000,0.467323,3.19000,0.467323,3.19000,0.453419
3.20000,0.200909,3.20000,0,3.20000,0,3.20000,0,3.20000,2.03171,3.20000,0,3.20000,0.466227,3.20000,0,3.20000,0,3.20000,0,3.20000,4.71476,3.20000,0,3.20000,10.1126,3.20000,0,3.20000,0,3.20000,0,3.20000,12,3.20000,0.66351,3.20000,0,3.20000,0.50968,3.20000,0,3.20000,0.577488,3.20000,0.200909,3.20000,0.200909,3.20000,0.192396,3.20000,0.466227,3.20000,0.466227,3.20000,0.452056
3.21000,0.199219,3.21000,0,3.21000,0,3.21000,0,3.21000,2.01462,3.21000,0,3.21000,0.46513,3.21000,0,3.21000,0,3.21000,0,3.21000,4.70367,3.21000,0,3.21000,10.1126,3.21000,0,3.21000,0,3.21000,0,3.21000,12,3.21000,0.66351,3.21000,0,3.21000,0.50968,3.21000,0,3.21000,0.577488,3.21000,0.199219,3.21000,0.199219,3.21000,0.201258,3.21000,0.46513,3.21000,0.46513,3.21000,0.450692
3.22000,0.19753,3.22000,0,3.22000,0,3.22000,0,3.22000,1.99754,3.22000,0,3.22000,0.464033,3.22000,0,3.22000,0,3.22000,0,3.22000,4.69258,3.22000,0,3.22000,10.1126,3.22000,0,3.22000,0,3.22000,0,3.22000,12,3.22000,0.66351,3.22000,0,3.22000,0.50968,3.22000,0,3.22000,0.577488,3.22000,0.19753,3.22000,0.19753,3.22000,0.210121,3.22000,0.464033,3.22000,0.464033,3.22000,0.449328
3.23000,0.19589,3.23000,0,3.23000,0,3.23000,0,3.23000,1.98096,3.23000,0,3.23000,0.462961,3.23000,0,3.23000,0,3.23000,0,3.23000,4.68173,3.23000,0,3.23000,10.1126,3.23000,0,3.23000,0,3.23000,0,3.23000,12,3.23000,0.66351,3.23000,0,3.23000,0.50968,3.23000,0,3.23000,0.577488,3.23000,0.19589,3.23000,0.19589,3.23000,0.213661,3.23000,0.462961,3.23000,0.462961,3.23000,0.449266
3.24000,0.19426,3.24000,0,3.24000,0,3.24000,0,3.24000,1.96447,3.24000,0,3.24000,0.461892,3.24000,0,3.24000,0,3.24000,0,3.24000,4.67092,3.24000,0,3.24000,10.1126,3.24000,0,3.24000,0,3.24000,0,3.24000,12,3.24000,0.66351,3.24000,0,3.24000,0.50968,3.24000,0,3.24000,0.577488,3.24000,0.19426,3.24000,0.19426,3.24000,0.216205,3.24000,0.461892,3.24000,0.461892,3.24000,0.449448
3.25000,0.19263,3.25000,0,3.25000,0,3.25000,0,3.25000,1.94799,3.25000,0,3.25000,0.460824,3.25000,0,3.25000,0,3.25000,0,3.25000,4.66012,3.25000,0,3.25000,10.1126,3.25000,0,3.25000,0,3.25000,0,3.25000,12,3.25000,0.66351,3.25000,0,3.25000,0.50968,3.25000,0,3.25000,0.577488,3.25000,0.19263,3.25000,0.19263,3.25000,0.218749,3.25000,0.460824,3.25000,0.460824,3.25000,0.449629
3.26000,0.191,3.26000,0,3.26000,0,3.26000,0,3.26000,1.9315,3.26000,0,3.26000,0.459755,3.26000,0,3.26000,0,3.26000,0,3.26000,4.64931,3.26000,0,3.26000,10.1126,3.26000,0,3.26000,0,3.26000,0,3.26000,12,3.26000,0.66351,3.26000,0,3.26000,0.50968,3.26000,0,3.26000,0.577488,3.26000,0.191,3.26000,0.191,3.26000,0.221292,3.26000,0.459755,3.26000,0.459755,3.26000,0.449811
3.27000,0.18937,3.27000,0,3.27000,0,3.27000,0,3.27000,1.91502,3.27000,0,3.27000,0.458687,3.27000,0,3.27000,0,3.27000,0,3.27000,4.63851,3.27000,0,3.27000,10.1126,3.27000,0,3.27000,0,3.27000,0,3.27000,12,3.27000,0.66351,3.27000,0,3.27000,0.50968,3.27000,0,3.27000,0.577488,3.27000,0.18937,3.27000,0.18937,3.27000,0.223836,3.27000,0.458687,3.27000,0.458687,3.27000,0.449992
3.28000,0.187752,3.28000,0,3.28000,0,3.28000,0,3.28000,1.89866,3.28000,0,3.28000,0.457624,3.28000,0,3.28000,0,3.28000,0,3.28000,4.62776,3.28000,0,3.28000,10.1126,3.28000,0,3.28000,0,3.28000,0,3.28000,12,3.28000,0.66351,3.28000,0,3.28000,0.50968,3.28000,0,3.28000,0.577488,3.28000,0.187752,3.28000,0.187752,3.28000,0.223516,3.28000,0.457624,3.28000,0.457624,3.28000,0.44968
3.29000,0.186181,3.29000,0,3.29000,0,3.29000,0,3.29000,1.88277,3.29000,0,3.29000,0.456583,3.29000,0,3.29000,0,3.29000,0,3.29000,4.61723,3.29000,0,3.29000,10.1126,3.29000,0,3.29000,0,3.29000,0,3.29000,12,3.29000,0.66351,3.29000,0,3.29000,0.50968,3.29000,0,3.29000,0.577488,3.29000,0.186181,3.29000,0.186181,3.29000,0.213254,3.29000,0.456583,3.29000,0.456583,3.29000,0.447655
3.30000,0.184609,3.30000,0,3.30000,0,3.30000,0,3.30000,1.86687,3.30000,0,3.30000,0.455542,3.30000,0,3.30000,0,3.30000,0,3.30000,4.6067,3.30000,0,3.30000,10.1126,3.30000,0,3.30000,0,3.30000,0,3.30000,12,3.30000,0.66351,3.30000,0,3.30000,0.50968,3.30000,0,3.30000,0.577488,3.30000,0.184609,3.30000,0.184609,3.30000,0.202991,3.30000,0.455542,3.30000,0.455542,3.30000,0.44563
3.31000,0.183037,3.31000,0,3.31000,0,3.31000,0,3.31000,1.85098,3.31000,0,3.31000,0.4545,3.31000,0,3.31000,0,3.31000,0,3.31000,4.59617,3.31000,0,3.31000,10.1126,3.31000,0,3.31000,0,3.31000,0,3.31000,12,3.31000,0.66351,3.31000,0,3.31000,0.50968,3.31000,0,3.31000,0.577488,3.31000,0.183037,3.31000,0.183037,3.31000,0.192729,3.31000,0.4545,3.31000,0.4545,3.31000,0.443605
3.32000,0.181465,3.32000,0,3.32000,0,3.32000,0,3.32000,1.83508,3.32000,0,3.32000,0.453459,3.32000,0,3.32000,0,3.32000,0,3.32000,4.58564,3.32000,0,3.32000,10.1126,3.32000,0,3.32000,0,3.32000,0,3.32000,12,3.32000,0.66351,3.32000,0,3.32000,0.50968,3.32000,0,3.32000,0.577488,3.32000,0.181465,3.32000,0.181465,3.32000,0.182466,3.32000,0.453459,3.32000,0.453459,3.32000,0.441581
3.33000,0.179893,3.33000,0,3.33000,0,3.33000,0,3.33000,1.81919,3.33000,0,3.33000,0.452418,3.33000,0,3.33000,0,3.33000,0,3.33000,4.57511,3.33000,0,3.33000,10.1126,3.33000,0,3.33000,0,3.33000,0,3.33000,12,3.33000,0.66351,3.33000,0,3.33000,0.50968,3.33000,0,3.33000,0.577488,3.33000,0.179893,3.33000,0.179893,3.33000,0.172203,3.33000,0.452418,3.33000,0.452418,3.33000,0.439556
3.34000,0.178356,3.34000,0,3.34000,0,3.34000,0,3.34000,1.80364,3.34000,0,3.34000,0.451392,3.34000,0,3.34000,0,3.34000,0,3.34000,4.56474,3.34000,0,3.34000,10.1126,3.34000,0,3.34000,0,3.34000,0,3.34000,12,3.34000,0.66351,3.34000,0,3.34000,0.50968,3.34000,0,3.34000,0.577488,3.34000,0.178356,3.34000,0.178356,3.34000,0.163077,3.34000,0.451392,3.34000,0.451392,3.34000,0.438457
3.35000,0.176842,3.35000,0,3.35000,0,3.35000,0,3.35000,1.78833,3.35000,0,3.35000,0.450377,3.35000,0,3.35000,0,3.35000,0,3.35000,4.55447,3.35000,0,3.35000,10.1126,3.35000,0,3.35000,0,3.35000,0,3.35000,12,3.35000,0.66351,3.35000,0,3.35000,0.50968,3.35000,0,3.35000,0.577488,3.35000,0.176842,3.35000,0.176842,3.35000,0.154693,3.35000,0.450377,3.35000,0.450377,3.35000,0.437963
3.36000,0.175328,3.36000,0,3.36000,0,3.36000,0,3.36000,1.77302,3.36000,0,3.36000,0.449362,3.36000,0,3.36000,0,3.36000,0,3.36000,4.54421,3.36000,0,3.36000,10.1126,3.36000,0,3.36000,0,3.36000,0,3.36000,12,3.36000,0.66351,3.36000,0,3.36000,0.50968,3.36000,0,3.36000,0.577488,3.36000,0.175328,3.36000,0.175328,3.36000,0.146309,3.36000,0.449362,3.36000,0.449362,3.36000,0.437469
3.37000,0.173814,3.37000,0,3.37000,0,3.37000,0,3.37000,1.7577,3.37000,0,3.37000,0.448347,3.37000,0,3.37000,0,3.37000,0,3.37000,4.53394,3.37000,0,3.37000,10.1126,3.37000,0,3.37000,0,3.37000,0,3.37000,12,3.37000,0.66351,3.37000,0,3.37000,0.50968,3.37000,0,3.37000,0.577488,3.37000,0.173814,3.37000,0.173814,3.37000,0.137924,3.37000,0.448347,3.37000,0.448347,3.37000,0.436975
3.38000,0.172299,3.38000,0,3.38000,0,3.38000,0,3.38000,1.74239,3.38000,0,3.38000,0.447331,3.38000,0,3.38000,0,3.38000,0,3.38000,4.52367,3.38000,0,3.38000,10.1126,3.38000,0,3.38000,0,3.38000,0,3.38000,12,3.38000,0.66351,3.38000,0,3.38000,0.50968,3.38000,0,3.38000,0.577488,3.38000,0.172299,3.38000,0.172299,3.38000,0.12954,3.38000,0.447331,3.38000,0.447331,3.38000,0.436481
3.39000,0.170785,3.39000,0,3.39000,0,3.39000,0,3.39000,1.72708,3.39000,0,3.39000,0.446316,3.39000,0,3.39000,0,3.39000,0,3.39000,4.51341,3.39000,0,3.39000,10.1126,3.39000,0,3.39000,0,3.39000,0,3.39000,12,3.39000,0.66351,3.39000,0,3.39000,0.50968,3.39000,0,3.39000,0.577488,3.39000,0.170785,3.39000,0.170785,3.39000,0.121156,3.39000,0.446316,3.39000,0.446316,3.39000,0.435987
3.40000,0.169327,3.40000,0,3.40000,0,3.40000,0,3.40000,1.71233,3.40000,0,3.40000,0.445326,3.40000,0,3.40000,0,3.40000,0,3.40000,4.50339,3.40000,0,3.40000,10.1126,3.40000,0,3.40000,0,3.40000,0,3.40000,12,3.40000,0.66351,3.40000,0,3.40000,0.50968,3.40000,0,3.40000,0.577488,3.40000,0.169327,3.40000,0.169327,3.40000,0.125703,3.40000,0.445326,3.40000,0.445326,3.40000,0.442132
3.41000,0.167869,3.41000,0,3.41000,0,3.41000,0,3.41000,1.69759,3.41000,0,3.41000,0.444336,3.41000,0,3.41000,0,3.41000,0,3.41000,4.49338,3.41000,0,3.41000,10.1126,3.41000,0,3.41000,0,3.41000,0,3.41000,12,3.41000,0.66351,3.41000,0,3.41000,0.50968,3.41000,0,3.41000,0.577488,3.41000,0.167869,3.41000,0.167869,3.41000,0.13043,3.41000,0.444336,3.41000,0.444336,3.41000,0.448369
3.42000,0.166412,3.42000,0,3.42000,0,3.42000,0,3.42000,1.68285,3.42000,0,3.42000,0.443346,3.42000,0,3.42000,0,3.42000,0,3.42000,4.48337,3.42000,0,3.42000,10.1126,3.42000,0,3.42000,0,3.42000,0,3.42000,12,3.42000,0.66351,3.42000,0,3.42000,0.50968,3.42000,0,3.42000,0.577488,3.42000,0.166412,3.42000,0.166412,3.42000,0.135157,3.42000,0.443346,3.42000,0.443346,3.42000,0.454606
3.43000,0.164954,3.43000,0,3.43000,0,3.43000,0,3.43000,1.66811,3.43000,0,3.43000,0.442356,3.43000,0,3.43000,0,3.43000,0,3.43000,4.47336,3.43000,0,3.43000,10.1126,3.43000,0,3.43000,0,3.43000,0,3.43000,12,3.43000,0.66351,3.43000,0,3.43000,0.50968,3.43000,0,3.43000,0.577488,3.43000,0.164954,3.43000,0.164954,3.43000,0.139884,3.43000,0.442356,3.43000,0.442356,3.43000,0.460844
3.44000,0.163496,3.44000,0,3.44000,0,3.44000,0,3.44000,1.65337,3.44000,0,3.44000,0.441365,3.44000,0,3.44000,0,3.44000,0,3.44000,4.46334,3.44000,0,3.44000,10.1126,3.44000,0,3.44000,0,3.44000,0,3.44000,12,3.44000,0.66351,3.44000,0,3.44000,0.50968,3.44000,0,3.44000,0.577488,3.44000,0.163496,3.44000,0.163496,3.44000,0.14461,3.44000,0.441365,3.44000,0.441365,3.44000,0.467081
3.45000,0.162059,3.45000,0,3.45000,0,3.45000,0,3.45000,1.63884,3.45000,0,3.45000,0.440384,3.45000,0,3.45000,0,3.45000,0,3.45000,4.45342,3.45000,0,3.45000,10.1126,3.45000,0,3.45000,0,3.45000,0,3.45000,12,3.45000,0.66351,3.45000,0,3.45000,0.50968,3.45000,0,3.45000,0.577488,3.45000,0.162059,3.45000,0.162059,3.45000,0.150574,3.45000,0.440384,3.45000,0.440384,3.45000,0.471897
3.46000,0.160657,3.46000,0,3.46000,0,3.46000,0,3.46000,1.62466,3.46000,0,3.46000,0.439418,3.46000,0,3.46000,0,3.46000,0,3.46000,4.44366,3.46000,0,3.46000,10.1126,3.46000,0,3.46000,0,3.46000,0,3.46000,12,3.46000,0.66351,3.46000,0,3.46000,0.50968,3.46000,0,3.46000,0.577488,3.46000,0.160657,3.46000,0.160657,3.46000,0.158665,3.46000,0.439418,3.46000,0.439418,3.46000,0.474268
3.47000,0.159256,3.47000,0,3.47000,0,3.47000,0,3.47000,1.61049,3.47000,0,3.47000,0.438453,3.47000,0,3.47000,0,3.47000,0,3.47000,4.43389,3.47000,0,3.47000,10.1126,3.47000,0,3.47000,0,3.47000,0,3.47000,12,3.47000,0.66351,3.47000,0,3.47000,0.50968,3.47000,0,3.47000,0.577488,3.47000,0.159256,3.47000,0.159256,3.47000,0.166755,3.47000,0.438453,3.47000,0.438453,3.47000,0.476638
3.48000,0.157854,3.48000,0,3.48000,0,3.48000,0,3.48000,1.59631,3.48000,0,3.48000,0.437487,3.48000,0,3.48000,0,3.48000,0,3.48000,4.42412,3.48000,0,3.48000,10.1126,3.48000,0,3.48000,0,3.48000,0,3.48000,12,3.48000,0.66351,3.48000,0,3.48000,0.50968,3.48000,0,3.48000,0.577488,3.48000,0.157854,3.48000,0.157854,3.48000,0.174846,3.48000,0.437487,3.48000,0.437487,3.48000,0.479009
3.49000,0.156452,3.49000,0,3.49000,0,3.49000,0,3.49000,1.58213,3.49000,0,3.49000,0.436521,3.49000,0,3.49000,0,3.49000,0,3.49000,4.41435,3.49000,0,3.49000,10.1126,3.49000,0,3.49000,0,3.49000,0,3.49000,12,3.49000,0.66351,3.49000,0,3.49000,0.50968,3.49000,0,3.49000,0.577488,3.49000,0.156452,3.49000,0.156452,3.49000,0.182936,3.49000,0.436521,3.49000,0.436521,3.49000,0.481379
3.50000,0.15505,3.50000,0,3.50000,0,3.50000,0,3.50000,1.56796,3.50000,0,3.50000,0.435555,3.50000,0,3.50000,0,3.50000,0,3.50000,4.40459,3.50000,0,3.50000,10.1126,3.50000,0,3.50000,0,3.50000,0,3.50000,12,3.50000,0.66351,3.50000,0,3.50000,0.50968,3.50000,0,3.50000,0.577488,3.50000,0.15505,3.50000,0.15505,3.50000,0.191027,3.50000,0.435555,3.50000,0.435555,3.50000,0.48375
3.51000,0.153689,3.51000,0,3.51000,0,3.51000,0,3.51000,1.55419,3.51000,0,3.51000,0.434607,3.51000,0,3.51000,0,3.51000,0,3.51000,4.395,3.51000,0,3.51000,10.1126,3.51000,0,3.51000,0,3.51000,0,3.51000,12,3.51000,0.66351,3.51000,0,3.51000,0.50968,3.51000,0,3.51000,0.577488,3.51000,0.153689,3.51000,0.153689,3.51000,0.193154,3.51000,0.434607,3.51000,0.434607,3.51000,0.478751
3.52000,0.152342,3.52000,0,3.52000,0,3.52000,0,3.52000,1.54057,3.52000,0,3.52000,0.433664,3.52000,0,3.52000,0,3.52000,0,3.52000,4.38547,3.52000,0,3.52000,10.1126,3.52000,0,3.52000,0,3.52000,0,3.52000,12,3.52000,0.66351,3.52000,0,3.52000,0.50968,3.52000,0,3.52000,0.577488,3.52000,0.152342,3.52000,0.152342,3.52000,0.193283,3.52000,0.433664,3.52000,0.433664,3.52000,0.471283
3.53000,0.150995,3.53000,0,3.53000,0,3.53000,0,3.53000,1.52695,3.53000,0,3.53000,0.432722,3.53000,0,3.53000,0,3.53000,0,3.53000,4.37594,3.53000,0,3.53000,10.1126,3.53000,0,3.53000,0,3.53000,0,3.53000,12,3.53000,0.66351,3.53000,0,3.53000,0.50968,3.53000,0,3.53000,0.577488,3.53000,0.150995,3.53000,0.150995,3.53000,0.193411,3.53000,0.432722,3.53000,0.432722,3.53000,0.463814
3.54000,0.149647,3.54000,0,3.54000,0,3.54000,0,3.54000,1.51332,3.54000,0,3.54000,0.431779,3.54000,0,3.54000,0,3.54000,0,3.54000,4.36641,3.54000,0,3.54000,10.1126,3.54000,0,3.54000,0,3.54000,0,3.54000,12,3.54000,0.66351,3.54000,0,3.54000,0.50968,3.54000,0,3.54000,0.577488,3.54000,0.149647,3.54000,0.149647,3.54000,0.193539,3.54000,0.431779,3.54000,0.431779,3.54000,0.456345
3.55000,0.1483,3.55000,0,3.55000,0,3.55000,0,3.55000,1.4997,3.55000,0,3.55000,0.430837,3.55000,0,3.55000,0,3.55000,0,3.55000,4.35687,3.55000,0,3.55000,10.1126,3.55000,0,3.55000,0,3.55000,0,3.55000,12,3.55000,0.66351,3.55000,0,3.55000,0.50968,3.55000,0,3.55000,0.577488,3.55000,0.1483,3.55000,0.1483,3.55000,0.193667,3.55000,0.430837,3.55000,0.430837,3.55000,0.448877
3.56000,0.14696,3.56000,0,3.56000,0,3.56000,0,3.56000,1.48614,3.56000,0,3.56000,0.429897,3.56000,0,3.56000,0,3.56000,0,3.56000,4.34737,3.56000,0,3.56000,10.1126,3.56000,0,3.56000,0,3.56000,0,3.56000,12,3.56000,0.66351,3.56000,0,3.56000,0.50968,3.56000,0,3.56000,0.577488,3.56000,0.14696,3.56000,0.14696,3.56000,0.192627,3.56000,0.429897,3.56000,0.429897,3.56000,0.441243
3.57000,0.145666,3.57000,0,3.57000,0,3.57000,0,3.57000,1.47306,3.57000,0,3.57000,0.428977,3.57000,0,3.57000,0,3.57000,0,3.57000,4.33807,3.57000,0,3.57000,10.1126,3.57000,0,3.57000,0,3.57000,0,3.57000,12,3.57000,0.66351,3.57000,0,3.57000,0.50968,3.57000,0,3.57000,0.577488,3.57000,0.145666,3.57000,0.145666,3.57000,0.183787,3.57000,0.428977,3.57000,0.428977,3.57000,0.432511
3.58000,0.144373,3.58000,0,3.58000,0,3.58000,0,3.58000,1.45998,3.58000,0,3.58000,0.428058,3.58000,0,3.58000,0,3.58000,0,3.58000,4.32877,3.58000,0,3.58000,10.1126,3.58000,0,3.58000,0,3.58000,0,3.58000,12,3.58000,0.66351,3.58000,0,3.58000,0.50968,3.58000,0,3.58000,0.577488,3.58000,0.144373,3.58000,0.144373,3.58000,0.174947,3.58000,0.428058,3.58000,0.428058,3.58000,0.423778
3.59000,0.143079,3.59000,0,3.59000,0,3.59000,0,3.59000,1.4469,3.59000,0,3.59000,0.427138,3.59000,0,3.59000,0,3.59000,0,3.59000,4.31946,3.59000,0,3.59000,10.1126,3.59000,0,3.59000,0,3.59000,0,3.59000,12,3.59000,0.66351,3.59000,0,3.59000,0.50968,3.59000,0,3.59000,0.577488,3.59000,0.143079,3.59000,0.143079,3.59000,0.166108,3.59000,0.427138,3.59000,0.427138,3.59000,0.415046
3.60000,0.141785,3.60000,0,3.60000,0,3.60000,0,3.60000,1.43382,3.60000,0,3.60000,0.426218,3.60000,0,3.60000,0,3.60000,0,3.60000,4.31016,3.60000,0,3.60000,10.1126,3.60000,0,3.60000,0,3.60000,0,3.60000,12,3.60000,0.66351,3.60000,0,3.60000,0.50968,3.60000,0,3.60000,0.577488,3.60000,0.141785,3.60000,0.141785,3.60000,0.157268,3.60000,0.426218,3.60000,0.426218,3.60000,0.406313
3.61000,0.140492,3.61000,0,3.61000,0,3.61000,0,3.61000,1.42073,3.61000,0,3.61000,0.425298,3.61000,0,3.61000,0,3.61000,0,3.61000,4.30086,3.61000,0,3.61000,10.1126,3.61000,0,3.61000,0,3.61000,0,3.61000,12,3.61000,0.66351,3.61000,0,3.61000,0.50968,3.61000,0,3.61000,0.577488,3.61000,0.140492,3.61000,0.140492,3.61000,0.148428,3.61000,0.425298,3.61000,0.425298,3.61000,0.397581
3.62000,0.139225,3.62000,0,3.62000,0,3.62000,0,3.62000,1.40792,3.62000,0,3.62000,0.424389,3.62000,0,3.62000,0,3.62000,0,3.62000,4.29167,3.62000,0,3.62000,10.1126,3.62000,0,3.62000,0,3.62000,0,3.62000,12,3.62000,0.66351,3.62000,0,3.62000,0.50968,3.62000,0,3.62000,0.577488,3.62000,0.139225,3.62000,0.139225,3.62000,0.141482,3.62000,0.424389,3.62000,0.424389,3.62000,0.392556
3.63000,0.137984,3.63000,0,3.63000,0,3.63000,0,3.63000,1.39537,3.63000,0,3.63000,0.423491,3.63000,0,3.63000,0,3.63000,0,3.63000,4.28258,3.63000,0,3.63000,10.1126,3.63000,0,3.63000,0,3.63000,0,3.63000,12,3.63000,0.66351,3.63000,0,3.63000,0.50968,3.63000,0,3.63000,0.577488,3.63000,0.137984,3.63000,0.137984,3.63000,0.136342,3.63000,0.423491,3.63000,0.423491,3.63000,0.391071
3.64000,0.136743,3.64000,0,3.64000,0,3.64000,0,3.64000,1.38282,3.64000,0,3.64000,0.422592,3.64000,0,3.64000,0,3.64000,0,3.64000,4.2735,3.64000,0,3.64000,10.1126,3.64000,0,3.64000,0,3.64000,0,3.64000,12,3.64000,0.66351,3.64000,0,3.64000,0.50968,3.64000,0,3.64000,0.577488,3.64000,0.136743,3.64000,0.136743,3.64000,0.131203,3.64000,0.422592,3.64000,0.422592,3.64000,0.389586
3.65000,0.135501,3.65000,0,3.65000,0,3.65000,0,3.65000,1.37027,3.65000,0,3.65000,0.421694,3.65000,0,3.65000,0,3.65000,0,3.65000,4.26442,3.65000,0,3.65000,10.1126,3.65000,0,3.65000,0,3.65000,0,3.65000,12,3.65000,0.66351,3.65000,0,3.65000,0.50968,3.65000,0,3.65000,0.577488,3.65000,0.135501,3.65000,0.135501,3.65000,0.126063,3.65000,0.421694,3.65000,0.421694,3.65000,0.3881
3.66000,0.13426,3.66000,0,3.66000,0,3.66000,0,3.66000,1.35772,3.66000,0,3.66000,0.420796,3.66000,0,3.66000,0,3.66000,0,3.66000,4.25533,3.66000,0,3.66000,10.1126,3.66000,0,3.66000,0,3.66000,0,3.66000,12,3.66000,0.66351,3.66000,0,3.66000,0.50968,3.66000,0,3.66000,0.577488,3.66000,0.13426,3.66000,0.13426,3.66000,0.120924,3.66000,0.420796,3.66000,0.420796,3.66000,0.386615
3.67000,0.133019,3.67000,0,3.67000,0,3.67000,0,3.67000,1.34517,3.67000,0,3.67000,0.419898,3.67000,0,3.67000,0,3.67000,0,3.67000,4.24625,3.67000,0,3.67000,10.1126,3.67000,0,3.67000,0,3.67000,0,3.67000,12,3.67000,0.66351,3.67000,0,3.67000,0.50968,3.67000,0,3.67000,0.577488,3.67000,0.133019,3.67000,0.133019,3.67000,0.115785,3.67000,0.419898,3.67000,0.419898,3.67000,0.385129
3.68000,0.131824,3.68000,0,3.68000,0,3.68000,0,3.68000,1.33308,3.68000,0,3.68000,0.419018,3.68000,0,3.68000,0,3.68000,0,3.68000,4.23736,3.68000,0,3.68000,10.1126,3.68000,0,3.68000,0,3.68000,0,3.68000,12,3.68000,0.66351,3.68000,0,3.68000,0.50968,3.68000,0,3.68000,0.577488,3.68000,0.131824,3.68000,0.131824,3.68000,0.121787,3.68000,0.419018,3.68000,0.419018,3.68000,0.38577
3.69000,0.130634,3.69000,0,3.69000,0,3.69000,0,3.69000,1.32104,3.69000,0,3.69000,0.418141,3.69000,0,3.69000,0,3.69000,0,3.69000,4.22848,3.69000,0,3.69000,10.1126,3.69000,0,3.69000,0,3.69000,0,3.69000,12,3.69000,0.66351,3.69000,0,3.69000,0.50968,3.69000,0,3.69000,0.577488,3.69000,0.130634,3.69000,0.130634,3.69000,0.129124,3.69000,0.418141,3.69000,0.418141,3.69000,0.386665
3.70000,0.129444,3.70000,0,3.70000,0,3.70000,0,3.70000,1.30901,3.70000,0,3.70000,0.417264,3.70000,0,3.70000,0,3.70000,0,3.70000,4.21961,3.70000,0,3.70000,10.1126,3.70000,0,3.70000,0,3.70000,0,3.70000,12,3.70000,0.66351,3.70000,0,3.70000,0.50968,3.70000,0,3.70000,0.577488,3.70000,0.129444,3.70000,0.129444,3.70000,0.136461,3.70000,0.417264,3.70000,0.417264,3.70000,0.387561
3.71000,0.128254,3.71000,0,3.71000,0,3.71000,0,3.71000,1.29698,3.71000,0,3.71000,0.416386,3.71000,0,3.71000,0,3.71000,0,3.71000,4.21074,3.71000,0,3.71000,10.1126,3.71000,0,3.71000,0,3.71000,0,3.71000,12,3.71000,0.66351,3.71000,0,3.71000,0.50968,3.71000,0,3.71000,0.577488,3.71000,0.128254,3.71000,0.128254,3.71000,0.143798,3.71000,0.416386,3.71000,0.416386,3.71000,0.388456
3.72000,0.127064,3.72000,0,3.72000,0,3.72000,0,3.72000,1.28494,3.72000,0,3.72000,0.415509,3.72000,0,3.72000,0,3.72000,0,3.72000,4.20187,3.72000,0,3.72000,10.1126,3.72000,0,3.72000,0,3.72000,0,3.72000,12,3.72000,0.66351,3.72000,0,3.72000,0.50968,3.72000,0,3.72000,0.577488,3.72000,0.127064,3.72000,0.127064,3.72000,0.151135,3.72000,0.415509,3.72000,0.415509,3.72000,0.389352
3.73000,0.125888,3.73000,0,3.73000,0,3.73000,0,3.73000,1.27305,3.73000,0,3.73000,0.414637,3.73000,0,3.73000,0,3.73000,0,3.73000,4.19306,3.73000,0,3.73000,10.1126,3.73000,0,3.73000,0,3.73000,0,3.73000,12,3.73000,0.66351,3.73000,0,3.73000,0.50968,3.73000,0,3.73000,0.577488,3.73000,0.125888,3.73000,0.125888,3.73000,0.156954,3.73000,0.414637,3.73000,0.414637,3.73000,0.390625
3.74000,0.124748,3.74000,0,3.74000,0,3.74000,0,3.74000,1.26152,3.74000,0,3.74000,0.41378,3.74000,0,3.74000,0,3.74000,0,3.74000,4.18439,3.74000,0,3.74000,10.1126,3.74000,0,3.74000,0,3.74000,0,3.74000,12,3.74000,0.66351,3.74000,0,3.74000,0.50968,3.74000,0,3.74000,0.577488,3.74000,0.124748,3.74000,0.124748,3.74000,0.158756,3.74000,0.41378,3.74000,0.41378,3.74000,0.3929
3.75000,0.123608,3.75000,0,3.75000,0,3.75000,0,3.75000,1.24999,3.75000,0,3.75000,0.412923,3.75000,0,3.75000,0,3.75000,0,3.75000,4.17572,3.75000,0,3.75000,10.1126,3.75000,0,3.75000,0,3.75000,0,3.75000,12,3.75000,0.66351,3.75000,0,3.75000,0.50968,3.75000,0,3.75000,0.577488,3.75000,0.123608,3.75000,0.123608,3.75000,0.160558,3.75000,0.412923,3.75000,0.412923,3.75000,0.395175
3.76000,0.122468,3.76000,0,3.76000,0,3.76000,0,3.76000,1.23847,3.76000,0,3.76000,0.412066,3.76000,0,3.76000,0,3.76000,0,3.76000,4.16706,3.76000,0,3.76000,10.1126,3.76000,0,3.76000,0,3.76000,0,3.76000,12,3.76000,0.66351,3.76000,0,3.76000,0.50968,3.76000,0,3.76000,0.577488,3.76000,0.122468,3.76000,0.122468,3.76000,0.16236,3.76000,0.412066,3.76000,0.412066,3.76000,0.39745
3.77000,0.121328,3.77000,0,3.77000,0,3.77000,0,3.77000,1.22694,3.77000,0,3.77000,0.411209,3.77000,0,3.77000,0,3.77000,0,3.77000,4.15839,3.77000,0,3.77000,10.1126,3.77000,0,3.77000,0,3.77000,0,3.77000,12,3.77000,0.66351,3.77000,0,3.77000,0.50968,3.77000,0,3.77000,0.577488,3.77000,0.121328,3.77000,0.121328,3.77000,0.164162,3.77000,0.411209,3.77000,0.411209,3.77000,0.399724
3.78000,0.120188,3.78000,0,3.78000,0,3.78000,0,3.78000,1.21541,3.78000,0,3.78000,0.410352,3.78000,0,3.78000,0,3.78000,0,3.78000,4.14972,3.78000,0,3.78000,10.1126,3.78000,0,3.78000,0,3.78000,0,3.78000,12,3.78000,0.66351,3.78000,0,3.78000,0.50968,3.78000,0,3.78000,0.577488,3.78000,0.120188,3.78000,0.120188,3.78000,0.165964,3.78000,0.410352,3.78000,0.410352,3.78000,0.401999
3.79000,0.11908,3.79000,0,3.79000,0,3.79000,0,3.79000,1.20421,3.79000,0,3.79000,0.409508,3.79000,0,3.79000,0,3.79000,0,3.79000,4.14119,3.79000,0,3.79000,10.1126,3.79000,0,3.79000,0,3.79000,0,3.79000,12,3.79000,0.66351,3.79000,0,3.79000,0.50968,3.79000,0,3.79000,0.577488,3.79000,0.11908,3.79000,0.11908,3.79000,0.163181,3.79000,0.409508,3.79000,0.409508,3.79000,0.403526
3.80000,0.117989,3.80000,0,3.80000,0,3.80000,0,3.80000,1.19317,3.80000,0,3.80000,0.408671,3.80000,0,3.80000,0,3.80000,0,3.80000,4.13272,3.80000,0,3.80000,10.1126,3.80000,0,3.80000,0,3.80000,0,3.80000,12,3.80000,0.66351,3.80000,0,3.80000,0.50968,3.80000,0,3.80000,0.577488,3.80000,0.117989,3.80000,0.117989,3.80000,0.15799,3.80000,0.408671,3.80000,0.408671,3.80000,0.404661
3.81000,0.116898,3.81000,0,3.81000,0,3.81000,0,3.81000,1.18214,3.81000,0,3.81000,0.407833,3.81000,0,3.81000,0,3.81000,0,3.81000,4.12425,3.81000,0,3.81000,10.1126,3.81000,0,3.81000,0,3.81000,0,3.81000,12,3.81000,0.66351,3.81000,0,3.81000,0.50968,3.81000,0,3.81000,0.577488,3.81000,0.116898,3.81000,0.116898,3.81000,0.1528,3.81000,0.407833,3.81000,0.407833,3.81000,0.405796
3.82000,0.115806,3.82000,0,3.82000,0,3.82000,0,3.82000,1.1711,3.82000,0,3.82000,0.406996,3.82000,0,3.82000,0,3.82000,0,3.82000,4.11578,3.82000,0,3.82000,10.1126,3.82000,0,3.82000,0,3.82000,0,3.82000,12,3.82000,0.66351,3.82000,0,3.82000,0.50968,3.82000,0,3.82000,0.577488,3.82000,0.115806,3.82000,0.115806,3.82000,0.147609,3.82000,0.406996,3.82000,0.406996,3.82000,0.406931
3.83000,0.114715,3.83000,0,3.83000,0,3.83000,0,3.83000,1.16007,3.83000,0,3.83000,0.406158,3.83000,0,3.83000,0,3.83000,0,3.83000,4.10731,3.83000,0,3.83000,10.1126,3.83000,0,3.83000,0,3.83000,0,3.83000,12,3.83000,0.66351,3.83000,0,3.83000,0.50968,3.83000,0,3.83000,0.577488,3.83000,0.114715,3.83000,0.114715,3.83000,0.142418,3.83000,0.406158,3.83000,0.406158,3.83000,0.408066
3.84000,0.113626,3.84000,0,3.84000,0,3.84000,0,3.84000,1.14905,3.84000,0,3.84000,0.405322,3.84000,0,3.84000,0,3.84000,0,3.84000,4.09885,3.84000,0,3.84000,10.1126,3.84000,0,3.84000,0,3.84000,0,3.84000,12,3.84000,0.66351,3.84000,0,3.84000,0.50968,3.84000,0,3.84000,0.577488,3.84000,0.113626,3.84000,0.113626,3.84000,0.137308,3.84000,0.405322,3.84000,0.405322,3.84000,0.409009
3.85000,0.112582,3.85000,0,3.85000,0,3.85000,0,3.85000,1.1385,3.85000,0,3.85000,0.404503,3.85000,0,3.85000,0,3.85000,0,3.85000,4.09057,3.85000,0,3.85000,10.1126,3.85000,0,3.85000,0,3.85000,0,3.85000,12,3.85000,0.66351,3.85000,0,3.85000,0.50968,3.85000,0,3.85000,0.577488,3.85000,0.112582,3.85000,0.112582,3.85000,0.134285,3.85000,0.404503,3.85000,0.404503,3.85000,0.404969
3.86000,0.111538,3.86000,0,3.86000,0,3.86000,0,3.86000,1.12794,3.86000,0,3.86000,0.403685,3.86000,0,3.86000,0,3.86000,0,3.86000,4.08229,3.86000,0,3.86000,10.1126,3.86000,0,3.86000,0,3.86000,0,3.86000,12,3.86000,0.66351,3.86000,0,3.86000,0.50968,3.86000,0,3.86000,0.577488,3.86000,0.111538,3.86000,0.111538,3.86000,0.131262,3.86000,0.403685,3.86000,0.403685,3.86000,0.400929
3.87000,0.110495,3.87000,0,3.87000,0,3.87000,0,3.87000,1.11739,3.87000,0,3.87000,0.402866,3.87000,0,3.87000,0,3.87000,0,3.87000,4.07402,3.87000,0,3.87000,10.1126,3.87000,0,3.87000,0,3.87000,0,3.87000,12,3.87000,0.66351,3.87000,0,3.87000,0.50968,3.87000,0,3.87000,0.577488,3.87000,0.110495,3.87000,0.110495,3.87000,0.128239,3.87000,0.402866,3.87000,0.402866,3.87000,0.396889
3.88000,0.109451,3.88000,0,3.88000,0,3.88000,0,3.88000,1.10683,3.88000,0,3.88000,0.402047,3.88000,0,3.88000,0,3.88000,0,3.88000,4.06574,3.88000,0,3.88000,10.1126,3.88000,0,3.88000,0,3.88000,0,3.88000,12,3.88000,0.66351,3.88000,0,3.88000,0.50968,3.88000,0,3.88000,0.577488,3.88000,0.109451,3.88000,0.109451,3.88000,0.125216,3.88000,0.402047,3.88000,0.402047,3.88000,0.392849
3.89000,0.108407,3.89000,0,3.89000,0,3.89000,0,3.89000,1.09628,3.89000,0,3.89000,0.401229,3.89000,0,3.89000,0,3.89000,0,3.89000,4.05746,3.89000,0,3.89000,10.1126,3.89000,0,3.89000,0,3.89000,0,3.89000,12,3.89000,0.66351,3.89000,0,3.89000,0.50968,3.89000,0,3.89000,0.577488,3.89000,0.108407,3.89000,0.108407,3.89000,0.122193,3.89000,0.401229,3.89000,0.401229,3.89000,0.388809
3.90000,0.107383,3.90000,0,3.90000,0,3.90000,0,3.90000,1.08592,3.90000,0,3.90000,0.400418,3.90000,0,3.90000,0,3.90000,0,3.90000,4.04926,3.90000,0,3.90000,10.1126,3.90000,0,3.90000,0,3.90000,0,3.90000,12,3.90000,0.66351,3.90000,0,3.90000,0.50968,3.90000,0,3.90000,0.577488,3.90000,0.107383,3.90000,0.107383,3.90000,0.120971,3.90000,0.400418,3.90000,0.400418,3.90000,0.385891
3.91000,0.106385,3.91000,0,3.91000,0,3.91000,0,3.91000,1.07583,3.91000,0,3.91000,0.399618,3.91000,0,3.91000,0,3.91000,0,3.91000,4.04117,3.91000,0,3.91000,10.1126,3.91000,0,3.91000,0,3.91000,0,3.91000,12,3.91000,0.66351,3.91000,0,3.91000,0.50968,3.91000,0,3.91000,0.577488,3.91000,0.106385,3.91000,0.106385,3.91000,0.122252,3.91000,0.399618,3.91000,0.399618,3.91000,0.384533
3.92000,0.105387,3.92000,0,3.92000,0,3.92000,0,3.92000,1.06574,3.92000,0,3.92000,0.398817,3.92000,0,3.92000,0,3.92000,0,3.92000,4.03307,3.92000,0,3.92000,10.1126,3.92000,0,3.92000,0,3.92000,0,3.92000,12,3.92000,0.66351,3.92000,0,3.92000,0.50968,3.92000,0,3.92000,0.577488,3.92000,0.105387,3.92000,0.105387,3.92000,0.123533,3.92000,0.398817,3.92000,0.398817,3.92000,0.383174
3.93000,0.10439,3.93000,0,3.93000,0,3.93000,0,3.93000,1.05565,3.93000,0,3.93000,0.398017,3.93000,0,3.93000,0,3.93000,0,3.93000,4.02498,3.93000,0,3.93000,10.1126,3.93000,0,3.93000,0,3.93000,0,3.93000,12,3.93000,0.66351,3.93000,0,3.93000,0.50968,3.93000,0,3.93000,0.577488,3.93000,0.10439,3.93000,0.10439,3.93000,0.124814,3.93000,0.398017,3.93000,0.398017,3.93000,0.381815
3.94000,0.103392,3.94000,0,3.94000,0,3.94000,0,3.94000,1.04556,3.94000,0,3.94000,0.397217,3.94000,0,3.94000,0,3.94000,0,3.94000,4.01689,3.94000,0,3.94000,10.1126,3.94000,0,3.94000,0,3.94000,0,3.94000,12,3.94000,0.66351,3.94000,0,3.94000,0.50968,3.94000,0,3.94000,0.577488,3.94000,0.103392,3.94000,0.103392,3.94000,0.126094,3.94000,0.397217,3.94000,0.397217,3.94000,0.380457
3.95000,0.102394,3.95000,0,3.95000,0,3.95000,0,3.95000,1.03547,3.95000,0,3.95000,0.396416,3.95000,0,3.95000,0,3.95000,0,3.95000,4.00879,3.95000,0,3.95000,10.1126,3.95000,0,3.95000,0,3.95000,0,3.95000,12,3.95000,0.66351,3.95000,0,3.95000,0.50968,3.95000,0,3.95000,0.577488,3.95000,0.102394,3.95000,0.102394,3.95000,0.127375,3.95000,0.396416,3.95000,0.396416,3.95000,0.379098
3.96000,0.101433,3.96000,0,3.96000,0,3.96000,0,3.96000,1.02575,3.96000,0,3.96000,0.39563,3.96000,0,3.96000,0,3.96000,0,3.96000,4.00084,3.96000,0,3.96000,10.1126,3.96000,0,3.96000,0,3.96000,0,3.96000,12,3.96000,0.66351,3.96000,0,3.96000,0.50968,3.96000,0,3.96000,0.577488,3.96000,0.101433,3.96000,0.101433,3.96000,0.127648,3.96000,0.39563,3.96000,0.39563,3.96000,0.386404
3.97000,0.10048,3.97000,0,3.97000,0,3.97000,0,3.97000,1.01611,3.97000,0,3.97000,0.394848,3.97000,0,3.97000,0,3.97000,0,3.97000,3.99293,3.97000,0,3.97000,10.1126,3.97000,0,3.97000,0,3.97000,0,3.97000,12,3.97000,0.66351,3.97000,0,3.97000,0.50968,3.97000,0,3.97000,0.577488,3.97000,0.10048,3.97000,0.10048,3.97000,0.127668,3.97000,0.394848,3.97000,0.394848,3.97000,0.395879
3.98000,0.0995269,3.98000,0,3.98000,0,3.98000,0,3.98000,1.00647,3.98000,0,3.98000,0.394065,3.98000,0,3.98000,0,3.98000,0,3.98000,3.98502,3.98000,0,3.98000,10.1126,3.98000,0,3.98000,0,3.98000,0,3.98000,12,3.98000,0.66351,3.98000,0,3.98000,0.50968,3.98000,0,3.98000,0.577488,3.98000,0.0995269,3.98000,0.0995269,3.98000,0.127688,3.98000,0.394065,3.98000,0.394065,3.98000,0.405354
3.99000,0.098574,3.99000,0,3.99000,0,3.99000,0,3.99000,0.996838,3.99000,0,3.99000,0.393282,3.99000,0,3.99000,0,3.99000,0,3.99000,3.9771,3.99000,0,3.99000,10.1126,3.99000,0,3.99000,0,3.99000,0,3.99000,12,3.99000,0.66351,3.99000,0,3.99000,0.50968,3.99000,0,3.99000,0.577488,3.99000,0.098574,3.99000,0.098574,3.99000,0.127708,3.99000,0.393282,3.99000,0.393282,3.99000,0.414829
4.00000,0.0976212,4.00000,0,4.00000,0,4.00000,0,4.00000,0.987202,4.00000,0,4.00000,0.3925,4.00000,0,4.00000,0,4.00000,0,4.00000,3.96919,4.00000,0,4.00000,10.1126,4.00000,0,4.00000,0,4.00000,0,4.00000,12,4.00000,0.66351,4.00000,0,4.00000,0.50968,4.00000,0,4.00000,0.577488,4.00000,0.0976212,4.00000,0.0976212,4.00000,0.127728,4.00000,0.3925,4.00000,0.3925,4.00000,0.424304
4.01000,0.0966761,4.01000,0,4.01000,0,4.01000,0,4.01000,0.977645,4.01000,0,4.01000,0.39172,4.01000,0,4.01000,0,4.01000,0,4.01000,3.9613,4.01000,0,4.01000,10.1126,4.01000,0,4.01000,0,4.01000,0,4.01000,12,4.01000,0.66351,4.01000,0,4.01000,0.50968,4.01000,0,4.01000,0.577488,4.01000,0.0966761,4.01000,0.0966761,4.01000,0.128523,4.01000,0.39172,4.01000,0.39172,4.01000,0.428846
4.02000,0.0957667,4.02000,0,4.02000,0,4.02000,0,4.02000,0.968448,4.02000,0,4.02000,0.390955,4.02000,0,4.02000,0,4.02000,0,4.02000,3.95356,4.02000,0,4.02000,10.1126,4.02000,0,4.02000,0,4.02000,0,4.02000,12,4.02000,0.66351,4.02000,0,4.02000,0.50968,4.02000,0,4.02000,0.577488,4.02000,0.0957667,4.02000,0.0957667,4.02000,0.132824,4.02000,0.390955,4.02000,0.390955,4.02000,0.411079
4.03000,0.0948572,4.03000,0,4.03000,0,4.03000,0,4.03000,0.959251,4.03000,0,4.03000,0.390189,4.03000,0,4.03000,0,4.03000,0,4.03000,3.94582,4.03000,0,4.03000,10.1126,4.03000,0,4.03000,0,4.03000,0,4.03000,12,4.03000,0.66351,4.03000,0,4.03000,0.50968,4.03000,0,4.03000,0.577488,4.03000,0.0948572,4.03000,0.0948572,4.03000,0.137125,4.03000,0.390189,4.03000,0.390189,4.03000,0.393312
4.04000,0.0939477,4.04000,0,4.04000,0,4.04000,0,4.04000,0.950054,4.04000,0,4.04000,0.389424,4.04000,0,4.04000,0,4.04000,0,4.04000,3.93808,4.04000,0,4.04000,10.1126,4.04000,0,4.04000,0,4.04000,0,4.04000,12,4.04000,0.66351,4.04000,0,4.04000,0.50968,4.04000,0,4.04000,0.577488,4.04000,0.0939477,4.04000,0.0939477,4.04000,0.141426,4.04000,0.389424,4.04000,0.389424,4.04000,0.375545
4.05000,0.0930382,4.05000,0,4.05000,0,4.05000,0,4.05000,0.940857,4.05000,0,4.05000,0.388658,4.05000,0,4.05000,0,4.05000,0,4.05000,3.93034,4.05000,0,4.05000,10.1126,4.05000,0,4.05000,0,4.05000,0,4.05000,12,4.05000,0.66351,4.05000,0,4.05000,0.50968,4.05000,0,4.05000,0.577488,4.05000,0.0930382,4.05000,0.0930382,4.05000,0.145727,4.05000,0.388658,4.05000,0.388658,4.05000,0.357778
4.06000,0.0921287,4.06000,0,4.06000,0,4.06000,0,4.06000,0.931659,4.06000,0,4.06000,0.387893,4.06000,0,4.06000,0,4.06000,0,4.06000,3.9226,4.06000,0,4.06000,10.1126,4.06000,0,4.06000,0,4.06000,0,4.06000,12,4.06000,0.66351,4.06000,0,4.06000,0.50968,4.06000,0,4.06000,0.577488,4.06000,0.0921287,4.06000,0.0921287,4.06000,0.150028,4.06000,0.387893,4.06000,0.387893,4.06000,0.340011
4.07000,0.0912429,4.07000,0,4.07000,0,4.07000,0,4.07000,0.922701,4.07000,0,4.07000,0.387136,4.07000,0,4.07000,0,4.07000,0,4.07000,3.91495,4.07000,0,4.07000,10.1126,4.07000,0,4.07000,0,4.07000,0,4.07000,12,4.07000,0.66351,4.07000,0,4.07000,0.50968,4.07000,0,4.07000,0.577488,4.07000,0.0912429,4.07000,0.0912429,4.07000,0.144739,4.07000,0.387136,4.07000,0.387136,4.07000,0.33725
4.08000,0.0903754,4.08000,0,4.08000,0,4.08000,0,4.08000,0.913929,4.08000,0,4.08000,0.386387,4.08000,0,4.08000,0,4.08000,0,4.08000,3.90737,4.08000,0,4.08000,10.1126,4.08000,0,4.08000,0,4.08000,0,4.08000,12,4.08000,0.66351,4.08000,0,4.08000,0.50968,4.08000,0,4.08000,0.577488,4.08000,0.0903754,4.08000,0.0903754,4.08000,0.131987,4.08000,0.386387,4.08000,0.386387,4.08000,0.346166
4.09000,0.0895079,4.09000,0,4.09000,0,4.09000,0,4.09000,0.905156,4.09000,0,4.09000,0.385638,4.09000,0,4.09000,0,4.09000,0,4.09000,3.8998,4.09000,0,4.09000,10.1126,4.09000,0,4.09000,0,4.09000,0,4.09000,12,4.09000,0.66351,4.09000,0,4.09000,0.50968,4.09000,0,4.09000,0.577488,4.09000,0.0895079,4.09000,0.0895079,4.09000,0.119235,4.09000,0.385638,4.09000,0.385638,4.09000,0.355082
4.10000,0.0886404,4.10000,0,4.10000,0,4.10000,0,4.10000,0.896384,4.10000,0,4.10000,0.384889,4.10000,0,4.10000,0,4.10000,0,4.10000,3.89222,4.10000,0,4.10000,10.1126,4.10000,0,4.10000,0,4.10000,0,4.10000,12,4.10000,0.66351,4.10000,0,4.10000,0.50968,4.10000,0,4.10000,0.577488,4.10000,0.0886404,4.10000,0.0886404,4.10000,0.106483,4.10000,0.384889,4.10000,0.384889,4.10000,0.363998
4.11000,0.087773,4.11000,0,4.11000,0,4.11000,0,4.11000,0.887611,4.11000,0,4.11000,0.38414,4.11000,0,4.11000,0,4.11000,0,4.11000,3.88465,4.11000,0,4.11000,10.1126,4.11000,0,4.11000,0,4.11000,0,4.11000,12,4.11000,0.66351,4.11000,0,4.11000,0.50968,4.11000,0,4.11000,0.577488,4.11000,0.087773,4.11000,0.087773,4.11000,0.0937308,4.11000,0.38414,4.11000,0.38414,4.11000,0.372913
4.12000,0.0869055,4.12000,0,4.12000,0,4.12000,0,4.12000,0.878839,4.12000,0,4.12000,0.383391,4.12000,0,4.12000,0,4.12000,0,4.12000,3.87708,4.12000,0,4.12000,10.1126,4.12000,0,4.12000,0,4.12000,0,4.12000,12,4.12000,0.66351,4.12000,0,4.12000,0.50968,4.12000,0,4.12000,0.577488,4.12000,0.0869055,4.12000,0.0869055,4.12000,0.0809789,4.12000,0.383391,4.12000,0.383391,4.12000,0.381829
4.13000,0.0860764,4.13000,0,4.13000,0,4.13000,0,4.13000,0.870454,4.13000,0,4.13000,0.382657,4.13000,0,4.13000,0,4.13000,0,4.13000,3.86965,4.13000,0,4.13000,10.1126,4.13000,0,4.13000,0,4.13000,0,4.13000,12,4.13000,0.66351,4.13000,0,4.13000,0.50968,4.13000,0,4.13000,0.577488,4.13000,0.0860764,4.13000,0.0860764,4.13000,0.0770168,4.13000,0.382657,4.13000,0.382657,4.13000,0.384125
4.14000,0.0852495,4.14000,0,4.14000,0,4.14000,0,4.14000,0.862093,4.14000,0,4.14000,0.381924,4.14000,0,4.14000,0,4.14000,0,4.14000,3.86224,4.14000,0,4.14000,10.1126,4.14000,0,4.14000,0,4.14000,0,4.14000,12,4.14000,0.66351,4.14000,0,4.14000,0.50968,4.14000,0,4.14000,0.577488,4.14000,0.0852495,4.14000,0.0852495,4.14000,0.0735785,4.14000,0.381924,4.14000,0.381924,4.14000,0.386026
4.15000,0.0844226,4.15000,0,4.15000,0,4.15000,0,4.15000,0.853731,4.15000,0,4.15000,0.381191,4.15000,0,4.15000,0,4.15000,0,4.15000,3.85483,4.15000,0,4.15000,10.1126,4.15000,0,4.15000,0,4.15000,0,4.15000,12,4.15000,0.66351,4.15000,0,4.15000,0.50968,4.15000,0,4.15000,0.577488,4.15000,0.0844226,4.15000,0.0844226,4.15000,0.0701402,4.15000,0.381191,4.15000,0.381191,4.15000,0.387927
4.16000,0.0835958,4.16000,0,4.16000,0,4.16000,0,4.16000,0.845369,4.16000,0,4.16000,0.380458,4.16000,0,4.16000,0,4.16000,0,4.16000,3.84742,4.16000,0,4.16000,10.1126,4.16000,0,4.16000,0,4.16000,0,4.16000,12,4.16000,0.66351,4.16000,0,4.16000,0.50968,4.16000,0,4.16000,0.577488,4.16000,0.0835958,4.16000,0.0835958,4.16000,0.0667019,4.16000,0.380458,4.16000,0.380458,4.16000,0.389828
4.17000,0.0827689,4.17000,0,4.17000,0,4.17000,0,4.17000,0.837008,4.17000,0,4.17000,0.379725,4.17000,0,4.17000,0,4.17000,0,4.17000,3.84,4.17000,0,4.17000,10.1126,4.17000,0,4.17000,0,4.17000,0,4.17000,12,4.17000,0.66351,4.17000,0,4.17000,0.50968,4.17000,0,4.17000,0.577488,4.17000,0.0827689,4.17000,0.0827689,4.17000,0.0632637,4.17000,0.379725,4.17000,0.379725,4.17000,0.391729
4.18000,0.0819548,4.18000,0,4.18000,0,4.18000,0,4.18000,0.828775,4.18000,0,4.18000,0.378997,4.18000,0,4.18000,0,4.18000,0,4.18000,3.83264,4.18000,0,4.18000,10.1126,4.18000,0,4.18000,0,4.18000,0,4.18000,12,4.18000,0.66351,4.18000,0,4.18000,0.50968,4.18000,0,4.18000,0.577488,4.18000,0.0819548,4.18000,0.0819548,4.18000,0.0602903,4.18000,0.378997,4.18000,0.378997,4.18000,0.392331
4.19000,0.0811672,4.19000,0,4.19000,0,4.19000,0,4.19000,0.82081,4.19000,0,4.19000,0.37828,4.19000,0,4.19000,0,4.19000,0,4.19000,3.82539,4.19000,0,4.19000,10.1126,4.19000,0,4.19000,0,4.19000,0,4.19000,12,4.19000,0.66351,4.19000,0,4.19000,0.50968,4.19000,0,4.19000,0.577488,4.19000,0.0811672,4.19000,0.0811672,4.19000,0.0582821,4.19000,0.37828,4.19000,0.37828,4.19000,0.390238
4.20000,0.0803796,4.20000,0,4.20000,0,4.20000,0,4.20000,0.812845,4.20000,0,4.20000,0.377562,4.20000,0,4.20000,0,4.20000,0,4.20000,3.81813,4.20000,0,4.20000,10.1126,4.20000,0,4.20000,0,4.20000,0,4.20000,12,4.20000,0.66351,4.20000,0,4.20000,0.50968,4.20000,0,4.20000,0.577488,4.20000,0.0803796,4.20000,0.0803796,4.20000,0.0562739,4.20000,0.377562,4.20000,0.377562,4.20000,0.388144
4.21000,0.0795919,4.21000,0,4.21000,0,4.21000,0,4.21000,0.80488,4.21000,0,4.21000,0.376845,4.21000,0,4.21000,0,4.21000,0,4.21000,3.81088,4.21000,0,4.21000,10.1126,4.21000,0,4.21000,0,4.21000,0,4.21000,12,4.21000,0.66351,4.21000,0,4.21000,0.50968,4.21000,0,4.21000,0.577488,4.21000,0.0795919,4.21000,0.0795919,4.21000,0.0542658,4.21000,0.376845,4.21000,0.376845,4.21000,0.386051
4.22000,0.0788043,4.22000,0,4.22000,0,4.22000,0,4.22000,0.796915,4.22000,0,4.22000,0.376127,4.22000,0,4.22000,0,4.22000,0,4.22000,3.80362,4.22000,0,4.22000,10.1126,4.22000,0,4.22000,0,4.22000,0,4.22000,12,4.22000,0.66351,4.22000,0,4.22000,0.50968,4.22000,0,4.22000,0.577488,4.22000,0.0788043,4.22000,0.0788043,4.22000,0.0522576,4.22000,0.376127,4.22000,0.376127,4.22000,0.383958
4.23000,0.0780167,4.23000,0,4.23000,0,4.23000,0,4.23000,0.78895,4.23000,0,4.23000,0.37541,4.23000,0,4.23000,0,4.23000,0,4.23000,3.79636,4.23000,0,4.23000,10.1126,4.23000,0,4.23000,0,4.23000,0,4.23000,12,4.23000,0.66351,4.23000,0,4.23000,0.50968,4.23000,0,4.23000,0.577488,4.23000,0.0780167,4.23000,0.0780167,4.23000,0.0502494,4.23000,0.37541,4.23000,0.37541,4.23000,0.381864
4.24000,0.0772558,4.24000,0,4.24000,0,4.24000,0,4.24000,0.781255,4.24000,0,4.24000,0.374703,4.24000,0,4.24000,0,4.24000,0,4.24000,3.78921,4.24000,0,4.24000,10.1126,4.24000,0,4.24000,0,4.24000,0,4.24000,12,4.24000,0.66351,4.24000,0,4.24000,0.50968,4.24000,0,4.24000,0.577488,4.24000,0.0772558,4.24000,0.0772558,4.24000,0.0520268,4.24000,0.374703,4.24000,0.374703,4.24000,0.380106
4.25000,0.076506,4.25000,0,4.25000,0,4.25000,0,4.25000,0.773673,4.25000,0,4.25000,0.374001,4.25000,0,4.25000,0,4.25000,0,4.25000,3.78211,4.25000,0,4.25000,10.1126,4.25000,0,4.25000,0,4.25000,0,4.25000,12,4.25000,0.66351,4.25000,0,4.25000,0.50968,4.25000,0,4.25000,0.577488,4.25000,0.076506,4.25000,0.076506,4.25000,0.0553773,4.25000,0.374001,4.25000,0.374001,4.25000,0.378487
4.26000,0.0757562,4.26000,0,4.26000,0,4.26000,0,4.26000,0.766091,4.26000,0,4.26000,0.373298,4.26000,0,4.26000,0,4.26000,0,4.26000,3.77501,4.26000,0,4.26000,10.1126,4.26000,0,4.26000,0,4.26000,0,4.26000,12,4.26000,0.66351,4.26000,0,4.26000,0.50968,4.26000,0,4.26000,0.577488,4.26000,0.0757562,4.26000,0.0757562,4.26000,0.0587277,4.26000,0.373298,4.26000,0.373298,4.26000,0.376868
4.27000,0.0750064,4.27000,0,4.27000,0,4.27000,0,4.27000,0.758508,4.27000,0,4.27000,0.372596,4.27000,0,4.27000,0,4.27000,0,4.27000,3.7679,4.27000,0,4.27000,10.1126,4.27000,0,4.27000,0,4.27000,0,4.27000,12,4.27000,0.66351,4.27000,0,4.27000,0.50968,4.27000,0,4.27000,0.577488,4.27000,0.0750064,4.27000,0.0750064,4.27000,0.0620782,4.27000,0.372596,4.27000,0.372596,4.27000,0.375248
4.28000,0.0742566,4.28000,0,4.28000,0,4.28000,0,4.28000,0.750926,4.28000,0,4.28000,0.371893,4.28000,0,4.28000,0,4.28000,0,4.28000,3.7608,4.28000,0,4.28000,10.1126,4.28000,0,4.28000,0,4.28000,0,4.28000,12,4.28000,0.66351,4.28000,0,4.28000,0.50968,4.28000,0,4.28000,0.577488,4.28000,0.0742566,4.28000,0.0742566,4.28000,0.0654286,4.28000,0.371893,4.28000,0.371893,4.28000,0.373629
4.29000,0.07351,4.29000,0,4.29000,0,4.29000,0,4.29000,0.743376,4.29000,0,4.29000,0.371192,4.29000,0,4.29000,0,4.29000,0,4.29000,3.75371,4.29000,0,4.29000,10.1126,4.29000,0,4.29000,0,4.29000,0,4.29000,12,4.29000,0.66351,4.29000,0,4.29000,0.50968,4.29000,0,4.29000,0.577488,4.29000,0.07351,4.29000,0.07351,4.29000,0.0686061,4.29000,0.371192,4.29000,0.371192,4.29000,0.371755
4.30000,0.0727966,4.30000,0,4.30000,0,4.30000,0,4.30000,0.736162,4.30000,0,4.30000,0.370504,4.30000,0,4.30000,0,4.30000,0,4.30000,3.74675,4.30000,0,4.30000,10.1126,4.30000,0,4.30000,0,4.30000,0,4.30000,12,4.30000,0.66351,4.30000,0,4.30000,0.50968,4.30000,0,4.30000,0.577488,4.30000,0.0727966,4.30000,0.0727966,4.30000,0.0699864,4.30000,0.370504,4.30000,0.370504,4.30000,0.367232
4.31000,0.0720833,4.31000,0,4.31000,0,4.31000,0,4.31000,0.728948,4.31000,0,4.31000,0.369816,4.31000,0,4.31000,0,4.31000,0,4.31000,3.73979,4.31000,0,4.31000,10.1126,4.31000,0,4.31000,0,4.31000,0,4.31000,12,4.31000,0.66351,4.31000,0,4.31000,0.50968,4.31000,0,4.31000,0.577488,4.31000,0.0720833,4.31000,0.0720833,4.31000,0.0713667,4.31000,0.369816,4.31000,0.369816,4.31000,0.36271
4.32000,0.07137,4.32000,0,4.32000,0,4.32000,0,4.32000,0.721735,4.32000,0,4.32000,0.369128,4.32000,0,4.32000,0,4.32000,0,4.32000,3.73284,4.32000,0,4.32000,10.1126,4.32000,0,4.32000,0,4.32000,0,4.32000,12,4.32000,0.66351,4.32000,0,4.32000,0.50968,4.32000,0,4.32000,0.577488,4.32000,0.07137,4.32000,0.07137,4.32000,0.0727469,4.32000,0.369128,4.32000,0.369128,4.32000,0.358187
4.33000,0.0706566,4.33000,0,4.33000,0,4.33000,0,4.33000,0.714521,4.33000,0,4.33000,0.36844,4.33000,0,4.33000,0,4.33000,0,4.33000,3.72588,4.33000,0,4.33000,10.1126,4.33000,0,4.33000,0,4.33000,0,4.33000,12,4.33000,0.66351,4.33000,0,4.33000,0.50968,4.33000,0,4.33000,0.577488,4.33000,0.0706566,4.33000,0.0706566,4.33000,0.0741272,4.33000,0.36844,4.33000,0.36844,4.33000,0.353665
4.34000,0.0699433,4.34000,0,4.34000,0,4.34000,0,4.34000,0.707307,4.34000,0,4.34000,0.367752,4.34000,0,4.34000,0,4.34000,0,4.34000,3.71892,4.34000,0,4.34000,10.1126,4.34000,0,4.34000,0,4.34000,0,4.34000,12,4.34000,0.66351,4.34000,0,4.34000,0.50968,4.34000,0,4.34000,0.577488,4.34000,0.0699433,4.34000,0.0699433,4.34000,0.0755075,4.34000,0.367752,4.34000,0.367752,4.34000,0.349142
4.35000,0.0692464,4.35000,0,4.35000,0,4.35000,0,4.35000,0.70026,4.35000,0,4.35000,0.367071,4.35000,0,4.35000,0,4.35000,0,4.35000,3.71203,4.35000,0,4.35000,10.1126,4.35000,0,4.35000,0,4.35000,0,4.35000,12,4.35000,0.66351,4.35000,0,4.35000,0.50968,4.35000,0,4.35000,0.577488,4.35000,0.0692464,4.35000,0.0692464,4.35000,0.071552,4.35000,0.367071,4.35000,0.367071,4.35000,0.347629
4.36000,0.0685682,4.36000,0,4.36000,0,4.36000,0,4.36000,0.693401,4.36000,0,4.36000,0.366397,4.36000,0,4.36000,0,4.36000,0,4.36000,3.70522,4.36000,0,4.36000,10.1126,4.36000,0,4.36000,0,4.36000,0,4.36000,12,4.36000,0.66351,4.36000,0,4.36000,0.50968,4.36000,0,4.36000,0.577488,4.36000,0.0685682,4.36000,0.0685682,4.36000,0.0615586,4.36000,0.366397,4.36000,0.366397,4.36000,0.34952
4.37000,0.0678899,4.37000,0,4.37000,0,4.37000,0,4.37000,0.686542,4.37000,0,4.37000,0.365723,4.37000,0,4.37000,0,4.37000,0,4.37000,3.69841,4.37000,0,4.37000,10.1126,4.37000,0,4.37000,0,4.37000,0,4.37000,12,4.37000,0.66351,4.37000,0,4.37000,0.50968,4.37000,0,4.37000,0.577488,4.37000,0.0678899,4.37000,0.0678899,4.37000,0.0515652,4.37000,0.365723,4.37000,0.365723,4.37000,0.351411
4.38000,0.0672116,4.38000,0,4.38000,0,4.38000,0,4.38000,0.679683,4.38000,0,4.38000,0.365049,4.38000,0,4.38000,0,4.38000,0,4.38000,3.69159,4.38000,0,4.38000,10.1126,4.38000,0,4.38000,0,4.38000,0,4.38000,12,4.38000,0.66351,4.38000,0,4.38000,0.50968,4.38000,0,4.38000,0.577488,4.38000,0.0672116,4.38000,0.0672116,4.38000,0.0415718,4.38000,0.365049,4.38000,0.365049,4.38000,0.353303
4.39000,0.0665334,4.39000,0,4.39000,0,4.39000,0,4.39000,0.672824,4.39000,0,4.39000,0.364376,4.39000,0,4.39000,0,4.39000,0,4.39000,3.68478,4.39000,0,4.39000,10.1126,4.39000,0,4.39000,0,4.39000,0,4.39000,12,4.39000,0.66351,4.39000,0,4.39000,0.50968,4.39000,0,4.39000,0.577488,4.39000,0.0665334,4.39000,0.0665334,4.39000,0.0315784,4.39000,0.364376,4.39000,0.364376,4.39000,0.355194
4.40000,0.0658551,4.40000,0,4.40000,0,4.40000,0,4.40000,0.665965,4.40000,0,4.40000,0.363702,4.40000,0,4.40000,0,4.40000,0,4.40000,3.67796,4.40000,0,4.40000,10.1126,4.40000,0,4.40000,0,4.40000,0,4.40000,12,4.40000,0.66351,4.40000,0,4.40000,0.50968,4.40000,0,4.40000,0.577488,4.40000,0.0658551,4.40000,0.0658551,4.40000,0.021585,4.40000,0.363702,4.40000,0.363702,4.40000,0.357085
4.41000,0.0652056,4.41000,0,4.41000,0,4.41000,0,4.41000,0.659397,4.41000,0,4.41000,0.36304,4.41000,0,4.41000,0,4.41000,0,4.41000,3.67127,4.41000,0,4.41000,10.1126,4.41000,0,4.41000,0,4.41000,0,4.41000,12,4.41000,0.66351,4.41000,0,4.41000,0.50968,4.41000,0,4.41000,0.577488,4.41000,0.0652056,4.41000,0.0652056,4.41000,0.013973,4.41000,0.36304,4.41000,0.36304,4.41000,0.361243
4.42000,0.064561,4.42000,0,4.42000,0,4.42000,0,4.42000,0.652879,4.42000,0,4.42000,0.362379,4.42000,0,4.42000,0,4.42000,0,4.42000,3.66459,4.42000,0,4.42000,10.1126,4.42000,0,4.42000,0,4.42000,0,4.42000,12,4.42000,0.66351,4.42000,0,4.42000,0.50968,4.42000,0,4.42000,0.577488,4.42000,0.064561,4.42000,0.064561,4.42000,0.00677971,4.42000,0.362379,4.42000,0.362379,4.42000,0.3658
4.43000,0.0639165,4.43000,0,4.43000,0,4.43000,0,4.43000,0.646361,4.43000,0,4.43000,0.361719,4.43000,0,4.43000,0,4.43000,0,4.43000,3.65792,4.43000,0,4.43000,10.1126,4.43000,0,4.43000,0,4.43000,0,4.43000,12,4.43000,0.66351,4.43000,0,4.43000,0.50968,4.43000,0,4.43000,0.577488,4.43000,0.0639165,4.43000,0.0639165,4.43000,-0.000413597,4.43000,0.361719,4.43000,0.361719,4.43000,0.370356
4.44000,0.063272,4.44000,0,4.44000,0,4.44000,0,4.44000,0.639843,4.44000,0,4.44000,0.361059,4.44000,0,4.44000,0,4.44000,0,4.44000,3.65124,4.44000,0,4.44000,10.1126,4.44000,0,4.44000,0,4.44000,0,4.44000,12,4.44000,0.66351,4.44000,0,4.44000,0.50968,4.44000,0,4.44000,0.577488,4.44000,0.063272,4.44000,0.063272,4.44000,-0.00760691,4.44000,0.361059,4.44000,0.361059,4.44000,0.374913
4.45000,0.0626274,4.45000,0,4.45000,0,4.45000,0,4.45000,0.633325,4.45000,0,4.45000,0.360399,4.45000,0,4.45000,0,4.45000,0,4.45000,3.64456,4.45000,0,4.45000,10.1126,4.45000,0,4.45000,0,4.45000,0,4.45000,12,4.45000,0.66351,4.45000,0,4.45000,0.50968,4.45000,0,4.45000,0.577488,4.45000,0.0626274,4.45000,0.0626274,4.45000,-0.0148002,4.45000,0.360399,4.45000,0.360399,4.45000,0.379469
4.46000,0.0619904,4.46000,0,4.46000,0,4.46000,0,4.46000,0.626883,4.46000,0,4.46000,0.359742,4.46000,0,4.46000,0,4.46000,0,4.46000,3.63792,4.46000,0,4.46000,10.1126,4.46000,0,4.46000,0,4.46000,0,4.46000,12,4.46000,0.66351,4.46000,0,4.46000,0.50968,4.46000,0,4.46000,0.577488,4.46000,0.0619904,4.46000,0.0619904,4.46000,-0.0180962,4.46000,0.359742,4.46000,0.359742,4.46000,0.381697
4.47000,0.0613783,4.47000,0,4.47000,0,4.47000,0,4.47000,0.620693,4.47000,0,4.47000,0.359095,4.47000,0,4.47000,0,4.47000,0,4.47000,3.63138,4.47000,0,4.47000,10.1126,4.47000,0,4.47000,0,4.47000,0,4.47000,12,4.47000,0.66351,4.47000,0,4.47000,0.50968,4.47000,0,4.47000,0.577488,4.47000,0.0613783,4.47000,0.0613783,4.47000,-0.00847791,4.47000,0.359095,4.47000,0.359095,4.47000,0.376207
4.48000,0.0607661,4.48000,0,4.48000,0,4.48000,0,4.48000,0.614503,4.48000,0,4.48000,0.358448,4.48000,0,4.48000,0,4.48000,0,4.48000,3.62484,4.48000,0,4.48000,10.1126,4.48000,0,4.48000,0,4.48000,0,4.48000,12,4.48000,0.66351,4.48000,0,4.48000,0.50968,4.48000,0,4.48000,0.577488,4.48000,0.0607661,4.48000,0.0607661,4.48000,0.00114037,4.48000,0.358448,4.48000,0.358448,4.48000,0.370716
4.49000,0.060154,4.49000,0,4.49000,0,4.49000,0,4.49000,0.608312,4.49000,0,4.49000,0.357801,4.49000,0,4.49000,0,4.49000,0,4.49000,3.61829,4.49000,0,4.49000,10.1126,4.49000,0,4.49000,0,4.49000,0,4.49000,12,4.49000,0.66351,4.49000,0,4.49000,0.50968,4.49000,0,4.49000,0.577488,4.49000,0.060154,4.49000,0.060154,4.49000,0.0107587,4.49000,0.357801,4.49000,0.357801,4.49000,0.365226
4.50000,0.0595419,4.50000,0,4.50000,0,4.50000,0,4.50000,0.602122,4.50000,0,4.50000,0.357154,4.50000,0,4.50000,0,4.50000,0,4.50000,3.61175,4.50000,0,4.50000,10.1126,4.50000,0,4.50000,0,4.50000,0,4.50000,12,4.50000,0.66351,4.50000,0,4.50000,0.50968,4.50000,0,4.50000,0.577488,4.50000,0.0595419,4.50000,0.0595419,4.50000,0.0203769,4.50000,0.357154,4.50000,0.357154,4.50000,0.359736
4.51000,0.0589297,4.51000,0,4.51000,0,4.51000,0,4.51000,0.595932,4.51000,0,4.51000,0.356508,4.51000,0,4.51000,0,4.51000,0,4.51000,3.60521,4.51000,0,4.51000,10.1126,4.51000,0,4.51000,0,4.51000,0,4.51000,12,4.51000,0.66351,4.51000,0,4.51000,0.50968,4.51000,0,4.51000,0.577488,4.51000,0.0589297,4.51000,0.0589297,4.51000,0.0299952,4.51000,0.356508,4.51000,0.356508,4.51000,0.354246
4.52000,0.0583366,4.52000,0,4.52000,0,4.52000,0,4.52000,0.589934,4.52000,0,4.52000,0.355869,4.52000,0,4.52000,0,4.52000,0,4.52000,3.59875,4.52000,0,4.52000,10.1126,4.52000,0,4.52000,0,4.52000,0,4.52000,12,4.52000,0.66351,4.52000,0,4.52000,0.50968,4.52000,0,4.52000,0.577488,4.52000,0.0583366,4.52000,0.0583366,4.52000,0.0354572,4.52000,0.355869,4.52000,0.355869,4.52000,0.3489
4.53000,0.0577555,4.53000,0,4.53000,0,4.53000,0,4.53000,0.584058,4.53000,0,4.53000,0.355235,4.53000,0,4.53000,0,4.53000,0,4.53000,3.59234,4.53000,0,4.53000,10.1126,4.53000,0,4.53000,0,4.53000,0,4.53000,12,4.53000,0.66351,4.53000,0,4.53000,0.50968,4.53000,0,4.53000,0.577488,4.53000,0.0577555,4.53000,0.0577555,4.53000,0.038297,4.53000,0.355235,4.53000,0.355235,4.53000,0.343647
4.54000,0.0571745,4.54000,0,4.54000,0,4.54000,0,4.54000,0.578182,4.54000,0,4.54000,0.3546,4.54000,0,4.54000,0,4.54000,0,4.54000,3.58593,4.54000,0,4.54000,10.1126,4.54000,0,4.54000,0,4.54000,0,4.54000,12,4.54000,0.66351,4.54000,0,4.54000,0.50968,4.54000,0,4.54000,0.577488,4.54000,0.0571745,4.54000,0.0571745,4.54000,0.0411368,4.54000,0.3546,4.54000,0.3546,4.54000,0.338393
4.55000,0.0565934,4.55000,0,4.55000,0,4.55000,0,4.55000,0.572305,4.55000,0,4.55000,0.353966,4.55000,0,4.55000,0,4.55000,0,4.55000,3.57952,4.55000,0,4.55000,10.1126,4.55000,0,4.55000,0,4.55000,0,4.55000,12,4.55000,0.66351,4.55000,0,4.55000,0.50968,4.55000,0,4.55000,0.577488,4.55000,0.0565934,4.55000,0.0565934,4.55000,0.0439766,4.55000,0.353966,4.55000,0.353966,4.55000,0.333139
4.56000,0.0560123,4.56000,0,4.56000,0,4.56000,0,4.56000,0.566429,4.56000,0,4.56000,0.353332,4.56000,0,4.56000,0,4.56000,0,4.56000,3.5731,4.56000,0,4.56000,10.1126,4.56000,0,4.56000,0,4.56000,0,4.56000,12,4.56000,0.66351,4.56000,0,4.56000,0.50968,4.56000,0,4.56000,0.577488,4.56000,0.0560123,4.56000,0.0560123,4.56000,0.0468165,4.56000,0.353332,4.56000,0.353332,4.56000,0.327885
4.57000,0.0554313,4.57000,0,4.57000,0,4.57000,0,4.57000,0.560553,4.57000,0,4.57000,0.352698,4.57000,0,4.57000,0,4.57000,0,4.57000,3.56669,4.57000,0,4.57000,10.1126,4.57000,0,4.57000,0,4.57000,0,4.57000,12,4.57000,0.66351,4.57000,0,4.57000,0.50968,4.57000,0,4.57000,0.577488,4.57000,0.0554313,4.57000,0.0554313,4.57000,0.0496563,4.57000,0.352698,4.57000,0.352698,4.57000,0.322631
4.58000,0.0548798,4.58000,0,4.58000,0,4.58000,0,4.58000,0.554976,4.58000,0,4.58000,0.352077,4.58000,0,4.58000,0,4.58000,0,4.58000,3.56041,4.58000,0,4.58000,10.1126,4.58000,0,4.58000,0,4.58000,0,4.58000,12,4.58000,0.66351,4.58000,0,4.58000,0.50968,4.58000,0,4.58000,0.577488,4.58000,0.0548798,4.58000,0.0548798,4.58000,0.0457206,4.58000,0.352077,4.58000,0.352077,4.58000,0.328733
4.59000,0.0543285,4.59000,0,4.59000,0,4.59000,0,4.59000,0.549401,4.59000,0,4.59000,0.351455,4.59000,0,4.59000,0,4.59000,0,4.59000,3.55412,4.59000,0,4.59000,10.1126,4.59000,0,4.59000,0,4.59000,0,4.59000,12,4.59000,0.66351,4.59000,0,4.59000,0.50968,4.59000,0,4.59000,0.577488,4.59000,0.0543285,4.59000,0.0543285,4.59000,0.0417476,4.59000,0.351455,4.59000,0.351455,4.59000,0.334898
4.60000,0.0537772,4.60000,0,4.60000,0,4.60000,0,4.60000,0.543826,4.60000,0,4.60000,0.350834,4.60000,0,4.60000,0,4.60000,0,4.60000,3.54784,4.60000,0,4.60000,10.1126,4.60000,0,4.60000,0,4.60000,0,4.60000,12,4.60000,0.66351,4.60000,0,4.60000,0.50968,4.60000,0,4.60000,0.577488,4.60000,0.0537772,4.60000,0.0537772,4.60000,0.0377745,4.60000,0.350834,4.60000,0.350834,4.60000,0.341063
4.61000,0.0532259,4.61000,0,4.61000,0,4.61000,0,4.61000,0.538251,4.61000,0,4.61000,0.350212,4.61000,0,4.61000,0,4.61000,0,4.61000,3.54155,4.61000,0,4.61000,10.1126,4.61000,0,4.61000,0,4.61000,0,4.61000,12,4.61000,0.66351,4.61000,0,4.61000,0.50968,4.61000,0,4.61000,0.577488,4.61000,0.0532259,4.61000,0.0532259,4.61000,0.0338015,4.61000,0.350212,4.61000,0.350212,4.61000,0.347228
4.62000,0.0526746,4.62000,0,4.62000,0,4.62000,0,4.62000,0.532676,4.62000,0,4.62000,0.349591,4.62000,0,4.62000,0,4.62000,0,4.62000,3.53527,4.62000,0,4.62000,10.1126,4.62000,0,4.62000,0,4.62000,0,4.62000,12,4.62000,0.66351,4.62000,0,4.62000,0.50968,4.62000,0,4.62000,0.577488,4.62000,0.0526746,4.62000,0.0526746,4.62000,0.0298285,4.62000,0.349591,4.62000,0.349591,4.62000,0.353392
4.63000,0.052134,4.63000,0,4.63000,0,4.63000,0,4.63000,0.52721,4.63000,0,4.63000,0.348974,4.63000,0,4.63000,0,4.63000,0,4.63000,3.52903,4.63000,0,4.63000,10.1126,4.63000,0,4.63000,0,4.63000,0,4.63000,12,4.63000,0.66351,4.63000,0,4.63000,0.50968,4.63000,0,4.63000,0.577488,4.63000,0.052134,4.63000,0.052134,4.63000,0.0304332,4.63000,0.348974,4.63000,0.348974,4.63000,0.358353
4.64000,0.0516112,4.64000,0,4.64000,0,4.64000,0,4.64000,0.521923,4.64000,0,4.64000,0.348364,4.64000,0,4.64000,0,4.64000,0,4.64000,3.52286,4.64000,0,4.64000,10.1126,4.64000,0,4.64000,0,4.64000,0,4.64000,12,4.64000,0.66351,4.64000,0,4.64000,0.50968,4.64000,0,4.64000,0.577488,4.64000,0.0516112,4.64000,0.0516112,4.64000,0.0386396,4.64000,0.348364,4.64000,0.348364,4.64000,0.361313
4.65000,0.0510884,4.65000,0,4.65000,0,4.65000,0,4.65000,0.516636,4.65000,0,4.65000,0.347755,4.65000,0,4.65000,0,4.65000,0,4.65000,3.5167,4.65000,0,4.65000,10.1126,4.65000,0,4.65000,0,4.65000,0,4.65000,12,4.65000,0.66351,4.65000,0,4.65000,0.50968,4.65000,0,4.65000,0.577488,4.65000,0.0510884,4.65000,0.0510884,4.65000,0.046846,4.65000,0.347755,4.65000,0.347755,4.65000,0.364273
4.66000,0.0505656,4.66000,0,4.66000,0,4.66000,0,4.66000,0.511349,4.66000,0,4.66000,0.347146,4.66000,0,4.66000,0,4.66000,0,4.66000,3.51054,4.66000,0,4.66000,10.1126,4.66000,0,4.66000,0,4.66000,0,4.66000,12,4.66000,0.66351,4.66000,0,4.66000,0.50968,4.66000,0,4.66000,0.577488,4.66000,0.0505656,4.66000,0.0505656,4.66000,0.0550524,4.66000,0.347146,4.66000,0.347146,4.66000,0.367233
4.67000,0.0500428,4.67000,0,4.67000,0,4.67000,0,4.67000,0.506062,4.67000,0,4.67000,0.346536,4.67000,0,4.67000,0,4.67000,0,4.67000,3.50438,4.67000,0,4.67000,10.1126,4.67000,0,4.67000,0,4.67000,0,4.67000,12,4.67000,0.66351,4.67000,0,4.67000,0.50968,4.67000,0,4.67000,0.577488,4.67000,0.0500428,4.67000,0.0500428,4.67000,0.0632588,4.67000,0.346536,4.67000,0.346536,4.67000,0.370193
4.68000,0.0495201,4.68000,0,4.68000,0,4.68000,0,4.68000,0.500776,4.68000,0,4.68000,0.345927,4.68000,0,4.68000,0,4.68000,0,4.68000,3.49821,4.68000,0,4.68000,10.1126,4.68000,0,4.68000,0,4.68000,0,4.68000,12,4.68000,0.66351,4.68000,0,4.68000,0.50968,4.68000,0,4.68000,0.577488,4.68000,0.0495201,4.68000,0.0495201,4.68000,0.0714652,4.68000,0.345927,4.68000,0.345927,4.68000,0.373153
4.69000,0.0490179,4.69000,0,4.69000,0,4.69000,0,4.69000,0.495698,4.69000,0,4.69000,0.345326,4.69000,0,4.69000,0,4.69000,0,4.69000,3.49214,4.69000,0,4.69000,10.1126,4.69000,0,4.69000,0,4.69000,0,4.69000,12,4.69000,0.66351,4.69000,0,4.69000,0.50968,4.69000,0,4.69000,0.577488,4.69000,0.0490179,4.69000,0.0490179,4.69000,0.0699538,4.69000,0.345326,4.69000,0.345326,4.69000,0.368077
4.70000,0.0485224,4.70000,0,4.70000,0,4.70000,0,4.70000,0.490687,4.70000,0,4.70000,0.344729,4.70000,0,4.70000,0,4.70000,0,4.70000,3.4861,4.70000,0,4.70000,10.1126,4.70000,0,4.70000,0,4.70000,0,4.70000,12,4.70000,0.66351,4.70000,0,4.70000,0.50968,4.70000,0,4.70000,0.577488,4.70000,0.0485224,4.70000,0.0485224,4.70000,0.0653264,4.70000,0.344729,4.70000,0.344729,4.70000,0.360424
4.71000,0.0480269,4.71000,0,4.71000,0,4.71000,0,4.71000,0.485676,4.71000,0,4.71000,0.344131,4.71000,0,4.71000,0,4.71000,0,4.71000,3.48006,4.71000,0,4.71000,10.1126,4.71000,0,4.71000,0,4.71000,0,4.71000,12,4.71000,0.66351,4.71000,0,4.71000,0.50968,4.71000,0,4.71000,0.577488,4.71000,0.0480269,4.71000,0.0480269,4.71000,0.0606989,4.71000,0.344131,4.71000,0.344131,4.71000,0.352771
4.72000,0.0475313,4.72000,0,4.72000,0,4.72000,0,4.72000,0.480665,4.72000,0,4.72000,0.343534,4.72000,0,4.72000,0,4.72000,0,4.72000,3.47401,4.72000,0,4.72000,10.1126,4.72000,0,4.72000,0,4.72000,0,4.72000,12,4.72000,0.66351,4.72000,0,4.72000,0.50968,4.72000,0,4.72000,0.577488,4.72000,0.0475313,4.72000,0.0475313,4.72000,0.0560715,4.72000,0.343534,4.72000,0.343534,4.72000,0.345118
4.73000,0.0470358,4.73000,0,4.73000,0,4.73000,0,4.73000,0.475654,4.73000,0,4.73000,0.342936,4.73000,0,4.73000,0,4.73000,0,4.73000,3.46797,4.73000,0,4.73000,10.1126,4.73000,0,4.73000,0,4.73000,0,4.73000,12,4.73000,0.66351,4.73000,0,4.73000,0.50968,4.73000,0,4.73000,0.577488,4.73000,0.0470358,4.73000,0.0470358,4.73000,0.0514441,4.73000,0.342936,4.73000,0.342936,4.73000,0.337465
4.74000,0.0465439,4.74000,0,4.74000,0,4.74000,0,4.74000,0.470679,4.74000,0,4.74000,0.34234,4.74000,0,4.74000,0,4.74000,0,4.74000,3.46194,4.74000,0,4.74000,10.1126,4.74000,0,4.74000,0,4.74000,0,4.74000,12,4.74000,0.66351,4.74000,0,4.74000,0.50968,4.74000,0,4.74000,0.577488,4.74000,0.0465439,4.74000,0.0465439,4.74000,0.0481467,4.74000,0.34234,4.74000,0.34234,4.74000,0.331198
4.75000,0.0460744,4.75000,0,4.75000,0,4.75000,0,4.75000,0.465932,4.75000,0,4.75000,0.341754,4.75000,0,4.75000,0,4.75000,0,4.75000,3.45601,4.75000,0,4.75000,10.1126,4.75000,0,4.75000,0,4.75000,0,4.75000,12,4.75000,0.66351,4.75000,0,4.75000,0.50968,4.75000,0,4.75000,0.577488,4.75000,0.0460744,4.75000,0.0460744,4.75000,0.0531192,4.75000,0.341754,4.75000,0.341754,4.75000,0.333548
4.76000,0.045605,4.76000,0,4.76000,0,4.76000,0,4.76000,0.461184,4.76000,0,4.76000,0.341168,4.76000,0,4.76000,0,4.76000,0,4.76000,3.45009,4.76000,0,4.76000,10.1126,4.76000,0,4.76000,0,4.76000,0,4.76000,12,4.76000,0.66351,4.76000,0,4.76000,0.50968,4.76000,0,4.76000,0.577488,4.76000,0.045605,4.76000,0.045605,4.76000,0.0580916,4.76000,0.341168,4.76000,0.341168,4.76000,0.335897
4.77000,0.0451355,4.77000,0,4.77000,0,4.77000,0,4.77000,0.456437,4.77000,0,4.77000,0.340581,4.77000,0,4.77000,0,4.77000,0,4.77000,3.44416,4.77000,0,4.77000,10.1126,4.77000,0,4.77000,0,4.77000,0,4.77000,12,4.77000,0.66351,4.77000,0,4.77000,0.50968,4.77000,0,4.77000,0.577488,4.77000,0.0451355,4.77000,0.0451355,4.77000,0.0630641,4.77000,0.340581,4.77000,0.340581,4.77000,0.338247
4.78000,0.044666,4.78000,0,4.78000,0,4.78000,0,4.78000,0.451689,4.78000,0,4.78000,0.339995,4.78000,0,4.78000,0,4.78000,0,4.78000,3.43823,4.78000,0,4.78000,10.1126,4.78000,0,4.78000,0,4.78000,0,4.78000,12,4.78000,0.66351,4.78000,0,4.78000,0.50968,4.78000,0,4.78000,0.577488,4.78000,0.044666,4.78000,0.044666,4.78000,0.0680366,4.78000,0.339995,4.78000,0.339995,4.78000,0.340597
4.79000,0.0441966,4.79000,0,4.79000,0,4.79000,0,4.79000,0.446942,4.79000,0,4.79000,0.339409,4.79000,0,4.79000,0,4.79000,0,4.79000,3.4323,4.79000,0,4.79000,10.1126,4.79000,0,4.79000,0,4.79000,0,4.79000,12,4.79000,0.66351,4.79000,0,4.79000,0.50968,4.79000,0,4.79000,0.577488,4.79000,0.0441966,4.79000,0.0441966,4.79000,0.073009,4.79000,0.339409,4.79000,0.339409,4.79000,0.342946
4.80000,0.0437401,4.80000,0,4.80000,0,4.80000,0,4.80000,0.442325,4.80000,0,4.80000,0.338829,4.80000,0,4.80000,0,4.80000,0,4.80000,3.42643,4.80000,0,4.80000,10.1126,4.80000,0,4.80000,0,4.80000,0,4.80000,12,4.80000,0.66351,4.80000,0,4.80000,0.50968,4.80000,0,4.80000,0.577488,4.80000,0.0437401,4.80000,0.0437401,4.80000,0.0746279,4.80000,0.338829,4.80000,0.338829,4.80000,0.341972
4.81000,0.0432955,4.81000,0,4.81000,0,4.81000,0,4.81000,0.437829,4.81000,0,4.81000,0.338254,4.81000,0,4.81000,0,4.81000,0,4.81000,3.42062,4.81000,0,4.81000,10.1126,4.81000,0,4.81000,0,4.81000,0,4.81000,12,4.81000,0.66351,4.81000,0,4.81000,0.50968,4.81000,0,4.81000,0.577488,4.81000,0.0432955,4.81000,0.0432955,4.81000,0.0731499,4.81000,0.338254,4.81000,0.338254,4.81000,0.337928
4.82000,0.0428509,4.82000,0,4.82000,0,4.82000,0,4.82000,0.433333,4.82000,0,4.82000,0.337679,4.82000,0,4.82000,0,4.82000,0,4.82000,3.4148,4.82000,0,4.82000,10.1126,4.82000,0,4.82000,0,4.82000,0,4.82000,12,4.82000,0.66351,4.82000,0,4.82000,0.50968,4.82000,0,4.82000,0.577488,4.82000,0.0428509,4.82000,0.0428509,4.82000,0.0716718,4.82000,0.337679,4.82000,0.337679,4.82000,0.333885
4.83000,0.0424063,4.83000,0,4.83000,0,4.83000,0,4.83000,0.428837,4.83000,0,4.83000,0.337104,4.83000,0,4.83000,0,4.83000,0,4.83000,3.40899,4.83000,0,4.83000,10.1126,4.83000,0,4.83000,0,4.83000,0,4.83000,12,4.83000,0.66351,4.83000,0,4.83000,0.50968,4.83000,0,4.83000,0.577488,4.83000,0.0424063,4.83000,0.0424063,4.83000,0.0701938,4.83000,0.337104,4.83000,0.337104,4.83000,0.329841
4.84000,0.0419617,4.84000,0,4.84000,0,4.84000,0,4.84000,0.424341,4.84000,0,4.84000,0.336529,4.84000,0,4.84000,0,4.84000,0,4.84000,3.40317,4.84000,0,4.84000,10.1126,4.84000,0,4.84000,0,4.84000,0,4.84000,12,4.84000,0.66351,4.84000,0,4.84000,0.50968,4.84000,0,4.84000,0.577488,4.84000,0.0419617,4.84000,0.0419617,4.84000,0.0687157,4.84000,0.336529,4.84000,0.336529,4.84000,0.325797
4.85000,0.0415171,4.85000,0,4.85000,0,4.85000,0,4.85000,0.419846,4.85000,0,4.85000,0.335953,4.85000,0,4.85000,0,4.85000,0,4.85000,3.39736,4.85000,0,4.85000,10.1126,4.85000,0,4.85000,0,4.85000,0,4.85000,12,4.85000,0.66351,4.85000,0,4.85000,0.50968,4.85000,0,4.85000,0.577488,4.85000,0.0415171,4.85000,0.0415171,4.85000,0.0672377,4.85000,0.335953,4.85000,0.335953,4.85000,0.321754
4.86000,0.041094,4.86000,0,4.86000,0,4.86000,0,4.86000,0.415566,4.86000,0,4.86000,0.335388,4.86000,0,4.86000,0,4.86000,0,4.86000,3.39164,4.86000,0,4.86000,10.1126,4.86000,0,4.86000,0,4.86000,0,4.86000,12,4.86000,0.66351,4.86000,0,4.86000,0.50968,4.86000,0,4.86000,0.577488,4.86000,0.041094,4.86000,0.041094,4.86000,0.0625209,4.86000,0.335388,4.86000,0.335388,4.86000,0.329165
4.87000,0.0406731,4.87000,0,4.87000,0,4.87000,0,4.87000,0.41131,4.87000,0,4.87000,0.334824,4.87000,0,4.87000,0,4.87000,0,4.87000,3.38593,4.87000,0,4.87000,10.1126,4.87000,0,4.87000,0,4.87000,0,4.87000,12,4.87000,0.66351,4.87000,0,4.87000,0.50968,4.87000,0,4.87000,0.577488,4.87000,0.0406731,4.87000,0.0406731,4.87000,0.0574492,4.87000,0.334824,4.87000,0.334824,4.87000,0.337832
4.88000,0.0402523,4.88000,0,4.88000,0,4.88000,0,4.88000,0.407054,4.88000,0,4.88000,0.33426,4.88000,0,4.88000,0,4.88000,0,4.88000,3.38023,4.88000,0,4.88000,10.1126,4.88000,0,4.88000,0,4.88000,0,4.88000,12,4.88000,0.66351,4.88000,0,4.88000,0.50968,4.88000,0,4.88000,0.577488,4.88000,0.0402523,4.88000,0.0402523,4.88000,0.0523775,4.88000,0.33426,4.88000,0.33426,4.88000,0.3465
4.89000,0.0398314,4.89000,0,4.89000,0,4.89000,0,4.89000,0.402799,4.89000,0,4.89000,0.333695,4.89000,0,4.89000,0,4.89000,0,4.89000,3.37452,4.89000,0,4.89000,10.1126,4.89000,0,4.89000,0,4.89000,0,4.89000,12,4.89000,0.66351,4.89000,0,4.89000,0.50968,4.89000,0,4.89000,0.577488,4.89000,0.0398314,4.89000,0.0398314,4.89000,0.0473058,4.89000,0.333695,4.89000,0.333695,4.89000,0.355167
4.90000,0.0394106,4.90000,0,4.90000,0,4.90000,0,4.90000,0.398543,4.90000,0,4.90000,0.333131,4.90000,0,4.90000,0,4.90000,0,4.90000,3.36882,4.90000,0,4.90000,10.1126,4.90000,0,4.90000,0,4.90000,0,4.90000,12,4.90000,0.66351,4.90000,0,4.90000,0.50968,4.90000,0,4.90000,0.577488,4.90000,0.0394106,4.90000,0.0394106,4.90000,0.0422341,4.90000,0.333131,4.90000,0.333131,4.90000,0.363834
4.91000,0.0389961,4.91000,0,4.91000,0,4.91000,0,4.91000,0.394352,4.91000,0,4.91000,0.33257,4.91000,0,4.91000,0,4.91000,0,4.91000,3.36314,4.91000,0,4.91000,10.1126,4.91000,0,4.91000,0,4.91000,0,4.91000,12,4.91000,0.66351,4.91000,0,4.91000,0.50968,4.91000,0,4.91000,0.577488,4.91000,0.0389961,4.91000,0.0389961,4.91000,0.038209,4.91000,0.33257,4.91000,0.33257,4.91000,0.37037
4.92000,0.0385979,4.92000,0,4.92000,0,4.92000,0,4.92000,0.390325,4.92000,0,4.92000,0.332016,4.92000,0,4.92000,0,4.92000,0,4.92000,3.35754,4.92000,0,4.92000,10.1126,4.92000,0,4.92000,0,4.92000,0,4.92000,12,4.92000,0.66351,4.92000,0,4.92000,0.50968,4.92000,0,4.92000,0.577488,4.92000,0.0385979,4.92000,0.0385979,4.92000,0.0368414,4.92000,0.332016,4.92000,0.332016,4.92000,0.371495
4.93000,0.0381997,4.93000,0,4.93000,0,4.93000,0,4.93000,0.386298,4.93000,0,4.93000,0.331462,4.93000,0,4.93000,0,4.93000,0,4.93000,3.35194,4.93000,0,4.93000,10.1126,4.93000,0,4.93000,0,4.93000,0,4.93000,12,4.93000,0.66351,4.93000,0,4.93000,0.50968,4.93000,0,4.93000,0.577488,4.93000,0.0381997,4.93000,0.0381997,4.93000,0.0354737,4.93000,0.331462,4.93000,0.331462,4.93000,0.372621
4.94000,0.0378015,4.94000,0,4.94000,0,4.94000,0,4.94000,0.382271,4.94000,0,4.94000,0.330909,4.94000,0,4.94000,0,4.94000,0,4.94000,3.34634,4.94000,0,4.94000,10.1126,4.94000,0,4.94000,0,4.94000,0,4.94000,12,4.94000,0.66351,4.94000,0,4.94000,0.50968,4.94000,0,4.94000,0.577488,4.94000,0.0378015,4.94000,0.0378015,4.94000,0.034106,4.94000,0.330909,4.94000,0.330909,4.94000,0.373746
4.95000,0.0374033,4.95000,0,4.95000,0,4.95000,0,4.95000,0.378244,4.95000,0,4.95000,0.330355,4.95000,0,4.95000,0,4.95000,0,4.95000,3.34074,4.95000,0,4.95000,10.1126,4.95000,0,4.95000,0,4.95000,0,4.95000,12,4.95000,0.66351,4.95000,0,4.95000,0.50968,4.95000,0,4.95000,0.577488,4.95000,0.0374033,4.95000,0.0374033,4.95000,0.0327384,4.95000,0.330355,4.95000,0.330355,4.95000,0.374871
4.96000,0.0370051,4.96000,0,4.96000,0,4.96000,0,4.96000,0.374217,4.96000,0,4.96000,0.329801,4.96000,0,4.96000,0,4.96000,0,4.96000,3.33514,4.96000,0,4.96000,10.1126,4.96000,0,4.96000,0,4.96000,0,4.96000,12,4.96000,0.66351,4.96000,0,4.96000,0.50968,4.96000,0,4.96000,0.577488,4.96000,0.0370051,4.96000,0.0370051,4.96000,0.0313707,4.96000,0.329801,4.96000,0.329801,4.96000,0.375997
4.97000,0.0366212,4.97000,0,4.97000,0,4.97000,0,4.97000,0.370335,4.97000,0,4.97000,0.329254,4.97000,0,4.97000,0,4.97000,0,4.97000,3.32961,4.97000,0,4.97000,10.1126,4.97000,0,4.97000,0,4.97000,0,4.97000,12,4.97000,0.66351,4.97000,0,4.97000,0.50968,4.97000,0,4.97000,0.577488,4.97000,0.0366212,4.97000,0.0366212,4.97000,0.0320408,4.97000,0.329254,4.97000,0.329254,4.97000,0.366974
4.98000,0.0362445,4.98000,0,4.98000,0,4.98000,0,4.98000,0.366526,4.98000,0,4.98000,0.328711,4.98000,0,4.98000,0,4.98000,0,4.98000,3.32411,4.98000,0,4.98000,10.1126,4.98000,0,4.98000,0,4.98000,0,4.98000,12,4.98000,0.66351,4.98000,0,4.98000,0.50968,4.98000,0,4.98000,0.577488,4.98000,0.0362445,4.98000,0.0362445,4.98000,0.0337424,4.98000,0.328711,4.98000,0.328711,4.98000,0.352814
4.99000,0.0358679,4.99000,0,4.99000,0,4.99000,0,4.99000,0.362717,4.99000,0,4.99000,0.328167,4.99000,0,4.99000,0,4.99000,0,4.99000,3.31862,4.99000,0,4.99000,10.1126,4.99000,0,4.99000,0,4.99000,0,4.99000,12,4.99000,0.66351,4.99000,0,4.99000,0.50968,4.99000,0,4.99000,0.577488,4.99000,0.0358679,4.99000,0.0358679,4.99000,0.035444,4.99000,0.328167,4.99000,0.328167,4.99000,0.338654
5.00000,0.0354912,5.00000,0,5.00000,0,5.00000,0,5.00000,0.358908,5.00000,0,5.00000,0.327624,5.00000,0,5.00000,0,5.00000,0,5.00000,3.31312,5.00000,0,5.00000,10.1126,5.00000,0,5.00000,0,5.00000,0,5.00000,12,5.00000,0.66351,5.00000,0,5.00000,0.50968,5.00000,0,5.00000,0.577488,5.00000,0.0354912,5.00000,0.0354912,5.00000,0.0371456,5.00000,0.327624,5.00000,0.327624,5.00000,0.324494
5.01000,0.0351146,5.01000,0,5.01000,0,5.01000,0,5.01000,0.355099,5.01000,0,5.01000,0.32708,5.01000,0,5.01000,0,5.01000,0,5.01000,3.30762,5.01000,0,5.01000,10.1126,5.01000,0,5.01000,0,5.01000,0,5.01000,12,5.01000,0.66351,5.01000,0,5.01000,0.50968,5.01000,0,5.01000,0.577488,5.01000,0.0351146,5.01000,0.0351146,5.01000,0.0388472,5.01000,0.32708,5.01000,0.32708,5.01000,0.310335
